time,open,high,low,close,EMA,EMA,Volume
2014-02-26,102.55,103.06,101.74,102.08,,,0
2014-02-27,102.16,102.94,101.81,102.5,,,0
2014-03-03,104.88,104.93,102.84,103.33,,,0
2014-03-04,103.31,103.49,100.83,100.93,,,0
2014-03-05,100.9,102.04,100.11,101.96,,,0
2014-03-06,101.93,102.89,101.54,102.56,,,0
2014-03-10,100.9,101.49,99.34,99.49,,,0
2014-03-11,99.5,99.58,97.53,98.03,,,0
2014-03-12,98.15,98.56,97.65,98.23,,,0
2014-03-13,98.25,99.14,98.03,98.98,,,0
2014-03-17,97.98,99.76,97.73,99.5,,,0
2014-03-18,98.55,99.24,98.31,99.1,,,0
2014-03-19,99.13,99.44,98.06,98.55,,,0
2014-03-20,98.58,100.24,98.24,99.55,,,0
2014-03-24,99.38,100.21,98.81,99.18,,,0
2014-03-25,99.13,100.43,99.08,100.25,,,0
2014-03-26,100.23,101.66,100.01,101.35,,,0
2014-03-27,101.33,102.21,101.16,101.46,,,0
2014-03-31,101.5,101.5,99.25,99.6,,,0
2014-04-01,99.65,99.8,98.84,99.3,100.29650000000001,,0
2014-04-02,99.29,100.46,99.06,100.4,100.30635714285715,,0
2014-04-03,100.31,101.61,100.28,101.1,100.38194217687075,,0
2014-04-07,100.69,102.69,100.66,102.33,100.56747149335925,,0
2014-04-08,102.33,103.74,102.01,103.4,100.83723611303932,,0
2014-04-09,103.33,103.8,103.09,103.33,101.07464219751176,,0
2014-04-10,103.3,104.41,102.99,103.38,101.29420008346302,,0
2014-04-14,103.58,104.01,102.9,103.84,101.5366572183713,,0
2014-04-15,103.78,104.96,103.11,103.78,101.75030891185975,,0
2014-04-16,103.81,104.74,103.53,104.54,102.01599377739691,,0
2014-04-21,103.6,103.61,101.49,101.8,101.99542294145435,,0
2014-04-22,101.85,102.04,101.18,101.55,101.95300170893489,,0
2014-04-23,101.5,102.33,101.39,101.86,101.94414440332204,,0
2014-04-24,101.9,102.03,100.46,100.61,101.81708303157708,,0
2014-04-28,100.84,102.18,100.7,100.73,101.71355131428403,,0
2014-04-29,100.71,100.71,99.34,99.68,101.5198797605427,,0
2014-04-30,99.71,99.86,98.73,99.19,101.29798645001482,,0
2014-05-01,99.18,100.11,99.16,99.91,101.16579726429912,,0
2014-05-05,99.36,100.39,99.31,99.85,101.04048323912777,,0
2014-05-06,99.8,100.96,99.76,100.81,101.01853245444893,,0
2014-05-07,100.8,100.91,99.85,100.23,100.94343412545379,,0
2014-05-08,100.2,101.14,99.7,100.01,100.85453563731534,,0
2014-05-12,100.55,102,100.34,101.93,100.95696081471388,,0
2014-05-13,101.94,102.64,101.81,102.03,101.05915502283636,,0
2014-05-14,101.96,102.24,101.25,101.56,101.10685454447099,,0
2014-05-15,101.53,102.19,101.39,102.09,101.20048744499756,,0
2014-05-19,102.09,102.96,101.66,102.95,101.36710768833113,,0
2014-05-20,102.93,104.26,102.76,103.83,101.60166886087103,,0
2014-05-21,103.81,104.19,103.54,103.73,101.8043670645976,,0
2014-05-22,103.71,104.49,103.6,104.36,102.04776067749306,,0
2014-05-26,104.23,104.46,103.54,103.95,102.22892632725562,,0
2014-05-27,104.13,104.36,102.63,103.03,102.30521905799318,,0
2014-05-28,103.04,103.91,102.58,103.48,102.41710295723193,,0
2014-05-29,103.45,103.51,102.39,102.83,102.4564264851146,,0
2014-06-02,102.44,102.83,102.21,102.81,102.49010015319892,,0
2014-06-03,102.75,103.65,102.31,102.36,102.47770966241808,,0
2014-06-04,102.33,102.66,101.56,102.44,102.4741182659973,,0
2014-06-05,102.41,103.04,102.29,102.74,102.49944033590232,,0
2014-06-09,104.51,105.04,103.96,104.2,102.66139839914972,,0
2014-06-10,104.28,104.79,104.14,104.48,102.83459855161165,,0
2014-06-11,104.46,106.93,104.34,106.85,103.21701773717244,101.66516666666666,0
2014-06-12,106.79,107.64,106.34,106.78,103.55634938125125,101.83286612021858,0
2014-06-16,106.58,107.16,105.99,106.58,103.84431610684636,101.98850985398191,0
2014-06-17,106.58,106.94,105.78,106.05,104.05438123952766,102.12167346532677,0
2014-06-18,105.73,106.36,105.09,106.03,104.2425354071917,102.24981531892261,0
2014-06-19,106.04,106.9,105.79,106.65,104.47181774936392,102.39408366912187,0
2014-06-23,105.96,106.44,105.24,105.93,104.6106922494245,102.51001535210148,0
2014-06-24,106.23,107.43,105.46,106.75,104.81443584471741,102.64903124219651,0
2014-06-25,106.68,106.79,105.01,105.63,104.89210862141098,102.74676792278024,0
2014-06-26,105.61,106.16,105.31,105.7,104.96905065746708,102.84359520400055,0
2014-06-30,105.49,106.05,104.59,105.23,104.99390297580355,102.92183798419725,0
2014-07-01,105.24,105.49,104.09,104.19,104.91734078763179,102.9634170666826,0
2014-07-02,104.2,104.26,103.64,104.05,104.83473690309543,102.99904273662743,0
2014-07-03,104.05,104.1,103.61,103.78,104.73428576946729,103.02464789280359,0
2014-07-07,103.39,104.11,102.99,103.45,104.61197283904184,103.03859386353133,0
2014-07-08,103.45,103.56,101.88,101.91,104.35464209246642,103.0015907860385,0
2014-07-09,101.88,102.99,101.51,102.85,104.21134284556486,102.99662059633232,0
2014-07-10,102.84,102.89,100.41,100.66,103.87311971741582,102.92001008497716,0
2014-07-14,101,101.04,98.99,100.13,103.51663212528098,102.82853434448612,0
2014-07-15,100.18,101.54,100.04,101.43,103.3179052562066,102.782680759421,0
2014-07-16,101.45,103.86,101.26,103.73,103.35715237466312,102.8137404066531,0
2014-07-17,103.8,103.91,102.56,102.95,103.31837595802854,102.81820793430381,0
2014-07-21,102.73,103.36,101.93,101.93,103.18614967631153,102.7890863626873,0
2014-07-22,101.95,103.31,101.76,103.2,103.18746875475806,102.80255894095984,0
2014-07-23,103.2,103.29,101.86,102,103.07437649240015,102.77624553305952,0
2014-07-24,102.03,102.51,100.98,101.94,102.96634063598108,102.74882764672971,0
2014-07-28,101.59,101.79,100.36,101,102.77907009922097,102.69148903536153,0
2014-07-29,101.01,101.64,99.36,99.38,102.4553491373904,102.58291562436607,0
2014-07-30,99.28,99.84,97.59,97.6,101.9929349338294,102.41954134159997,0
2014-07-31,97.65,98.08,97.06,97.58,101.57265541632184,102.26086785499014,0
2014-08-04,98.35,98.64,96.99,97.55,101.18954537667214,102.10641317121997,0
2014-08-05,97.6,98.11,96.65,96.83,100.77435057889384,101.93341601806522,0
2014-08-06,96.86,97.69,96.53,97.58,100.47012671423728,101.79068106665324,0
2014-08-07,97.58,98.41,97.14,97.54,100.19106702716707,101.65131447430394,0
2014-08-11,97.8,97.91,96.81,97.14,99.90048921505591,101.50340252432676,0
2014-08-12,97.19,97.74,96.74,97.29,99.6518711945744,101.36525817926686,0
2014-08-13,97.3,97.56,95.24,95.45,99.25169298556732,101.17131528814336,0
2014-08-14,95.43,97.39,95.3,97.05,99.04200793932281,101.03619019672882,0
2014-08-18,93.9,94.34,92.61,92.81,98.44848337367303,100.76647904273771,0
2014-08-19,92.83,93.54,92.71,93.45,97.97243733808511,100.52659448395943,0
2014-08-20,93.46,94.41,92.59,93.85,97.57982425826748,100.30768974678043,0
2014-08-21,93.83,94.03,92.91,93.4,97.1817457574801,100.08120811573845,0
2014-08-25,93.34,94.31,93.34,93.8,96.85967473295818,99.87526686604211,0
2014-08-26,93.9,94.21,93.34,93.7,96.55875332981931,99.67279909994237,0
2014-08-27,93.73,94.69,93.44,94.55,96.36744348888413,99.50483847371474,0
2014-08-28,94.58,95.96,94.45,95.84,96.31721077565707,99.38467983523229,0
2014-09-01,95.75,95.86,92.66,93.2,96.02033355892783,99.18190344719189,0
2014-09-02,93.24,95.79,93.04,95.05,95.92792083902994,99.04643120302165,0
2014-09-03,95.08,95.36,94.14,94.55,95.79669028293185,98.89900722915209,0
2014-09-04,94.5,94.96,92.84,93.5,95.57795787503358,98.72199059868808,0
2014-09-08,93.13,93.91,92.51,92.7,95.3038666488399,98.524548283977,0
2014-09-09,92.76,93,91.19,91.69,94.95968887275991,98.30046473368267,0
2014-09-10,91.7,93.41,90.41,93.03,94.77590898011611,98.12766261126684,0
2014-09-11,93.03,93.64,91.94,92.21,94.53153669629553,97.93364088630727,0
2014-09-15,92.74,95.16,92.44,94.68,94.5456760585531,97.82696413593655,0
2014-09-16,94.66,95.03,93.71,94,94.49370691011947,97.70148990197141,0
2014-09-17,93.95,94.79,92.86,92.95,94.3466872043938,97.54570334780841,0
2014-09-18,91.9,92.21,91.14,91.7,94.0946217563563,97.35404094296223,0
2014-09-22,90.7,92.06,90.68,91.68,93.86465777956046,97.16800681368478,0
2014-09-23,91.65,93.26,91.11,92.85,93.76802370531661,97.02643281979348,0
2014-09-24,92.91,93.51,92.04,92.43,93.64059287623884,96.87573010439041,0
2014-09-25,92.45,93.84,92.21,93.39,93.61672688802562,96.76144387145958,0
2014-09-29,94.28,94.89,90.84,91.31,93.39703861297556,96.58270800682156,0
2014-09-30,91.36,92.94,90.46,90.68,93.13827303078742,96.38917659676184,0
2014-10-01,90.78,91.54,88.16,91.36,92.96891369452194,96.22428556080244,0
2014-10-02,91.3,91.76,89.34,89.7,92.65758858075795,96.01037455880892,0
2014-10-06,90.45,90.54,88.36,88.4,92.25210395401909,95.76085408147092,0
2014-10-07,88.48,88.61,86.81,87.66,91.81476072030298,95.49525230830794,0
2014-10-08,87.7,87.91,84.09,84.3,91.09906922313127,95.12819485557654,0
2014-10-09,84.45,86.26,83.55,85.51,90.56677691616639,94.81284420457403,0
2014-10-13,85,85.58,81.3,82.25,89.77470292415055,94.40094767327652,0
2014-10-14,82.33,82.41,80.01,81.03,88.94187407423145,93.96255594628384,0
2014-10-15,81,84.04,79.76,83.03,88.37883844811417,93.60411148902864,0
2014-10-16,83.03,84.41,82.44,82.9,87.85704431019853,93.25315701397852,0
2014-10-20,81.85,83.24,81.56,82.51,87.34780199494153,92.9009223577825,0
2014-10-21,82.53,83.11,80.21,80.34,86.68039228113759,92.4890888378552,0
2014-10-22,80.38,82.34,80.04,81.83,86.21845015912449,92.13961051530258,0
2014-10-23,81.86,81.86,80.34,81.24,85.74431204873167,91.78224623611233,0
2014-10-27,80.63,81.64,80.34,81.55,85.34485375837627,91.4467627529611,0
2014-10-28,81.5,82.84,81.41,81.93,85.01962959091186,91.1347377446673,0
2014-10-29,81.98,82.06,80.7,80.96,84.6329982013012,90.80113978582575,0
2014-10-30,80.95,81.24,79.51,80.65,84.25366503927252,90.46831553055277,0
2014-11-03,78.19,78.38,75.88,77.33,83.59426836886561,90.03755108692809,0
2014-11-04,77.28,79.31,76.44,78.95,83.15195709564031,89.67402482178291,0
2014-11-05,78.89,78.96,77.09,77.8,82.64224689605552,89.28471253254412,0
2014-11-06,77.88,79.39,77.44,78.48,82.24584242976452,88.93045966262464,0
2014-11-10,77.2,78.01,76.41,77.5,81.79385743645362,88.55569049335826,0
2014-11-11,77.48,78.06,76.61,76.88,81.32587101393423,88.17288096898585,0
2014-11-12,76.93,77.11,74.06,74.25,80.65197853641669,87.71639306836336,0
2014-11-13,74.35,76.26,73.24,75.94,80.20321867580557,87.33028182022029,0
2014-11-17,75.46,76.39,74.11,74.18,79.62957880191932,86.89912503922946,0
2014-11-18,74.3,75.39,73.89,74.3,79.1219998684032,86.48603897236947,0
2014-11-19,74.3,76.3,74.19,76.3,78.85323797617431,86.15207048147211,0
2014-11-20,76.25,77.79,75.59,76.66,78.64435816891961,85.84085505585007,0
2014-11-24,75.5,76.56,73.68,73.83,78.18584786711774,85.44705652942876,0
2014-11-25,73.81,74.41,73.29,73.43,77.7329099750113,85.05305467600488,0
2014-11-26,73.45,73.54,67.73,68.09,76.8145375964388,84.49688894892275,0
2014-11-27,68.73,69.59,67.08,67.39,75.91696258725415,83.93600734404004,0
2014-12-01,69.18,69.24,66.65,67.55,75.12010900751565,83.39876120161249,0
2014-12-02,67.55,68.19,66.78,67.35,74.3800986258475,82.87257230975634,0
2014-12-03,67.35,68.19,66.06,66.73,73.65151780433821,82.34330764386269,0
2014-12-04,66.73,66.86,65.14,65.6,72.88470658487743,81.79434673750653,0
2014-12-08,62.85,64.11,62.21,63.28,71.96997262441292,81.18731897562107,0
2014-12-09,63.25,63.41,60.41,61.15,70.93949904113549,80.53035769773186,0
2014-12-10,61.09,61.64,58.95,59.1,69.81192770388449,79.8277230191177,0
2014-12-11,59.15,59.54,57.31,57.5,68.6393631606574,79.09566652668761,0
2014-12-15,55.3,57.11,53.59,55.45,67.38323333583288,78.32039877171424,0
2014-12-16,55.28,58.94,54.19,55.89,66.28863968480118,77.58497586116623,0
2014-12-17,56.38,59.01,54.26,55.15,65.22781685767725,76.8494028821116,0
2014-12-18,55.23,58.38,54.39,58.08,64.54707239504133,76.23401262368172,0
2014-12-22,55.55,57.51,55.05,56.7,63.79973216694215,75.59355319339707,0
2014-12-23,56.75,57.11,55.05,55.61,63.01975767485242,74.93835472803978,0
2014-12-25,55.88,56.56,54.49,54.96,62.25216170581886,74.28332670416962,0
2014-12-29,53.6,54.29,52.69,53.88,61.45481297193135,73.61436517288537,0
2014-12-30,53.84,53.89,52.48,52.88,60.63816411746169,72.93454992131537,0
2015-01-01,53.88,53.93,52.01,52.56,59.86881515389391,72.2665318911083,0
2015-01-05,50,50.34,47.54,48,58.73845180590401,71.47090789467852,0
2015-01-06,47.95,49.29,46.8,48.74,57.78621830057982,70.72563222600053,0
2015-01-07,48.71,49.61,47.71,48.85,56.93514989100079,70.0083983825251,0
2015-01-08,48.88,49.59,47.14,48.24,56.10704037757215,69.29468040277018,0
2015-01-12,45.71,46.76,44.19,46.06,55.150179389231944,68.53288760267935,0
2015-01-13,46.08,48.89,44.99,48.58,54.5244480188289,67.87869456652594,0
2015-01-14,48.55,51.24,46.06,46.2,53.7316434456071,67.1679176954923,0
2015-01-15,46.8,49.31,46.35,48.85,53.266725022215944,66.56733023006633,0
2015-01-19,47.98,48.21,46.34,46.58,52.629894067719185,65.91200792744121,0
2015-01-20,46.68,48.16,46.54,47.29,52.121332727936405,65.30145029047593,0
2015-01-21,47.35,49.14,45.84,46.5,51.585967706228175,64.68500929734557,0
2015-01-22,46.58,47.71,45.31,45.36,50.99301840087311,64.05140243513752,0
2015-01-26,45.08,46.54,44.79,45.73,50.49177855317091,63.450700715952685,0
2015-01-27,45.73,45.73,44.04,44.36,49.90779964334511,62.82477610231489,0
2015-01-28,44.4,44.94,43.56,44.58,49.40039015350272,62.226586721911126,0
2015-01-29,44.55,48.34,44.29,47.66,49.234638710311984,61.748993714635354,0
2015-02-02,49.71,54.21,49.65,51.54,49.454196928377506,61.41427260923747,0
2015-02-03,51.84,52.54,47.9,48.68,49.38046388757965,60.996755474508376,0
2015-02-04,48.6,52.06,47.36,50.8,49.515657803048256,60.66243562288515,0
2015-02-05,51.28,53.14,50.71,52.1,49.761785631329374,60.381700028692194,0
2015-02-09,52.43,52.61,49.84,50.93,49.873044142631336,60.071808224472775,0
2015-02-10,51,51.05,48.06,49.41,49.82894470047597,59.722240741703175,0
2015-02-11,49.33,51.56,49.11,51.28,49.96714044328778,59.44544596328668,0
2015-02-12,51.23,53.41,51,52.65,50.22265087726037,59.22264445629367,0
2015-02-16,52.74,54.09,50.79,53.2,50.506207936568906,59.02518070362831,0
2015-02-17,53.23,53.38,50.29,50.45,50.50085479975282,58.744027237935576,0
2015-02-18,51.23,52.69,49.79,52.18,50.66077339025255,58.52881323013441,0
2015-02-19,52.04,52.45,50.69,50.75,50.66927116260945,58.27377017340869,0
2015-02-23,49.46,50.29,48.65,49.13,50.522673909027596,57.973974430018245,0
2015-02-24,49.19,51.24,48.43,51.05,50.57289544150116,57.74695887493568,0
2015-02-25,51.01,51.15,47.79,48.88,50.411667304215335,57.456238911823036,0
2015-02-26,48.9,49.91,48.44,49.36,50.311508513337685,57.19078845569769,0
2015-03-02,49.76,50.76,49.41,50.64,50.34279341682934,56.97600850633056,0
2015-03-03,50.65,51.96,49.56,51.55,50.4577654723694,56.798106588090214,0
2015-03-04,51.61,52.38,50.59,50.9,50.49988304642946,56.6047260442184,0
2015-03-05,50.9,51.21,48.86,49.7,50.423703708674275,56.378341583752224,0
2015-03-09,50.03,50.34,48.19,48.7,50.2595414507053,56.12659267936691,0
2015-03-10,48.71,49.01,47.31,48.41,50.083394645876226,55.87358964069914,0
2015-03-11,48.38,48.74,46.84,46.91,49.7811665843642,55.57970145575818,0
2015-03-12,46.9,47.24,44.74,44.95,49.32105548109142,55.231186653930045,0
2015-03-16,43.74,44.16,42.35,42.4,48.66190734003509,54.8104920095389,0
2015-03-17,42.45,45.3,42.01,44.7,48.28458283146032,54.47900046824254,0
2015-03-18,46.66,46.69,44.76,45.55,48.024146371321244,54.18624635452967,0
2015-03-19,45.68,47.39,44.79,46.44,47.87327528833827,53.932271064217225,0
2015-03-23,47.4,48.54,46.64,47.68,47.85486811802034,53.727278570308464,0
2015-03-24,47.63,49.43,46.99,48.95,47.959166392494595,53.570646486036054,0
2015-03-25,48.93,52.46,48.71,50.98,48.246864831304634,53.48570725698569,0
2015-03-26,51.01,51.35,48.19,48.31,48.252877704513715,53.31601193708452,0
2015-03-30,48.68,48.69,47.26,47.48,48.179270304083836,53.124667283409615,0
2015-03-31,47.55,50.41,47.01,49.53,48.30791122750443,53.006809339691266,0
2015-04-01,49.58,50.24,48.09,49.49,48.420491110599244,52.89150411543909,0
2015-04-06,51.91,54.09,51.16,53.2,48.87568243339932,52.90161873460502,0
2015-04-07,53.05,53.14,50.36,50.93,49.071331725456524,52.83697549740486,0
2015-04-08,50.94,52.04,50.49,50.7,49.22644298969876,52.76691072699814,0
2015-04-09,50.69,51.89,50.06,51.71,49.46297222877507,52.73225791627689,0
2015-04-13,51.96,53.75,51.8,53.38,49.836022492701254,52.753495361644866,0
2015-04-14,53.45,56.66,53.36,55.93,50.416401302920185,52.85764305470569,0
2015-04-15,55.91,57.39,55.06,56.5,50.99579165502303,52.97706459389567,0
2015-04-16,56.59,56.86,55.29,55.99,51.47143054502084,53.075849361308926,0
2015-04-20,57.86,58.04,56.11,56.26,51.92748477882838,53.18024774290535,0
2015-04-21,56.31,57.16,55.69,56.15,52.329629085606626,53.27761666936747,0
2015-04-22,56.23,58.36,55.74,57.45,52.817283458405996,53.41441612283083,0
2015-04-23,57.46,57.93,56.46,57.23,53.237542176653044,53.53951723355769,0
2015-04-27,56.64,57.79,56.06,56.9,53.586347683638465,53.64969699639186,0
2015-04-28,56.9,59.31,56.51,58.56,54.06002885662528,53.81069053749377,0
2015-04-29,58.58,59.81,58.36,59.75,54.601930870280015,54.00542199528086,0
2015-04-30,59.78,59.85,58.29,59.15,55.035080311205725,54.17409668396018,0
2015-05-04,58.93,61.06,58.61,60.65,55.56983456728137,54.386421382846734,0
2015-05-05,60.7,62.56,60.5,60.65,56.053659846587905,54.59178461619602,0
2015-05-06,60.64,61.3,58.46,58.98,56.332358908817625,54.7356605304191,0
2015-05-07,59,59.86,58.11,59.36,56.62070567940642,54.887278217946346,0
2015-05-11,59.25,61.34,59.1,61.13,57.05016228136771,55.09195762063663,0
2015-05-12,61.25,61.88,59.99,60.03,57.33395634980888,55.253860649468216,0
2015-05-13,60.13,60.81,59.34,59.65,57.55453193554137,55.397996365879095,0
2015-05-14,59.66,59.94,58.39,59.88,57.77600508453743,55.54494730470273,0
2015-05-18,60.29,60.39,57.91,58.18,57.81448079077196,55.63134247504035,0
2015-05-19,58.31,59.03,58.08,58.74,57.902625477365106,55.73326567258001,0
2015-05-20,58.76,60.91,58.68,60.64,58.16332781285414,55.894142207905254,0
2015-05-21,60.65,60.76,59.34,59.86,58.32491564020137,56.02417033223623,0
2015-05-25,59.83,59.91,57.69,58.3,58.32254272208695,56.09878769839242,0
2015-05-26,58.26,58.91,57.33,57.63,58.25658627236439,56.14899138041234,0
2015-05-27,57.61,58.01,56.49,57.95,58.22738757975826,56.20804084334964,0
2015-05-28,57.94,60.66,57.7,60.25,58.420017334067,56.34056409438736,0
2015-06-01,60.2,61.54,60.06,61.01,58.66668234987014,56.49366035358778,0
2015-06-02,60.98,61.25,59.31,59.58,58.75366498321584,56.594851817404574,0
2015-06-03,59.55,59.91,57.81,57.98,58.67998260386195,56.6402665119159,0
2015-06-04,57.93,59.21,56.81,58.91,58.70188902254176,56.71468400332849,0
2015-06-08,58.25,60.64,58.2,60.53,58.87599482991874,56.83977633108822,0
2015-06-09,60.54,61.79,60.41,61.08,59.08590008421219,56.97880005793778,0
2015-06-10,61.1,61.51,60.19,60.55,59.225338171430074,57.09588858062835,0
2015-06-11,60.53,60.6,59.71,60.01,59.30006786938912,57.191433217329056,0
2015-06-15,59.58,60.34,59.39,60,59.36672807230444,57.283517374137936,0
2015-06-16,60.01,61.35,58.84,59.78,59.406087303513544,57.365369263510466,0
2015-06-17,59.74,60.84,59.21,60.48,59.50836470317892,57.46748830405111,0
2015-06-18,60.81,60.91,59.21,59.76,59.53232996954283,57.54265262195107,0
2015-06-22,60.19,61.36,59.53,61.13,59.68448902006256,57.66027056877235,0
2015-06-23,61.14,61.54,59.79,60.18,59.73168054196136,57.74288464848473,0
2015-06-24,60.14,60.43,59.41,59.63,59.72199668082218,57.804757282960644,0
2015-06-25,59.64,59.94,58.74,59.63,59.71323509217245,57.86460130647013,0
2015-06-29,58.25,59.66,57.91,59.03,59.64816508339412,57.902811099700614,0
2015-06-30,59.07,59.08,56.66,56.84,59.38072078973754,57.86796483413666,0
2015-07-01,56.89,57.91,56.49,56.49,59.10541404785777,57.82278565924693,0
2015-07-02,56.41,56.76,55.39,55.59,58.77061270996656,57.74957957205851,0
2015-07-06,52.7,53.41,50.56,52.93,58.21436388044593,57.591560569695936,0
2015-07-07,52.88,52.93,50.89,51.78,57.60156732040346,57.40101760019771,0
2015-07-08,51.79,53.51,51.48,52.53,57.118560908936466,57.24131210510926,0
2015-07-09,52.5,53.83,51.94,52.78,56.705364631894895,57.09503957707289,0
2015-07-13,51.96,53.4,50.86,53.33,56.38390133361919,56.971595656513124,0
2015-07-14,53.26,53.48,51.19,51.6,55.92829168279832,56.79547776613565,0
2015-07-15,51.59,52.14,50.81,50.9,55.44940676062705,56.60218341314759,0
2015-07-16,50.91,51.21,50.11,50.78,55.00470135485305,56.41129215370013,0
2015-07-20,50.3,51.39,50.06,50.6,54.58520598772419,56.220757984726355,0
2015-07-21,50.65,50.66,49.01,49.18,54.07042446508379,55.98991346063696,0
2015-07-22,49.21,49.6,48.19,48.83,53.5713364207901,55.75516219963247,0
2015-07-23,48.78,49,47.69,48.08,53.04835199976247,55.50351753734944,0
2015-07-27,47.03,48.41,46.66,47.75,52.54374704740414,55.249303847600274,0
2015-07-28,47.75,49.49,47.36,48.85,52.19196161431803,55.039490606695345,0
2015-07-29,48.81,49.34,48.31,48.43,51.83367955581155,54.82278599663976,0
2015-07-30,48.41,48.59,46.69,46.78,51.35237674097235,54.55908809511059,0
2015-08-03,45.3,46.2,45.3,45.95,50.837864670403555,54.27682291166434,0
2015-08-04,45.93,46.66,44.81,45.09,50.29044898750798,53.97561560308518,0
2015-08-05,45.19,45.24,44.18,44.8,49.76754908393579,53.67477574724632,0
2015-08-06,44.8,45.11,43.69,43.76,49.19540155213238,53.34970113258251,0
2015-08-10,44.78,45.31,42.68,43.18,48.62250616621501,53.01626830856341,0
2015-08-11,43.24,43.84,42.78,43.25,48.11083891228977,52.696062790249854,0
2015-08-12,43.29,43.69,41.89,42.16,47.54409234921456,52.35061810860232,0
2015-08-13,42.2,42.94,39.55,42.16,47.03132164928936,52.016499482090765,0
2015-08-17,41.85,42.86,41.41,42.35,46.585481492214186,51.699565072841885,0
2015-08-18,42.84,43.14,40.79,40.89,46.04305468343188,51.34515310324051,0
2015-08-19,40.9,41.79,40.49,40.94,45.55704947548599,51.00400054247853,0
2015-08-20,41.08,41.36,39.84,40.25,45.05161619210637,50.65141036075792,0
2015-08-24,38.25,39.86,38.16,39.62,44.53431941190576,50.2897247751593,0
2015-08-25,39.61,39.83,38.5,38.87,43.99486042029569,49.91530756941637,0
2015-08-26,39,42.83,38.94,42.77,43.87820704693419,49.681035190091244,0
2015-08-27,42.66,45.87,41.76,45.27,44.010758756749986,49.53641108549809,0
2015-08-31,48.16,48.84,44.13,44.16,44.02497220848808,49.36013531220307,0
2015-09-01,44.21,46.74,43.19,46.02,44.21497485529874,49.25062267901608,0
2015-09-02,46.07,48.39,45.64,46.65,44.44688201193696,49.16535636167129,0
2015-09-03,46.63,47.19,45.69,45.76,44.57194086794296,49.05370533341978,0
2015-09-07,44.26,46.38,44.16,45.72,44.68127983290078,48.944403519209295,0
2015-09-08,45.69,46.23,44.03,44.09,44.62496746786261,48.78524274808768,0
2015-09-09,44.16,46.02,43.35,45.69,44.72639913758998,48.683759379297925,0
2015-09-10,45.63,45.85,44.14,44.72,44.72578969591474,48.55380005538652,0
2015-09-14,44.1,45.22,43.9,45.11,44.76238115344667,48.44088857816073,0
2015-09-15,45.07,47.32,44.79,47.11,44.98596390073746,48.39725288707349,0
2015-09-16,47.12,47.69,46.31,46.87,45.16539591019104,48.347179021923544,0
2015-09-17,46.88,47,44.22,44.89,45.139167728268085,48.2338288900572,0
2015-09-21,46.69,46.71,45.35,46.54,45.27258032557589,48.1782935166127,0
2015-09-22,46.51,47.13,44.38,44.61,45.209477437425804,48.06130028655982,0
2015-09-23,44.63,45.15,43.69,45.05,45.19428911005192,47.96256912962343,0
2015-09-24,44.95,46.33,44.83,45.39,45.21292824242793,47.87822260078332,0
2015-09-28,44.37,45.68,44.32,44.84,45.1774112669586,47.77860874501993,0
2015-09-29,44.82,45.83,44.66,45.32,45.19099114629588,47.69799862223239,0
2015-09-30,45.33,47.06,44.61,45.01,45.1737538942677,47.60986751986412,0
2015-10-01,45.05,45.78,43.96,45.62,45.216253523385056,47.544625961835784,0
2015-10-05,46.16,49.05,45.71,49.02,45.57851509258648,47.592998881119854,0
2015-10-06,49,49.68,47.68,48.12,45.82056127424491,47.61027760632904,0
2015-10-07,48.18,50.02,47.75,49.69,46.18907924812635,47.678465225793666,0
2015-10-08,49.64,50.9,49.15,49.49,46.503452653066695,47.73785980855453,0
2015-10-12,47.46,48.41,46.43,46.58,46.51074287658415,47.699897191880616,0
2015-10-13,46.75,46.93,45.92,46.2,46.481148316909476,47.65072023476978,0
2015-10-14,46.1,46.99,45.21,46.87,46.51818181053714,47.62512285002323,0
2015-10-15,46.81,47.47,46.14,47.25,46.58787878096218,47.61282374018641,0
2015-10-19,46.56,46.9,45.7,45.89,46.521414135156256,47.556337715918,0
2015-10-20,45.84,46.05,44.84,45.22,46.39746993180804,47.47973647933052,0
2015-10-21,45.23,46.07,44.87,45.42,46.30437755735013,47.41220413574591,0
2015-10-22,45.41,45.72,44.18,44.63,46.14491302807869,47.320984328016536,0
2015-10-26,43.74,43.86,42.57,43.38,45.88158797778548,47.19177172709796,0
2015-10-27,43.37,46.19,43.05,46.14,45.906198646567816,47.157287408176714,0
2015-10-28,46.04,46.74,45.14,45.72,45.888465442132784,47.11016323085944,0
2015-10-29,45.7,47,45.46,46.36,45.933373495263,47.08556771509356,0
2015-11-02,46.07,48.33,45.94,47.65,46.09686173380938,47.10407369164787,0
2015-11-03,47.7,48.26,46.15,46.53,46.1381129972561,47.08525160339712,0
2015-11-04,46.55,46.62,45.09,45.35,46.06305461656505,47.02835810820377,0
2015-11-05,45.4,45.62,44.09,44.53,45.917049414987424,46.946444727606924,0
2015-11-09,44.04,44.73,43.55,43.6,45.69637804213148,46.83672522834112,0
2015-11-10,43.56,44.08,42.6,43,45.439580133357055,46.710930958559445,0
2015-11-11,43.01,43.3,41.51,41.57,45.07104869208496,46.54237584516405,0
2015-11-12,41.58,42.18,40.2,40.73,44.65761548331496,46.351806145322605,0
2015-11-16,41.89,42,40.53,41.09,44.31784258014211,46.179287911049734,0
2015-11-17,41.07,41.52,39.89,40.64,43.96757185822381,45.99767191396614,0
2015-11-18,40.73,41.03,39.87,40.51,43.63827930029773,45.817748244655775,0
2015-11-19,41.85,42.73,41.34,41.52,43.436538414555095,45.67683846614247,0
2015-11-23,41.98,43.43,41.83,42.6,43.356868089359374,45.575958516432884,0
2015-11-24,42.61,43.22,41.7,43.18,43.340023509420384,45.49740249950066,0
2015-11-25,43.19,43.27,42.27,42.42,43.25240222280892,45.39650405689408,0
2015-11-26,42.58,42.71,41.83,41.92,43.12550677301759,45.28252031732378,0
2015-11-30,41.64,42.2,41.15,41.64,42.9840299374921,45.16309342167382,0
2015-12-01,41.63,41.95,39.82,40.09,42.70840803868333,44.996762489815666,0
2015-12-02,40.13,41.74,40.05,41.25,42.56951203499921,44.873917818018434,0
2015-12-03,41.29,41.97,39.59,40.11,42.33527279357071,44.71772379119816,0
2015-12-07,37.62,38.55,36.61,37.83,41.906199194183024,44.49189678165068,0
2015-12-08,37.84,38.95,36.85,37.17,41.45513260426083,44.251834592088365,0
2015-12-09,37.25,37.5,36.36,36.54,40.98702473718837,43.99898755628219,0
2015-12-10,36.61,36.8,35.14,35.24,40.43968904793233,43.71180763640408,0
2015-12-14,36.16,37.86,36,36.73,40.08638532908164,43.48289591062034,0
2015-12-15,36.77,37.32,35.27,35.71,39.669586726311955,43.2280468643705,0
2015-12-16,35.76,35.77,34.61,34.79,39.20486418094891,42.95138959012884,0
2015-12-17,34.76,35.54,34.25,34.53,38.759639020858536,42.675278456026255,0
2015-12-21,35.8,36.52,35.64,36.43,38.537768637919626,42.47051522795982,0
2015-12-22,36.42,37.9,36.25,37.85,38.472266862879664,42.319022925403765,0
2015-12-23,37.83,38.15,37.36,37.98,38.425384304510175,42.176759878669216,0
2015-12-28,36.66,37.91,36.63,37.31,38.31915722789016,42.01719398100793,0
2015-12-29,37.34,37.36,36.37,36.79,38.17352320618633,41.84581057179455,0
2015-12-30,36.72,37.75,36.2,37.5,38.10937813893049,41.703324979276694,0
2016-01-04,36.9,37.07,35.72,36.12,37.919913554270444,41.520265143890576,0
2016-01-05,36.14,36.33,33.75,34.02,37.548493215768495,41.274354811304,0
2016-01-06,34.09,34.23,32.08,33.25,37.13911290950483,41.01126121093338,0
2016-01-07,33.29,34.3,32.62,32.88,36.73348310859961,40.744662482706055,0
2016-01-11,31.1,32.18,29.91,30.56,36.14553233635203,40.41073912261733,0
2016-01-12,30.57,31.68,30.13,30.55,35.61262449479469,40.087436200564305,0
2016-01-13,30.57,31.74,30.26,31.18,35.190469781004715,39.79538911202121,0
2016-01-14,31.14,31.15,29.1,29.65,34.6628059923376,39.462753403430355,0
2016-01-18,29.04,30.17,28.19,28.26,34.05301494544831,39.09545001315395,0
2016-01-19,29.49,29.72,27.53,28.29,33.50415637921514,38.74117296354235,0
2016-01-20,28.33,30.22,27.85,29.8,33.15137958119465,38.44801975162292,0
2016-01-21,29.92,32.32,29.51,32.2,33.060772002033254,38.24316664501234,0
2016-01-25,29.8,32.38,29.23,30.5,32.816888954220566,37.989292328782426,0
2016-01-26,30.42,32.82,30.12,32.14,32.752423339532896,37.7975122524289,0
2016-01-27,32.1,34.79,31.71,33.7,32.84266873576786,37.66316758841484,0
2016-01-28,33.64,34.38,32.63,33.66,32.92050980855187,37.53191619207337,0
2016-02-01,31.35,31.5,29.55,29.67,32.61093744583265,37.27414844807096,0
2016-02-02,29.73,32.72,29.38,32.72,32.621324355753345,37.12483210551126,0
2016-02-03,32.68,33.57,31.51,31.67,32.53072203615779,36.9459851512322,0
2016-02-04,31.63,32.41,30.6,30.98,32.38303422319038,36.7503790807,0
2016-02-08,30.13,30.59,27.71,28.28,31.99226905907701,36.4726617337918,0
2016-02-09,28.4,29.18,27.23,27.29,31.544433910593487,36.17159085727404,0
2016-02-10,27.27,27.45,26.03,27.24,31.1344878238703,35.87875181277325,0
2016-02-11,27.21,29.64,26.93,29.07,30.937869935882652,35.65551404842003,0
2016-02-15,30.4,31.48,28.68,29.09,30.761882322941446,35.440251292734125,0
2016-02-16,29.1,31.45,28.71,31.43,30.825512577899403,35.308767643792024,0
2016-02-17,31.32,31.95,30.22,30.6,30.80403518952803,35.1543818194054,0
2016-02-18,30.54,30.71,29.03,29.81,30.709365171477742,34.979156185982276,0
2016-02-22,33.31,33.5,31.2,31.36,30.771330393241765,34.86049532742548,0
2016-02-23,31.26,32.38,30.53,32.21,30.90834654626636,34.77359384128039,0
2016-02-24,32.17,33.46,31.05,33.05,31.11231354186004,34.717082567795785,0
2016-02-25,33,34.66,32.64,32.86,31.278759871206702,34.6561946147533,0
2016-02-29,33.85,34.74,33.35,33.85,31.523639883472732,34.62976200443352,0
2016-03-01,33.86,35.12,33.53,34.7,31.826150370761045,34.632064889534064,0
2016-03-02,34.75,35.3,34.17,34.65,32.09508843068856,34.632652925942786,0
2016-03-03,34.63,36.25,34.39,36.14,32.48031810395632,34.68207414148564,0
2016-03-07,37.92,38.37,36.12,36.27,32.84124018929381,34.73413728438776,0
2016-03-08,36.34,38.48,36.22,38.14,33.345883980789644,34.84580491440783,0
2016-03-09,38.14,38.45,37.34,37.96,33.78532360166682,34.94790967131249,0
2016-03-10,37.95,38.99,37.9,38.56,34.24005468722236,35.066338862417,0
2016-03-14,37.33,37.38,35.94,36.7,34.474335193201185,35.11990152266562,0
2016-03-15,36.71,38.6,36.59,38.59,34.86630327003917,35.23367524323396,0
2016-03-16,38.57,40.34,38.45,40.32,35.38570295860686,35.40043998935744,0
2016-03-17,40.23,41.18,39.24,39.31,35.75944553397764,35.52862228478834,0
2016-03-21,41.61,41.85,40.75,41.19,36.27664119740834,35.71424122627069,0
2016-03-22,41.15,41.29,39.66,39.74,36.606484892893256,35.84623331721263,0
2016-03-23,39.71,39.74,38.31,39.56,36.88777204595104,35.96799615927123,0
2016-03-28,39.29,39.45,37.9,38.47,37.03846042252713,36.05002907208201,0
2016-03-29,38.58,39.81,38.12,38.28,37.156702287048354,36.123142872997356,0
2016-03-30,38.22,39.01,37.56,38.09,37.24558778351994,36.18762999191548,0
2016-03-31,38.09,38.46,36.61,36.67,37.190769899375184,36.20344540201661,0
2016-04-04,35.47,36.54,35.22,36.53,37.12783943276802,36.21415211014722,0
2016-04-05,36.57,37.88,36.41,37.71,37.183283296313924,36.263196303257146,0
2016-04-06,37.73,38.27,36.67,37.49,37.21249441095069,36.3034193752815,0
2016-04-07,37.54,39.82,37.43,39.56,37.43606637181253,36.41019251051817,0
2016-04-11,40.32,42.23,40.08,41.62,37.83453624116372,36.58100587082905,0
2016-04-12,41.6,42.4,41.22,41.52,38.18553278962432,36.74294010457236,0
2016-04-13,41.52,42.13,40.82,41.43,38.494529666802954,36.89661419950441,0
2016-04-14,41.4,41.71,39.97,40.4,38.67600303186934,37.01147930771738,0
2016-04-18,39.96,41.51,39.55,40.92,38.88971702883417,37.13962752713648,0
2016-04-19,42.26,44.23,41.27,43.93,39.36974397846901,37.36226269018119,0
2016-04-20,43.95,44.46,43.03,43.4,39.75357788528149,37.560221290503115,0
2016-04-21,43.41,44.42,43.08,43.72,40.13133237239754,37.76218124819154,0
2016-04-25,42.94,44.8,42.48,44.63,40.55977690835968,37.98735563349673,0
2016-04-26,44.58,45.59,43.75,45.31,41.01217910756352,38.227442334037825,0
2016-04-27,45.27,46.11,44.92,45.86,41.47387633541461,38.47769012636445,0
2016-04-28,45.84,46.76,45.22,45.99,41.90398335108941,38.72399536812299,0
2016-05-02,44.83,45.33,43.31,43.85,42.089318270033274,38.8920610937583,0
2016-05-03,43.82,44.85,43.21,44.04,42.275097482411056,39.06084597593016,0
2016-05-04,44.01,46.05,43.95,44.49,42.48604057932429,39.23885102589966,0
2016-05-05,44.5,45.31,43.51,44.58,42.68546528605531,39.41397066439475,0
2016-05-09,43.22,44.77,43,44.5,42.8582781159548,39.580725724578535,0
2016-05-10,44.56,46.33,43.94,45.97,43.154632581101964,39.79021012705137,0
2016-05-11,45.97,46.99,45.59,46.38,43.46181043052083,40.00626881141034,0
2016-05-12,46.38,46.46,45.72,46.31,43.73306657999503,40.21294852251164,0
2016-05-16,47.88,48.72,47.51,48.57,44.19372690570979,40.48695021029814,0
2016-05-17,48.5,48.92,47.73,47.85,44.541943390880284,40.72836167881295,0
2016-05-18,47.83,48.26,46.72,48.22,44.89223449651073,40.97398916475351,0
2016-05-19,48.67,49.26,47.92,48.45,45.231069306366855,41.21910427410585,0
2016-05-23,48.06,49.24,47.63,49.06,45.59572937242716,41.47618282249582,0
2016-05-24,49.06,49.72,48.63,49.72,45.98851705124362,41.74647191028284,0
2016-05-25,49.68,50.18,49.2,49.35,46.30865828445851,41.99576791322439,0
2016-05-26,49.3,49.52,48.67,49.47,46.60973844784341,42.24082470295474,0
2016-05-30,49.67,50.08,48.78,48.82,46.820239548048804,42.45653536843163,0
2016-05-31,48.8,49.22,47.73,48.88,47.01640721013939,42.66714076618797,0
2016-06-01,48.89,49.45,47.96,49.03,47.20817795203088,42.87575910172279,0
2016-06-02,49,49.37,48.3,48.76,47.35597052802794,43.068685032813846,0
2016-06-06,49.67,50.5,49.41,50.39,47.6449257158348,43.30872814649208,0
2016-06-07,50.4,51.6,50.3,51.5,48.01207564766006,43.57729443677103,0
2016-06-08,51.4,51.63,50.21,50.41,48.24044939550196,43.801317569991646,0
2016-06-09,50.42,50.7,48.78,48.93,48.30612088164463,43.969471092287,0
2016-06-13,48.35,48.65,47.69,47.78,48.25601413101181,44.09440646631038,0
2016-06-14,47.79,48.68,47.25,47.43,48.177346118534494,44.20377018872644,0
2016-06-15,47.44,47.71,45.81,46.22,47.99093220248359,44.26987608417803,0
2016-06-16,46.21,48.16,46.2,48.09,48.00036723081849,44.39512604863121,0
2016-06-20,49.81,50.41,48.82,50.33,48.222237018359586,44.589712079823634,0
2016-06-21,50.31,50.5,48.38,49.45,48.339166826134864,44.7490657821245,0
2016-06-22,49.44,50.4,49.08,49.76,48.47448427126488,44.913358707300745,0
2016-06-23,49.77,49.83,46.71,47.55,48.386438150192035,44.99980596279908,0
2016-06-27,46.71,48.32,46.52,48.23,48.371539278745175,45.10571396401878,0
2016-06-28,48.2,49.96,48,49.5,48.47901172838849,45.24978891601817,0
2016-06-29,49.5,49.56,48.14,48.42,48.47339156378006,45.35373026303397,0
2016-06-30,48.41,49.22,47.87,49.21,48.54354474818196,45.48016533637711,0
2016-07-04,48.61,48.65,46.3,46.64,48.362254772164626,45.518192702397535,0
2016-07-05,46.64,47.9,45.9,47.73,48.30204003195847,45.590710974450076,0
2016-07-06,47.72,48.22,44.85,45.34,48.01994098129576,45.58249094250089,0
2016-07-07,45.33,45.93,44.74,45.17,47.74851803069617,45.56896664930414,0
2016-07-11,44.58,46.89,44.53,46.44,47.62389726586796,45.597525119818755,0
2016-07-12,46.43,46.64,44.54,45.09,47.38257371673768,45.580884951955845,0
2016-07-13,45.1,45.76,44.93,45.27,47.18137621990552,45.57069200271139,0
2016-07-14,45.26,46.27,45.02,46.27,47.094578484676425,45.59362013377003,0
2016-07-18,45.14,45.65,44.44,45.53,46.94557100994534,45.59153422774479,0
2016-07-19,45.52,46.07,44.55,45.72,46.82884996137912,45.595746220277746,0
2016-07-20,45.69,46.07,44.52,44.69,46.6251499650573,45.56604962289159,0
2016-07-21,44.69,44.95,43.74,44.19,46.39323092076612,45.520933241813175,0
2016-07-25,43.16,43.26,42.36,42.65,46.03673273783601,45.4268042830652,0
2016-07-26,42.66,43.18,41.67,42.02,45.65418676280401,45.315105781981096,0
2016-07-27,42.01,42.2,40.95,40.96,45.207121356822675,45.17231542847352,0
2016-07-28,40.97,41.65,40.56,41.43,44.84739551331575,45.04961656196619,0
2016-08-01,40.11,40.89,39.25,39.67,44.354310226333304,44.87323569108205,0
2016-08-02,39.66,41.18,39.2,41.14,44.04818544287299,44.75083452088264,0
2016-08-03,41.15,42.06,40.43,41.8,43.834072543551756,44.65408584806681,0
2016-08-04,41.8,42.08,41.04,41.94,43.653684682261115,44.56509942681872,0
2016-08-08,42.86,43.5,42.47,42.64,43.55714328395053,44.50198141282466,0
2016-08-09,42.63,43.38,41.4,41.43,43.35455820928858,44.40126071076484,0
2016-08-10,41.42,43.84,41.1,43.7,43.38745742745157,44.37826855631353,0
2016-08-11,43.69,44.76,43.3,44.7,43.51246148198,44.388817128237676,0
2016-08-15,45.6,46.71,45.33,46.31,43.77889372179143,44.45180673059054,0
2016-08-16,46.3,46.93,45.84,46.83,44.069475272097,44.529780280407245,0
2016-08-17,46.84,48.37,46.62,48.31,44.473334769992526,44.65372191055783,0
2016-08-18,48.3,48.73,47.92,48.54,44.86063622046943,44.78114086431003,0
2016-08-22,47.16,48.3,46.59,47.6,45.12152800899615,44.87356247531626,0
2016-08-23,47.58,47.72,46.43,46.75,45.27662057956795,44.935085017109174,0
2016-08-24,46.74,47.44,46.41,47.33,45.472180524371,45.013606819826904,0
2016-08-25,47.32,48.45,46.93,47.36,45.651972855383285,45.09053774376701,0
2016-08-29,46.98,47.47,45.75,46.18,45.70226115487059,45.12625781774186,0
2016-08-30,46.19,46.39,44.49,44.83,45.61918866393054,45.11654444666836,0
2016-08-31,44.82,45.06,43.03,43.51,45.41831355308001,45.063870858253,0
2016-09-01,43.52,44.66,43.15,44.33,45.314664643262866,45.039809518638144,0
2016-09-05,45.04,45.6,43.84,44.73,45.25898229628545,45.02965182950247,0
2016-09-06,44.74,46.2,44.54,46.14,45.34288874425827,45.066056687551566,0
2016-09-07,46.15,47.73,45.76,47.3,45.52928029242415,45.13930073058266,0
2016-09-08,47.29,47.29,45.56,45.66,45.541729788383755,45.15637283777667,0
2016-09-12,46.06,46.11,44.76,45.16,45.50537457044244,45.15649176112826,0
2016-09-13,45.15,45.31,43.42,43.75,45.338196039924114,45.11037727715684,0
2016-09-14,43.74,44.32,43.25,43.57,45.169796417074195,45.059873104135306,0
2016-09-15,43.58,43.69,42.73,43.23,44.98505390116237,44.99987726465546,0
2016-09-19,43.72,45.11,43.05,44.88,44.975048767718334,44.99594686253561,0
2016-09-20,44.87,45.66,44.69,45.56,45.03075840888802,45.014440408026246,0
2016-09-21,45.54,46.51,45.54,45.95,45.11830522708916,45.045114493008995,0
2016-09-22,45.96,46.53,44.21,44.69,45.077514253080665,45.03347139487755,0
2016-09-26,45.69,45.94,44.17,44.84,45.054893848025365,45.02712807045533,0
2016-09-27,44.85,47.44,44.35,47.15,45.25442776726104,45.09673042880106,0
2016-09-28,47.16,48.3,46.59,47.79,45.495910837045706,45.18503434916824,0
2016-09-29,47.79,48.28,47.04,48.06,45.740109804946115,45.279295518047974,0
2016-10-03,48.64,49.28,48.26,49.14,46.06390887114172,45.40587599286607,0
2016-10-04,49.13,49.95,49.1,49.69,46.40925088341394,45.54633907506719,0
2016-10-05,49.68,50.61,49.32,50.56,46.8045603230888,45.710721400474824,0
2016-10-06,50.55,50.73,49.39,49.55,47.06603076850892,45.8365993873445,0
2016-10-10,51.26,51.47,50.38,50.77,47.41878974293664,45.99835022710369,0
2016-10-11,50.78,51.14,49.76,49.87,47.65223833884743,46.125289563919964,0
2016-10-12,49.86,50.77,49.35,50.58,47.93107278276673,46.27134564379144,0
2016-10-13,50.61,51.13,49.89,50.33,48.15954204155085,46.40441627842123,0
2016-10-17,50.1,50.86,49.75,50.79,48.41006184711743,46.54820590863693,0
2016-10-18,50.79,51.92,50.68,51.73,48.72624643310625,46.71810079687834,0
2016-10-19,51.72,51.81,50.44,50.66,48.91041343947708,46.847343393702,0
2016-10-20,50.64,51.01,50.2,50.95,49.1046597785745,46.98185672505603,0
2016-10-24,50.48,50.92,49.21,49.27,49.120406466329314,47.056877816037805,0
2016-10-25,49.26,50.08,48.87,49.26,49.13370108858366,47.12911133026607,0
2016-10-26,49.26,50.04,49,49.68,49.1857295563376,47.21274702435571,0
2016-10-27,49.67,49.8,48.4,48.62,49.13185055097211,47.25888646618011,0
2016-10-31,46.88,47.33,46.18,46.38,48.869769546117624,47.23007051646928,0
2016-11-01,46.36,46.45,44.96,45.67,48.56502958934452,47.178920663470294,0
2016-11-02,45.65,45.89,44.35,44.74,48.20074105702599,47.09895605155324,0
2016-11-03,44.74,44.85,43.56,44.09,47.8092419087378,47.000301754781,0
2016-11-07,44.84,45.37,44.4,44.88,47.53026648885801,46.93078366446031,0
2016-11-08,44.86,45.93,43.08,45.26,47.31405063277629,46.87600387218292,0
2016-11-09,45.25,45.62,44.35,44.41,47.0374743820357,46.79515128620971,0
2016-11-10,44.4,44.61,43.04,43.2,46.672000631365634,46.67727747354709,0
2016-11-14,43.68,46.06,43.61,45.72,46.58133390456891,46.64589132687342,0
2016-11-15,45.71,46.38,45.03,45.45,46.47358781841949,46.60668177517265,0
2016-11-16,45.46,46.56,44.87,45.05,46.33800802618906,46.55564302844568,0
2016-11-17,45.04,45.76,44.55,45.58,46.265816785599625,46.52365473243107,0
2016-11-21,48.66,49.18,47.16,48.03,46.43383423459014,46.57304310185956,0
2016-11-22,48.02,48.41,47.39,48.02,46.58489764081965,46.620484311634655,0
2016-11-23,48.02,48.24,47.79,47.97,46.71681215121777,46.664730727646635,0
2016-11-24,47.96,48,46.17,46.47,46.69330623205418,46.658346113625434,0
2016-11-28,46.84,46.96,44.82,45.26,46.55680087662044,46.612498700063945,0
2016-11-29,45.27,49.88,45.27,49.17,46.805676983608976,46.69635120170119,0
2016-11-30,49.16,51.78,49.07,51.2,47.224183937550976,46.84401181803886,0
2016-12-01,51.18,51.71,50.17,51.62,47.642833086355644,47.0006015944966,0
2016-12-05,51.2,51.58,50.27,50.98,47.96065850670273,47.13107367336556,0
2016-12-06,50.97,51.18,49.71,49.94,48.14916722035009,47.22316961850112,0
2016-12-07,49.94,51.08,49.61,51.04,48.42448462793579,47.348311598222395,0
2016-12-08,51.03,51.64,50.85,51.47,48.71453371098952,47.48344892287084,0
2016-12-12,52.56,53.39,52.34,52.41,49.06648288137147,47.64497518769475,0
2016-12-13,52.4,52.76,50.77,50.84,49.235389273621806,47.74973009957361,0
2016-12-14,50.83,51.45,49.94,51.11,49.413923628514965,47.859902883194145,0
2016-12-15,51.11,52.07,50.49,51.95,49.65545471151354,47.99400442800745,0
2016-12-19,53.07,53.75,52.84,53.53,50.02445902470273,48.17551247954819,0
2016-12-20,53.54,53.76,52.31,52.54,50.26403435568342,48.318610431038415,0
2016-12-21,52.54,53.17,52.08,52.73,50.49888822657071,48.46324615461093,0
2016-12-22,52.72,53.1,52.25,53.03,50.739946490706835,48.61297578888598,0
2016-12-26,53.17,54.08,53.02,53.84,51.035189682068086,48.78435363187333,0
2016-12-27,53.83,54.35,53.46,53.62,51.2813620932997,48.94289941443486,0
2016-12-28,53.61,54.05,53.59,53.89,51.529803798699724,49.10509943363372,0
2017-01-02,54.01,55.22,52.12,52.61,51.632679627394985,49.220014206301464,0
2017-01-03,52.61,53.4,52.14,53.3,51.79147204383356,49.353784232324365,0
2017-01-04,53.31,54.1,52.78,53.74,51.97704613489703,49.49759458536291,0
2017-01-05,53.74,54.3,53.31,53.68,52.13923221728779,49.63472263174445,0
2017-01-09,51.93,52.35,50.7,50.89,52.02025772040324,49.67587926676922,0
2017-01-10,50.89,52.76,50.74,52.24,52.04118555655531,49.759948799006295,0
2017-01-11,52.23,53.48,52.1,53.01,52.13345359878814,49.86650785477658,0
2017-01-12,53.01,53.15,52.26,52.39,52.15788658937974,49.94924530216095,0
2017-01-16,52.49,53.5,52.22,52.51,52.191421199915006,50.03320447258191,0
2017-01-17,52.52,52.76,50.89,51.37,52.11319060944691,50.0770338341366,0
2017-01-18,51.37,51.85,51,51.39,52.044315313309106,50.12008190514852,0
2017-01-19,52.21,53.65,52.12,53.17,52.15152337870824,50.22007921973381,0
2017-01-23,52.84,53.54,52.66,52.91,52.2237592474027,50.308273343676966,0
2017-01-24,52.91,53.46,52.54,52.92,52.2900678905072,50.393903725851494,0
2017-01-25,52.95,54.04,52.78,53.71,52.42529951998271,50.50262819385636,0
2017-01-26,53.75,54.06,52.57,53.17,52.49622337522245,50.590083007172545,0
2017-01-30,52.56,53.55,52.23,52.79,52.52420210139174,50.66221143316689,0
2017-01-31,52.74,53.9,52.63,53.54,52.62094475840205,50.756565156669616,0
2017-02-01,53.54,54.31,53.35,53.63,52.71704525760185,50.85077613513946,0
2017-02-02,53.76,54.2,53.39,53.77,52.817326661639775,50.94648839300374,0
2017-02-06,53.1,53.22,51.62,51.67,52.70805745576932,50.970210085036406,0
2017-02-07,51.4,52.65,51.21,52.37,52.675861507600814,51.016104836346685,0
2017-02-08,52.43,53.2,52.41,53.12,52.718160411638834,51.085085005646796,0
2017-02-09,53.11,54.11,52.89,53.79,52.82024037243514,51.17377074316657,0
2017-04-18,50.46,51.1,50.45,51.07,52.6535508131556,51.170368423718486,0
2017-04-19,51.06,51.37,50.5,50.76,52.47321264047411,51.156913721301486,0
2017-04-20,50.75,50.92,49.2,49.6,52.19957334138134,51.105867369783404,0
2017-04-24,49.29,49.82,48.86,49.29,51.922471118392636,51.04633073470854,0
2017-04-25,49.28,50.19,48.93,49.31,51.67366434521239,50.98940185816072,0
2017-04-26,49.32,49.42,48.21,49.16,51.43426774090644,50.92942146936856,0
2017-04-27,49.15,49.75,48.79,49.18,51.21957557510583,50.87206338840566,0
2017-05-01,48.69,49.27,47.35,48.08,50.920568377476705,50.780520326490716,0
2017-05-02,48.07,48.22,47.29,47.64,50.60813329390749,50.677552446933646,0
2017-05-03,47.63,47.75,45.28,45.55,50.12640631353535,50.50943597326369,0
2017-05-04,45.52,46.66,43.76,46.45,49.776272378912935,50.37633971184521,0
2017-05-08,46.52,46.77,45.53,46.12,49.42805596187361,50.23678759014537,0
2017-05-09,46.12,47.76,46.01,47.39,49.233955394076126,50.143450292107815,0
2017-05-10,47.4,48.21,47.38,47.83,49.10024535654507,50.067599462858375,0
2017-05-11,47.84,48.36,47.35,48.16,49.01069817973125,50.00505521817449,0
2017-05-15,48.93,49.68,48.06,48.91,49.0011078768997,49.96915176839828,0
2017-05-16,48.15,49.84,48.03,49.31,49.03052617433783,49.94754023500817,0
2017-05-17,49.07,49.94,48.05,49.64,49.08857130059137,49.93745694861446,0
2017-05-18,49.44,50.83,49.4,50.75,49.24680260529695,49.964097704397595,0
2017-05-22,51.13,51.77,50.58,51.57,49.46805950003057,50.01675023867964,0
2017-05-23,51.43,51.94,51.02,51.39,49.65110145240861,50.06177482101801,0
2017-05-24,51.52,52.07,48.45,48.74,49.56432988551255,50.01843794164037,0
2017-05-25,48.86,49.95,48.17,49.84,49.5905841821304,50.01258751732429,0
2017-05-29,49.94,50.04,49.03,49.67,49.598147593356074,50.0013551397071,0
2017-05-30,49.61,49.69,47.73,48.35,49.479276393988826,49.947212348241294,0
2017-05-31,48.76,49.29,47.8,48.14,49.35172626122799,49.88795948436453,0
2017-06-01,47.92,48.19,46.73,47.87,49.21060947444437,49.82179687831979,0
2017-06-05,47.5,48.42,46.93,48.35,49.12864666735443,49.77354124296504,0
2017-06-06,48.05,48.35,45.64,45.95,48.82591841332068,49.64817923499897,0
2017-06-07,45.88,46.37,45.2,45.81,48.538688088242516,49.52233729286786,0
2017-06-08,45.58,46.36,45.25,46.08,48.304527317933704,49.40947377506891,0
2017-06-12,46.16,46.75,45.55,46.66,48.14790566860668,49.31932709391911,0
2017-06-13,45.89,46.67,44.45,44.92,47.84048608112033,49.17508686133159,0
2017-06-14,44.55,45.04,44.21,44.63,47.534725501966015,49.02606761997646,0
2017-06-15,44.34,45.2,44.32,44.94,47.28760878749306,48.8920981898133,0
2017-06-19,44.48,44.73,42.93,43.4,46.917360331541346,48.712029396704665,0
2017-06-20,43.47,44.27,42.04,42.57,46.50332601425169,48.510651383697954,0
2017-06-21,42.57,43.38,42.25,42.85,46.15539020337058,48.325056256363595,0
2017-06-22,42.84,43.28,42.52,43.18,45.872019707811475,48.15636588730249,0
2017-06-26,43.37,44.54,43.31,43.87,45.68135116421038,48.01582930083356,0
2017-06-27,43.79,44.88,43.79,44.2,45.54027010095225,47.89072014342918,0
2017-06-28,44.79,45.55,44.2,44.89,45.47833961514727,47.7923358764315,0
2017-06-29,44.92,46.33,44.92,46.33,45.55945012799039,47.74439043785998,0
2017-07-03,47.04,47.41,46.73,47.17,45.71283583008654,47.72555796448752,0
2017-07-04,47.11,47.33,44.52,45.7,45.7116133700783,47.65914622794695,0
2017-07-05,45.59,46.62,45.07,45.43,45.68479304911846,47.58605946637492,0
2017-07-06,45.12,45.48,43.76,44.43,45.56528894920242,47.482582106821646,0
2017-07-10,44.5,45.9,43.82,45.87,45.59430904927838,47.42971056233569,0
2017-07-11,45.79,46.56,45.1,45.52,45.58723199696615,47.367097101275505,0
2017-07-12,45.37,46.4,44.98,46.23,45.64844799725509,47.329815229102536,0
2017-07-13,46.01,46.89,45.78,46.8,45.75811961656413,47.31244423798442,0
2017-07-17,46.24,47.12,46.01,46.37,45.81639393879612,47.28154442690297,0
2017-07-18,46.42,47.46,46.31,47.24,45.95197546843458,47.28018231454549,0
2017-07-19,47.3,47.74,46.8,46.87,46.03940637620272,47.26673371406859,0
2017-07-20,46.95,47.22,45.53,45.7,46.00708195942151,47.215365395574544,0
2017-07-24,46.39,48.66,46.38,48.56,46.250217010905175,47.25945177604751,0
2017-07-25,48.38,48.86,47.86,48.7,46.48352967653325,47.30668286535743,0
2017-07-26,48.65,49.25,48.24,49.13,46.73557446924437,47.36646375501784,0
2017-07-27,49.09,49.8,48.85,49.76,47.023614995983,47.44494035321397,0
2017-07-31,50.17,50.44,48.35,48.77,47.18993737731795,47.48838493179712,0
2017-08-01,48.76,49.69,48.54,49.61,47.4204195318591,47.557946081574265,0
2017-08-02,49.49,50.01,48.77,49.01,47.571808147872524,47.605554406768555,0
2017-08-03,48.99,49.69,48.49,49.58,47.76306451474181,47.67029032785811,0
2017-08-07,49.32,49.88,48.85,49.08,47.88848694190926,47.716510317108664,0
2017-08-08,49.04,49.79,48.89,49.76,48.06672628077504,47.78350997884281,0
2017-08-09,49.6,50.31,48.34,48.55,48.11275234927266,47.80864079920862,0
2017-08-10,48.63,49.07,47.97,48.88,48.185823554103834,47.84376733038211,0
2017-08-14,47.55,47.94,47.01,47.75,48.14431654895109,47.84069299168105,0
2017-08-15,47.66,48.09,46.66,46.88,48.023905449050986,47.809194860806265,0
2017-08-16,46.79,47.32,46.44,47.04,47.93020016818899,47.783975357173276,0
2017-08-17,47.09,48.88,46.9,48.78,48.011133485504324,47.816631902839724,0
2017-08-21,47.62,48.21,47.35,47.63,47.97483505831344,47.810512824058094,0
2017-08-22,47.69,48.52,47.49,48.41,48.016279338474064,47.83016814130209,0
2017-08-23,48.36,48.46,47.05,47.64,47.98044321100034,47.82393312027579,0
2017-08-24,47.7,47.96,47.39,47.84,47.96706766709555,47.824459903217566,0
2017-08-28,46.77,47.09,45.75,46.54,47.83115646070549,47.78234646376781,0
2017-08-29,46.27,46.94,45.58,46.16,47.671998702543064,47.72915477643116,0
2017-08-30,45.76,47.77,45.75,47.43,47.64895120706277,47.71934642310555,0
2017-08-31,47.02,47.7,46.55,47.65,47.649051092104415,47.71707276988897,0
2017-09-04,47.4,49.22,47.34,48.85,47.76342717857066,47.75421792497458,0
2017-09-05,48.56,49.66,48.51,49.39,47.91833887584964,47.80785012415574,0
2017-09-06,49.16,49.62,48.62,49.38,48.057544697197294,47.85939602172441,0
2017-09-07,49.11,49.57,47.26,47.97,48.04920710698803,47.86302238166787,0
2017-09-11,48.06,48.85,47.72,48.72,48.11309214441774,47.89112000849843,0
2017-09-12,48.29,49.77,48.11,49.67,48.26136908304462,47.94944394264603,0
2017-09-13,49.2,50.85,49.14,50.6,48.48409583704037,48.03634741993632,0
2017-09-14,49.75,50.11,49.4,49.86,48.61513432875081,48.09613930780726,0
2017-09-18,50.37,50.8,49.72,50.26,48.77178820220312,48.16708556001031,0
2017-09-19,50.2,51.12,50.13,50.71,48.9563798019933,48.250459803944395,0
2017-09-20,50.7,50.84,50.06,50.76,49.12815315418442,48.332739810372445,0
2017-09-21,50.68,50.84,50.28,50.71,49.278805234738286,48.41068276740941,0
2017-09-25,52.05,52.49,51.41,52.13,49.55034759333464,48.53262759470746,0
2017-09-26,52.07,52.42,51.63,52.08,49.791266870159916,48.648934886684266,0
2017-09-27,52.06,52.94,51.21,51.68,49.97114621585897,48.7483140707274,0
2017-09-28,51.58,51.89,51.24,51.68,50.133894195300975,48.844434920867485,0
2017-10-02,50.52,50.87,49.9,50.29,50.14876141479612,48.89183049723248,0
2017-10-03,50.05,50.8,49.75,50.05,50.139355565767914,48.929803267815025,0
2017-10-04,49.87,51.39,49.83,50.93,50.21465503569478,48.9953834885424,0
2017-10-05,50.74,51.03,49.08,49.52,50.14849741324766,49.01258402990167,0
2017-10-09,49.57,51.28,49.55,51.11,50.240069088176455,49.081351766626206,0
2017-10-10,50.87,51.61,50.6,51.24,50.33530060358822,49.1521271185401,0
2017-10-11,51.08,51.35,50.14,50.94,50.39289102229411,49.210745901538786,0
2017-10-12,50.7,51.97,50.69,51.6,50.50785378207562,49.28908210148833,0
2017-10-16,51.82,52.47,51.2,52.12,50.66139151711604,49.3818990817674,0
2017-10-17,52.26,52.55,51.91,52.2,50.80792565834308,49.47429583318486,0
2017-10-18,51.46,52.39,51.26,51.55,50.87859940516755,49.54235170750667,0
2017-10-19,51.56,52.02,50.86,51.99,50.98444708086588,49.62260247119497,0
2017-10-23,51.87,52.61,51.54,52.53,51.13164259697389,49.717926980336124,0
2017-10-24,52.54,52.55,51.88,52.19,51.23243854011923,49.79897855475133,0
2017-10-25,52.17,52.9,51.9,52.85,51.38649201248883,49.89901204475948,0
2017-10-26,52.79,54.08,52.24,54.03,51.63825467796608,50.034454272800154,0
2017-10-30,54.07,54.87,53.92,54.66,51.926039946731215,50.186111509757524,0
2017-10-31,54.62,55.32,53.88,54.32,52.154036142280624,50.321648837306455,0
2017-11-01,54.26,55.13,53.98,55.03,52.42793746206342,50.476021006575095,0
2017-11-02,54.71,55.87,54.39,55.83,52.75194341805738,50.65156130144148,0
2017-11-06,57.4,57.83,56.97,57.04,53.160329759194774,50.861018307951596,0
2017-11-07,57.12,58.06,56.54,56.97,53.52315549641432,51.0613127896581,0
2017-11-08,57.02,57.7,56.87,57.18,53.871426401517716,51.261925485079146,0
2017-11-09,57.18,57.52,56.73,57.03,54.1722429347065,51.45104268228967,0
2017-11-13,56.71,56.75,55.17,55.41,54.29012455997255,51.580844561558855,0
2017-11-14,55.05,55.54,54.88,55.25,54.38154126854659,51.701144739868404,0
2017-11-15,55.29,55.6,54.92,55.16,54.455680195351675,51.81454983036452,0
2017-11-16,55.45,56.79,55.38,56.72,54.67132970055628,51.97538426215585,0
2017-11-20,56.37,57.21,56.32,57.05,54.89786972907473,52.14176510601959,0
2017-11-21,57.13,58.11,57.03,58,55.193310707258085,52.33383838123206,0
2017-11-22,57.98,58.41,57.73,58.38,55.496804925614455,52.53207318840478,0
2017-11-23,58.43,58.88,58.29,58.8,55.81139493269879,52.73757898550626,0
2017-11-27,57.86,58.1,57.43,57.7,55.99126208196557,52.900281313850314,0
2017-11-28,57.73,58.3,56.77,57.36,56.12161807415933,53.04650159864211,0
2017-11-29,57.4,57.98,56.83,57.39,56.24241635281082,53.188911382293185,0
2017-11-30,57.33,58.88,57.3,58.33,56.44123384301931,53.35747166484095,0
2017-12-04,57.44,57.93,57.09,57.46,56.53825919130319,53.491980790583874,0
2017-12-05,57.47,57.59,55.91,55.97,56.48413926832193,53.57322732204014,0
2017-12-06,56.04,56.81,55.85,56.62,56.497078385624604,53.673121508202755,0
2017-12-07,56.65,57.8,56.57,57.38,56.58116615842226,53.79465850793381,0
2017-12-11,58.04,58.57,56.86,57.41,56.660102714763,53.913194294558934,0
2017-12-12,57.42,57.78,56.51,56.63,56.65723578954748,54.00226989145864,0
2017-12-13,56.66,57.25,56.09,57.17,56.706070476257246,54.106129895017375,0
2017-12-14,57.14,57.48,56.96,57.33,56.765492335661314,54.211830554197135,0
2017-12-18,57.3,57.76,57.18,57.64,56.84877877988404,54.32422955242018,0
2017-12-19,57.66,58.09,57.45,58.01,56.959371277037945,54.44507448512771,0
2017-12-20,58,58.35,57.62,58.21,57.0784787744629,54.5685146659432,0
2017-12-21,58.13,58.5,57.86,58.26,57.19100460546643,54.68954697197785,0
2017-12-25,58.48,59.98,58.32,59.76,57.43567083351725,54.85579133355235,0
2017-12-26,59.76,59.91,59.31,59.55,57.63703551603942,55.009699814419484,0
2017-12-27,59.51,59.91,59.43,59.85,57.84779403832138,55.16839818115983,0
2017-12-28,59.86,60.49,59.8,60.23,58.07467079657649,55.33435233915459,0
2018-01-01,60.15,60.71,60.1,60.27,58.28374976833111,55.496176852624934,0
2018-01-02,60.33,61.85,60.26,61.78,58.61672598087101,55.70220384106346,0
2018-01-03,61.83,62.09,61.49,61.82,58.92179969697853,55.90278732168433,0
2018-01-04,61.81,61.96,61.07,61.5,59.167342582980574,56.08630249146517,0
2018-01-08,61.87,63.35,61.76,63.31,59.56188138460147,56.323145032728604,0
2018-01-09,63.32,63.54,62.94,63.31,59.91884506225848,56.55222224477029,0
2018-01-10,63.33,64.54,63.27,63.42,60.25228838966243,56.777395285925365,0
2018-01-11,63.46,64.34,62.96,64.32,60.63968949540887,57.02469380114093,0
2018-01-15,64.69,64.7,63.31,63.77,60.937814305369926,57.245851381431386,0
2018-01-16,63.79,64.11,63.23,63.97,61.226593895334695,57.466315270564785,0
2018-01-17,63.99,64.22,63.41,63.62,61.45453733387425,57.66807542562823,0
2018-01-18,63.63,63.67,62.75,63.36,61.636009968743366,57.85469590347648,0
2018-01-22,63.86,64.81,63.65,64.38,61.89734235267257,58.068640300083814,0
2018-01-23,64.36,65.96,64.27,65.76,62.26521450956089,58.32081602794992,0
2018-01-24,65.77,66.55,64.97,65.14,62.539003603888425,58.54439583031221,0
2018-01-25,65.14,66.26,64.83,66.07,62.87528897494667,58.79113695062984,0
2018-01-29,65.41,65.45,63.82,63.87,62.97002335828508,58.95765705060919,0
2018-01-30,63.91,64.81,63.58,64.63,63.12811637178174,59.143635507966266,0
2018-01-31,64.59,66.06,64.5,65.77,63.37972433637396,59.36089336016409,0
2018-02-01,65.84,66.09,64.27,64.77,63.512131542433586,59.53824111884724,0
2018-02-05,63.14,64.04,62.88,63.63,63.523357109820864,59.67239714773749,0
2018-02-06,63.62,63.91,61.1,61.52,63.33256119459983,59.732974290434626,0
2018-02-07,61.45,61.84,60.1,60.23,63.03707917606651,59.749270215338406,0
2018-02-08,60.28,60.6,57.89,59.01,62.65354782596494,59.72503184762239,0
2018-02-12,59.16,59.52,58.22,58.78,62.284638509206374,59.694047196880675,0
2018-02-13,58.8,60.77,58.08,60.59,62.12324436547243,59.723422698622294,0
2018-02-14,60.52,61.42,59.56,61.21,62.036268711617915,59.772162938011725,0
2018-02-15,61.2,61.82,60.71,61.45,61.98043359622573,59.827173989224455,0
2018-02-19,62.25,62.56,61.38,61.48,61.932773253728044,59.8813650059712,0
2018-02-20,61.54,61.8,60.85,61.25,61.86774722956347,59.92623828446394,0
2018-02-21,61.24,63,60.69,62.53,61.930818921985995,60.0116075210389,0
2018-02-22,62.55,63.65,62.26,63.46,62.07645521513019,60.12466956952942,0
2018-02-26,63.94,63.99,62.59,62.72,62.137745194641596,60.20976237052846,0
2018-02-27,62.76,63.34,61.25,61.4,62.067483747532876,60.2487865551013,0
2018-02-28,61.48,61.72,60.09,61.2,61.98486624776784,60.27997388116355,0
2018-03-01,61.11,61.38,60.04,61.29,61.918688509885186,60.313089491617205,0
2018-03-05,62.44,63.09,62.07,62.21,61.94643246132469,60.375283278777296,0
2018-03-06,62.15,62.46,60.51,61.19,61.87439127453186,60.40199530242394,0
2018-03-07,61.2,61.26,59.88,60.21,61.71587781981454,60.39570037447562,0
2018-03-08,60.23,62.01,60.07,61.94,61.73722278935601,60.446333149082975,0
2018-03-12,61.32,61.94,60.27,60.86,61.65367776179829,60.459895996654026,0
2018-03-13,60.84,61.31,60.17,60.94,61.585708451150836,60.47563711151783,0
2018-03-14,60.99,61.56,60.84,61.19,61.54802193199362,60.499058845566424,0
2018-03-15,61.19,62.57,61.12,62.26,61.61582936704184,60.556794621121625,0
2018-03-19,62.12,63.92,62.08,63.66,61.81051228446643,60.658539059773375,0
2018-03-20,63.61,65.48,63.52,65.39,62.15141587642201,60.813668926666054,0
2018-03-21,65.41,65.64,64.08,64.1,62.33699531676277,60.921417486447496,0
2018-03-22,64.19,65.92,64.05,65.87,62.673471953261554,61.08366609344922,0
2018-03-26,65.43,66.34,64.6,64.76,62.87218891009379,61.20420163136892,0
2018-03-27,64.66,65.08,63.69,64.62,63.03864710913248,61.31619502050436,0
2018-03-28,64.64,65.21,64.12,64.87,63.21306167016748,61.432713216553395,0
2018-04-02,62.84,63.77,62.84,63.49,63.23943674919914,61.50016524224017,0
2018-04-03,63.53,63.58,62.04,63.49,63.263299915942085,61.56540572610115,0
2018-04-04,63.64,64.09,63.05,63.68,63.30298563823332,61.63473668590111,0
2018-04-05,63.69,63.75,61.81,61.89,63.16841557744919,61.64310597488796,0
2018-04-09,63.28,65.75,63.17,65.45,63.385709331977836,61.76792217243262,0
2018-04-10,65.49,67.36,65.08,66.6,63.691832252741854,61.92635095366434,0
2018-04-11,66.66,67.2,65.93,66.99,64.00594346676644,62.09237223387207,0
2018-04-12,67.04,67.62,66.59,67.2,64.3101393270744,62.259835439318884,0
2018-04-16,66.34,66.69,65.58,66.61,64.52917367687684,62.402463785570724,0
2018-04-17,66.64,68.85,66.5,68.7,64.92639523145999,62.60894038276513,0
2018-04-18,68.68,69.5,67.95,68.07,65.22578616179713,62.78799151775643,0
2018-04-19,68.17,68.59,67.43,68.03,65.49285414638788,62.95986064832179,0
2018-04-23,68.89,69.3,67.49,67.65,65.69829660863665,63.11363570903256,0
2018-04-24,67.68,68.1,67.05,67.94,65.91179216971888,63.27187716119543,0
2018-04-25,67.93,68.71,67.68,68.09,66.11924053450755,63.429848401811974,0
2018-04-26,68.13,68.28,67.59,67.96,66.29455095979255,63.578377962408304,0
2018-04-30,68.49,68.82,66.79,67.39,66.3988794398123,63.70334917675557,0
2018-05-01,67.38,68.02,66.81,67.56,66.50946235030636,63.8297967447308,0
2018-05-02,67.56,68.48,67.13,68.35,66.68475165027719,63.97800013014946,0
2018-05-03,68.36,69.85,68.02,69.63,66.96525149310794,64.16331160129211,0
2018-05-07,69.95,70.29,67.56,69.96,67.25046563662147,64.3533669586268,0
2018-05-08,69.97,71.26,69.77,71.17,67.6237546236099,64.57686312391772,0
2018-05-09,71.15,71.79,70.48,71.32,67.9757779927899,64.79794957887124,0
2018-05-10,71.36,71.54,70.41,70.51,68.21713246966705,64.9852299205476,0
2018-05-14,71.17,71.92,70.45,70.98,68.48026271065115,65.18177975921817,0
2018-05-15,71.05,71.62,70.73,71.56,68.77357102392247,65.39090173432578,0
2018-05-16,71.58,72.33,71.21,71.66,69.04846902164414,65.59644593975773,0
2018-05-17,71.66,71.82,71.05,71.4,69.27242435291612,65.78672640074927,0
2018-05-21,72.55,72.84,71.81,72.03,69.53505060501935,65.99142389580668,0
2018-05-22,72.05,72.18,71.14,71.76,69.74695054739846,66.18055753856711,0
2018-05-23,71.77,71.88,70.48,70.57,69.82533620955098,66.3244736848436,0
2018-05-24,70.59,70.71,67.42,67.55,69.60863752292708,66.36465487550446,0
2018-05-28,66.38,67.29,65.89,66.79,69.34019585407688,66.3786006172912,0
2018-05-29,66.78,68.56,66.28,68.13,69.22493910606956,66.43602354787181,0
2018-05-30,68.13,68.14,66.5,66.98,69.01113538168198,66.45385884138422,0
2018-05-31,67,67.24,65.47,65.67,68.69293201199798,66.42815855150276,0
2018-06-04,64.92,65.48,64.17,65.43,68.38217658228389,66.39543204161743,0
2018-06-05,65.44,65.9,64.24,64.94,68.054350241114,66.34771295828571,0
2018-06-06,65.07,66.02,64.77,65.9,67.84917402767456,66.33303384489929,0
2018-06-07,65.97,66.17,65.1,65.55,67.63020507265794,66.30736060408292,0
2018-06-11,65.98,66.61,65.8,65.94,67.46923316097623,66.29531599411298,0
2018-06-12,65.95,66.76,65.43,66.45,67.37216333612135,66.30038760086337,0
2018-06-13,66.47,67,66.15,66.79,67.31671920887169,66.31644046640884,0
2018-06-14,66.77,66.86,64.18,64.21,67.02084118897915,66.24737684455937,0
2018-06-18,65.66,65.66,64.17,64.8,66.80933250431447,66.19992186604922,0
2018-06-19,64.82,66.27,64.72,65.24,66.65987226580833,66.16844901798204,0
2018-06-20,65.3,66.07,64.23,65.63,66.5617891928742,66.1507949518187,0
2018-06-21,65.76,69.05,65.53,68.96,66.79019022212428,66.24290003536562,0
2018-06-25,67.87,70.4,67.39,70.22,67.11683877239815,66.37329675551757,0
2018-06-26,70.18,72.41,70.05,71.64,67.54761603216976,66.54597555041863,0
2018-06-27,71.6,73.27,71.54,72.49,68.0183192672012,66.7408615979459,0
2018-06-28,72.48,73.64,72.13,73.45,68.53562219413442,66.96083334883292,0
2018-07-02,72.68,73.85,71.4,72.78,68.9398486518359,67.15162569805152,0
2018-07-03,72.73,73.15,72.15,72.86,69.3131963992801,67.33878551123016,0
2018-07-04,72.76,73.24,71.17,71.7,69.54051102792009,67.48177615020622,0
2018-07-05,71.55,72.44,70.66,72.38,69.81093854907056,67.64237365347815,0
2018-07-09,72.58,73.36,72.49,73.01,70.11561106820669,67.81836140254444,0
2018-07-10,72.96,72.97,68.68,69.43,70.05031477599653,67.87120201229708,0
2018-07-11,69.32,69.97,68.21,69.48,69.99599908304448,67.92394948730373,0
2018-07-12,69.44,70.69,68.85,69.66,69.96399917037358,67.9808691762446,0
2018-07-16,67.1,67.58,66.35,66.64,69.6474278208142,67.9369062524333,0
2018-07-17,66.67,67.91,65.91,67.81,69.47243469502237,67.93274539169778,0
2018-07-18,67.73,68.61,66.47,67.81,69.31410758121072,67.92872095262572,0
2018-07-19,67.74,68.63,67.44,67.87,69.17657352585732,67.92679567549045,0
2018-07-23,67.53,68.7,67.29,68.41,69.10356652339472,67.94263844022846,0
2018-07-24,68.32,69.26,67.84,68.9,69.08417923545237,67.97402734382753,0
2018-07-25,68.93,69.49,68.53,69.1,69.0856859749331,68.01094448009547,0
2018-07-26,69.13,69.33,67.91,68.63,69.04228731065376,68.03124138238742,0
2018-07-30,69.44,69.61,67.5,67.87,68.9306409001153,68.02595477968619,0
2018-07-31,67.89,67.95,66.73,67.23,68.76867510010433,67.99985790166369,0
2018-08-01,67.15,68.62,66.3,68.22,68.71642032866582,68.00707567537964,0
2018-08-02,68.18,68.44,67.12,67.87,68.63580886879288,68.00258139094096,0
2018-08-06,68.17,69.13,68.07,68.46,68.61906516700309,68.01757872238552,0
2018-08-07,68.45,68.75,65.81,66.22,68.39058277014566,67.95864171509419,0
2018-08-08,66.23,66.89,65.99,66.11,68.17338441108417,67.89803051132061,0
2018-08-09,66.14,67.28,65.59,67.14,68.07496684812378,67.87317705193306,0
2018-08-13,66.74,67.75,65.92,65.96,67.87354143401676,67.81044993547623,0
2018-08-14,65.9,66.23,63.94,64.32,67.53510891649135,67.6960089539852,0
2018-08-15,64.31,64.92,63.88,64.77,67.27176521015885,67.6000742341824,0
2018-08-16,64.81,65.71,64.65,65.14,67.06873995204847,67.51941606256986,0
2018-08-20,65.33,66.4,65.25,65.97,66.96409805185338,67.46861553592822,0
2018-08-21,65.98,68.03,65.89,67.99,67.06180299929592,67.48571010852073,0
2018-08-22,67.95,68,67.22,67.8,67.13210747555345,67.49601469512662,0
2018-08-23,67.74,69.18,67.67,68.45,67.25762104931027,67.52729290184378,0
2018-08-27,68.76,69.05,68.07,68.34,67.36070475889977,67.55393903620956,0
2018-08-28,68.35,69.57,68.2,69.5,67.56444716281408,67.61774431371089,0
2018-08-29,69.51,70.27,69.38,69.79,67.7764045758794,67.68896581162201,0
2018-08-30,69.82,70.11,69.41,69.65,67.95484223531946,67.75326201451965,0
2018-09-03,69.84,71.14,68.88,69.17,68.07057154624141,67.7997124402731,0
2018-09-04,69.17,69.37,68.36,68.43,68.10480282755175,67.82037760616578,0
2018-09-05,68.43,68.8,66.79,67.7,68.06625017730873,67.81643079940625,0
2018-09-06,67.69,67.89,66.71,67.68,68.02946444613647,67.81195765844211,0
2018-09-10,67.41,69.75,67.36,69.64,68.18284878459967,67.87189347291942,0
2018-09-11,69.61,70.92,69.25,70.07,68.36257747178065,67.94396253938108,0
2018-09-12,70.04,70.05,68.16,68.61,68.38614152208726,67.96579983317186,0
2018-09-13,68.61,69.68,67.78,68.73,68.41888994855513,67.99085557634655,0
2018-09-17,68.53,70.13,68.26,69.44,68.51613852488322,68.03836850826961,0
2018-09-18,69.47,70.9,69.32,70.9,68.74317295108482,68.13219249160504,0
2018-09-19,70.9,71.28,69.97,70.11,68.8733469557434,68.19703863942127,0
2018-09-20,70.14,71.68,69.89,70.73,69.05017105519642,68.28008655288286,0
2018-09-24,72.12,72.62,71.81,71.94,69.32539285946342,68.40008371508343,0
2018-09-25,71.98,72.3,71.4,71.93,69.57345068237167,68.51581867524463,0
2018-09-26,71.92,72.47,71.64,72.12,69.81597918881246,68.6339885547448,0
2018-09-27,72.09,73.62,71.81,73.41,70.15826688511603,68.7905790939335,0
2018-10-01,75.3,75.79,74.84,74.95,70.61462241986689,68.99252732036192,0
2018-10-02,75.01,76.78,74.19,76.06,71.13322980845099,69.22424773608776,0
2018-10-03,76.08,76.33,73.79,74.58,71.46149363621757,69.39984617097014,0
2018-10-04,74.58,75.13,73.82,74.27,71.72897043276828,69.55952334569243,0
2018-10-08,74.13,75.14,73.91,74.57,71.99954467726654,69.72380126878448,0
2018-10-09,74.6,74.95,72.26,72.47,72.0443499460983,69.81384057144729,0
2018-10-10,72.53,72.62,70.37,70.78,71.9239356655175,69.84551792976049,0
2018-10-11,70.86,71.87,70.46,71.34,71.86832274499203,69.89451734189949,0
2018-10-15,71.54,72.11,70.86,72.03,71.88372057880231,69.96453316675525,0
2018-10-16,72.04,72.26,69.36,69.98,71.70241385701162,69.96504027604196,0
2018-10-17,69.92,69.93,68.51,68.68,71.41456491824862,69.92290780797501,0
2018-10-18,68.74,69.87,68.59,69.44,71.22651111651065,69.90707476509058,0
2018-10-22,69.52,69.63,65.74,66.08,70.7363672006525,69.78159690394007,0
2018-10-23,66.17,67.72,66.05,66.41,70.32433222916178,69.67105274315514,0
2018-10-24,66.36,67.65,66.04,67.04,70.01153868352733,69.5847887187894,0
2018-10-25,66.95,67.88,66.22,67.7,69.79139214223902,69.52299236735368,0
2018-10-29,66.74,67.29,65.4,66.43,69.47125955726388,69.4215827815388,0
2018-10-30,66.34,67.04,64.85,64.93,69.03875864704827,69.27431777230802,0
2018-10-31,65.01,65.43,63.19,63.53,68.51411496637701,69.08597948469136,0
2018-11-01,63.57,64,62.7,62.99,67.98800877910301,68.88611130486542,0
2018-11-05,62.79,63.37,61.38,61.82,67.40057937156939,68.65443552437803,0
2018-11-06,61.79,63.27,61.3,61.69,66.85671466951517,68.42609337603777,0
2018-11-07,61.8,62.51,60.58,60.85,66.28464660575182,68.17769687190538,0
2018-11-08,60.87,60.9,59.4,59.92,65.6784897861564,67.90695271217078,0
2018-11-12,59.06,59.48,54.87,55.43,64.70244313985579,67.49787229537829,0
2018-11-13,55.43,57.5,55.28,56.15,63.88792474558381,67.12581090864457,0
2018-11-14,56.1,57.43,55.77,56.74,63.20717000790916,66.78529251819721,0
2018-11-15,56.77,58.14,56.14,57.01,62.61696334048924,66.46479112415795,0
2018-11-19,57.38,57.43,52.78,53.34,61.73344302234741,66.03447010369376,0
2018-11-20,53.42,55.84,53.41,54.65,61.058829401171465,65.66120878881856,0
2018-11-21,54.66,54.83,53.54,53.87,60.374178982012275,65.2746117793491,0
2018-11-22,54.03,54.11,50.58,51.08,59.48901907896349,64.80921467182945,0
2018-11-26,51.61,52.4,50.34,52.13,58.788160119062205,64.39350271537603,0
2018-11-27,52.15,52.58,50.13,50.35,57.98452582200866,63.93306000339649,0
2018-11-28,50.59,52.23,49.47,51.33,57.35076145800784,63.51984492131792,0
2018-11-29,51.4,51.84,49.73,50.81,56.72783179534043,63.10312869438946,0
2018-12-03,53.171,54.651,52.549,52.698,56.344038291022294,62.76197693391767,0
2018-12-04,52.802,54.512,52.276,53.121,56.037082263305884,62.44587932952693,0
2018-12-05,53.284,53.429,50.003,51.597,55.61421728584818,62.0901783679031,0
2018-12-06,51.846,54.376,50.767,52.458,55.31362516338645,61.7743692410866,0
2018-12-10,51.135,52.575,50.856,52.101,55.00766086211155,61.45720959383786,0
2018-12-11,52.16,53.012,51.132,51.374,54.66159792286283,61.126612557974326,0
2018-12-12,51.469,53.47,50.559,53.06,54.50906478735209,60.86213345771287,0
2018-12-13,53.034,53.161,51.105,51.419,54.21477290284236,60.55252252467311,0
2018-12-17,49.572,49.905,46.134,46.262,53.457365959714515,60.08398080255268,0
2018-12-18,46.47,48.367,46.376,47.438,52.88409301117028,59.66935848115751,0
2018-12-19,47.405,47.549,45.735,46.258,52.25303653391597,59.22964180964415,0
2018-12-20,46.36,46.822,45.183,45.459,51.60598543544778,58.77814535686893,0
2018-12-25,43.237,47.077,42.616,46.69,51.13779634635751,58.38181272221749,0
2018-12-26,46.642,46.801,44.463,45.488,50.59972050384727,57.959064764112,0
2018-12-27,45.566,46.32,44.526,45.177,50.083270932052294,57.539980673485374,0
2019-01-01,45.952,47.923,44.514,46.472,49.73934036709493,57.17709606123995,0
2019-01-02,46.408,47.659,45.547,46.994,49.47787937975256,56.843224059232085,0
2019-01-03,47.042,49.402,46.832,48.441,49.37912896263327,56.56774130319169,0
2019-01-07,48.978,50.145,48.508,50.016,49.439783347144385,56.35293011292311,0
2019-01-08,50.021,52.79,49.984,52.416,49.72323255217825,56.22385043708957,0
2019-01-09,52.444,53.019,51.646,52.556,49.993019928161274,56.10359304570958,0
2019-01-10,52.526,53.56,51.431,51.956,50.17997041119354,55.9676063884732,0
2019-01-14,51.04,52.548,50.907,52.26,50.378068467270346,55.846045523277354,0
2019-01-15,52.205,52.791,51.555,52.598,50.58949051800651,55.73955222743219,0
2019-01-16,52.58,52.879,51.276,52.488,50.77030094486303,55.63294395768032,0
2019-01-17,52.52,54.157,52.39,54.059,51.0835103786856,55.581339237756374,0
2019-01-21,54.163,54.336,52.09,53.024,51.268318914048876,55.497492049633216,0
2019-01-22,52.978,53.682,51.902,52.446,51.380479017472794,55.39744312997311,0
2019-01-23,52.566,53.52,52.142,53.234,51.55700482533253,55.32651056833465,0
2019-01-24,53.263,54.002,52.986,53.648,51.75614722291991,55.271477434946625,0
2019-01-28,52.203,54.016,51.952,53.352,51.90813320168944,55.20854374855493,0
2019-01-29,53.377,55.02,53.217,54.312,52.13707289676663,55.17914887155313,0
2019-01-30,54.378,55.474,53.739,54.14,52.32782785897933,55.14507841674811,0
2019-01-31,54.175,55.77,53.519,55.493,52.629272824790824,55.156485681772764,0
2019-02-04,55.028,55.393,53.699,53.921,52.75229446052503,55.115977954501524,0
2019-02-05,53.965,54.514,53.105,54.134,52.88388546428455,55.083781955993274,0
2019-02-06,54.177,54.463,52.042,52.854,52.88103922959078,55.01067435087874,0
2019-02-07,52.845,53.271,52.358,52.969,52.88941644582023,54.94373420822698,0
2019-02-11,52.77,54.372,52.624,53.661,52.962900593837354,54.90167734894085,0
2019-02-12,53.702,54.951,53.631,54.337,53.09376720394808,54.883163337500164,0
2019-02-13,54.325,55.066,53.544,54.835,53.25959889881017,54.88158421168049,0
2019-02-14,54.859,56.21,54.639,56.157,53.535541860828246,54.92340112277293,0
2019-02-18,56.449,56.659,55.709,56.464,53.81444263598746,54.97391256137054,0
2019-02-19,56.378,57.645,55.839,57.3,54.14640048017913,55.05017772329282,0
2019-02-20,57.311,57.677,56.733,56.934,54.4118861487335,55.11194238810289,0
2019-02-21,56.906,57.909,56.873,57.291,54.686087467901736,55.18338689996837,0
2019-02-25,55.594,56.224,55.176,56.134,54.82398389953014,55.21455454259236,0
2019-02-26,56.148,57.552,55.896,57.142,55.04474733767013,55.277749475622116,0
2019-02-27,57.168,57.593,56.613,57.414,55.27039044836821,55.34779047642139,0
2019-02-28,57.366,58.053,55.761,55.921,55.332353262809335,55.36658423129282,0
2019-03-04,56.633,57.399,56.303,56.509,55.44441485682749,55.40404048600453,0
2019-03-05,56.495,56.648,55.719,56.442,55.539422965701064,55.43807194547979,0
2019-03-06,56.452,57.242,56.346,56.704,55.65033506420573,55.479577783332914,0
2019-03-07,56.718,56.748,54.781,56.228,55.70535077237661,55.50411621666626,0
2019-03-11,57.078,57.806,57.021,57.319,55.85903165119789,55.56362060300507,0
2019-03-12,57.398,58.754,57.296,58.624,56.12236197013142,55.66396091110327,0
2019-03-13,58.631,59.031,58.293,58.792,56.37661321107129,55.766519569755616,0
2019-03-14,58.826,59.238,58.025,58.684,56.5963643338264,55.8621746658292,0
2019-03-18,59.316,59.883,58.912,59.248,56.84890106393817,55.97318533252333,0
2019-03-19,59.307,60.294,58.596,60.055,57.15424381975358,56.10701532162093,0
2019-03-20,60.044,60.418,59.701,59.859,57.41183964644372,56.230031212715325,0
2019-03-21,59.911,60.102,58.324,58.926,57.55604539440146,56.31842363197056,0
2019-03-25,59.119,60.396,59.105,60.068,57.79527916636322,56.44136056206989,0
2019-03-26,60.021,60.248,58.872,59.451,57.95296686480482,56.54003726495284,0
2019-03-27,59.431,59.596,58.275,59.549,58.10497002053769,56.63869178085603,0
2019-03-28,59.646,60.774,59.489,60.241,58.30840144715315,56.75680024705747,0
2019-04-01,61.788,62.745,61.647,62.591,58.716267975995706,56.948085484858865,0
2019-04-02,62.608,63.018,62.076,62.508,59.07738531161516,57.13037776404382,0
2019-04-03,62.452,62.799,61.943,62.174,59.37230099622324,57.295742427517794,0
2019-04-04,62.217,63.349,61.872,63.302,59.746558044201976,57.49266890530409,0
2019-04-08,64.317,64.698,63.645,64.217,60.172314420944645,57.713138777261335,0
2019-04-09,64.189,64.68,64.003,64.486,60.58314161894992,57.93519980095768,0
2019-04-10,64.48,64.491,63.367,63.782,60.887794798097545,58.1268981681394,0
2019-04-11,63.806,64.694,63.72,63.875,61.17229053161206,58.31536052328237,0
2019-04-15,63.67,64.484,63.131,64.467,61.48607238574425,58.51705362087967,0
2019-04-16,64.43,64.708,63.759,63.809,61.70730358710194,58.69056005953936,0
2019-04-17,63.835,64.236,63.55,64.09,61.934227054996995,58.86759087725938,0
2019-04-22,65.775,66.557,65.561,66.148,62.3355387640449,59.10629281570989,0
2019-04-23,66.11,66.402,65.663,65.756,62.661296976993,59.32431600208006,0
2019-04-24,65.796,66.272,64.921,65.118,62.89526869346986,59.514272854470875,0
2019-04-25,65.108,65.176,62.302,62.873,62.89314786552035,59.62439505596363,0
2019-04-29,63.606,64.767,63.314,63.454,62.94656235451841,59.74995587380089,0
2019-04-30,63.423,63.956,62.812,63.663,63.014794511230946,59.87825240252873,0
2019-05-01,63.593,63.709,60.995,61.621,62.882052176828,59.93539166801959,0
2019-05-02,61.576,62.557,61.344,61.934,62.79176149332057,60.000919810051734,0
2019-05-06,62.103,62.57,60.725,61.488,62.66759373205195,60.04967653759102,0
2019-05-07,61.597,62.426,61.136,62.021,62.60601337661843,60.114310093735575,0
2019-05-08,62.01,62.304,61.01,61.662,62.516107340750004,60.16505402508851,0
2019-05-09,61.705,62.561,61.508,61.847,62.45238283210715,60.22019979475774,0
2019-05-13,61.021,62.259,60.844,61.511,62.36272732428742,60.2625211129624,0
2019-05-14,61.553,62.541,61.037,62.32,62.358658055307664,60.32997943712757,0
2019-05-15,62.341,63.673,62.339,63.295,62.4478334786117,60.42719322607421,0
2019-05-16,63.265,63.82,62.699,62.858,62.48689695683915,60.50689180882588,0
2019-05-20,63.323,63.777,62.791,62.978,62.533668675235425,60.58791174952011,0
2019-05-21,62.93,63.006,61.037,61.309,62.417033563308244,60.61155398724076,0
2019-05-22,61.361,61.414,57.348,58.169,62.01245893823127,60.531470249954175,0
2019-05-23,58.253,59.114,57.512,59.058,61.731081896494956,60.483159749955675,0
2019-05-27,59.188,59.593,58.689,59.147,61.484978858733534,60.439351233563684,0
2019-05-28,59.119,59.172,56.996,59.129,61.26059991980653,60.396388898037,0
2019-05-29,59.176,59.74,56.392,56.467,60.80406659411067,60.26755647515054,0
2019-05-30,56.625,56.67,53.119,53.384,60.09739358514775,60.041866098916095,0
2019-06-03,52.976,53.876,52.491,52.926,59.41440371989558,59.80855901370573,0
2019-06-04,53.06,53.492,50.707,51.794,58.68865098466743,59.54578658702685,0
2019-06-05,51.745,53.375,51.274,53.19,58.16496993850863,59.33740014155056,0
2019-06-06,53.142,54.407,52.712,54.143,57.781925182460185,59.16709194018825,0
2019-06-10,53.524,54.199,53.122,53.22,57.34745611746398,58.97210531919847,0
2019-06-11,53.211,53.214,50.931,51.244,56.76617458246741,58.718724816929665,0
2019-06-12,51.313,53.639,51.131,52.466,56.35663414604194,58.51371744588279,0
2019-06-13,52.446,53.239,51.933,52.732,56.01143089403794,58.324152939460404,0
2019-06-17,52.187,54.518,51.72,54.278,55.8463422374629,58.191492187346945,0
2019-06-18,54.267,54.637,53.505,54.43,55.71145250056167,58.06816457464704,0
2019-06-19,54.388,57.36,54.354,57.175,55.85083797669866,58.03888049023239,0
2019-06-20,57.56,57.978,56.658,57.616,56.0189486455845,58.025015556126405,0
2019-06-24,57.657,58.832,57.205,58.764,56.28038210790979,58.0492445542862,0
2019-06-25,58.74,59.916,58.656,59.19,56.55748857382314,58.08664637217845,0
2019-06-26,59.228,59.726,58.608,59.319,56.82048966203046,58.12705140915621,0
2019-06-27,59.226,59.799,57.766,58.192,56.95110969421803,58.129180871151085,0
2019-07-01,59.164,59.451,56.122,56.382,56.89690877095917,58.07189625242482,0
2019-07-02,56.542,57.5,56.092,57.482,56.95263174515354,58.05255539168958,0
2019-07-03,57.424,57.616,56.523,57.06,56.96285729323415,58.02001259196205,0
2019-07-04,56.947,57.832,56.347,57.786,57.04125183673566,58.01234004796329,0
2019-07-08,57.628,58.755,57.393,58.432,57.17370404276084,58.02609939065302,0
2019-07-09,58.568,60.583,58.502,60.386,57.479636991069334,58.10347318112341,0
2019-07-10,60.416,60.984,60.193,60.448,57.76233823001511,58.180342912889856,0
2019-07-11,60.48,60.791,60.005,60.434,58.01678220810891,58.25423330918855,0
2019-07-15,59.389,60.149,57.173,57.596,57.97670771209854,58.232651889215155,0
2019-07-16,57.673,58.48,56.354,56.679,57.853116501422484,58.18171248301138,0
2019-07-17,56.645,57.446,54.856,55.826,57.66005778700129,58.10447600815855,0
2019-07-18,55.859,56.479,55.129,55.912,57.49357609300117,58.03259154887466,0
2019-07-22,56.215,57.448,55.749,57.138,57.45971170319153,58.00326067841976,0
2019-07-23,57.247,57.646,55.352,55.842,57.30564392193519,57.93239967256993,0
2019-07-24,55.955,57.007,55.839,55.918,57.17348735794136,57.866353781666,0
2019-07-25,55.987,56.601,55.722,56.238,57.08439332385171,57.812965133086784,0
2019-07-29,57.074,58.5,56.996,58.398,57.20949872158012,57.83214660413312,0
2019-07-30,58.37,58.826,57.824,57.86,57.27145122428677,57.83305983022712,0
2019-07-31,57.904,58.01,53.632,54.504,57.00788444102137,57.72391032759673,0
2019-08-01,54.555,56.077,54.173,55.22,56.83760973235267,57.641814907019786,0
2019-08-05,54.833,55.318,53.276,53.408,56.51098023403337,57.50300130351094,0
2019-08-06,53.273,53.729,50.501,52.263,56.106410687934954,57.331197982084355,0
2019-08-07,52.205,53.01,51.857,52.87,55.79818109860781,57.18492919578651,0
2019-08-08,52.76,54.781,52.308,54.096,55.63606861302612,57.08365282871154,0
2019-08-12,54.635,57.388,54.134,56.71,55.73834779273792,57.07140191629477,0
2019-08-13,56.678,56.83,53.984,54.92,55.66040990771526,57.0008641485474,0
2019-08-14,54.889,55.306,53.762,54.605,55.559894678409044,56.92231122564421,0
2019-08-15,54.642,55.595,54.199,54.793,55.48685708998914,56.8524977428362,0
2019-08-19,55.99,56.516,55.106,56.102,55.54544212903779,56.82789125946452,0
2019-08-20,56.08,57.071,55.509,55.808,55.570447640558,56.79445220177716,0
2019-08-21,55.832,56.399,54.82,55.292,55.54392881764772,56.74519147385004,0
2019-08-22,55.313,55.535,53.21,53.846,55.38222131120508,56.650136015691025,0
2019-08-26,53.792,55.591,53.64,55.58,55.401057376804594,56.61504958894706,0
2019-08-27,55.585,56.58,55.253,55.816,55.44057572187082,56.58885124176847,0
2019-08-28,55.787,56.749,55.316,56.474,55.53899708169265,56.58508562728426,0
2019-08-29,56.45,56.575,54.442,54.913,55.47937831200763,56.53026314770117,0
2019-09-02,54.585,54.893,52.76,53.839,55.323151806102146,56.44202501171097,0
2019-09-03,53.832,56.459,53.719,55.91,55.379042110282896,56.42458156870405,0
2019-09-04,55.835,57.622,55.646,56.078,55.44560952835119,56.41321823858261,0
2019-09-05,56.057,56.863,54.764,56.572,55.55288481136537,56.418424197973344,0
2019-09-09,57.882,58.651,57.112,57.847,55.771371972187715,56.465262748859466,0
2019-09-10,57.835,58.195,55.543,55.857,55.779527022455554,56.44531970791326,0
2019-09-11,55.874,56.28,53.939,55.063,55.711286353650266,56.39999775027675,0
2019-09-12,55.091,55.605,54.37,54.777,55.62230670092167,56.34678470928407,0
2019-09-16,61.617,62.362,58.248,58.35,55.88208701511961,56.41246389914361,0
2019-09-17,58.65,59.238,57.55,58.132,56.09636444225107,56.468842131958574,0
2019-09-18,58.122,59.437,57.971,58.601,56.33490116203669,56.53874894730419,0
2019-09-19,58.58,59.186,57.882,58.362,56.52795819422367,56.5985276703434,0
2019-09-23,58.369,58.429,56.65,56.766,56.55062884239285,56.60401856639771,0
2019-09-24,56.729,56.948,55.566,56.536,56.549235619307815,56.60178844946664,0
2019-09-25,56.593,56.768,55.353,56.467,56.54140365556422,56.5973691560415,0
2019-09-26,56.433,56.681,54.708,56.077,56.497174735986675,56.580307872236865,0
2019-09-30,54.165,54.78,52.998,53.871,56.2470628563689,56.491478105934014,0
2019-10-01,53.899,54.331,52.098,52.393,55.88000925100043,56.35710177459192,0
2019-10-02,52.407,52.82,50.924,52.21,55.53048456042896,56.221131224605294,0
2019-10-03,52.245,53.27,51.989,52.916,55.28148603086429,56.11276626642152,0
2019-10-07,52.798,53.224,51.78,52.511,55.01763021840103,55.99467556916179,0
2019-10-08,52.491,53.696,52.308,52.641,54.791284483315216,55.8847189931237,0
2019-10-09,52.685,53.952,51.378,53.923,54.70859072299948,55.820400337611446,0
2019-10-10,53.896,54.945,53.667,54.902,54.72701065414239,55.79028885113238,0
2019-10-14,53.546,53.829,52.451,52.96,54.55872392517645,55.69749249535755,0
2019-10-15,53.026,53.804,52.596,53.083,54.41817878944536,55.61177142993599,0
2019-10-16,53.062,54.242,52.722,54.123,54.3900665237839,55.562959251905305,0
2019-10-17,54.132,54.68,53.425,53.781,54.33206018818544,55.504534358400214,0
2019-10-21,53.578,54.797,53.226,54.349,54.333673503596344,55.46664798599365,0
2019-10-22,54.221,56.061,53.625,55.863,54.47932364611098,55.47964313399386,0
2019-10-23,55.863,56.507,55.416,56.104,54.63405472743374,55.50011385091209,0
2019-10-24,56.049,56.742,55.608,56.611,54.82233522958291,55.5365363476035,0
2019-10-28,55.817,55.946,54.652,55.528,54.88954139819406,55.53625646735421,0
2019-10-29,55.535,55.783,54.484,54.883,54.88891840788987,55.51483822252292,0
2019-10-30,54.933,55.606,53.743,54.115,54.81521189285274,55.468941887358234,0
2019-10-31,54.142,56.351,54.093,56.135,54.940905998295335,55.490779858264524,0
2019-11-04,56.584,57.518,56.32,57.237,55.1595816175053,55.548032977665684,0
2019-11-05,57.245,57.84,56.137,56.383,55.27609765393337,55.57540894561107,0
2019-11-06,56.407,57.829,56.285,57.054,55.4454216868921,55.62388734083694,0
2019-11-07,57.045,57.465,55.751,57.415,55.63300057385475,55.6826123460554,0
2019-11-11,56.894,57.573,56.579,56.813,55.74538147158287,55.719674236348666,0
2019-11-12,56.801,57.577,56.247,57.448,55.9075356171464,55.776340654829035,0
2019-11-13,57.448,57.833,56.746,56.947,56.00653222503722,55.8147229284412,0
2019-11-14,56.971,58.071,56.527,57.936,56.19029106074796,55.88427299636116,0
2019-11-18,56.96,57.182,55.146,55.232,56.09902524543863,55.86288699648047,0
2019-11-19,55.258,57.342,54.832,57.092,56.19359426968257,55.903185783481106,0
2019-11-20,56.876,58.619,56.564,58.29,56.39325195828423,55.981441987301395,0
2019-11-21,58.235,58.681,57.465,57.865,56.53341843844764,56.04319798771774,0
2019-11-25,57.846,58.516,57.728,58.256,56.69747382526215,56.115748873366336,0
2019-11-26,58.236,58.634,57.481,58.092,56.83028584190385,56.180543992272355,0
2019-11-27,58.07,58.1,57.609,58.033,56.94483004743682,56.2412802548208,0
2019-11-28,58.128,58.142,55.003,55.201,56.77875099529998,56.207172705482414,0
2019-12-02,55.911,56.742,55.318,56.222,56.72572709098569,56.20765884628627,0
2019-12-03,56.331,58.586,56.226,58.262,56.872038796606105,56.27501429394902,0
2019-12-04,58.261,59.032,58.028,58.26,57.00422557788171,56.340095792508066,0
2019-12-05,58.245,59.761,57.65,59.048,57.19887076094059,56.428879537016,0
2019-12-09,58.782,59.418,58.465,59.012,57.37154973608911,56.5135720112122,0
2019-12-10,58.983,59.101,57.992,58.732,57.501116427890146,56.58630735510688,0
2019-12-11,58.747,59.598,58.667,59.16,57.659105339519655,56.670690720513214,0
2019-12-12,59.199,60.366,59.185,59.688,57.852333402422545,56.76961889361114,0
2019-12-16,60.109,60.936,59.95,60.462,58.1008730783823,56.89068056923045,0
2019-12-17,60.429,61.056,60.206,60.772,58.35526611853636,57.017936944009776,0
2019-12-18,60.726,61.336,60.643,61.074,58.614193154866236,57.15092261797667,0
2019-12-19,61.026,61.131,59.936,60.308,58.77550809249802,57.254433351813496,0
2019-12-23,60.551,61.046,60.415,60.931,58.98079303606964,57.374976520606495,0
2019-12-25,61.261,61.735,60.988,61.629,59.23300322311063,57.514452700258744,0
2019-12-26,61.561,61.871,61.158,61.563,59.45490767805247,57.647191955987964,0
2019-12-30,61.526,61.732,60.516,60.91,59.59348789919033,57.75416926890639,0
2020-01-01,61.279,61.348,60.518,61.011,59.728489051648396,57.86095060435208,0
2020-01-02,61.03,63.899,60.978,62.888,60.02939485625331,58.025771896012664,0
2020-01-06,62.77,62.977,61.965,62.582,60.27250010803871,58.17515642401225,0
2020-01-07,62.699,65.44,59.021,59.808,60.228262002511215,58.22869227896267,0
2020-01-08,59.773,60.171,58.56,59.53,60.16176085941491,58.27135810588192,0
2020-01-09,59.488,59.678,58.788,59.134,60.06387887280397,58.29964144667268,0
2020-01-13,58.072,58.719,57.71,58.156,59.88217612301312,58.294931891044065,0
2020-01-14,58.197,58.392,57.401,58.12,59.7143498255833,58.289196419206554,0
2020-01-15,58.11,58.857,57.573,58.619,59.610030794575366,58.300009651363716,0
2020-01-16,58.581,58.967,58.298,58.797,59.53259929033009,58.31630441689278,0
2020-01-20,58.811,58.827,57.698,58.242,59.409685072203416,58.313868206502846,0
2020-01-21,58.285,58.36,56.122,56.132,59.09752458913643,58.24233154399455,0
2020-01-22,56.15,56.26,54.778,55.688,58.772807961599625,58.158582968781616,0
2020-01-23,55.657,55.951,53.853,54.262,58.343207203352044,58.03082615013304,0
2020-01-27,52.789,54.044,52.69,53.908,57.92080651731852,57.895651522259826,0
2020-01-28,54.017,54.365,52.838,53.076,57.459396372811995,57.73763016087426,0
2020-01-29,53.213,53.219,51.702,52.994,57.03412052778228,57.582101303140675,0
2020-01-30,52.894,53.376,51.038,51.636,56.520013810850635,57.3871471620541,0
2020-02-03,49.839,51.631,49.424,49.55,55.856202971722006,57.13019151739659,0
2020-02-04,49.603,51.955,49.596,51.364,55.42837411727229,56.941136057809814,0
2020-02-05,51.289,52.277,50.358,51.232,55.028719439436834,56.753951269029166,0
2020-02-06,51.271,51.604,50.241,50.568,54.603889016633325,56.551133194634765,0
2020-02-10,49.897,50.827,49.869,50.098,54.17475672933491,56.339555057105756,0
2020-02-11,50.29,51.895,50.266,51.848,53.953160850350635,56.19229095687278,0
2020-02-12,51.899,52.16,50.804,51.794,53.747526483650574,56.048084695991705,0
2020-02-13,51.713,52.535,51.547,52.424,53.62147634235052,55.9292622469428,0
2020-02-17,52.394,52.435,51.171,52.376,53.50285954784095,55.81276184540369,0
2020-02-18,52.367,53.804,52.181,53.686,53.52030149566562,55.74303194883308,0
2020-02-19,53.698,54.643,53.465,53.738,53.54103468655461,55.67729319641232,0
2020-02-20,53.765,53.869,52.577,53.338,53.52169804973988,55.600595058825036,0
2020-02-24,51.336,52.046,49.733,50.078,53.19372680690751,55.419526368371756,0
2020-02-25,50.143,50.473,48.338,48.652,52.761181396725846,55.19764025793334,0
2020-02-26,48.587,48.792,45.955,46.36,52.15154507322815,54.907881560951914,0
2020-02-27,46.551,47.093,43.939,45.376,51.50625506625404,54.595360854035455,0
2020-03-02,47.953,48.729,46.55,47.152,51.09156410756318,54.35131623587036,0
2020-03-03,47.057,48.482,46.738,47.296,50.730081811604784,54.11999439207133,0
2020-03-04,47.367,47.653,45.745,46.105,50.28959782954718,53.857207690691936,0
2020-03-05,46.253,46.468,41.203,41.727,49.47411232197126,53.45949596312827,0
2020-03-09,30.583,35.234,30.461,34.844,48.08076829130733,52.84915183318964,0
2020-03-10,34.926,36.623,32.87,33.425,46.684980834992345,52.21229439603588,0
2020-03-11,33.4,33.965,30.417,31.27,45.21688742213593,51.52566179288716,0
2020-03-12,31.628,34.217,30.758,33.21,44.07337433431346,50.92514829148103,0
2020-03-16,29.127,30.584,27.042,27.21,42.46733868342647,50.1476024458587,0
2020-03-17,27.249,27.608,20.526,22.744,40.58892547548109,49.24912367714202,0
2020-03-18,22.824,28.266,21.852,25.494,39.15131352543527,48.470267163137365,0
2020-03-19,25.694,28.555,22.579,23.725,37.68214080872715,47.6589469282804,0
2020-03-23,24.561,25.638,23.634,24.824,36.45755596980075,46.91026014374662,0
2020-03-24,24.952,25.814,23.681,25.005,35.36683635362925,46.192054893131974,0
2020-03-25,25.221,25.552,23.369,24.242,34.30732812947409,45.47238096220961,0
2020-03-26,24.481,24.512,22.3,23.152,33.24491592666703,44.740565192956836,0
2020-03-30,22.197,23.694,21.904,22.076,32.18120964793684,43.9974646948271,0
2020-03-31,22.207,23.073,21.856,22.757,31.283665871942855,43.30105601630818,0
2020-04-01,23.109,28.666,22.538,26.225,30.801888169853058,42.74118532724889,0
2020-04-02,26.353,30.629,25.369,30.204,30.744946439390862,42.330130070617784,0
2020-04-06,29.229,30.111,27.062,27.787,30.46323725468697,41.85330613387622,0
2020-04-07,28.072,29.886,27.8,29.668,30.387500373288212,41.453787899978636,0
2020-04-08,30.075,32.18,27.432,27.952,30.155547956784574,41.01110632948753,0
2020-04-13,28.774,29.249,26.544,27.176,29.871781484709853,40.55749628589778,0
2020-04-14,27.538,27.764,25.428,25.971,29.500278486166057,40.079250506032274,0
2020-04-15,26.413,26.967,24.807,25.915,29.15882339224548,39.61484885009679,0
2020-04-16,26.392,26.958,24.689,25.306,28.791887831079244,39.14570626484772,0
2020-04-20,21.735,23.38,7.888,13.887,27.37237470430979,38.317551961082216,0
2020-04-21,14.236,17.139,11.746,15.509,26.242529494375525,37.56973058530903,0
2020-04-22,15.855,19.488,15.057,18.068,25.46400287586357,36.930329582512016,0
2020-04-23,18.309,19.421,17.193,18.32,24.78362164959085,36.320154842101786,0
2020-04-27,15.052,15.839,12.993,15.055,23.85708625439172,35.62293665055746,0
2020-04-28,15.29,18.253,14.765,17.201,23.223173277782987,35.01893872758836,0
2020-04-29,17.366,20.818,17.354,20.635,22.976680584660798,34.547334179142844,0
2020-04-30,20.612,21.929,19.596,21.064,22.79452052897882,34.10525764867914,0
2020-05-04,22.785,26.289,22.579,26.27,23.12551857383798,33.84836395527983,0
2020-05-05,26.91,27.353,24.014,25.079,23.31156442394865,33.560843825598525,0
2020-05-06,25.495,27.507,24.032,24.508,23.425510669286872,33.264029273939556,0
2020-05-07,24.526,26.003,24.48,25.723,23.644319176973838,33.01678241249891,0
2020-05-11,25.362,26.77,25.032,25.829,23.852384017262043,32.7811174153678,0
2020-05-12,25.866,26.903,25.204,25.847,24.042347444189467,32.55376930338853,0
2020-05-13,26.014,28.244,25.541,27.978,24.417171497123803,32.40374408032661,0
2020-05-14,27.95,29.816,27.548,29.722,24.92239325930249,32.31581804490607,0
2020-05-18,32.316,32.949,31.189,31.905,25.587403425083203,32.30234860081079,0
2020-05-19,32.044,33.83,31.647,33.557,26.346412622694327,32.34348471225962,0
2020-05-20,33.509,34.727,33.363,34.033,27.078468563390107,32.398878656119955,0
2020-05-21,33.934,34.106,30.84,33.607,27.70023346211486,32.43848919198487,0
2020-05-25,33.792,34.892,33.489,34.217,28.320877894294398,32.49680102175586,0
2020-05-26,34.233,34.422,31.905,32.198,28.690127618647313,32.48700426694419,0
2020-05-27,32.16,34.314,31.291,33.716,29.168782131157094,32.527299209011595,0
2020-05-28,33.739,35.882,32.53,35.504,29.772136213904037,32.62489595625711,0
2020-06-01,35.667,37.153,35.454,37.017,30.46212324115127,32.768899367527375,0
2020-06-02,36.948,38.284,36.074,36.775,31.063349599136863,32.900246929247785,0
2020-06-03,36.836,37.778,36.565,37.492,31.675602018266687,33.05079621025605,0
2020-06-04,37.493,39.796,37.232,39.036,32.37659230224129,33.247032400083725,0
2020-06-08,38.365,39.242,37.249,38.504,32.960154940123076,33.419391993523604,0
2020-06-09,38.585,40.026,37.913,39.23,33.557283041063734,33.609903731440866,0
2020-06-10,39.082,39.198,35.627,36.273,33.81592275143861,33.6972183631969,0
2020-06-11,36.503,37.175,34.707,36.727,34.09316820368255,33.7965554660429,0
2020-06-15,37.329,39.329,36.64,38.208,34.485056946188976,33.94119299174641,0
2020-06-16,37.945,38.989,37.463,37.973,34.817241998932886,34.07338338545964,0
2020-06-17,37.973,39.15,37.398,39.032,35.21864752284404,34.235960979379,0
2020-06-18,38.989,40.587,38.507,39.464,35.6229668063827,34.4073720948092,0
2020-06-22,40.61,41.628,39.764,40.09,36.048398539108156,34.593687763831845,0
2020-06-23,40.076,40.553,37.352,37.993,36.23359867824071,34.70514062403408,0
2020-06-24,38.07,39.249,37.143,39.108,36.50735118507493,34.84949666914772,0
2020-06-25,39.106,39.382,37.841,38.196,36.66817488173446,34.9592180898314,0
2020-06-29,39.565,40.082,38.889,39.743,36.96101536918832,35.11606339836152,0
2020-06-30,39.759,40.578,39.068,39.747,37.22634723878943,35.267897385300486,0
2020-07-01,39.745,40.767,39.508,40.294,37.51850464461901,35.43268763496277,0
2020-07-02,40.334,40.509,39.876,40.31,37.78436134513148,35.59259951578366,0
2020-07-06,40.689,40.976,39.955,40.47,38.040136455118954,35.75251428575797,0
2020-07-07,40.503,41.123,40.349,40.939,38.31621869748858,35.92256299770033,0
2020-07-08,40.97,41.072,39.39,39.721,38.45000739296586,36.04710191580852,0
2020-07-09,39.756,40.88,38.718,40.628,38.65743526030244,36.197295295618076,0
2020-07-13,39.853,40.752,39.283,40.629,38.845203330749825,36.34259708920437,0
2020-07-14,40.799,41.44,40.295,41.143,39.06404110877365,36.49998734857471,0
2020-07-15,41.187,41.36,40.678,40.844,39.23356100317616,36.64241399288374,0
2020-07-16,40.889,41.038,40.18,40.727,39.37579328858796,36.77633484557607,0
2020-07-20,40.778,42.51,40.751,41.524,39.58038440396053,36.931995998180135,0
2020-07-21,41.48,42.03,41.162,41.88,39.79939541310715,37.09422563758407,0
2020-07-22,41.939,42.384,40.859,41.016,39.91526251662076,37.22280840356492,0
2020-07-23,41.092,41.69,40.699,41.299,40.04704703884735,37.35645402967754,0
2020-07-27,41.701,41.983,40.925,41.1,40.14732827324284,37.47919324181926,0
2020-07-28,41.21,41.655,41.021,41.349,40.26177319960067,37.60607215192355,0
2020-07-29,41.416,41.49,39.092,40.426,40.27741384725775,37.69852880268015,0
2020-07-30,40.563,40.685,39.809,40.519,40.30042205228082,37.79100326816605,0
2020-08-03,40.872,42.185,40.303,41.595,40.42371519015884,37.91572447248848,0
2020-08-04,41.659,43.61,41.592,42.315,40.60383755300085,38.0599630143741,0
2020-08-05,42.382,42.785,41.793,42.073,40.74375778604839,38.19153799750937,0
2020-08-06,42.116,42.372,41.249,41.738,40.838447520710446,38.30781544021398,0
2020-08-10,42.183,43.093,41.69,41.787,40.92878585207136,38.421887065125,0
2020-08-11,41.873,43.118,41.746,42.755,41.10271100901694,38.56395634167828,0
2020-08-12,42.796,43.067,42.328,42.573,41.24273853196771,38.69540039604948,0
2020-08-13,42.602,42.818,41.905,42.448,41.357525338446976,38.81843644863802,0
2020-08-17,43.006,43.288,42.406,42.75,41.4901419728806,38.94734017163349,0
2020-08-18,42.818,43.225,42.568,42.945,41.628699880225305,39.078410985678296,0
2020-08-19,42.965,42.992,41.674,42.738,41.73434751068004,39.198397510738026,0
2020-08-20,42.793,42.99,41.501,42.291,41.78736203347241,39.29979431366465,0
2020-08-24,42.506,43.63,42.483,43.44,41.94475612552266,39.43553876239695,0
2020-08-25,43.45,43.852,43.093,43.48,42.09096982785383,39.56814404887574,0
2020-08-26,43.575,43.575,42.468,43.048,42.18211555853442,39.68223768661752,0
2020-08-27,43.094,43.515,42.824,43.034,42.26324741010257,39.79213153295793,0
2020-08-31,43.009,43.548,42.872,43.104,42.3433190853309,39.90071738433636,0
2020-09-01,43.205,43.363,41.418,41.743,42.286145839108904,39.961120093046645,0
2020-09-02,41.782,41.984,40.437,41.473,42.20870337824139,40.01068992606151,0
2020-09-03,41.443,42.065,39.595,39.689,41.968731627932684,40.00014271537097,0
2020-09-07,39.379,39.577,36.414,37.132,41.50809052051052,39.90610524929323,0
2020-09-08,37.083,38.676,36.482,37.999,41.17389142331904,39.843577208332796,0
2020-09-09,38.049,38.436,37.205,37.282,40.803235097288656,39.75959107035467,0
2020-09-10,37.397,38.054,36.95,37.51,40.48959365945164,39.68583398608075,0
2020-09-14,37.57,38.788,37.318,38.604,40.31001331093244,39.65036401932401,0
2020-09-15,38.652,40.565,38.596,40.36,40.314773947986495,39.6736307727888,0
2020-09-16,40.351,41.471,39.666,41.169,40.39612881008302,39.722659272041625,0
2020-09-17,41.173,41.728,40.532,41.166,40.4694498757894,39.76998191885993,0
2020-09-21,39.821,40.289,39.232,39.792,40.404930839999935,39.77070382315961,0
2020-09-22,39.783,40.789,39.312,39.568,40.325223140952325,39.76405779617077,0
2020-09-23,39.682,40.422,39.187,40.226,40.31577331800448,39.779203442197954,0
2020-09-24,40.269,40.697,39.794,40.136,40.2986520496231,39.79090168999474,0
2020-09-28,40.658,40.787,38.522,39.192,40.19325661632566,39.771265569011305,0
2020-09-29,39.251,40.465,38.792,39.945,40.16961312905655,39.77696177986339,0
2020-09-30,40.056,40.567,37.759,38.744,40.033840450098786,39.743094180523606,0
2020-10-01,38.744,38.796,36.785,37.193,39.76328421675604,39.65948453526054,0
2020-10-05,39.532,41.005,39.268,40.031,39.78878095801737,39.67166537017003,0
2020-10-06,39.914,40.515,39.471,40.231,39.83089705725381,39.690004210492326,0
2020-10-07,40.237,41.519,39.96,41.443,39.98443067084868,39.74747948227946,0
2020-10-08,41.516,41.67,40.619,40.748,40.05715155933928,39.78028343368013,0
2020-10-12,39.749,40.75,39.613,40.39,40.08885141083078,39.800274140772586,0
2020-10-13,40.395,41.402,40.098,41.319,40.206008419323084,39.85006843123906,0
2020-10-14,41.425,41.55,39.503,41.172,40.29800761748279,39.89341044988696,0
2020-10-15,41.11,41.301,40.348,40.966,40.36162593962729,39.928577320382466,0
2020-10-19,40.913,41.916,40.497,41.197,40.4411853739485,39.97016494922239,0
2020-10-20,41.251,41.622,39.826,40.001,40.39926295738198,39.971175934493786,0
2020-10-21,40.089,41.068,39.768,40.655,40.423618866202744,39.993596395657924,0
2020-10-22,40.671,40.979,39.629,39.783,40.36260754561201,39.98669159580029,0
2020-10-26,38.705,39.919,38.616,39.053,40.237883017458486,39.95607875659372,0
2020-10-27,39.011,39.096,37.1,37.463,39.9736084443672,39.87433846949229,0
2020-10-28,37.551,37.891,35.073,36.207,39.61488383061794,39.754097863935165,0
2020-10-29,36.24,36.741,35.373,35.895,39.2606091800829,39.62757006511762,0
2020-11-02,37.213,38.477,36.758,38.282,39.167408305789294,39.583453013802284,0
2020-11-03,38.343,39.421,37.435,39.303,39.18032180047603,39.57425783302188,0
2020-11-04,39.21,39.54,38.468,38.657,39.13048162900212,39.544183805709686,0
2020-11-05,38.758,38.792,37.285,37.638,38.98834052147811,39.48168597601428,0
2020-11-09,40.115,42.02,39.642,41.966,39.271927138480194,39.563138894833486,0
2020-11-10,41.955,43.269,41.539,41.684,39.50164836338684,39.63267532451108,0
2020-11-11,41.763,42.404,41.108,41.17,39.660538995445236,39.683079412232026,0
2020-11-12,41.11,41.13,40.281,40.353,39.72648766254569,39.70504402166704,0
2020-11-16,41.649,41.909,40.795,41.5,39.8953935994461,39.76389503735009,0
2020-11-17,41.525,42.671,41.307,41.801,40.076879923308375,39.83068536399435,0
2020-11-18,41.806,42.146,41.275,41.916,40.25203421632663,39.899056335666664,0
2020-11-19,41.845,42.548,41.622,42.416,40.45812619572409,39.98157907875956,0
2020-11-23,42.889,45.224,42.889,44.847,40.8761141770837,40.14110107617728,0
2020-11-24,44.841,46.298,44.773,45.937,41.35810330307573,40.3311305490895,0
2020-11-25,45.961,46.128,44.785,44.884,41.693902988497086,40.480404957316075,0
2020-11-26,44.91,45.731,44.619,45.712,42.076578894354505,40.65193266363358,0
2020-11-30,45.181,45.756,44.205,44.462,42.30376185679693,40.776852904170184,0
2020-12-01,44.401,45.965,43.997,44.967,42.55740358472104,40.914234776164605,0
2020-12-02,45.116,45.907,44.73,45.677,42.85450800522379,41.070391013011665,0
2020-12-03,45.699,46.745,45.696,46.192,43.17236438567867,41.238312619142434,0
2020-12-07,45.791,46.037,45.25,45.694,43.412520158471175,41.384400729990226,0
2020-12-08,45.691,46.367,45.089,45.841,43.643803952902495,41.53051873884301,0
2020-12-09,45.783,47.841,45.673,47.084,43.97144167167369,41.712600091667824,0
2020-12-10,47.126,47.418,46.481,46.635,44.22511389341905,41.87399025259675,0
2020-12-14,47.131,47.874,46.699,47.747,44.56053161785533,42.06654794923292,0
2020-12-15,47.727,48.097,47.331,48.078,44.89552860663102,42.26364473778266,0
2020-12-16,48.053,48.789,47.999,48.549,45.24347826314235,42.469721959494706,0
2020-12-17,48.52,49.424,48.272,49.263,45.626289857128796,42.692452387052256,0
2020-12-21,47.901,47.972,46.608,46.808,45.73883368025939,42.827388374362016,0
2020-12-22,46.582,48.513,46.183,48.088,45.962563805948975,42.99986744405506,0
2020-12-23,48.083,48.633,47.594,48.272,46.18251011014431,43.17272424916801,0
2020-12-28,47.758,48.392,47.752,48.106,46.3656996234639,43.33447099509693,0
2020-12-29,48.164,48.705,47.669,48.401,46.55953775456258,43.50058670017572,0
2020-12-30,48.359,48.619,47.819,48.473,46.741772254128044,43.66361664443225,0
2021-01-04,47.415,50.229,47.33,49.94,47.04636537278252,43.86939970527054,0
2021-01-05,49.81,50.948,49.509,50.489,47.37423533727942,44.08643578050757,0
2021-01-06,50.503,51.283,50.411,50.921,47.712022448014714,44.31051985327782,0
2021-01-07,50.967,52.725,50.836,52.648,48.18211554820379,44.58387985808838,0
2021-01-11,52.139,53.433,52.064,53.305,48.670009305517716,44.869818223396955,0
2021-01-12,53.331,53.924,52.596,52.892,49.07210365737317,45.1328405767282,0
2021-01-13,52.872,53.766,52.291,53.72,49.514760451909055,45.414386787327274,0
2021-01-14,53.745,53.848,51.878,52.1,49.76097374220343,45.633587220529655,0
2021-01-18,52.19,53.159,52.183,53.005,50.06992862389834,45.87527288543032,0
2021-01-19,53.053,53.785,52.81,52.919,50.34126875495564,46.106214758039165,0
2021-01-20,52.956,53.378,52.715,53.003,50.59476696876939,46.33233886433296,0
2021-01-21,53.116,53.125,51.417,52.003,50.72888440031517,46.51826218025647,0
2021-01-25,52.835,53.194,52.257,52.69,50.915657314570865,46.720614239920195,0
2021-01-26,52.707,53.237,51.812,52.581,51.07426137984983,46.91275803533265,0
2021-01-27,52.552,53.499,52.044,52.083,51.17033172462604,47.08227416532174,0
2021-01-28,52.119,53.182,51.887,52.092,51.258109655614035,47.246527471376766,0
2021-02-01,53.413,55.153,53.378,54.975,51.61209921222222,47.49992001329884,0
2021-02-02,54.966,56.21,54.715,55.807,52.01161357296296,47.77228329155134,0
2021-02-03,55.823,56.467,55.203,56.351,52.42488847077601,48.053552691828344,0
2021-02-04,56.401,57.157,56.355,56.906,52.851660997368775,48.34379686586676,0
2021-02-08,57.918,58.505,57.181,58.3,53.370550426190796,48.67022975551047,0
2021-02-09,58.318,58.782,57.984,58.226,53.832974195125004,48.98353369795275,0
2021-02-10,58.294,58.571,57.751,57.798,54.21059570035119,49.27253259310184,0
2021-02-11,57.815,59.717,57.307,59.613,54.72511039555584,49.6115643113608,0
2021-02-15,60.181,60.289,59.336,60.167,55.24338559597909,49.95764417000471,0
2021-02-16,60.189,61.714,59.552,61.623,55.850967920171556,50.34011485295538,0
2021-02-17,61.535,62.24,59.786,60.185,56.26373288015522,50.662897972530615,0
2021-02-18,60.047,60.28,58.564,58.924,56.51709165347377,50.93375377670994,0
2021-02-22,61.867,62.92,60.617,61.105,56.95403530552389,51.26723725944076,0
2021-02-23,61.324,63.423,60.894,63.385,57.56650813356923,51.66454095585254,0
2021-02-24,63.311,63.708,62.584,63.389,58.1210311684674,52.048949449103276,0
2021-02-25,63.264,63.436,61.237,61.499,58.44274248575621,52.358787172083495,0
2021-03-01,60.114,61.099,59.296,59.373,58.531338439493716,52.588761363162725,0
2021-03-02,59.468,61.863,59.159,60.901,58.75702049287527,52.86129377748526,0
2021-03-03,60.984,64.715,60.422,63.903,59.247113779268105,53.22331693232181,0
2021-03-04,63.901,66.281,63.669,66.245,59.91357913362352,53.650257360770276,0
2021-03-08,64.702,65.892,63.62,63.756,60.27952397804033,53.98159318500731,0
2021-03-09,63.85,64.901,63.088,64.622,60.69309312298887,54.330458982220186,0
2021-03-10,64.618,66.167,64.489,65.908,61.189750920799455,54.710050490999855,0
2021-03-11,65.906,66.198,65.387,65.523,61.60244130929475,55.06457342572117,0
2021-03-15,65.324,65.458,63.859,64.968,61.92297070840954,55.389275936353265,0
2021-03-16,64.964,65.387,63.63,64.451,62.163735402846726,55.686381643358075,0
2021-03-17,64.46,64.857,58.308,59.596,61.91918917400418,55.814565851772564,0
2021-03-18,59.803,61.766,59.001,61.359,61.865837824099025,55.99635057794396,0
2021-03-22,61.224,61.322,57.234,57.345,61.435281840851495,56.04056859178186,0
2021-03-23,57.436,61.316,57.298,60.87,61.38144547505611,56.19891060516606,0
2021-03-24,60.73,60.844,57.44,58.382,61.09578400124124,56.27048730663603,0
2021-03-25,58.383,61.339,58.319,60.77,61.06475695350398,56.41801231297583,0
2021-03-29,61.758,62.231,59.944,60.378,60.999351529360744,56.547847974845475,0
2021-03-30,60.455,61.161,58.864,59.391,60.84617519323115,56.64106607403087,0
2021-03-31,59.489,61.734,58.887,61.267,60.886253746256756,56.79273603881674,0
2021-04-05,58.956,60.881,58.627,59.266,60.731943865660874,56.87382666049488,0
2021-04-06,59.263,60.045,58.143,59.637,60.627663497502695,56.964422507691765,0
2021-04-07,59.535,59.917,58.836,59.78,60.54693364059768,57.05673652383302,0
2021-04-08,59.762,59.933,59.119,59.363,60.43417805577885,57.13235171977292,0
2021-04-12,59.698,60.615,59.666,60.494,60.439875383799915,57.24256969617381,0
2021-04-13,60.545,63.491,60.424,62.826,60.66712534724754,57.42563298482385,0
2021-04-14,62.847,63.606,62.602,63.39,60.92644674274778,57.62118600171487,0
2021-04-15,63.366,63.92,62.875,63.12,61.1353565767718,57.8014749852652,0
2021-04-19,63.481,64.348,61.474,62.328,61.24894166469829,57.94988564148601,0
2021-04-20,62.379,62.532,60.845,61.009,61.22609007758417,58.050184472912704,0
2021-04-21,61.156,61.834,60.595,61.626,61.26417673686186,58.16742432625983,0
2021-04-22,61.656,62.381,61.216,62.018,61.3359694285893,58.293672709005406,0
2021-04-26,61.883,63.232,61.864,62.999,61.49435329253318,58.44794573493966,0
2021-04-27,62.982,64.447,62.61,63.578,61.692795836101446,58.61614423543344,0
2021-04-28,63.645,65.385,63.585,64.726,61.9816724231394,58.81646737525529,0
2021-04-29,64.816,64.873,63.037,63.386,62.11541790664993,58.966288117050205,0
2021-05-03,64.458,66.123,64.24,66.032,62.488425725064225,59.197950801737086,0
2021-05-04,66.203,66.692,64.89,65.201,62.74676613220097,59.39477208692603,0
2021-05-05,65.268,65.931,64.477,64.851,62.94716935770564,59.57366480538747,0
2021-05-06,64.848,65.198,63.885,64.82,63.125534180781294,59.745675795374765,0
2021-05-10,64.955,65.466,63.7,65.402,63.34234044927831,59.93112904798543,0
2021-05-11,65.444,66.618,64.963,65.825,63.57878421601371,60.12437071854328,0
2021-05-12,65.773,65.816,63.112,63.789,63.59880476686955,60.24452249826317,0
2021-05-13,63.802,65.552,63.347,65.495,63.77939478907245,60.41666930159881,0
2021-05-17,66.288,66.99,64.117,65.307,63.924880999636976,60.577008013021796,0
2021-05-18,65.301,65.32,61.946,63.307,63.86603519014774,60.66651594702108,0
2021-05-19,63.359,63.907,61.647,61.746,63.66412707680034,60.70190886679088,0
2021-05-20,61.893,64.01,61.516,63.878,63.68449592662888,60.806043002305934,0
2021-05-24,65.91,66.408,65.321,65.933,63.89863917171184,60.97413995305,0
2021-05-25,65.91,66.33,65.169,66.078,64.10619734583453,61.14147962672049,0
2021-05-26,66.048,66.815,65.375,66.773,64.36017855099314,61.32611963895916,0
2021-05-27,66.768,67.407,66.073,66.543,64.56806630804141,61.49716489669821,0
2021-05-31,66.91,68.756,66.784,67.862,64.88177427870413,61.70584801483925,0
2021-06-01,67.864,68.868,67.675,68.684,65.24389101406564,61.93463988320517,0
2021-06-02,68.635,69.268,68.062,68.795,65.58209186986892,62.159569723100084,0
2021-06-03,68.8,69.6,68.197,69.262,65.93255931083378,62.39243628955582,0
2021-06-07,69.132,70.121,68.338,69.864,66.30698223361152,62.63740559153759,0
2021-06-08,69.838,70.47,69.322,69.614,66.6219363066009,62.86614639181505,0
2021-06-09,69.625,70.489,68.538,69.914,66.93546618216271,63.09722355929652,0
2021-06-10,69.965,70.916,69.496,70.574,67.28199321243294,63.34236377046713,0
2021-06-14,70.891,72.21,70.558,72.163,67.74685100172503,63.631564958320666,0
2021-06-15,72.133,72.735,71.432,71.432,68.09781757298931,63.88731692690032,0
2021-06-16,71.472,72.082,69.544,70.728,68.34831113746652,64.11160161782162,0
2021-06-17,70.733,71.766,69.827,71.064,68.60694817199352,64.33954910576189,0
2021-06-21,72.774,73.285,72.307,72.945,69.020095965137,64.62169503672051,0
2021-06-22,72.731,74.042,72.634,73.106,69.409229682743,64.89986896994279,0
2021-06-23,73.074,73.393,72.135,73.15,69.76549352248176,65.17036506928892,0
2021-06-24,73.041,73.92,72.634,73.743,70.14430366319779,65.45143506701716,0
2021-06-28,72.457,73.475,71.676,73.138,70.42941760003609,65.70345358941003,0
2021-06-29,73.123,73.793,72.469,73.146,70.68813973336599,65.94747150451134,0
2021-06-30,73.155,75.688,72.99,74.44,71.0454597587597,66.22591506174048,0
2021-07-01,74.481,75.05,73.915,74.566,71.3807493055445,66.49936046955227,0
2021-07-05,75.722,76.394,72.434,73.199,71.55391603834978,66.71902078202596,0
2021-07-06,73.232,74.301,70.614,71.69,71.5668764156498,66.88200370720544,0
2021-07-07,71.732,72.683,70.274,72.655,71.67050723320696,67.07128227418231,0
2021-07-08,72.639,74.127,72.112,73.991,71.89150654433011,67.29815826519273,0
2021-07-12,73.557,74.924,73.124,74.685,72.1575535401082,67.54034979748148,0
2021-07-13,74.548,74.906,71.738,72.426,72.1831198696217,67.70053505002308,0
2021-07-14,72.41,72.475,71.005,71.161,72.08577512013393,67.81399291723544,0
2021-07-15,71.141,71.988,70.125,71.117,71.99351082297832,67.92228823142445,0
2021-07-19,66.539,67.5,64.982,66.413,71.46203360174229,67.87280337137774,0
2021-07-20,66.399,70.36,66.387,70.052,71.32774468729065,67.94425244116863,0
2021-07-21,70.109,71.846,69.685,71.514,71.34548328850106,68.06129334473687,0
2021-07-22,71.537,71.974,71.215,71.959,71.40391345150096,68.18908700556517,0
2021-07-26,71.982,72.121,70.914,71.736,71.4355407418342,68.3053792348909,0
2021-07-27,71.672,72.35,71.483,72.115,71.5002511473738,68.43028483374694,0
2021-07-28,72.104,73.381,71.99,73.09,71.65165580000487,68.58306238018146,0
2021-07-29,73.095,73.878,72.618,73.334,71.81187905714727,68.7388308267329,0
2021-08-02,71.168,71.568,68.885,70,71.63931914694277,68.78018063569247,0
2021-08-03,70.04,70.492,67.654,67.773,71.27109827580536,68.74715831976813,0
2021-08-04,67.804,69.093,67.351,68.878,71.04318415430008,68.75144821092327,0
2021-08-05,68.85,69.955,67.667,67.759,70.7304047110334,68.71890892531923,0
2021-08-09,66.647,68.695,66.345,68.284,70.49741378617308,68.70464961629237,0
2021-08-10,68.321,69.212,66.489,69.123,70.36651723510899,68.71836602231558,0
2021-08-11,69.126,69.41,68.253,68.753,70.21284892700336,68.71950156256753,0
2021-08-12,68.734,68.994,67.563,67.777,69.98086331490781,68.68859987199154,0
2021-08-16,67.212,67.452,66.096,66.266,69.62706680872611,68.60917036799182,0
2021-08-17,66.37,67.204,64.146,64.184,69.10867949360934,68.46408281494291,0
2021-08-18,64.425,64.528,62.379,63.622,68.58613858945607,68.30532600133823,0
2021-08-19,63.663,63.964,61.786,61.889,67.94831586665073,68.09495465703206,0
2021-08-23,65.426,67.712,65.333,67.554,67.91076197458875,68.07721843876871,0
2021-08-24,67.522,68.438,66.838,67.936,67.91316559605649,68.0725883260222,0
2021-08-25,67.956,68.181,66.905,67.684,67.89134030119396,68.059847725169,0
2021-08-26,67.678,68.895,67.375,68.573,67.95626027250883,68.07667238991756,0
2021-08-30,68.898,69.198,68.075,68.377,67.99633072274608,68.08651919680551,0
2021-08-31,68.424,69.096,67.006,68.075,68.0038230348655,68.08614151822172,0
2021-09-01,68.075,70.426,67.683,69.581,68.15403036487831,68.13515327172264,0
2021-09-02,69.607,70.356,68.959,69.026,68.23707509203275,68.16436136117436,0
2021-09-06,68.678,69.247,67.494,68.216,68.23506794041059,68.16605443129978,0
2021-09-07,68.172,69.548,68.129,69.202,68.32715670799053,68.20001985978176,0
2021-09-08,69.158,69.671,67.388,67.754,68.27257035484857,68.18539625782171,0
2021-09-09,67.756,69.738,67.501,69.443,68.384039844863,68.22662916740133,0
2021-09-13,70.375,70.973,69.761,70.516,68.58708366916176,68.30169050617505,0
2021-09-14,70.512,72.873,70.425,72.359,68.94631379590825,68.4347170469562,0
2021-09-15,72.344,72.707,71.295,72.324,69.26799819629794,68.56223452082648,0
2021-09-16,72.305,72.456,71.006,71.75,69.50437932046005,68.66675142178299,0
2021-09-20,70.402,71.406,69.341,70.788,69.62662890898766,68.73630055549502,0
2021-09-21,70.762,72.22,70.563,71.897,69.8428547271793,68.8399300454788,0
2021-09-22,71.856,73.391,71.531,73.131,70.15601141982889,68.98062086365982,0
2021-09-23,73.14,74.135,72.696,73.874,70.51010557032137,69.1410595238677,0
2021-09-27,75.247,76.502,74.103,74.198,70.86133361124314,69.306860850954,0
2021-09-28,74.214,75.605,73.55,74.473,71.2053018387438,69.47624246239813,0
2021-09-29,74.597,75.889,72.983,74.949,71.56184452076819,69.65567713576213,0
2021-09-30,74.869,75.81,74.053,75.527,71.93947837593312,69.84817952475353,0
2021-10-04,77.381,79.22,77.274,78.907,72.60305186393948,70.14519003213866,0
2021-10-05,78.802,79.513,76.592,76.699,72.99314216261192,70.36006904747838,0
2021-10-06,76.729,78.62,74.737,78.549,73.5222714804584,70.62855858690531,0
2021-10-07,78.586,79.728,78.302,79.04,74.04776943470046,70.90434355126908,0
2021-10-11,79.958,80.893,78.954,79.884,74.60360091710993,71.19875851680123,0
2021-10-12,79.84,80.415,78.838,79.993,75.11687702024231,71.48709430313562,0
2021-10-13,79.99,81.15,79.814,80.94,75.67146016117162,71.79702563745904,0
2021-10-14,80.868,81.96,80.859,81.813,76.25636871725051,72.12541823950957,0
2021-10-18,81.501,82.881,80.994,82.308,76.83271455370284,72.45927337919778,0
2021-10-19,82.28,83.481,80.659,83.439,77.46188459620733,72.8192644159454,0
2021-10-20,83.388,83.701,80.597,82.368,77.92913368228282,73.13233771378326,0
2021-10-21,82.271,83.912,81.494,83.793,78.48759714111303,73.48186762480675,0
2021-10-25,83.346,84.414,82.647,84.047,79.01706408005464,73.82826540759997,0
2021-10-26,83.951,84.024,81.592,81.616,79.2645817867161,74.08360096800654,0
2021-10-27,81.828,82.643,80.11,82.5,79.57271685464791,74.35954847725222,0
2021-10-28,82.429,82.901,80.831,82.5,79.85150572563383,74.62644852717837,0
2021-11-01,82.971,83.554,82.138,82.228,80.0778385136687,74.87567972300859,0
2021-11-02,82.184,82.184,78.999,79.395,80.01280627427168,75.02385415831978,0
2021-11-03,79.409,82.521,77.598,78.674,79.88530091481724,75.14353107116176,0
2021-11-04,78.622,80.9,78.141,80.305,79.92527225626321,75.31275956063186,0
2021-11-08,81.173,83.344,80.822,83.282,80.24496061280958,75.57404613241442,0
2021-11-09,83.236,83.58,79.754,80.178,80.23858341158962,75.72499543954838,0
2021-11-10,80.275,81.112,79.139,80.165,80.2315754676287,75.87056935956319,0
2021-11-11,80.191,80.462,78.763,79.693,80.18028256594978,75.99589495433162,0
2021-11-15,79.773,80.66,78.965,79.653,80.13006517871646,76.11580003779615,0
2021-11-16,79.609,79.637,76.881,77.306,79.86110659026728,76.1548229873766,0
2021-11-17,77.381,78.682,76.346,78.196,79.70252501024183,76.22174682385607,0
2021-11-18,78.138,79.184,74.992,75.631,79.31476072355213,76.20237807553292,0
2021-11-22,76.263,78.685,75.145,78.371,79.22487874988049,76.27348043371217,0
2021-11-23,78.228,79.015,77.807,78.139,79.12146172608234,76.33464500965603,0
2021-11-24,78.137,78.458,77.589,78.093,79.02351299026498,76.39229599294599,0
2021-11-25,77.868,77.945,67.285,68.081,77.98136889595402,76.11979448498055,0
2021-11-29,70.179,71.039,64.302,66.818,76.91819090586316,75.81481761662053,0
2021-11-30,66.885,69.319,64.719,65.575,75.83788701006667,75.47908589148543,0
2021-12-01,65.645,67.324,62.32,67.294,75.02418348529841,75.21072241963344,0
2021-12-02,67.778,69.051,65.504,66.239,74.18749934384142,74.91656758620283,0
2021-12-06,69.624,72.806,69.507,71.636,73.94449940633271,74.80900799321257,0
2021-12-07,71.777,72.798,70.766,72.528,73.8095947009677,74.73422084589413,0
2021-12-08,72.438,73.159,70.258,70.498,73.49420472944696,74.59532835914351,0
2021-12-09,70.533,72.174,70.195,71.787,73.33161380283296,74.50325201949946,0
2021-12-13,70.998,71.788,69.319,70.023,73.01650772637268,74.35635851066341,0
2021-12-14,70.098,71.441,69.2,71.283,72.85141175243243,74.25559265785478,0
2021-12-15,71.274,72.706,70.847,71.701,72.74184872839125,74.17183552153168,0
2021-12-16,71.643,72.001,69.681,70.008,72.48148218283018,74.03531632410441,0
2021-12-20,69.177,71.468,68.501,71.245,72.36372197494158,73.94383054298623,0
2021-12-21,71.215,72.996,70.743,72.89,72.41384369161382,73.90927872190471,0
2021-12-22,72.909,73.835,72.131,73.687,72.53509667336489,73.90199089495702,0
2021-12-27,75.656,76.749,75.366,75.876,72.85327794256824,73.96671250495844,0
2021-12-28,75.88,77.194,75.205,76.432,73.1941086147046,74.04754160315652,0
2021-12-29,76.285,77.247,75.602,76.31,73.49086017520892,74.12172056698745,0
2021-12-30,76.331,76.859,74.771,75.131,73.64706396804617,74.15481169593868,0
2022-01-03,75.826,77.477,75.543,76.975,73.96401025680368,74.24727688623577,0
2022-01-04,76.974,78.28,76.315,76.885,74.24219975615571,74.33375961127722,0
2022-01-05,76.749,79.746,76.405,79.148,74.70941882699803,74.49160355844846,0
2022-01-06,79.171,79.964,78.152,78.431,75.0638551291887,74.62076409751572,0
2022-01-10,78.008,81.03,77.9,80.724,75.60291654545644,74.82087019267914,0
2022-01-11,80.723,82.465,80.603,82.177,76.22901973160344,75.06205477652573,0
2022-01-12,82.158,82.305,80.919,81.128,76.69558928097454,75.2609382264757,0
2022-01-13,81.271,83.764,81.083,83.706,77.36324744469125,75.5378254977388,0
2022-01-17,83.686,85.905,83.524,85.799,78.16665244995876,75.8742574486326,0
2022-01-18,85.808,86.669,84.953,84.988,78.81630459758173,76.17306867982498,0
2022-01-19,84.968,86.917,84.073,84.314,79.33989463590729,76.43998446081433,0
2022-01-20,84.586,85.359,82.609,84.611,79.84190467058278,76.70788660964008,0
2022-01-24,83.835,85.376,82.749,84.726,80.30705660671775,76.97077557325844,0
2022-01-25,84.915,87.471,84.624,86.833,80.92857502512558,77.29412719380734,0
2022-01-26,86.573,87.991,85.723,86.779,81.485758356066,77.60510663007595,0
2022-01-27,86.762,88.203,85.867,86.766,81.98863851263114,77.9054637897456,0
2022-01-31,87.308,87.985,85.725,87.424,82.50629198761865,78.21754694418017,0
2022-02-01,87.38,88.742,86.244,87.056,82.93959751260735,78.50733229027263,0
2022-02-02,86.974,89.336,85.851,88.971,83.51401679712093,78.8504033627227,0
2022-02-03,88.908,91.766,88.871,90.655,84.19411043549037,79.23743931804327,0
2022-02-07,90.393,90.486,87.549,88.72,84.62514753687225,79.54834294695989,0
2022-02-08,88.641,89.452,87.413,89.011,85.04284777145584,79.85859399787924,0
2022-02-09,88.927,90.515,88.065,88.882,85.40848131703147,80.15444337499795,0
2022-02-10,88.756,92.99,87.976,92.261,86.06110214398086,80.5513796577849,0
2022-02-14,92.758,93.239,89.005,90.233,86.45842574931602,80.8688098329395,0
2022-02-15,90.435,93.055,88.203,88.822,86.68352805890497,81.12957016628575,0
2022-02-16,88.866,91.378,88.728,89.799,86.98023967234259,81.41381376739113,0
2022-02-17,89.872,90.869,87.268,90.651,87.32983589402424,81.71667233239471,0
2022-02-21,93.369,94.648,90.815,91.365,87.7141372374505,82.03301094444734,0
2022-02-22,91.468,93.57,90.378,91.998,88.12212416721712,82.35973189708841,0
2022-02-23,92.241,99.977,90.98,92.567,88.5454456751012,82.69439642505273,0
2022-02-24,92.761,95.037,89.568,91.384,88.81578418223442,82.97930146029691,0
2022-02-28,95.039,105.161,94.461,104.844,90.34228092678353,83.69617682225439,0
2022-03-01,105.371,110.8,103.665,109.718,92.18758750518509,84.54935135267228,0
2022-03-02,109.355,114.537,104.734,106.34,93.53543631421509,85.26379884930597,0
2022-03-03,106.307,114.044,105.63,113.313,95.41901380809936,86.18344478867299,0
2022-03-07,118.53,126.412,114.829,121.814,97.9328220168518,87.35165971363453,0
2022-03-08,122.15,123.878,101.096,107.475,98.84160087238972,88.01144136236783,0
2022-03-09,107.49,111.874,103.12,103.455,99.28097221787641,88.51778754720823,0
2022-03-10,103.81,107.763,101.954,106.703,99.98783200665008,89.11402402107025,0
2022-03-14,100.455,101.063,92.336,93.727,99.39156229173102,89.26526913513352,0
2022-03-15,94.139,97.979,92.653,93.965,98.87474683537569,89.41935867168652,0
2022-03-16,93.954,102.64,93.399,101.918,99.16458047010181,89.82915019064762,0
2022-03-17,102.069,104.492,100.818,103.618,99.58871566342545,90.28124362701983,0
2022-03-21,110.407,112.856,106.677,108.129,100.40207607643255,90.86641596711755,0
2022-03-22,108.079,114.74,107.823,113.574,101.65654502153421,91.61092691901533,0
2022-03-23,113.675,115.832,109.88,110.454,102.4943978766262,92.22873259380171,0
2022-03-24,110.42,113.22,107.789,111.937,103.3936933169475,92.87490529564428,0
2022-03-28,102.648,106.821,97.755,104.435,103.49286538200012,93.25392479414775,0
2022-03-29,104.088,107.681,103.546,106.436,103.77316391704773,93.68612398122487,0
2022-03-30,106.477,106.683,98.734,100.063,103.419814972567,93.89520188347979,0
2022-03-31,100.575,100.585,96.908,98.612,102.96192783232252,94.04985100205423,0
2022-04-04,102.635,104.569,99.041,100.264,102.70498232448227,94.2535935921508,0
2022-04-05,100.404,102.986,95.16,96.359,102.10060305548396,94.32262331044095,0
2022-04-06,97.067,98.119,93.361,96.64,101.58054562162835,94.39860287403305,0
2022-04-07,96.47,98.22,94.774,97.432,101.18544603861612,94.49805851750737,0
2022-04-11,94.939,100.833,94.537,100.509,101.12102260636696,94.69513856611368,0
2022-04-12,100.472,103.987,99.468,103.683,101.36502045337963,94.98982254755258,0
2022-04-13,103.605,106.974,101.697,105.866,101.79368517210538,95.34641852960003,0
2022-04-18,106.843,108.203,101.423,102.163,101.82885801285725,95.56991300403938,0
2022-04-19,102.33,103.819,99.771,102.292,101.87296677353751,95.7903092989889,0
2022-04-20,102.362,105.225,101.885,103.883,102.06439850939108,96.05564342033352,0
2022-04-21,103.696,104.006,100.841,101.367,101.99797960373479,96.22978625901112,0
2022-04-25,98.098,102.341,96.82,101.642,101.96407678433148,96.40723588986322,0
2022-04-26,101.386,102.492,99.375,101.544,101.924069471538,96.57565438527753,0
2022-04-27,101.46,104.884,99.557,104.251,102.1456819028201,96.82730506117007,0
2022-04-28,104.155,107.051,103.026,103.287,102.25437886445629,97.03909833785302,0
2022-05-02,104.108,104.828,101.265,102.614,102.28862849641283,97.22188199890702,0
2022-05-03,102.562,107.619,102.022,106.52,102.69161625865922,97.52673832681171,0
2022-05-04,106.622,110.32,105.477,107.548,103.15412899592977,97.85530428330969,0
2022-05-05,107.479,110.015,106.202,109.46,103.75468813917455,98.23578611008642,0
2022-05-09,101.884,103.055,97.917,98.532,103.25728926877697,98.24549804090326,0
2022-05-10,98.094,105.008,97.2,104.21,103.34802362413154,98.44105548218512,0
2022-05-11,104.242,105.773,101.304,105.207,103.52506899326187,98.66288972867085,0
2022-05-12,105.054,108.913,104.773,108.353,103.98487194628454,98.98059826215705,0
2022-05-16,111.52,113.157,108.945,110.566,104.6116460466384,99.36044749946338,0
2022-05-17,110.648,112.21,105.918,106.639,104.80472737552998,99.59908856505474,0
2022-05-18,106.414,109.823,102.976,108.918,105.1964676254795,99.904626644889,0
2022-05-19,108.629,110.539,107.669,109.815,105.63632785162432,100.22955691882707,0
2022-05-23,109.516,110.734,107.922,109.543,106.00839186575533,100.53491570837373,0
2022-05-24,109.439,110.822,108.467,109.972,106.385878354731,100.84432830809918,0
2022-05-25,109.788,113.763,109.32,113.305,107.0448423209471,101.25287492094839,0
2022-05-26,112.945,114.118,111.757,113.855,107.69342876657119,101.66605934976975,0
2022-05-30,116.098,118.648,112.97,114.019,108.29586412213584,102.07107379731829,0
2022-05-31,114.103,116.402,113.205,113.508,108.79225801526576,102.44605498429146,0
2022-06-01,113.467,116.278,109.947,115.975,109.47632868047855,102.88962695201961,0
2022-06-02,115.96,118.814,113.707,118.714,110.35610690138535,103.40845885523208,0
2022-06-06,117.421,118.682,115.676,118.193,111.10247767268199,103.8931979091589,0
2022-06-07,118.108,121.333,117.576,120.663,112.01300360861704,104.44302748590779,0
2022-06-08,120.428,120.843,118.958,119.438,112.72014612208208,104.93466592899279,0
2022-06-09,119.409,120.527,116.178,118.188,113.24089411045522,105.3692014723045,0
2022-06-13,118.401,121.013,114.291,116.466,113.54804705231662,105.73303093222894,0
2022-06-14,116.667,116.899,112.36,113.504,113.54385209495314,105.9878168033034,0
2022-06-15,113.558,115.552,110.32,114.378,113.62329475257665,106.26290477696558,0
2022-06-16,114.622,116.277,106.184,108.32,113.11821906185507,106.3303505219831,0
2022-06-20,108.424,110.797,108.372,109.39,112.76315057977364,106.43066689831153,0
2022-06-21,109.247,109.263,101.138,103.857,111.91494576265234,106.34628437705541,0
2022-06-22,104.004,106.422,101.79,103.335,111.09780807097115,106.24755374174212,0
2022-06-23,103.072,107.585,102.768,106.175,110.62896920706913,106.24517493053746,0
2022-06-27,108.754,111.035,108.49,110.76,110.6414483302054,106.39320198199525,0
2022-06-28,110.6,112.677,107.949,108.243,110.41302467970965,106.45385109733967,0
2022-06-29,108.144,109.081,103.882,104.549,109.85454613878493,106.39139696300066,0
2022-06-30,104.602,107.624,103.097,106.747,109.55858936366255,106.40305607896785,0
2022-07-04,108.609,109.516,95.723,97.863,108.4447237099804,106.12305424031317,0
2022-07-05,98.922,100.171,93.196,95.713,107.23217859474417,105.78174098653241,0
2022-07-06,95.756,101.867,94.052,99.687,106.51359015714948,105.58191341320348,0
2022-07-07,99.798,102.753,99.161,102.387,106.1205815707543,105.47716215375418,0
2022-07-11,100.765,100.928,93.185,93.415,104.91052618306341,105.08168142740158,0
2022-07-12,93.361,95.579,91.585,94.253,103.89552368943832,104.72664269207694,0
2022-07-13,93.975,94.588,88.317,93.709,102.92537857615848,104.36540850545147,0
2022-07-14,93.39,96.031,91.612,94.26,102.10010442604815,104.03408363642028,0
2022-07-18,98.404,100.673,96.266,100.187,101.91790400451976,103.90794974670158,0
2022-07-19,99.785,100.278,97.746,99.369,101.67515124218454,103.75913172221955,0
2022-07-20,99.308,99.308,94.1,96.091,101.14332731435744,103.50771756739267,0
2022-07-21,95.964,97.344,93.693,94.687,100.52843899870435,103.21851371272406,0
2022-07-25,95.617,98.232,94.133,94.835,99.98620671311346,102.94364441066753,0
2022-07-26,94.891,97.847,93.604,97.504,99.74980607376932,102.76529541359646,0
2022-07-27,97.34,99.024,95.347,96.547,99.44477692388652,102.56141687544576,0
2022-07-28,96.498,100.927,95.597,97.362,99.24641721684971,102.39094419100492,0
2022-08-01,93.105,95.706,91.809,93.058,98.65704414857831,102.08494602080803,0
2022-08-02,93.104,95.85,89.86,90.457,97.87608756299942,101.70370188897826,0
2022-08-03,90.448,91.261,86.996,87.161,96.85560303318995,101.22689199097897,0
2022-08-04,87.471,90.052,86.379,87.904,96.00306941098138,100.7900758601272,0
2022-08-08,89.929,91.968,88.44,89.834,95.41553899088792,100.43086025815582,0
2022-08-09,89.904,91.773,87.164,91.036,94.99844003937478,100.12283205297038,0
2022-08-10,90.982,94.3,90.664,93.347,94.84116003562481,99.90067362500415,0
2022-08-11,93.321,94.122,90.596,91.284,94.50238288937483,99.61815973565975,0
2022-08-15,87.711,90.08,85.372,86.599,93.74967975705341,99.19130203940861,0
2022-08-16,86.746,88.626,85.456,87.041,93.11075787542929,98.79293148073948,0
2022-08-17,86.961,90.978,86.882,89.95,92.80973331586459,98.5029993010431,0
2022-08-18,89.953,91.621,87.886,89.582,92.5023301429251,98.21050752068103,0
2022-08-22,90.439,94.075,90.405,93.705,92.61687012931318,98.06278596262592,0
2022-08-23,93.583,95.219,92.674,95.189,92.8618348789024,97.96856347204802,0
2022-08-24,95.099,95.584,92.167,92.884,92.86394584281646,97.80185647296447,0
2022-08-25,92.939,93.86,90.936,92.717,92.84995100064347,97.6351398672935,0
2022-08-29,96.534,97.257,90.317,92.08,92.77662233391553,97.45300413393961,0
2022-08-30,92.111,92.47,88.078,88.546,92.37370592116167,97.16097121151536,0
2022-08-31,88.516,89.334,85.753,86.084,91.77468630962247,96.79779182753126,0
2022-09-01,86.208,89.325,86.078,86.809,91.30176380394414,96.4702904561368,0
2022-09-05,88.762,89.225,85.967,86.66,90.85969106071137,96.14864158872247,0
2022-09-06,86.642,87.429,81.292,81.503,89.96857762635791,95.66845661860042,0
2022-09-07,81.667,83.836,80.938,82.131,89.22214166194287,95.22460558192499,0
2022-09-08,82.488,86.762,82.381,85.797,88.8959376941388,94.91550375956679,0
2022-09-12,87.633,88.91,84.67,87.168,88.7313721994589,94.66148724285968,0
2022-09-13,87.249,89.626,85.746,88.604,88.71924151379615,94.46288110374952,0
2022-09-14,88.432,88.681,84.065,84.474,88.31493279819652,94.13537680526593,0
2022-09-15,84.453,86.117,83.807,84.918,87.99141538884447,93.83316772968344,0
2022-09-19,84.968,86.006,82.914,84.157,87.62623297085929,93.5159163287102,0
2022-09-20,84.063,86.518,82.392,82.886,87.17478221172983,93.16739448186725,0
2022-09-21,82.918,85.832,82.281,83.401,86.81537438204128,92.84718482672406,0
2022-09-22,83.476,83.771,77.991,79.216,86.09162444089449,92.40026073404458,0
2022-09-26,76.266,79.277,76.193,77.725,85.2948030655712,91.91910464440377,0
2022-09-27,77.808,81.924,76.24,81.49,84.93244086885014,91.5771667872102,0
2022-09-28,81.442,82.494,79.93,81.219,84.57877983372155,91.23755476140003,0
2022-09-29,81.249,82.119,78.729,79.266,84.07280080193856,90.84504476922298,0
2022-10-03,82.757,86.347,82.689,85.741,84.23167691603965,90.67769903908452,0
2022-10-04,85.735,87.774,84.838,87.455,84.53866006689302,90.57203677550797,0
2022-10-05,87.343,88.441,86.419,88.295,84.89640672718892,90.4973798320487,0
2022-10-06,88.559,92.339,87.366,92.333,85.60465370555188,90.55756409985038,0
2022-10-10,90.11,90.361,86.821,87.391,85.77478192407075,90.4537423260848,0
2022-10-11,87.394,88.832,85.211,86.001,85.79632650273068,90.30775077440988,0
2022-10-12,85.999,88.484,84.513,88.203,86.02553350247061,90.23874255229808,0
2022-10-13,88.061,88.557,84.269,84.627,85.89233983556865,90.05475099320634,0
2022-10-17,84.82,85.469,81.265,82.827,85.60040270837163,89.81777555080613,0
2022-10-18,82.661,84.905,81.647,84.681,85.51284054566958,89.6493566802879,0
2022-10-19,84.637,86.925,83.992,84.853,85.44999858893914,89.49209908421288,0
2022-10-20,84.763,85.647,82.938,84.881,85.3958082471354,89.34091550768132,0
2022-10-24,84.585,85.725,82.8,84.698,85.3293503188368,89.18868876972455,0
2022-10-25,84.675,87.998,83.838,87.901,85.57426933609044,89.14646946579916,0
2022-10-26,87.76,89.291,86.877,88.121,85.81681511360563,89.11284751610083,0
2022-10-27,88.088,88.243,86.572,87.791,86.00483272183367,89.06950825327785,0
2022-10-31,85.637,88.833,85.364,87.823,86.17799151023046,89.02863913021956,0
2022-11-01,88.111,89.673,87.118,88.718,86.41989708068469,89.01845424070416,0
2022-11-02,88.715,88.972,86.966,87.324,86.50600212061948,88.96289836395977,0
2022-11-03,87.249,92.079,87.178,91.786,87.00885906151287,89.05545907333814,0
2022-11-07,91.166,91.382,87.855,87.948,87.0983010556545,89.01914893978608,0
2022-11-08,87.765,88.494,84.864,84.98,86.89655809797313,88.88671782700621,0
2022-11-09,85.174,86.618,84.044,85.522,86.76564780292807,88.77639920972732,0
2022-11-10,85.521,89.321,85.515,88.185,86.9008242026492,88.75700907170346,0
2022-11-14,84.68,88.067,83.543,86.253,86.83912665953976,88.67491041361482,0
2022-11-15,86.528,86.882,83.665,84.638,86.6294955491074,88.54255269513565,0
2022-11-16,84.708,84.818,81.161,81.827,86.17211502062098,88.32237063955743,0
2022-11-17,81.799,82.386,77.584,80.245,85.60762787579993,88.05753881530966,0
2022-11-21,80.15,82.285,79.811,81.011,85.16985379239041,87.8265047557913,0
2022-11-22,81.052,81.876,76.847,77.431,84.43282009787704,87.48566853428996,0
2022-11-23,77.526,78.221,76.923,78.154,83.83483723141256,87.1797121889034,0
2022-11-24,77.847,79.884,76.253,76.328,83.11990035223042,86.82391834664426,0
2022-11-28,76.687,79.636,76.326,78.98,82.72562412820847,86.56674069593461,0
2022-11-29,78.913,81.381,78.423,80.475,82.51127897314099,86.36701149278922,0
2022-11-30,80.514,83.287,79.979,81.346,82.40030002331804,86.20238816515679,0
2022-12-01,81.397,82.134,79.669,80.307,82.20093811633537,86.00909674990575,0
2022-12-05,77.366,77.973,73.546,74.581,81.47522972430343,85.63440505318754,0
2022-12-06,74.731,75.475,71.974,72.571,80.62720784579834,85.20609669078794,0
2022-12-07,72.584,75.234,71.218,71.867,79.79290233667469,84.76874925830309,0
2022-12-08,72.082,72.958,70.255,71.663,79.01862592365805,84.33905256130954,0
2022-12-12,73.468,76.294,73.34,75.289,78.66342345473824,84.0423295265125,0
2022-12-13,75.307,77.749,74.946,77.424,78.54538312571555,83.82533511580718,0
2022-12-14,77.341,77.815,75.422,76.378,78.3389656851712,83.58116019397744,0
2022-12-15,76.364,76.565,73.406,74.625,77.98525466753586,83.28751559745359,0
2022-12-19,75.727,76.9,74.449,75.96,77.79237327062768,83.04726918442232,0
2022-12-20,76.084,78.583,75.788,78.399,77.85014724485362,82.8948669160806,0
2022-12-21,78.379,79.844,77.01,78.149,77.87860941201042,82.73926472211075,0
2022-12-22,78.221,80.271,77.943,79.38,78.02159899181895,82.6291248951563,0
2022-12-26,80.387,81.174,79.19,79.858,78.19649432593143,82.53826834121675,0
2022-12-27,79.815,79.902,77.353,78.795,78.2534948663189,82.41553823166866,0
2022-12-28,78.849,78.863,76.844,78.782,78.30382868857424,82.29640583063035,0
2022-12-29,78.717,80.641,77.766,80.513,78.51422595632907,82.2379335083146,0
2023-01-02,80.491,81.544,76.732,77.3,78.39858538905963,82.0760340490256,0
2023-01-03,77.229,77.529,72.896,73.329,77.91576773295871,81.7892460474182,0
2023-01-04,73.522,75.055,72.63,74.054,77.5479803298198,81.53563142291269,0
2023-01-05,74.138,75.645,73.425,73.899,77.20045839364649,81.2852500647844,0
2023-01-09,75.107,76.11,74.072,74.897,76.98108140377539,81.0757992429882,0
2023-01-10,74.839,77.985,74.504,77.911,77.0696450796063,80.97203533338202,0
2023-01-11,77.919,79.335,77.304,78.515,77.20729792916761,80.8914767978613,0
2023-01-12,78.521,80.348,78.206,80.33,77.50469812638974,80.87306772252158,0
2023-01-16,79.137,81.496,78.939,81.211,77.85767925720977,80.88414746932415,0
2023-01-17,81.199,82.656,79.225,79.409,78.00542408985646,80.83578197852664,0
2023-01-18,79.403,81.485,78.459,80.813,78.2728122717749,80.83503502841101,0
2023-01-19,80.896,81.917,79.934,81.741,78.6031158649392,80.86473879797131,0
2023-01-23,81.686,82.277,79.727,80.298,78.76453340161166,80.84615719803783,0
2023-01-24,80.293,81.294,79.527,80.496,78.92943498241054,80.83467663416774,0
2023-01-25,80.497,82.196,80.002,81.216,79.14720307932382,80.84717903960485,0
2023-01-26,81.19,82.548,79.14,79.508,79.18156469081678,80.80327153010961,0
2023-01-30,78.074,79.371,76.681,79.169,79.18036805359614,80.74968885699127,0
2023-01-31,79.235,79.863,76.206,76.812,78.95480919134889,80.62058430430304,0
2023-02-01,76.945,77.394,75.144,76.111,78.68397022074423,80.47272908121113,0
2023-02-02,76.074,78.165,73.316,73.397,78.18044924734002,80.24073796379437,0
2023-02-06,74.748,77.676,74.595,77.676,78.13240646187907,80.15664819448963,0
2023-02-07,77.63,78.721,77.246,78.599,78.17684394170011,80.10557776188341,0
2023-02-08,78.593,78.994,76.633,77.773,78.13838261391915,80.02909980247739,0
2023-02-09,77.794,80.47,77.629,79.955,78.31139379354589,80.02667030075682,0
2023-02-13,79.321,79.802,77.687,79.044,78.38116581320818,79.99445160237136,0
2023-02-14,79.061,79.353,77.465,78.676,78.4092452595693,79.95122368098212,0
2023-02-15,78.741,79.748,78.179,78.216,78.39084094913413,79.89433110127779,0
2023-02-16,78.332,78.499,75.329,76.595,78.21980847778802,79.78615631107196,0
2023-02-20,77.333,77.64,75.923,76.193,78.02677909895107,79.66834790743026,0
2023-02-21,76.167,76.568,73.842,73.936,77.63718108952716,79.48040207439976,0
2023-02-22,73.99,76.014,73.877,75.695,77.45221146195314,79.35629053097682,0
2023-02-23,75.664,76.646,74.14,76.545,77.36581037033855,79.26411707094479,0
2023-02-27,75.846,77.854,75.587,76.833,77.31506652554441,79.18440831452037,0
2023-02-28,76.842,77.887,76.188,77.804,77.3616316183497,79.1391490255197,0
2023-03-01,77.789,78.641,77.286,77.947,77.41738098803069,79.10006217222397,0
2023-03-02,77.938,79.923,75.908,79.909,77.65467803678968,79.12658472395434,0
2023-03-06,80.452,80.976,77.142,77.278,77.6188039380478,79.06597538874271,0
2023-03-07,77.338,77.821,76.205,76.574,77.51929880109087,78.9842712776364,0
2023-03-08,76.588,78.124,75.517,75.706,77.34660367717746,78.8767869734516,0
2023-03-09,75.719,77.172,74.876,76.668,77.28197475554151,78.8043677284204,0
2023-03-13,74.621,74.995,70.916,71.607,76.74150096929947,78.56838845863612,0
2023-03-14,71.679,72.678,65.797,68.398,75.94688182936618,78.23493309933657,0
2023-03-15,68.323,69.513,65.882,68.422,75.23022641704559,77.91319758788292,0
2023-03-16,68.497,69.817,65.427,66.584,74.40677628208887,77.54174848664086,0
2023-03-20,67.809,69.754,66.926,69.456,73.93527377903278,77.27664197888214,0
2023-03-21,69.429,71.315,68.904,69.951,73.55581913341061,77.03645699596797,0
2023-03-22,69.998,71.68,69.164,69.508,73.17031254927626,76.78962234036246,0
2023-03-23,69.558,70.413,66.871,69.268,72.79866373505948,76.54301177182599,0
2023-03-27,72.806,73.953,72.239,73.625,72.87736242695857,76.44733925471694,0
2023-03-28,73.671,74.391,72.815,72.826,72.87247076724823,76.32860682013606,0
2023-03-29,72.947,74.643,72.674,74.402,73.0181402179865,76.26543938341028,0
2023-03-30,74.437,75.764,73.817,75.724,73.27584114960683,76.2476872724788,0
2023-04-03,80.416,81.79,79.618,80.968,74.00842770678713,76.40245162420081,0
2023-04-04,80.913,81.232,79.732,80.334,74.6108631632836,76.53135484963684,0
2023-04-05,80.473,80.953,79.668,80.408,75.16297143344707,76.65845796932088,0
2023-04-10,79.858,81.538,79.385,81.417,75.7585932016902,76.81447574081855,0
2023-04-11,81.353,83.387,81.218,83.133,76.46091765867209,77.02164047062777,0
2023-04-12,82.994,83.264,81.99,82.241,77.01140169117951,77.19276701257441,0
2023-04-13,82.341,82.982,81.635,82.514,77.53545867297194,77.36723366789984,0
2023-04-17,80.962,81.494,79.896,80.899,77.85579594221271,77.48302928534575,0
2023-04-18,80.914,81.196,78.506,78.937,77.95876775724007,77.53070045631802,0
2023-04-19,78.974,78.976,76.922,77.07,77.8741232089315,77.51559552332398,0
2023-04-20,77.114,78.325,76.673,77.853,77.87211147474754,77.52665796518221,0
2023-04-24,78.657,79.003,76.457,77.044,77.79324371524777,77.51083311386476,0
2023-04-25,77.105,77.845,74.006,74.317,77.46217288522418,77.40611727406592,0
2023-04-26,74.356,75.205,73.967,74.739,77.2028230866314,77.31867080606376,0
2023-04-27,74.747,76.837,73.858,76.631,77.14836374504746,77.2961242222584,0
2023-05-01,75.604,76.017,71.353,71.485,76.60899576932866,77.10559555923354,0
2023-05-02,71.514,71.706,67.909,68.146,75.80299617224973,76.81183832778325,0
2023-05-03,68.023,69.757,64.009,68.598,75.1168060606069,76.54253215310183,0
2023-05-04,68.627,71.738,68.456,71.273,74.75072929293006,76.3697606070985,0
2023-05-08,72.877,73.698,71.285,73.455,74.6273265031272,76.27419468555429,0
2023-05-09,73.428,73.795,71.774,72.757,74.44920016949604,76.15887682701153,0
2023-05-10,72.709,73.455,70.63,71.448,74.16337158192499,76.00442184907672,0
2023-05-11,71.44,71.76,69.947,70.097,73.77609809793213,75.81073588681191,0
2023-05-15,71.361,71.786,70.476,70.58,73.47170780289098,75.63923634953939,0
2023-05-16,70.619,73.331,70.089,72.705,73.39868801213946,75.54303187906268,0
2023-05-17,72.779,72.994,71.574,72.094,73.27443201098332,75.42994886663439,0
2023-05-18,72.022,73.593,71.212,71.977,73.15086705755634,75.31673742838409,0
2023-05-22,72.107,73.793,71.737,73.768,73.20964162350336,75.26595915204362,0
2023-05-23,73.717,74.748,73.157,74.187,73.30272337364589,75.23058344214056,0
2023-05-24,74.241,74.386,71.015,71.875,73.16674971901294,75.12056431289005,0
2023-05-25,71.949,73.064,71.513,72.874,73.13886879339266,75.04690646656579,0
2023-05-29,72.954,73.379,69.038,69.528,72.79497652735526,74.86595871356363,0
2023-05-30,69.586,69.691,67.055,67.626,72.30269304855952,74.62858301803695,0
2023-05-31,67.68,71.076,67.524,70.205,72.10291275822051,74.48354750924885,0
2023-06-01,70.169,72.175,70.014,71.95,72.08834963838999,74.40048037779808,0
2023-06-05,71.965,72.33,70.129,71.465,72.02898300616236,74.30423511950961,0
2023-06-06,71.573,73.194,71.018,72.469,72.07088938652785,74.244063476247,0
2023-06-07,72.452,73.278,69.037,70.917,71.96099515923949,74.13497942784547,0
2023-06-08,70.981,71.771,70.106,70.371,71.80956704883573,74.01157026627676,0
2023-06-12,67.27,69.821,67.145,69.286,71.569227329899,73.8566335362349,0
2023-06-13,69.305,70.482,68.113,68.697,71.29568186990862,73.68746522357145,0
2023-06-14,68.656,70.996,67.992,70.632,71.23247407277447,73.58728603591337,0
2023-06-15,70.616,71.869,70.027,71.494,71.2573813039388,73.51865370686703,0
2023-06-19,71.37,72.233,69.628,70.726,71.20677356070654,73.42709129024844,0
2023-06-20,70.72,72.572,70.675,72.282,71.30917607873448,73.38954731351899,0
2023-06-21,72.306,72.511,68.813,69.356,71.1231593093312,73.25729986061673,0
2023-06-22,69.415,69.48,67.234,69.39,70.95809651796633,73.13050314387519,0
2023-06-26,69.406,70.035,67.399,67.903,70.66713494482667,72.95910959817436,0
2023-06-27,67.862,69.63,66.943,69.046,70.51274114055747,72.83081092282438,0
2023-06-28,69.099,70.493,68.835,69.684,70.43381341288533,72.72763679420719,0
2023-06-29,69.688,70.947,69.458,70.362,70.42697404022958,72.65007493210203,0
2023-07-03,70.068,71.273,69.819,70.938,70.47564317925533,72.59394132777082,0
2023-07-04,70.907,72.086,70.272,71.751,70.59710573361197,72.56630390718817,0
2023-07-05,71.755,72.259,70.142,71.82,70.71357185422035,72.54183492662463,0
2023-07-06,71.809,73.843,71.119,73.613,70.98970786810412,72.57695509296481,0
2023-07-10,73.11,74.899,72.925,74.734,71.34630711876088,72.64767787680204,0
2023-07-11,74.698,76.093,74.623,75.802,71.77065882173603,72.75109827428393,0
2023-07-12,75.747,77.228,75.278,77.108,72.27897702918975,72.89394751119265,0
2023-07-13,77.036,77.191,75.138,75.293,72.56602683593358,72.97260496984207,0
2023-07-17,74.159,75.961,73.898,75.795,72.8735480896542,73.06514251181446,0
2023-07-18,75.808,76.93,75.088,75.393,73.11349589063951,73.14146570814842,0
2023-07-19,75.375,76.217,74.58,75.771,73.36659152010242,73.22767994722551,0
2023-07-20,75.824,77.345,75.773,76.875,73.70072566104504,73.3472642112509,0
2023-07-24,78.897,79.949,78.337,79.378,74.24141845523123,73.54499325350497,0
2023-07-25,79.38,79.806,78.595,78.985,74.69318812616159,73.72335413043923,0
2023-07-26,78.958,80.655,78.923,79.843,75.18364639986048,73.92399825731007,0
2023-07-27,79.836,80.742,79.121,80.672,75.70634674273091,74.1452442160868,0
2023-07-31,81.793,82.253,80.638,82.208,76.32555181485178,74.40959686473968,0
2023-08-01,82.146,82.461,79.09,79.769,76.65349926105637,74.58531500032198,0
2023-08-02,79.682,81.889,78.727,81.748,77.13868980762243,74.82015713145897,0
2023-08-03,81.706,83.257,81.546,82.706,77.6689098259441,75.07870935665704,0
2023-08-07,82.502,83.098,79.946,82.902,78.16729936633037,75.33521068922566,0
2023-08-08,82.825,84.666,82.694,84.265,78.74803276001319,75.6279906666281,0
2023-08-09,84.203,84.913,82.643,82.847,79.13841059239289,75.86467949723045,0
2023-08-10,82.915,83.821,82.24,83.085,79.51427625026022,76.10141131699339,0
2023-08-14,82.545,82.915,80.41,81.038,79.6593927978545,76.26326668364935,0
2023-08-15,81.135,81.452,79.178,79.384,79.63316491234454,76.3655858087756,0
2023-08-16,79.34,81.076,79.064,80.055,79.67333968259744,76.48655020848788,0
2023-08-17,80.091,81.419,79.478,81.147,79.81368828425484,76.63935184099648,0
2023-08-21,80.609,80.776,79.861,80.066,79.83771797146866,76.75170096096382,0
2023-08-22,80.033,80.289,77.998,78.937,79.75193530751926,76.82335010978467,0
2023-08-23,78.984,79.642,77.954,79.25,79.70413194489838,76.90291240126714,0
2023-08-24,79.216,80.794,78.524,80.462,79.77630985490806,77.01960379794691,0
2023-08-28,80.291,81.712,79.664,81.637,79.95351844015491,77.1709938373585,0
2023-08-29,81.572,82.341,81.176,82.019,80.15023096966397,77.32994485908445,0
2023-08-30,81.935,83.973,81.764,83.902,80.50754230588645,77.54542207681939,0
2023-08-31,83.772,86.27,83.737,86.27,81.05634780056393,77.83147381200564,0
2023-09-01,83.772,86.27,83.737,86.27,81.55288610527212,78.10814680177594,77727
2023-09-04,86.081,86.372,85.509,86.211,81.99651600000811,78.3738141197505,39487
2023-09-05,86.116,88.262,85.234,86.913,82.46475257143591,78.65378742729968,79240
2023-09-06,86.853,88.292,86.141,87.821,82.9748713741563,78.95435177394559,75682
2023-09-07,87.78,87.941,86.588,86.913,83.34993124328426,79.21529106004573,72667
2023-09-08,86.948,88.127,86.337,87.364,83.73222350582861,79.48246184496226,74283
2023-09-11,87.324,88.282,86.849,87.455,84.08677364813065,79.74385653857006,73377
2023-09-12,87.4,89.483,87.334,88.876,84.54289044354678,80.04327107828907,68623
2023-09-13,88.892,89.748,88.391,88.956,84.96318659178043,80.33549169867304,72856
2023-09-14,88.836,90.927,88.765,90.892,85.52783548780134,80.68160672494605,72987
2023-09-15,90.777,91.281,89.356,91.134,86.06175591753454,81.02430814380028,75770
2023-09-18,90.962,92.03,90.564,91.711,86.59977916348363,81.37469148334782,72048
2023-09-19,91.621,93.077,90.957,91.439,87.06065733838996,81.70466881176264,75401
2023-09-20,91.359,91.681,89.576,89.898,87.33088044901949,81.97330262121305,85413
2023-09-21,89.868,91.59,88.962,90.214,87.60546326339859,82.24348942051755,82092
2023-09-22,90.145,91.907,89.888,90.858,87.91522866688445,82.52593239033665,80874
2023-09-25,90.772,91.346,89.546,90.404,88.15225450813355,82.78422968901414,71976
2023-09-26,90.36,91.215,88.68,91.012,88.42461122164464,83.05399265003007,75444
2023-09-27,90.983,94.663,90.897,94.204,88.97502920053563,83.41956666150449,86832
2023-09-28,94.204,95.505,91.857,92.268,89.28864546715128,83.70967922997976,95003
2023-09-29,92.172,93.524,90.796,91.237,89.47420304170831,83.9564766322755,84069
2023-10-02,91.432,92.255,88.821,89,89.4290408472599,84.12183805416811,78193
2023-10-03,89.031,90.618,88.108,89.774,89.46189409990181,84.30715483927735,80610
2023-10-04,89.709,89.915,84.474,84.724,89.01066609038736,84.32082189372727,92086
2023-10-05,84.686,85.207,82.438,82.838,88.42279312939809,84.27220478245752,90660
2023-10-06,82.69,83.523,81.777,83.1,87.91586045040779,84.2337718387704,84394
2023-10-09,85.391,87.457,84.9,86.653,87.79558802655943,84.31309079487629,93281
2023-10-10,86.62,86.935,85.317,86.097,87.63381773831567,84.37157962127378,78860
2023-10-11,86.094,86.695,83.298,83.402,87.2307874775237,84.33979012549432,79927
2023-10-12,83.354,85.353,82.468,83.644,86.8891886701405,84.31697733449451,78691
2023-10-13,83.606,87.979,83.49,87.81,86.97688498726997,84.43150266778977,82919
2023-10-16,87.199,88.301,86.331,86.995,86.97861022657759,84.51555176064912,81544
2023-10-17,86.958,87.724,85.669,87.678,87.04521877642733,84.61923858816881,73709
2023-10-18,87.686,89.868,87.524,88.426,87.17672175010092,84.74405043773704,67101
2023-10-19,88.434,90.802,86.684,90.432,87.48674825009131,84.93054058731944,55909
2023-10-20,90.297,91.078,88.766,89.495,87.67801032151118,85.08019499429257,56338
2023-10-23,89.162,89.334,86.428,87.135,87.62629505279583,85.1475656502174,57594
2023-10-24,87.179,87.326,83.956,84.698,87.34740980967241,85.13282579283323,56147
2023-10-25,84.693,86.55,83.059,86.235,87.24146601827503,85.1689626520846,57177
2023-10-26,86.208,86.542,83.493,84.417,86.97246925462979,85.1443081389015,61275
2023-10-27,84.346,86.808,83.998,85.998,86.87966265895076,85.17229803598669,60934
2023-10-30,85.094,85.776,82.596,83.306,86.53931383428879,85.11110793644613,59249
2023-10-31,83.448,84.114,81.47,82.069,86.11356965959462,85.01136669262823,57312
2023-11-01,82.151,84.118,80.991,81.64,85.6875154062999,84.90083007975517,52924
2023-11-02,81.585,83.476,80.875,83.168,85.44756155808086,84.8440159787796,50842
2023-11-03,83.253,84.236,80.729,81.413,85.0633176001684,84.7315236516065,57666
2023-11-06,81.276,82.746,81.17,81.421,84.71643020967618,84.62298189253742,49894
2023-11-07,81.447,81.522,77.547,77.553,84.03419876113558,84.3911792075362,55964
2023-11-08,77.61,77.952,75.363,76.02,83.27094173626553,84.11671431548584,61807
2023-11-09,75.958,77.497,75.591,75.917,82.57056633281167,83.84787122317482,51550
2023-11-10,75.885,78.081,75.654,77.642,82.10117906302008,83.64440003552974,47630
2023-11-13,77.291,78.87,76.463,78.785,81.7853524855896,83.4850754442009,45450
2023-11-14,78.827,79.987,78.078,78.444,81.46712843934297,83.31979428209596,47462
2023-11-15,78.315,79.003,76.764,76.943,81.03625906416745,83.11071905973215,50073
2023-11-16,76.92,77.086,72.658,73.4,80.3089962961515,82.79233482826552,55680
2023-11-17,73.487,76.464,73.191,76.312,79.92832998223231,82.57986483389617,53797
2023-11-20,76.195,78.725,75.99,77.875,79.73277474582923,82.42560697048974,47722
2023-11-21,77.862,78.174,77.18,78.047,79.57222477003597,82.28204608621138,48634
2023-11-22,77.973,78.209,74.04,77.004,79.32763193479445,82.10899539486019,58558
2023-11-23,77.026,77.046,75.526,76.625,79.07023841719499,81.92919226715985,33537
2023-11-24,76.495,77.303,75.311,75.392,78.71992999650975,81.71485809446608,37430
2023-11-27,75.635,76.412,74.256,75.172,78.38203190160405,81.5003381569426,55117
2023-11-28,75.224,77.205,74.833,76.702,78.22202886335604,81.3430155944199,48365
2023-11-29,76.719,78.269,75.873,77.876,78.18907373351261,81.2293429519799,53482
2023-11-30,77.848,79.763,75.227,75.772,77.95887623508284,81.05041367486581,65883
2023-12-01,75.804,76.907,74.1,74.555,77.63469754602733,80.83744929208332,59862
2023-12-04,74.609,75.155,72.761,73.421,77.23339301783425,80.59428702021174,58455
2023-12-05,73.428,74.235,72.135,72.185,76.75259368280241,80.3185726916802,57449
2023-12-06,72.217,72.736,69.207,69.271,76.04006095110695,79.95635719359232,51605
2023-12-07,69.494,70.561,68.899,69.678,75.43415038433486,79.61936187576963,53639
2023-12-08,69.871,71.704,69.591,71.372,75.0472789191601,79.34895656836734,52808
2023-12-11,71.197,71.868,70.422,71.432,74.70296664114485,79.0893842218635,44450
2023-12-12,71.479,72.005,68.277,68.807,74.14144600865487,78.75225687032699,45501
2023-12-13,68.867,69.91,67.795,69.899,73.73740353164011,78.46198615326709,49302
2023-12-14,69.929,72.528,69.64,71.768,73.54984129053153,78.24251119742227,45638
2023-12-15,71.764,72.357,70.458,71.902,73.39290402476662,78.03462558439203,47874
2023-12-18,71.972,74.432,70.81,72.719,73.32872268907457,77.86034277834639,52844
2023-12-19,72.73,74.252,71.982,73.946,73.38751100440079,77.73200367085963,43839
2023-12-20,73.902,75.19,73.453,73.572,73.40508138493405,77.59561010788062,46289
2023-12-21,73.572,74.416,72.305,73.776,73.44040696732128,77.47037698958945,47773
2023-12-22,73.742,74.82,73.228,73.366,73.43332058948116,77.33580725222586,46412
2023-12-26,73.611,76.027,73.002,75.137,73.59557577143534,77.26371521116927,38470
2023-12-27,75.243,75.502,73.624,73.694,73.60494950748911,77.14667536818011,47934
2023-12-28,73.665,74.259,71.594,71.872,73.43990669725206,76.9737351921742,49116
2023-12-29,71.962,72.487,71.118,71.183,73.22496320227567,76.78387502193898,45616
2024-01-02,72.055,73.524,69.959,70.422,72.95801432586846,76.5752889556459,60122
2024-01-03,70.457,73.108,69.184,72.938,72.95610819959528,76.45603358005096,55731
2024-01-04,72.944,73.892,70.976,72.263,72.89009789487191,76.31855706922961,56590
2024-01-05,72.294,74.137,72.119,73.826,72.97923142869364,76.23683388663191,52806
2024-01-08,73.781,73.861,70.055,70.838,72.77530462596091,76.05982293952923,57183
2024-01-09,70.874,72.847,70.389,72.126,72.71346609015511,75.93084513823318,54112
2024-01-10,72.132,73.501,70.943,71.222,72.57142170061653,75.77645677304521,54949
2024-01-11,71.252,73.726,71.107,72.745,72.58795296722448,75.67706474769946,57724
2024-01-12,72.966,75.179,72.342,72.68,72.59671935129835,75.57880032974211,62685
2024-01-15,72.48,72.885,71.19,72.42,72.57988893688898,75.47523310581614,34803
2024-01-16,72.708,73.507,71.696,71.854,72.51075665718527,75.35650415152709,57606
2024-01-17,71.934,72.677,70.462,72.547,72.51420840412,75.26438926131308,53373
2024-01-18,72.532,74.03,71.964,73.729,72.62990284182285,75.21404862979462,53878
2024-01-19,73.7,74.464,72.847,73.249,72.68886447593496,75.14962080586693,51034
2024-01-22,73.159,75.306,72.42,74.495,72.86087738298878,75.12815782862539,52183
2024-01-23,74.516,75.1,73.273,74.345,73.0022223941327,75.10248052276881,50847
2024-01-24,74.406,75.694,73.827,75.198,73.21134407088196,75.10561230890754,51717
2024-01-25,75.194,77.356,75.029,76.915,73.56407320698844,75.16493649550074,50882
2024-01-26,76.931,78.119,75.933,77.993,73.98587575870383,75.25765988909087,54138
2024-01-29,78.807,79.152,76.306,76.844,74.2580780673987,75.30967104026823,56876
2024-01-30,76.864,78.018,75.741,77.677,74.58368968002739,75.38728838321025,52549
2024-01-31,77.753,77.978,75.426,75.704,74.69038590097716,75.39767237064598,60064
2024-02-01,75.79,76.839,73.613,73.876,74.61282533897933,75.34778147324775,66262
2024-02-02,73.902,74.416,71.71,72.248,74.38760387812415,75.246149293797,61114
2024-02-05,72.821,73.191,71.328,72.67,74.22402255639804,75.16168538252496,56489
2024-02-06,72.656,73.72,72.306,73.389,74.14449659864584,75.10356455031103,50857
2024-02-07,73.359,74.129,73.15,73.958,74.12673501782243,75.06600505685822,46320
2024-02-08,73.983,76.5,73.494,76.401,74.34333168279171,75.10977538286286,46959
2024-02-09,76.366,77.206,75.867,76.475,74.54634771300202,75.15453684571982,44077
2024-02-12,76.26,77.035,75.49,76.904,74.77088602604945,75.21189629340114,40541
2024-02-13,76.974,78.424,76.824,77.738,75.05346830928283,75.29471936574865,43652
2024-02-14,77.591,78.685,76.367,76.486,75.18989989887494,75.3337777471995,45481
2024-02-15,76.485,78.316,75.762,77.858,75.44400467041066,75.41653913253722,45402
2024-02-16,77.802,78.755,76.929,78.463,75.73152803513345,75.51642309540486,45195
2024-02-19,78.476,78.773,77.85,78.427,75.98823965083503,75.61185184637519,26068
2024-02-20,78.374,78.755,77.02,77.36,76.11888349361264,75.66916817928092,48340
2024-02-21,77.343,78.265,76.521,78.2,76.31708506564954,75.75214627176351,47249
2024-02-22,78.289,79.111,77.416,78.523,76.52717220225435,75.84299393498438,44111
2024-02-23,78.512,78.572,76.537,76.761,76.54944151632536,75.8730924944931,46351
2024-02-26,76.685,78.189,76.004,77.717,76.66063756238961,75.9335484782802,40767
2024-02-27,77.74,79.114,77.334,78.671,76.85210065168584,76.02330098718905,39080
2024-02-28,78.62,79.757,77.943,78.403,76.99980535152528,76.10132390564186,43534
2024-02-29,78.322,79.419,78.077,78.436,77.13658579423716,76.17787066283394,43854
2024-03-01,78.424,80.995,78.189,79.931,77.40272048050029,76.30092408372462,43607
2024-03-04,80.23,80.52,78.678,78.877,77.54312805378598,76.38538558917628,48135
2024-03-05,78.885,79.592,77.628,78.258,77.61121109628255,76.44678278297378,49944
2024-03-06,78.307,80.766,78.092,79.197,77.76223861092231,76.53695383926973,42745
2024-03-07,79.181,79.617,78.115,79.34,77.91250160035828,76.62885699208056,49128
2024-03-08,79.368,80.069,77.647,77.875,77.90893001937178,76.6697141398812,46738
2024-03-11,77.799,78.526,76.854,78.159,77.93274620800304,76.71854318447525,45980
2024-03-12,78.157,78.768,77.397,78.101,77.94877037866942,76.76386963744328,44353
2024-03-13,77.98,79.937,77.629,79.639,78.10974462831996,76.85813620670743,41570
2024-03-14,79.663,81.494,79.663,80.98,78.38310228276568,76.99327928189734,39895
2024-03-15,80.758,81.341,80.486,80.978,78.63023539869276,77.12392586281874,28185
2024-03-18,81.104,82.924,80.983,82.611,79.0093558369125,77.30382993289025,42926
2024-03-19,82.544,83.535,82.227,82.91,79.38084575720656,77.48763878754959,41763
2024-03-20,82.883,83.054,81.231,81.862,79.61714616128212,77.63106046664632,46357
2024-03-21,81.937,82.303,80.686,81.187,79.76665605068382,77.74764864806775,41654
2024-03-22,81.276,81.829,80.784,81.215,79.90459356966632,77.86133229895077,40107
2024-03-25,81.15,82.807,81.059,82.299,80.13263227731714,78.00682960062451,39059
2024-03-26,82.312,82.674,81.543,81.548,80.26742920328694,78.12293354814503,37485
2024-03-27,81.557,82.045,80.864,82.018,80.43415023154533,78.25064064492716,39442
2024-03-28,82.012,83.513,81.957,83.371,80.7138502094934,78.41852127951971,21345
2024-04-01,83.583,84.747,82.876,84.229,81.04862638001784,78.60902877855185,38203
2024-04-02,84.223,85.726,84.102,85.656,81.48742386763519,78.84007701532063,44226
2024-04-03,85.639,86.437,85.093,85.894,81.90709778500326,79.07135317875274,43154
2024-04-04,85.892,87.447,84.87,87.005,82.39261228166961,79.33147274666248,43022
2024-04-05,87.048,87.845,86.541,86.941,82.82579206436775,79.58096544349323,47560
2024-04-08,86.072,87.275,84.869,86.742,83.19876424871367,79.81575346173935,58329
2024-04-09,86.755,87.141,85.248,85.447,83.41288193931237,80.00038449578068,47361
2024-04-10,85.465,86.528,84.704,86.386,83.69603604033024,80.20974893854196,53323
2024-04-11,86.449,86.755,84.982,85.702,83.88708022696545,80.38982274383567,53645
2024-04-12,85.71,87.764,85.435,85.549,84.0453583005878,80.55897609649679,55088
2024-04-15,85.386,85.917,84.14,85.716,84.20446703386514,80.72805884743133,58074
2024-04-16,85.765,86.218,84.828,85.356,84.3141368401637,80.87979462292539,52668
2024-04-17,85.45,85.576,82.595,82.866,84.1762190458624,80.94491611069833,56683
2024-04-18,82.855,83.404,81.621,82.476,84.01429342244693,80.99511558247872,55240
2024-04-19,82.556,86.175,81.705,82.67,83.88626547745199,81.05002982567613,69922
2024-04-22,82.379,82.782,81.201,82.614,83.76509733674227,81.1013075363097,54586
2024-04-23,82.623,83.916,81.356,83.814,83.769754733243,81.19024827282414,55728
2024-04-24,83.803,84.165,82.898,83.249,83.72015904436272,81.25774832945285,50189
2024-04-25,83.228,84.267,82.449,84.222,83.76795342109007,81.35493690881505,48226
2024-04-26,84.236,84.894,83.789,84.099,83.79948166670054,81.44490619049324,42442
2024-04-29,83.842,84.289,82.782,83.113,83.73410246034811,81.49959779080494,46884
2024-04-30,83.136,83.659,81.309,81.935,83.56275936888639,81.51387327307363,50648
2024-05-01,81.753,81.905,79.153,79.468,83.1727822861353,81.4467954608417,53835
2024-05-02,79.467,80.21,78.725,79.356,82.80927921126528,81.37824478999443,53929
2024-05-03,79.386,79.913,78.235,78.26,82.37601452447811,81.27600725589625,46670
2024-05-06,78.433,79.331,78.158,78.919,82.04677504595638,81.19872832947343,45769
2024-05-07,79.034,79.366,77.786,78.537,81.7125107558653,81.11145854817921,47123
2024-05-08,78.541,79.48,77.112,79.408,81.49303354102098,81.05560744823892,49355
2024-05-09,79.432,79.994,79.112,79.762,81.32817320378088,81.01319408928026,41737
2024-05-10,79.802,80.148,78.312,78.342,81.04377575580175,80.9256139552055,43556
2024-05-13,78.175,79.628,77.914,79.341,80.88160663620158,80.87365939929713,43327
2024-05-14,79.325,79.501,77.808,78.495,80.65431076608715,80.79567056653329,45139
2024-05-15,78.492,78.89,76.828,78.819,80.47951926455504,80.73086169549941,47866
2024-05-16,78.836,79.762,78.213,79.359,80.37280314412122,80.68588262351582,44695
2024-05-17,79.346,80.111,79.034,79.959,80.33339332087158,80.66205040635137,42049
2024-05-20,80.025,80.523,79.085,79.587,80.26230824269334,80.62680285204476,47073
2024-05-21,79.609,79.695,78.046,78.608,80.10475507672254,80.56061259460067,50834
2024-05-22,78.485,78.787,77.63,77.63,79.86906411703468,80.4645269357613,49798
2024-05-23,77.598,79.035,76.794,77.306,79.6249627725552,80.36096867557241,51097
2024-05-24,77.273,78.394,76.5,78.086,79.4783948894547,80.2863795386684,44850
2024-05-27,78.048,79.113,78.043,78.867,79.42016680474474,80.23984250461369,23160
2024-05-28,78.948,80.565,78.813,80.539,79.52672234715,80.24965094708537,46543
2024-05-29,80.566,80.913,79.275,79.556,79.52951069504047,80.22690829308257,43174
2024-05-30,79.564,79.679,77.908,78.138,79.39698586694138,80.15841949658807,51130
2024-05-31,78.085,78.878,76.922,77.492,79.21555864151838,80.070995906536,50655
2024-06-03,76.862,77.735,74.205,74.239,78.7416006756595,79.87978292599384,55499
2024-06-04,74.162,74.312,72.678,73.083,78.20268632559669,79.65693758415797,56117
2024-06-05,73.051,74.494,73.006,74.484,77.8485257231589,79.48733307320197,47245
2024-06-06,74.508,75.962,74.237,75.77,77.65057089238186,79.3654533003101,45918
2024-06-07,75.823,76.41,75.376,75.527,77.44832604548836,79.23960237243108,45180
2024-06-10,75.51,78.334,75.389,78.334,77.53267594591804,79.20991049136776,45777
2024-06-11,78.216,78.472,77.355,78.25,77.60099252249728,79.17843801624095,47107
2024-06-12,78.248,79.42,77.998,78.417,77.67870752035468,79.15347283538058,47832
2024-06-13,78.445,78.977,77.759,78.079,77.71683061365424,79.11824421782713,44513
2024-06-14,78.033,79.235,77.857,78.5,77.7914181742586,79.09797391560329,46214
2024-06-17,78.395,80.405,77.983,80.395,78.03937834813873,79.14049936099335,42925
2024-06-18,80.263,81.239,79.56,81.167,78.33724707688742,79.2069420048952,46927
2024-06-19,81.116,81.549,80.704,81.026,78.59331878385052,79.26658325063634,28164
2024-06-20,80.993,81.888,80.782,81.646,78.8840503282457,79.34459691454991,42910
2024-06-21,81.614,82.157,80.721,80.945,79.08033124936516,79.39706914685975,41905
2024-06-24,80.951,82.106,80.564,82.069,79.36496636847323,79.48467343712665,39350
2024-06-25,82.078,82.219,80.867,81.103,79.53049338099959,79.53773332443397,40288
2024-06-26,81.057,81.946,80.501,81.162,79.68587496376153,79.5909879695345,44255
2024-06-27,81.111,82.345,80.809,82.144,79.91998211006997,79.67469328200877,43468
2024-06-28,82.157,83.006,81.26,81.81,80.09998381387283,79.74470333833635,44880
2024-07-01,81.735,83.892,81.675,83.65,80.43808059350398,79.87274585183351,44799
2024-07-02,83.664,84.622,82.967,83.357,80.71607291793218,79.98698369275701,46024
2024-07-03,83.295,84.168,82.684,83.851,81.01463740193864,80.11367275201087,41260
2024-07-04,83.814,84.417,83.243,84.291,81.32667193508735,80.25063430112527,23576
2024-07-05,84.273,84.735,83.28,83.51,81.5346079412695,80.3574987502687,43262
2024-07-08,83.079,83.494,82.262,82.461,81.62283575638669,80.42646600435826,41849
2024-07-09,82.395,82.631,81.408,81.848,81.64427997006415,80.47307367634652,43506
2024-07-10,81.847,82.799,80.945,82.557,81.7312056872009,80.54139912958105,45485
2024-07-11,82.526,83.258,81.765,83.041,81.85594800270557,80.62335325648003,45927
2024-07-12,83.014,83.866,82.224,82.327,81.90081009768599,80.67921052675938,44653
2024-07-15,82.467,82.657,81.552,81.99,81.90930437409685,80.72218723080006,44242
2024-07-16,81.985,81.99,80.322,80.813,81.80489443370668,80.72516469864269,44057
2024-07-17,80.873,82.712,80.503,82.672,81.8874759162108,80.78899536426096,44735
2024-07-18,82.666,83.34,81.668,81.9,81.88866868609549,80.8254217457606,45199
2024-07-19,81.884,82.365,79.591,79.64,81.6745097636102,80.78655545901434,45014
2024-07-22,79.852,80.044,78.466,79.173,81.43627073850448,80.73365200134174,47664
2024-07-23,79.123,79.598,77.253,78.303,81.13786400150406,80.65395849310103,47579
2024-07-24,78.223,79.022,77.799,78.313,80.86882933469414,80.5772057556223,47490
2024-07-25,78.283,79.284,76.818,79.187,80.70865511234231,80.53162523904452,53727
2024-07-26,79.107,79.374,76.951,77.272,80.38135462545257,80.42475228038732,51887
2024-07-29,78.147,78.364,76.024,76.562,80.01760656588566,80.29810466463692,54459
2024-07-30,76.513,76.609,75.238,75.912,79.62659641675369,80.15429795432095,53911
2024-07-31,75.853,79.181,75.773,79.169,79.58301580563429,80.12199310335961,59131
2024-08-01,79.16,79.472,76.832,77.44,79.37891906224054,80.03405890324946,55566
2024-08-02,77.411,77.85,73.488,74.67,78.9304505801224,79.85818811953636,61769
2024-08-05,74.816,74.901,72.104,74.438,78.50259814392027,79.68047703364992,80677
2024-08-06,74.41,74.973,72.609,73.418,78.01835070164215,79.47514991779255,63145
2024-08-07,73.22,76.231,72.963,75.838,77.8106982538667,79.35589910081575,57395
2024-08-08,75.779,76.885,74.965,76.421,77.67834603921273,79.259672900789,55268
2024-08-09,76.317,77.428,76.192,77.356,77.64764641643056,79.1972573958451,43416
2024-08-12,77.277,80.419,76.961,79.885,77.86072771010384,79.21980633368625,45560
2024-08-13,79.845,80.367,78.424,78.822,77.95227745199871,79.20676350307359,49874
2024-08-14,78.822,79.256,77.36,77.64,77.92253674228455,79.15539420789085,47835
2024-08-15,77.789,79.067,77.37,78.575,77.98467610016222,79.13636488959935,42034
2024-08-16,78.529,78.55,76.109,77.114,77.90175456681344,79.07005784403871,45387
2024-08-19,76.963,77.198,74.883,75.249,77.64911127473597,78.94477725898827,50762
2024-08-20,75.093,75.766,73.916,74.476,77.3469102009516,78.79825997180832,53327
2024-08-21,74.407,75.498,72.778,73.235,76.95529970562288,78.61585800551953,51490
2024-08-22,73.122,74.812,72.847,74.281,76.70060449556355,78.47373151353528,50235
2024-08-23,74.187,76.354,74.075,76.221,76.65492787693846,78.39987146391118,49335
2024-08-26,76.391,78.778,76.188,78.34,76.81541093627766,78.39790846509442,50777
2024-08-27,78.32,78.609,76.509,76.873,76.82089560901312,78.34791146623887,49967
2024-08-28,76.818,77.021,74.881,75.438,76.68919126529758,78.25250453291956,55663
2024-08-29,75.369,77.939,75.06,77.025,76.72117304955495,78.2122584826599,54737
2024-08-30,76.819,77.568,74.307,74.569,76.51620418769258,78.09280738486778,57766
2024-09-02,74.215,75.166,73.689,74.863,76.3587561698171,77.98691206077376,28687
2024-09-03,74.616,75.061,70.857,70.906,75.83944605840594,77.75475100960085,48501
2024-09-04,71.007,72.158,69.491,70.001,75.283403576653,77.50052966502378,55691
2024-09-05,69.829,71.47,69.411,69.969,74.77726990268604,77.25359426617054,54983
2024-09-06,69.979,70.742,67.745,68.733,74.20162515004928,76.97423051973871,57010
2024-09-09,68.526,69.428,67.771,69.255,73.73051799290172,76.72114099450138,58233
2024-09-10,69.17,69.517,65.683,66.708,73.06170675548252,76.39284128976364,64441
2024-09-11,66.7,68.34,66.001,67.675,72.54868706448418,76.10701042780417,65648
2024-09-12,67.656,70.159,67.575,69.494,72.25776448691427,75.8901904137778,56765
2024-09-13,69.65,70.63,68.792,69.468,71.99207263101768,75.67962679365394,50939
2024-09-16,69.503,70.749,68.817,70.463,71.84644666615885,75.50858984959972,45349
2024-09-17,70.422,71.784,69.614,71.046,71.7702136503342,75.36227542830136,44004
2024-09-18,71.01,71.397,69.639,70.222,71.62276473125475,75.19374180770131,58284
2024-09-19,70.187,72.604,70.187,72.227,71.68031094732572,75.09647158449799,51594
2024-09-20,72.205,72.49,71.404,72.286,71.73799561900898,75.00432497517019,46666
2024-09-23,72.255,72.763,70.416,71.621,71.72685317910337,74.8933962874597,52568
2024-09-24,71.651,73.317,71.347,72.44,71.79477192395068,74.81295706492003,52902
2024-09-25,72.378,72.611,70.121,70.656,71.68631745500299,74.67666339066035,59688
2024-09-26,70.575,70.828,67.741,68.327,71.36638245928842,74.46847770572067,73139
2024-09-27,68.272,69.429,67.832,69.399,71.17901270126094,74.30226532192655,60739
2024-09-30,69.251,70.014,68.256,68.983,70.96986863447418,74.12786318022404,63014
2024-10-01,69.028,72.619,66.984,71.35,71.00607162166712,74.03678569890522,69701
2024-10-02,71.38,73.151,70.517,71.636,71.06606480055596,73.95807141369521,55696
2024-10-03,71.54,74.728,71.156,74.323,71.37624910526492,73.97003628537733,57661
2024-10-04,74.548,76.172,74.079,75.077,71.72870157143016,74.00633017766005,59540
2024-10-07,74.544,77.933,74.136,77.801,72.30701570748444,74.13074558167119,55107
2024-10-08,77.838,78.965,73.177,74.379,72.50434754486687,74.13888507079673,67404
2024-10-09,74.226,74.895,71.997,73.772,72.62507635011765,74.12685605208209,61979
2024-10-10,73.755,76.667,73.735,76.062,72.95240241201121,74.19030339463677,52520
2024-10-11,76.085,76.427,74.913,75.827,73.22617361086729,74.24396557841918,46342
2024-10-14,75.059,75.139,72.146,72.337,73.14149040983231,74.18144211683166,50905
2024-10-15,71.849,72.356,69.948,71.134,72.95030084699114,74.08152598185357,60886
2024-10-16,71.103,71.472,69.895,70.859,72.7511293377539,73.97586939228461,48723
2024-10-17,70.853,71.293,69.65,70.928,72.57749797225352,73.87593924827527,44386
2024-10-18,70.952,71.407,68.891,69.521,72.286402927277,73.7331543548892,49954
2024-10-21,69.542,71.068,69.123,70.45,72.11150741039347,73.62550994981086,45471
2024-10-22,70.56,72.751,69.995,71.983,72.09926860940362,73.57165716457116,51122
2024-10-23,71.991,72.36,70.76,71.657,72.05714778946042,73.50888151983112,45769
2024-10-24,71.616,72.957,70.365,70.969,71.95351466665466,73.42560671590223,48975
2024-10-25,70.953,72.511,70.559,72.263,71.9829894603066,73.38748846292184,44499
2024-10-28,69.103,69.38,67.415,68.512,71.65241903551549,73.2276363821703,54195
2024-10-29,68.452,69.001,67.193,67.952,71.29999817499021,73.05466469750898,47231
2024-10-30,67.927,69.617,67.755,69.557,71.13399834880066,72.93998716644312,46937
2024-10-31,69.43,71.223,68.731,70.959,71.11733183939107,72.87503676754335,48569
2024-11-01,70.983,71.859,69.735,69.735,70.9856811880205,72.772084742378,49596
2024-11-04,70.896,72.177,70.624,72.021,71.08428297963759,72.74745901311971,46697
2024-11-05,71.974,73.015,71.642,72.32,71.2019703149102,72.73344396350923,39415
2024-11-06,72.308,72.951,70.068,72.141,71.29140171349017,72.71401957126302,57728
2024-11-07,72.089,73.17,70.98,72.445,71.4012682169673,72.70519925745113,49771
2024-11-08,72.438,72.529,70.265,70.715,71.33590933916089,72.6399468227806,46982
2024-11-11,70.319,70.76,68.133,68.327,71.0493465449551,72.49853873023042,46273
2024-11-12,68.246,69.314,67.93,68.14,70.77226592162604,72.35563582104254,45204
2024-11-13,68.129,69.022,67.097,68.219,70.52909773861404,72.22000841707393,49568
2024-11-14,68.191,69.537,68.071,68.723,70.35708843017461,72.10535240339937,43875
2024-11-15,68.665,68.81,67.003,67.147,70.05136572253893,71.94278347214038,44889
2024-11-18,67.036,69.638,66.8,69.39,69.98837851086856,71.85908565338167,42852
2024-11-19,69.272,70,68.745,69.502,69.94205674792869,71.78180415654948,44660
2024-11-20,69.534,70.211,68.897,69.267,69.87776562907834,71.69935156125278,37780
2024-11-21,69.289,70.624,69.108,70.342,69.92197842630897,71.65484823137564,41791
2024-11-22,70.344,71.749,69.526,71.467,70.06912333808907,71.64868927296988,44546
2024-11-25,71.36,71.651,68.953,69.292,69.9951115916044,71.57142077221677,46731
2024-11-26,69.194,70.509,68.252,69.143,69.91395810668969,71.49180041902933,43541
2024-11-27,69.035,69.556,68.368,68.969,69.82396209652877,71.4090856511923,41732
2024-11-28,68.966,69.467,68.454,69.071,69.75225142066888,71.33242710525157,21961
2024-11-29,69.042,69.86,68.06,68.306,69.61451319012899,71.2331999870466,40119
2024-12-02,68.213,69.251,67.858,68.288,69.48817860059289,71.13663605304508,45061
2024-12-03,68.245,70.365,68.049,70.043,69.54101873386976,71.10077913327311,43366
2024-12-04,70.045,70.646,68.627,68.816,69.47196933064407,71.02586834201826,43248
2024-12-05,68.818,69.274,68.107,68.547,69.38387701343987,70.9445939701488,44933
2024-12-06,68.534,68.604,67.102,67.22,69.17779348835036,70.82247613506196,43906
2024-12-09,67.18,68.963,67.17,68.216,69.08619410850747,70.7370179011255,42048
2024-12-10,68.218,69.13,67.788,68.517,69.03198514579248,70.66423042895745,42296
2024-12-11,68.535,70.593,68.51,70.376,69.15998656047891,70.65478025095885,43599
2024-12-12,70.428,70.768,69.197,69.999,69.23989260233806,70.63327925912414,44165
2024-12-13,70.006,71.288,69.86,70.96,69.40371235449634,70.64399141456269,38769
2024-12-16,71.044,71.079,70.305,70.55,69.51288260644907,70.64090972883932,40028
2024-12-17,70.582,70.849,69.141,70.104,69.56917950107297,70.62330613117246,40008
2024-12-18,70.126,71.101,69.695,69.738,69.58525764382792,70.5942797006422,39093
2024-12-19,69.796,70.87,69.383,69.473,69.57456643965382,70.55751643176869,43686
2024-12-20,69.516,70.139,68.742,69.836,69.59946487397251,70.53386015531726,41002
2024-12-23,69.74,70.191,68.847,69.839,69.62227774311798,70.51107785514291,34915
2024-12-24,69.736,70.67,69.61,70.424,69.6986322437734,70.50822284349888,28634
2024-12-26,70.46,70.978,69.563,69.892,69.71704822055689,70.48801881584319,27222
2024-12-27,69.869,70.968,69.653,70.475,69.78923410431338,70.4875919694221,35666
2024-12-30,70.399,71.753,70.344,71.31,69.93406895152162,70.51455616714597,36921
2024-12-31,71.292,72.205,71.062,72.023,70.13301476566242,70.56401334199364,32798
2025-01-02,72.001,73.901,71.966,73.253,70.43015621655172,70.65217683897745,44790
2025-01-03,73.27,74.513,72.884,74.241,70.79309371973727,70.76984317212573,40860
2025-01-06,74.223,75.125,73.332,73.526,71.05337050833373,70.86020896976095,46562
2025-01-07,73.512,74.655,73.242,74.533,71.38476379325432,70.98062834780157,43148
2025-01-08,74.68,75.411,73.278,73.422,71.57878628913487,71.0606733200048,48313
2025-01-09,73.363,74.394,72.952,74.394,71.84690188064583,71.1699627193489,37430
2025-01-10,74.32,77.921,74.13,76.633,72.30272074915575,71.3490786957637,58873
2025-01-13,77.46,79.343,77.255,78.856,72.92684258256949,71.59520726311571,63501
2025-01-14,78.886,79.142,76.696,77.232,73.33685757470573,71.78002013973487,55787
2025-01-15,77.112,80.591,76.515,80.29,73.99906161520995,72.05903587285832,54901
2025-01-16,80.126,80.375,78.086,79.054,74.4804843185233,72.28837895899412,57451
2025-01-17,79.007,79.682,77.976,78.468,74.86024771675918,72.49098948492873,49119
2025-01-20,78.33,78.873,76.826,77.358,75.09812888659164,72.65056360017697,39025
2025-01-21,77.244,78.166,76.014,76.874,75.26725946882101,72.78903692476133,53621
2025-01-22,76.817,77.389,76.215,76.3,75.36561570988567,72.90415046821178,46544
2025-01-23,76.254,76.897,75.028,75.16,75.34603326132513,72.97811274794255,46400
2025-01-24,75.15,76.071,74.866,75.432,75.35422056977036,73.05856806768213,45616
2025-01-27,75.228,75.9,73.126,73.858,75.21172337264937,73.08477895070895,47930
2025-01-28,73.883,75.035,73.677,74.67,75.1601306704923,73.13675341134145,44030
2025-01-29,74.625,74.771,73.015,73.68,75.01916584473112,73.15456477490402,42383
2025-01-30,73.65,74.498,72.671,73.77,74.90019766904244,73.17474297900553,41462
2025-01-31,73.781,74.456,72.561,74.41,74.85351217675269,73.21524320920207,46819
2025-02-03,75.341,75.724,72.591,72.841,74.66184435039528,73.2029729400479,61383
2025-02-04,72.872,73.84,71.16,73.229,74.52538298369097,73.20382628627584,53429
2025-02-05,73.225,73.436,71.433,71.648,74.25134650905373,73.15281558836516,45736
2025-02-06,71.488,72.269,70.86,70.929,73.93493255581052,73.07990360186139,42885
2025-02-07,70.895,71.806,70.87,71.428,73.69617707430476,73.02574282802986,41213
2025-02-10,71.264,72.862,71.153,72.78,73.60892211484716,73.01768568612725,39697
2025-02-11,72.755,73.96,72.6,73.442,73.59302477057601,73.03159763084439,40572
2025-02-12,73.408,73.483,71.414,71.475,73.39130812575924,72.98056164294785,43915
2025-02-13,71.436,71.78,70.442,71.745,73.23451687568694,72.94005142514628,41377
2025-02-14,71.715,72.253,70.876,70.91,73.0131343160977,72.87349236202672,38457
2025-02-17,70.768,71.738,70.477,71.708,72.88883580980269,72.83527949769798,25745
2025-02-18,71.611,72.35,71.224,72.088,72.81256573267862,72.81077853056034,37799
2025-02-19,72.067,73.223,72.007,72.398,72.77308328194732,72.79724480824689,33755
2025-02-20,72.408,73.443,72.036,72.859,72.78126582652376,72.79926956863224,35509
2025-02-21,72.859,73.06,70.453,70.513,72.56524050971198,72.7243099106443,37878
2025-02-24,70.366,71.18,70.266,71.158,72.43121760402512,72.67295548734448,36270
2025-02-25,71.199,71.495,68.921,69.281,72.13119687983226,72.5617438320217,39614
2025-02-26,69.357,69.512,68.6,69.05,71.83774955794347,72.4466046899882,40059
2025-02-27,68.945,70.746,68.829,70.303,71.69158293337742,72.37632256900498,36921
2025-02-28,70.334,70.495,69.371,70.157,71.54543217781766,72.30355789461137,39272
2025-03-03,70.262,70.773,68.076,68.586,71.26358149421598,72.18167075052575,46903
2025-03-04,68.536,68.717,66.933,68.16,70.96800230429065,72.04981269313147,49941
2025-03-05,68.18,68.245,65.379,66.53,70.54533541816772,71.8688352277829,51054
2025-03-06,66.576,67.223,65.73,66.43,70.15339871167556,71.69051276129821,50745
2025-03-07,66.381,68.335,66.25,67.213,69.87336073913504,71.54370906420647,47013
2025-03-10,66.802,67.703,65.901,66.004,69.50485019255075,71.36207925882265,44931
2025-03-11,65.825,67.243,65.379,66.645,69.23248350754591,71.2074209224678,45211
2025-03-12,66.701,67.953,66.231,67.752,69.09148507825581,71.09412843320656,40250
2025-03-13,67.777,68.008,66.436,66.807,68.87391507080288,70.95356684523257,43073
2025-03-14,66.864,67.508,66.654,67.225,68.71687554025023,70.83131875194626,35731
2025-03-17,67.597,68.411,67.321,67.566,68.60726834594068,70.7242591207349,37831
2025-03-18,67.458,68.789,66.753,66.839,68.43886183680347,70.59687357579277,41313
2025-03-19,66.967,67.716,66.379,67.302,68.33058928091742,70.4888449339635,37194
2025-03-20,67.38,68.68,66.903,68.66,68.36196173035385,70.4288828049811,36836
2025-03-21,68.787,68.888,67.929,68.59,68.38367966079635,70.36859156547352,33772
2025-03-24,68.595,69.589,68.214,69.397,68.48018635976813,70.33673610431046,33906
2025-03-25,69.459,69.926,68.767,69.418,68.56950194455212,70.30661360908717,33910
2025-03-26,69.531,70.445,69.3,70.137,68.7187874736424,70.30105250714988,34196
2025-03-27,69.933,70.2,69.357,70.133,68.85347438091455,70.29554258888267,34607
2025-03-28,70.095,70.305,69.142,69.241,68.8903815827322,70.26096742203406,36087
2025-03-31,69.727,72.034,69.195,71.561,69.14472619390057,70.30359144098377,41115
2025-04-01,71.578,72.285,71.212,71.336,69.3534189373386,70.33744090193512,41816
2025-04-02,71.313,72.435,70.792,70.926,69.50318856235397,70.35673792154381,42917
2025-04-03,70.391,70.547,66.141,66.766,69.24250393736787,70.23900880936205,65091
2025-04-04,66.764,67.044,60.619,62.437,68.59436070523759,69.98320524184199,76951
2025-04-07,60.505,64.003,59.057,61.09,67.87965968569115,69.69162474210947,97465
2025-04-08,61.128,61.85,58.063,58.292,66.96654923943485,69.31786655384359,78672
2025-04-09,58.401,63.024,55.22,62.787,66.56849693091725,69.10373978158643,93999
2025-04-10,63.106,63.421,58.859,60.32,65.9734019851156,68.81574831333769,80194
2025-04-11,60.313,61.936,59.512,61.539,65.55107798653316,68.57716640142498,72635
2025-04-14,62.137,62.723,60.656,61.651,65.17964198781571,68.35007897842743,48792
2025-04-15,61.619,62.104,60.933,61.609,64.83958084611898,68.12905999552817,42509
2025-04-16,61.537,62.906,60.471,62.576,64.62400171791717,67.94699245469118,47551
2025-04-17,62.589,64.802,62.584,64.361,64.5989539352584,67.82941893158656,45554
2025-04-21,64.125,64.155,62.305,63.241,64.46962498904331,67.67897896661651,38682
2025-04-22,63.284,64.888,63.264,64.02,64.42680356151537,67.55901244312089,44690
2025-04-23,64.294,65.383,62.016,62.806,64.27244131756153,67.40317596957594,52706
2025-04-24,62.763,63.791,62.472,63.277,64.17763738255567,67.26789151155705,42593
2025-04-25,63.299,63.842,62.271,63.606,64.12319572707418,67.14782949478469,44629
2025-04-28,63.943,64.109,61.885,62.317,63.95117708640044,66.98944164249667,45374
2025-04-29,62.405,62.455,60.497,60.537,63.62601736388611,66.77788617880826,49508
2025-04-30,60.535,60.772,58.257,58.522,63.13992047208743,66.50720138606044,57122
2025-05-01,58.622,59.814,56.71,59.33,62.7770709033172,66.27188330782896,52110
2025-05-02,59.263,60.173,58.047,58.649,62.38392129347747,66.02195270757227,48378
2025-05-05,55.886,57.95,55.649,57.457,61.91469069409867,65.74113458601252,48532
2025-05-06,57.411,60.063,57.26,59.213,61.65738681847022,65.52709738647113,49175
2025-05-07,59.452,60.482,58.042,58.181,61.326302359568295,65.28624173445569,47530
2025-05-08,58.115,60.478,57.944,60.478,61.24551165865703,65.12859446447354,43393
2025-05-09,60.406,61.65,60.09,61.273,61.248129595927786,65.00218153121212,40678
2025-05-12,61.511,63.747,61.16,62.122,61.33135534869657,64.9077493498609,46999
2025-05-13,62.034,64.029,61.779,63.733,61.56008341072547,64.86923297773431,38981
2025-05-14,63.719,63.775,62.836,62.931,61.69064689541828,64.80568435551352,37035
2025-05-15,62.898,62.978,60.573,61.707,61.692204333949874,64.70408814713603,45262
2025-05-16,61.719,62.667,61.27,62.403,61.75989915928798,64.62864263411518,36184
2025-05-19,62.291,63.158,61.444,62.587,61.838670667927225,64.56170353135731,39038
2025-05-20,62.523,63.072,61.934,62.704,61.92108298526749,64.5007952188538,37308
2025-05-21,62.685,64.614,61.717,61.748,61.90459889143249,64.41053963790777,45855
2025-05-22,61.724,62.157,60.647,61.225,61.83987518748654,64.30609571535342,42982
2025-05-23,61.176,62.274,60.431,62.122,61.866744217249725,64.23448601976807,42386
2025-05-26,62.085,62.502,61.602,61.894,61.869340006083085,64.1577487732183,21430
2025-05-27,61.9,62.226,60.618,61.396,61.824260005503746,64.06719963311278,38782
2025-05-28,61.433,62.856,61.176,62.211,61.86109238593196,64.00634062874842,37670
2025-05-29,62.178,63.384,60.861,61.177,61.79594073012892,63.91357536223207,43678
2025-05-30,61.153,62.013,60.139,61.057,61.725565422497596,63.8199171536343,46135
2025-06-02,61.804,64.139,61.804,63.27,61.87265442987878,63.80188708302334,49908
2025-06-03,63.211,64.135,62.658,63.581,62.03535400798556,63.79464488357995,41709
2025-06-04,63.608,64.181,62.419,62.954,62.12284410246313,63.76708275624946,39652
2025-06-05,62.926,64.196,62.73,63.452,62.24943037841902,63.75675217407734,34737
2025-06-06,63.393,65.004,63.017,64.982,62.50967510428388,63.796924233943656,36496
2025-06-09,64.979,65.586,64.357,65.529,62.79722985625684,63.853713603322554,33704
2025-06-10,65.53,66.428,64.724,64.872,62.99482701280381,63.88710004255788,38134
2025-06-11,64.919,68.507,64.748,68.345,63.504367297298685,64.03326069690024,45224
2025-06-12,68.847,69.137,66.848,68.941,64.0221418404131,64.19417018224777,50246
2025-06-13,68.806,77.722,68.606,73.344,64.90993785561184,64.49416460250194,99070
2025-06-16,76.501,76.629,69.453,71.658,65.55261044079167,64.72904445160023,63627
2025-06-17,71.194,75.394,71.158,75.352,66.48588563690674,65.07733807613793,65435
2025-06-18,75.213,75.919,72.959,74.777,67.27551557624896,65.39535977855964,62400
2025-06-19,74.628,77.372,74.209,75.441,68.05318075946334,65.72472503172162,43054
2025-06-20,74.703,75.847,73.861,75.52,68.76430640141922,66.04588158805862,55594
2025-06-23,78.082,78.587,67.905,68.644,68.7528486489031,66.1310657982862,75080
2025-06-24,68.942,68.957,65.179,66.201,68.50981544424566,66.13335872293256,72101
2025-06-25,66.394,67.189,65.682,66.063,68.27678540193655,66.13105187955772,41417
2025-06-26,66.133,67.548,65.762,66.285,68.08709155413307,66.13609935891648,37002
2025-06-27,66.513,67.179,65.863,66.141,67.9017495013585,66.13626003567332,34718
2025-06-30,65.93,66.767,65.458,65.893,67.71044002503864,66.12828429679878,33402
2025-07-01,65.827,66.876,65.558,66.46,67.59135049884448,66.13916022149391,32583
2025-07-02,66.413,68.466,66.084,68.373,67.66579330847834,66.21240086996951,35669
2025-07-03,68.265,68.412,67.374,67.98,67.69571775528993,66.27035493980658,30744
2025-07-04,67.822,67.973,66.83,67.291,67.65717320716708,66.30381871227193,18536
2025-07-07,66.45,68.996,66.192,68.601,67.74706147315116,66.3791361315417,37435
2025-07-08,68.558,69.548,67.962,68.774,67.84486514237486,66.4576562583764,32600
2025-07-09,68.701,69.523,68.293,68.856,67.94116370024392,66.53629047941324,31322
2025-07-10,68.773,69.186,66.994,67.386,67.88829096688735,66.56414980795707,32344
2025-07-11,67.435,69.262,66.996,69.182,68.01150135099331,66.64998096179454,32887
2025-07-14,69.192,70.026,67.154,67.199,67.93412026994633,66.66798158599799,35828
2025-07-15,67.193,67.459,66.555,67.015,67.84658500614192,66.67935923891609,34467
2025-07-16,67.021,67.225,65.8,66.81,67.7478626246046,66.68364254255819,32902
2025-07-17,66.765,67.772,66.403,67.72,67.74520904130891,66.71762147558907,31305
2025-07-18,67.653,68.93,67.302,67.402,67.71252246594615,66.74006011573368,35740
2025-07-21,67.331,67.687,66.46,66.973,67.64209175490366,66.74769748898832,31474
2025-07-22,66.984,67.06,66.007,66.632,67.54589254015093,66.74390412869363,34639
2025-07-23,66.653,66.923,65.875,66.576,67.45352182204132,66.73839907529384,32573
2025-07-24,66.561,67.513,66.445,67.303,67.43918641041834,66.75691058102191,35012
2025-07-25,67.207,67.771,66.057,66.113,67.31288294275946,66.73579875869332,30670
2025-07-28,66.13,68.109,66.044,67.956,67.37413218630617,66.77580535676896,32824
2025-07-29,67.956,70.724,67.448,70.196,67.64288150189606,66.88794288605521,35275
2025-07-30,70.194,71.451,69.363,71.217,67.98327373981071,67.02987918487308,39231
2025-07-31,71.119,71.306,69.443,70.272,68.20124766935255,67.13617822799199,35060
2025-08-01,70.114,70.412,67.872,67.972,68.17941455798564,67.16358222051684,42440
2025-08-04,67.464,68.434,66.131,66.892,68.05680364770129,67.15467788541793,37966
2025-08-05,66.883,67.019,65.646,65.776,67.83958425268212,67.10947533179767,35287
2025-08-06,65.722,67.297,64.214,64.848,67.55467146671239,67.03532859960758,38256
2025-08-07,64.925,65.646,64.235,64.344,67.2488932317874,66.94708831765324,36442
2025-08-08,64.296,65.072,63.314,63.811,66.92147482876004,66.84426574986134,37146
2025-08-11,63.695,64.812,63.398,64.343,66.67590579744956,66.76225703675112,32727
2025-08-12,64.37,64.672,63.395,63.414,66.36524810245436,66.65247811751338,32138
2025-08-13,63.296,63.653,62.236,63.036,66.04817685460156,66.53390506448015,31722
2025-08-14,63.037,64.165,62.829,64.057,65.85854096368713,66.45269506236605,31153
2025-08-15,63.966,64.22,62.819,63.275,65.61248944333597,66.34850833900978,30516
2025-08-18,62.647,63.901,62.328,63.519,65.4131094963516,66.25573757379635,33846
2025-08-19,63.413,63.535,62.506,62.839,65.16795621098477,66.14371339104893,30722
2025-08-20,62.785,63.85,62.653,63.656,65.02396038136717,66.06214901757193,33382
2025-08-21,63.712,64.503,63.338,64.279,64.95301177361792,66.00368511535645,31553
2025-08-22,64.264,64.725,64.102,64.547,64.9143439856543,65.95592494763984,31202
2025-08-25,64.531,65.836,64.258,65.471,64.96735884416341,65.94002576902871,26775
2025-08-26,65.415,65.471,63.833,63.994,64.87465800186213,65.876221645454,31422
2025-08-27,63.984,64.905,63.636,64.499,64.83888104930384,65.83106683740633,27518
2025-08-28,64.464,65.348,64.02,64.943,64.84879713984633,65.80194989191759,28998
2025-08-29,64.888,65.186,64.509,64.594,64.82453074557525,65.76234497742848,27589
2025-09-01,64.527,65.431,64.2,65.169,64.85733734123474,65.7428910437423,16115
2025-09-02,65.077,66.564,65.031,66.134,64.97892426111714,65.75571428820977,34379
2025-09-03,66.013,66.235,64.23,64.258,64.91026480767742,65.70660890171109,36405
2025-09-04,64.279,64.304,63.216,63.749,64.7996681593272,65.64242500329433,32432
2025-09-05,63.73,63.926,61.882,62.384,64.56960452510556,65.53559139662894,35166
2025-09-08,62.703,63.689,62.22,62.792,64.40030885604789,65.44563758034603,33829
2025-09-09,62.753,63.965,62.708,63.089,64.27542229832903,65.36837077443305,31180
2025-09-10,63.04,64.392,63.04,64.029,64.25195350801198,65.32445697854999,31317
2025-09-11,64.004,64.08,62.493,62.551,64.08995793582037,65.23352396285982,30453
2025-09-12,62.522,64.23,61.95,62.843,63.97120003717081,65.15514612801196,36720
2025-09-15,62.763,63.832,62.708,63.465,63.92299050982121,65.09973150086402,27647
2025-09-16,63.473,64.849,63.08,64.641,63.99137236602871,65.08469112378651,33193
2025-09-17,64.598,64.764,63.798,64.078,63.99962261688312,65.05168485743286,30943
2025-09-18,64.036,64.641,63.452,63.758,63.97661093908473,65.00926896046785,33306
2025-09-19,63.706,63.771,62.634,62.763,63.861028944886186,64.93562079782956,31848
2025-09-22,62.846,63.37,61.991,62.684,63.74893095013512,64.86179716511383,30721
2025-09-23,62.677,64.242,62.2,63.999,63.77274705012225,64.83350873347075,34681
2025-09-24,63.987,65.406,63.605,65.153,63.90419971201537,64.84398385696352,32500
2025-09-25,65.09,65.684,64.407,65.592,64.06494259658534,64.86850897640734,34693
2025-09-26,65.564,66.746,64.996,65.488,64.20047187310102,64.88882015750875,35496
2025-09-29,65.313,65.69,63.279,63.408,64.12499836137711,64.84026867693468,36566
2025-09-30,63.406,63.521,62.296,62.672,63.98661756505548,64.76917790064175,38841
2025-10-01,62.72,63.152,61.656,62.036,63.80084446362163,64.67956551045677,37097
2025-10-02,62.004,62.747,60.629,60.879,63.52257356232433,64.55495680519589,37238
2025-10-03,60.927,61.61,60.777,60.916,63.27432846115059,64.43564674600914,33540
2025-10-06,61.642,62.294,61.231,61.882,63.14172575056482,64.35192062318917,34852
2025-10-07,61.951,62.272,60.902,62.2,63.05203758384436,64.28136584865838,32619
2025-10-08,62.354,63.082,62.244,62.438,62.99355781395442,64.2209276241122,31212
2025-10-09,62.401,63.028,61.404,61.663,62.86683802214923,64.13706114463312,37397
2025-10-10,61.637,61.812,58.513,58.518,62.45266297242073,63.95282963169433,46055
2025-10-13,59.495,60.266,59.309,59.654,62.186123641714,63.81188439786828,42347
2025-10-14,59.688,59.908,57.765,58.651,61.849445199646,63.64267507334801,46153
2025-10-15,58.739,59.41,58.261,58.794,61.55845041872733,63.48370212012348,37631
2025-10-16,58.801,59.099,57.249,57.388,61.16126466456282,63.283843034217796,42151
2025-10-17,57.497,57.77,56.59,57.652,60.8270489822235,63.099192442931965,46613
2025-10-20,57.714,57.85,56.379,57.315,60.49256812677365,62.909546789065345,33298
2025-10-21,57.323,58.461,56.749,57.941,60.24956163850949,62.74664361565337,39263
2025-10-22,57.959,60.23,57.722,59.599,60.18760338722287,62.64344218563195,46992
2025-10-23,60.346,62.602,60.054,62.087,60.368498302725456,62.625198179545656,57234
2025-10-24,62.129,62.979,61.621,61.831,60.507784178656365,62.59915889497039,40650
2025-10-27,62.357,62.513,61.014,61.848,60.635423780689095,62.57453073447955,39303
2025-10-28,61.815,61.815,60.086,60.476,60.62024056348061,62.505726448103175,41845
2025-10-29,60.544,61.338,60.011,60.643,60.622408128863405,62.44465344980471,39893
2025-10-30,60.665,61.083,59.936,60.589,60.61922640230499,62.3838123530898,39772
2025-10-31,60.5,61.661,60.274,61.148,60.669585792561655,62.34329391528358,36995
2025-11-03,61.662,61.743,60.764,61.245,60.72438714565102,62.30728427871691,35682
2025-11-04,61.211,61.242,60.167,60.633,60.71568360796997,62.2523897122016,35027
2025-11-05,60.605,61.287,59.732,59.811,60.629523264353786,62.17234414786712,39139
2025-11-06,59.908,60.701,59.026,59.678,60.53890200108199,62.090562372527216,42508
2025-11-07,59.844,60.637,59.504,59.979,60.48557800097895,62.021330819329606,43152
2025-11-10,60.058,60.615,59.552,60.173,60.45580866755238,61.96072980885978,36598
2025-11-11,60.17,61.403,59.789,61.131,60.52011260397597,61.93352555283159,34942
2025-11-12,61.138,61.178,58.422,58.501,60.327816165502064,61.820983731427276,40236
2025-11-13,58.468,59.31,58.218,58.692,60.17202414973996,61.71839410088867,40383
2025-11-14,58.814,60.624,58.814,59.911,60.14716470690758,61.65913527790872,48603
2025-11-17,59.542,60.435,59.357,59.782,60.11238711577352,61.59758985896089,35867
2025-11-18,59.803,60.972,59.397,60.7,60.168350247604614,61.568160683257254,44565
2025-11-19,60.631,60.821,58.792,59.532,60.10774546211846,61.50140131659308,44824
2025-11-20,59.503,60.211,58.707,58.866,59.98948398953575,61.414994716049044,48902
2025-11-21,58.847,58.847,57.5,58.09,59.80858075243711,61.30597849585072,53766
2025-11-24,58.017,59.16,57.526,59.003,59.731858776014526,61.23047100418348,38862
2025-11-25,58.974,59.055,57.202,58.152,59.58139603544171,61.129537528636476,42269
2025-11-26,58.148,58.81,57.758,58.638,59.49154879397108,61.047847773599216,36686
2025-11-27,58.625,59.246,58.374,59.206,59.46435367073574,60.9874593220058,17926
2025-11-28,59.096,59.723,58.37,58.536,59.37593903542757,60.9070836065302,10486
2025-12-01,59.303,60.044,58.917,59.617,59.398897222529705,60.86478578336528,37858
2025-12-02,59.603,59.729,58.362,58.666,59.32909748705068,60.79269444620576,35916
2025-12-03,58.713,59.694,58.437,59.162,59.3131834406649,60.73922905452688,37627
2025-12-04,59.134,60.085,58.874,59.733,59.35316597012539,60.706237937985016,34822
2025-12-05,59.695,60.551,59.48,60.179,59.43181683011345,60.688951448215015,33563
2025-12-08,60.231,60.347,58.726,58.854,59.37678665581693,60.62878910565059,35230
2025-12-09,58.901,59.201,58.181,58.389,59.28271173621532,60.555353397268604,33211
2025-12-10,58.411,59.067,57.696,58.975,59.25340585657577,60.503538531784386,37057
2025-12-11,58.942,58.972,57.036,57.9,59.12451006071141,60.41817661270949,41075
2025-12-12,57.971,58.207,57.166,57.524,58.97208053111984,60.32328557622721,39125
2025-12-15,57.421,57.822,56.443,56.742,58.759691909108426,60.20586637700664,36974
2025-12-16,56.712,56.742,55.081,55.2,58.42067363205048,60.04173961054741,43753
2025-12-17,55.321,57.001,55.321,56.936,58.27927614328377,59.93991208233274,43506
2025-12-18,56.976,57.036,55.922,56.082,58.07001174868531,59.81342316160052,36418
2025-12-19,56.062,56.91,55.796,56.728,57.94220110595337,59.712261746466076,35320
2025-12-22,57.022,58.306,56.952,58.105,57.957705762529244,59.65956464002456,33849
2025-12-23,58.114,58.71,57.909,58.655,58.02411473752646,59.626628094449984,28182
2025-12-24,58.595,58.916,58.304,58.555,58.07467523871442,59.59149274709097,21869
2025-12-26,58.582,59.023,56.798,57.057,57.97775378740828,59.50839462423553,29205
2025-12-29,57.16,58.414,57.1,57.951,57.975205807655115,59.45733250540813,35137
2025-12-30,57.961,58.587,57.735,58.09,57.986138587878436,59.412501931460326,28849
2025-12-31,57.985,58.666,57.329,57.528,57.942506341413825,59.35071498288786,28715
2026-01-02,57.642,58.028,56.705,57.42,57.892743832707744,59.28741285230137,34528
2026-01-05,57.047,58.58,56.396,58.444,57.94524442006891,59.25975997189805,45149
2026-01-06,58.333,58.934,56.922,57.01,57.85617352291949,59.18599734986861,42562
2026-01-07,57.045,57.226,55.828,56.418,57.719204615974775,59.0952433383975,49886
2026-01-08,56.418,58.791,56.038,58.46,57.78975655731051,59.074415687958236,44714
2026-01-09,58.445,59.837,57.674,58.799,57.88587498042379,59.06538566540223,48358
2026-01-12,59.187,59.942,58.496,59.832,58.07122022038343,59.090520561618554,47099
2026-01-13,59.861,61.533,59.511,61.142,58.36367543748977,59.15778218254909,52583
2026-01-14,61.171,62.457,59.338,60.713,58.587420633919315,59.208772930662235,57747
2026-01-15,61.048,61.234,59.005,59.39,58.663856764022235,59.21471480178806,54729
2026-01-16,59.389,60.283,59.048,59.474,58.741013262686785,59.2232159558278,40666
2026-01-19,59.117,59.775,58.776,59.64,58.826631047192805,59.23688100645639,27909
2026-01-20,59.582,60.717,58.93,59.697,58.90952332841254,59.25196687509717,47018
2026-01-21,59.801,61.086,59.425,60.889,59.09804491618277,59.305640092307094,49734
2026-01-22,60.823,61.003,59.157,59.758,59.16089778130822,59.320471564690465,43721
2026-01-23,59.847,61.537,59.717,61.477,59.381478944993155,59.39117741502848,43840
2026-01-26,60.97,61.878,60.499,61.014,59.53695714070809,59.4443847128964,46090
2026-01-27,60.958,62.774,60.316,62.732,59.841246936831126,59.55217537804734,47790
2026-01-28,62.756,63.712,62.234,63.617,60.20084246665673,59.68544831647201,48746
2026-01-29,63.576,66.634,63.44,65.55,60.71028604126085,59.8777286995385,67824
2026-01-30,65.623,66.25,63.794,65.883,61.20292546590267,60.07462284053724,73704
2026-02-02,63.781,64.062,61.547,62.448,61.32150399295956,60.15243848510979,72174
2026-02-03,62.351,64.326,61.229,64.003,61.576884565058656,60.27868640363078,58555
2026-02-04,63.862,65.641,62.975,64.632,61.86784793981497,60.42141799695436,59745
2026-02-05,64.425,64.771,62.773,63.172,61.992052897927834,60.51160101344766,62347
2026-02-06,63.196,64.683,62.314,63.575,62.14280976479185,60.612040324482166,59681
2026-02-09,62.823,64.952,62.703,64.484,62.3657802633831,60.738989822040125,48257
2026-02-10,64.468,64.763,63.722,64.247,62.5449440478228,60.85400654918635,45980
2026-02-11,64.275,65.898,64.245,64.99,62.77780651945873,60.98961289183598,48743
2026-02-12,64.883,65.159,62.456,63.02,62.800872565224566,61.056182960956114,52101
2026-02-13,62.989,63.309,62.198,62.853,62.80583708282223,61.11509499502313,51580
2026-02-16,63.073,63.861,62.521,63.73,62.89385259874392,61.20082958535024,24597
2026-02-17,63.699,64.12,61.925,62.369,62.843866636958786,61.23913025468302,47307
2026-02-18,62.315,65.589,62.27,65.091,63.057879338200806,61.365421066004885,46853
2026-02-19,64.996,66.981,64.991,66.815,63.415700353610255,61.544095785152265,50987
2026-02-20,66.61,67.191,65.988,66.479,63.707443177075945,61.705895923343995,52616
2026-02-23,65.795,67.415,65.595,66.416,63.96540096973538,61.86032556520157,46887
2026-02-24,66.446,67.278,65.685,66.2,64.17821992499867,62.00260997289988,52505
2026-02-25,66.23,66.711,65.248,65.688,64.32200850357023,62.12344243280481,47840
2026-02-26,65.788,66.826,63.719,65.567,64.44057912227782,62.23634595959809,58612
2026-02-27,65.387,67.936,64.966,67.324,64.71519063444184,62.4031542887916,60689
2026-03-02,75.053,75.084,69.436,71.472,65.35869628830451,62.70049349243777,103440
2026-03-03,71.353,78.078,70.512,75.022,66.27901092751361,63.104477312357844,110043
2026-03-04,75.032,77.33,73.405,76.207,67.22453369632184,63.534068220149386,95191
2026-03-05,76.037,82.246,75.121,78.894,68.33591143952928,64.03767254080023,99863
2026-03-06,79.515,92.632,78.328,91.083,70.50230082624078,64.92440458864284,119515
2026-03-09,109.375,119.559,81.307,84.958,71.87903408088452,65.58124378245783,185436
2026-03-10,85.748,91.539,76.85,86.522,73.27360226365742,66.26782595352479,148982
2026-03-11,87.352,88.972,81.867,88.471,74.72097347664243,66.99579887308136,110526
2026-03-12,89.37,97.237,88.935,96.424,76.78792838362887,67.96065792642295,118139
2026-03-13,97.187,99.359,92.139,98.836,78.88774472804516,68.97296422391729,93597
2026-03-16,100.872,101.535,93.556,94.879,80.41072142061229,69.82234244608394,92540
2026-03-17,95.081,99.383,94.562,96.878,81.97903366626826,70.7094131855566,76587
2026-03-18,96.983,101.474,93.045,100.752,83.76693522186176,71.6944160319318,90029
2026-03-19,99.253,102.162,93.69,96.12,84.94341758168444,72.49525485055698,112053
2026-03-20,96.184,100.363,93.994,99.681,86.34699685961925,73.38659075709609,85263
2026-03-23,101.44,103.166,85.743,90.178,86.71185430156028,73.93712876506015,123102
2026-03-24,90.205,94.69,87.577,89.19,86.94786817760216,74.43722290391064,90021
2026-03-25,90.16,92.836,87.661,92.674,87.49321406544958,75.03515002181521,81826
2026-03-26,92.467,96.703,90.718,95.141,88.22157463064485,75.69435821782128,66847
2026-03-27,94.639,102.479,93.276,102.033,89.53694847534534,76.55792024346648,70632
2026-03-30,103.41,106.518,100.905,106.189,91.12285814436007,77.52943105515611,80956
2026-03-31,106.006,107.982,100.719,102.689,92.22439546394482,78.35433495498705,92855
2026-04-01,102.861,104.382,97.505,99.92,92.95731018166435,79.06140594006945,79315
2026-04-02,99.749,115.066,98.482,112.898,94.85642349769633,80.17080246662455,103938
2026-04-06,114.655,116.303,109.771,113.515,96.63343078363,81.26405484476801,94318
2026-04-07,113.575,118.472,110.236,111.821,98.07986594709381,82.26592189903792,96417
2026-04-08,109.607,109.743,91.713,97.049,97.98168823784678,82.75061298431537,124796
2026-04-09,97.233,103.282,95.868,98.832,98.06267031043281,83.27787157499355,85089
2026-04-10,98.663,101.002,96.052,96.087,97.87451123324873,83.69784299876426,64783
2026-04-13,104.848,106.069,97.455,98.384,97.92303397293932,84.17935634306707,73999
2026-04-14,98.351,98.366,91.405,92.186,97.37664978504034,84.44186924985176,68562
2026-04-15,92.389,93.863,87.977,92.555,96.91744504360793,84.70787353674187,29694