time,open,high,low,close,Volume
2012-11-06,54.588,54.791,54.363,54.43,0
2012-11-07,54.418,54.43,53.973,54.405,0
2012-11-08,54.405,54.6725,54.21,54.425,0
2012-11-09,54.425,54.805,54.219,54.675,0
2012-11-12,54.675,55.118,54.59,54.965,0
2012-11-13,54.965,55.05,54.833,54.965,0
2012-11-14,54.965,55.018,54.818,55.018,0
2012-11-15,55.008,55.083,54.66,54.885,0
2012-11-16,54.7,55.225,54.68,55.15,0
2012-11-19,55.195,55.195,54.855,54.968,0
2012-11-20,54.845,55.135,54.82,55.105,0
2012-11-21,55.098,55.365,55.03,55.105,0
2012-11-22,55.105,55.295,55.015,55.22,0
2012-11-23,55.22,55.605,55.13,55.52,0
2012-11-26,55.443,55.87,55.4,55.535,0
2012-11-27,55.535,55.775,55.355,55.455,0
2012-11-28,55.448,55.703,55.448,55.69,0
2012-11-29,55.69,55.69,54.605,54.605,0
2012-11-30,54.605,54.84,54.237,54.26,0
2012-12-03,54.26,54.773,54.26,54.76,0
2012-12-04,54.768,54.955,54.6,54.72,0
2012-12-05,54.72,54.72,54.433,54.5525,0
2012-12-06,54.538,54.57,54.02,54.13,0
2012-12-07,54.13,54.55,54.113,54.47,0
2012-12-10,54.47,54.56,54.28,54.35,0
2012-12-11,54.5,54.5,54.26,54.27,0
2012-12-12,54.318,54.33,54.153,54.315,0
2012-12-13,54.315,54.518,54.11,54.46,0
2012-12-14,54.46,54.68,54.278,54.48,0
2012-12-17,54.48,54.89,54.42,54.85,0
2012-12-18,54.848,55.05,54.638,54.928,0
2012-12-19,54.85,54.938,54.513,54.55,0
2012-12-20,54.548,54.928,54.528,54.8487,0
2012-12-21,54.868,55.268,54.798,55.058,0
2012-12-24,55.06,55.205,54.948,54.948,0
2012-12-25,54.95,55.008,54.95,54.955,0
2012-12-26,55.008,55.075,54.81,54.84,0
2012-12-27,54.838,55.008,54.74,54.93,0
2012-12-28,54.928,54.97,54.753,54.753,0
2012-12-31,54.77,54.998,54.6325,54.858,0
2013-01-01,54.995,54.995,54.68,54.68,0
2013-01-02,54.678,54.681,54.248,54.355,0
2013-01-03,54.348,54.6,54.178,54.48,0
2013-01-04,54.455,55.173,54.448,54.93,0
2013-01-07,55.07,55.333,54.94,55.22,0
2013-01-08,55.218,55.375,54.938,55,0
2013-01-09,55,55.078,54.71,54.75,0
2013-01-10,54.748,54.838,54.463,54.57,0
2013-01-11,54.57,54.83,54.367,54.81,0
2013-01-14,54.755,54.81,54.428,54.49,0
2013-01-15,54.493,54.685,54.35,54.62,0
2013-01-16,54.62,54.893,54.6,54.6875,0
2013-01-17,54.6875,54.773,54.213,54.35,0
2013-01-18,54.35,54.35,53.71,53.82,0
2013-01-21,53.738,53.95,53.65,53.768,0
2013-01-22,53.768,53.88,53.388,53.718,0
2013-01-23,53.718,53.88,53.595,53.668,0
2013-01-24,53.638,53.88,53.608,53.7,0
2013-01-25,53.678,53.868,53.648,53.793,0
2013-01-28,53.798,54.053,53.685,54.048,0
2013-01-29,54.048,54.048,53.5525,53.648,0
2013-01-30,53.648,53.765,53.213,53.238,0
2013-01-31,53.238,53.375,53.08,53.268,0
2013-02-01,53.268,53.4,53.168,53.195,0
2013-02-04,53.163,53.338,52.91,53.283,0
2013-02-05,53.328,53.388,53.023,53.135,0
2013-02-06,53.135,53.25,52.9,53.16,0
2013-02-07,53.153,53.333,53.058,53.218,0
2013-02-08,53.218,53.678,53.168,53.588,0
2013-02-11,53.588,53.978,53.5131,53.855,0
2013-02-12,53.848,54.093,53.753,53.788,0
2013-02-13,53.848,53.913,53.708,53.825,0
2013-02-14,53.818,54.028,53.668,53.988,0
2013-02-15,53.988,54.348,53.808,54.318,0
2013-02-18,54.318,54.425,54.15,54.258,0
2013-02-19,54.258,54.308,54.138,54.2,0
2013-02-20,54.2,54.238,54.03,54.0675,0
2013-02-21,54.068,54.62,54.068,54.475,0
2013-02-22,54.473,54.538,54.16,54.273,0
2013-02-25,54.185,54.285,53.848,53.993,0
2013-02-26,53.993,54.21,53.858,54.093,0
2013-02-27,54.043,54.12,53.633,53.723,0
2013-02-28,53.858,54.523,53.62,54.36,0
2013-03-01,54.363,54.938,54.318,54.898,0
2013-03-04,54.905,55.135,54.8,54.865,0
2013-03-05,54.858,54.948,54.613,54.925,0
2013-03-06,54.918,54.925,54.62,54.72,0
2013-03-07,54.72,54.905,54.448,54.565,0
2013-03-08,54.558,54.6,54.28,54.343,0
2013-03-11,54.343,54.51,54.175,54.408,0
2013-03-12,54.4125,54.416,54.123,54.1925,0
2013-03-13,54.173,54.443,54.023,54.403,0
2013-03-14,54.298,54.525,54.17,54.353,0
2013-03-15,54.3662,54.3662,53.98,54.023,0
2013-03-18,54.025,54.34,54.025,54.175,0
2013-03-19,54.175,54.483,53.91,54.4,0
2013-03-20,54.4,54.533,54.27,54.323,0
2013-03-21,54.3675,54.423,54.198,54.285,0
2013-03-22,54.278,54.427,54.266,54.343,0
2013-03-25,54.343,54.343,54.06,54.168,0
2013-03-26,54.18,54.508,54.18,54.415,0
2013-03-27,54.363,54.433,54.283,54.388,0
2013-03-28,54.423,54.468,54.27,54.27,0
2013-03-29,54.278,54.345,54.278,54.285,0
2013-04-01,54.278,54.285,54.245,54.28,0
2013-04-02,54.28,54.443,54.25,54.38,0
2013-04-03,54.423,54.533,54.27,54.523,0
2013-04-04,54.45,54.943,54.358,54.885,0
2013-04-05,54.883,54.9,54.773,54.803,0
2013-04-08,54.8125,54.85,54.513,54.575,0
2013-04-09,54.575,54.655,54.4175,54.473,0
2013-04-10,54.585,54.585,54.403,54.525,0
2013-04-11,54.525,54.525,54.263,54.298,0
2013-04-12,54.298,54.653,54.298,54.613,0
2013-04-15,54.525,54.79,54.388,54.6287,0
2013-04-16,54.6287,54.63,53.988,54.155,0
2013-04-17,54.148,54.243,53.78,54.215,0
2013-04-18,54.208,54.245,53.918,54.023,0
2013-04-19,54.023,54.025,53.858,53.933,0
2013-04-22,53.933,54.235,53.933,54.203,0
2013-04-23,54.138,54.42,54.138,54.385,0
2013-04-24,54.38,54.385,54.178,54.273,0
2013-04-25,54.273,54.273,54.098,54.098,0
2013-04-26,54.098,54.45,54.087,54.373,0
2013-04-29,54.373,54.385,54.181,54.228,0
2013-04-30,54.228,54.255,53.673,53.678,0
2013-05-01,53.678,53.805,53.648,53.7,0
2013-05-02,53.658,53.95,53.658,53.808,0
2013-05-03,53.808,54.054,53.778,53.803,0
2013-05-06,53.803,54.245,53.775,54.173,0
2013-05-07,54.173,54.36,54.053,54.058,0
2013-05-08,54.128,54.185,54.018,54.078,0
2013-05-09,54.158,54.36,54.037,54.255,0
2013-05-10,54.248,54.87,54.248,54.803,0
2013-05-13,54.803,55.02,54.72,54.828,0
2013-05-14,54.828,54.828,54.548,54.798,0
2013-05-15,54.798,54.9,54.663,54.778,0
2013-05-16,54.778,54.885,54.66,54.778,0
2013-05-17,54.778,55,54.778,54.878,0
2013-05-20,54.878,55.133,54.878,55.033,0
2013-05-21,55.108,55.478,54.96,55.428,0
2013-05-22,55.428,55.653,55.318,55.653,0
2013-05-23,55.653,56.005,55.55,55.69,0
2013-05-24,55.708,55.813,55.445,55.75,0
2013-05-27,55.813,55.813,55.53,55.565,0
2013-05-28,55.565,56.128,55.565,56.108,0
2013-05-29,56.108,56.373,56.09,56.298,0
2013-05-30,56.298,56.385,56.05,56.378,0
2013-05-31,56.378,56.765,56.378,56.573,0
2013-06-03,56.573,56.818,56.425,56.668,0
2013-06-04,56.668,56.765,56.41,56.488,0
2013-06-05,56.488,56.848,56.32,56.848,0
2013-06-06,56.723,56.995,56.698,56.838,0
2013-06-07,56.85,57.12,56.693,57.058,0
2013-06-10,57.058,58.155,57.058,58.148,0
2013-06-11,58.148,58.978,58.035,58.38,0
2013-06-12,58.38,58.395,57.73,57.79,0
2013-06-13,57.795,58.545,57.795,57.998,0
2013-06-14,57.98,57.998,57.418,57.5287,0
2013-06-17,57.5287,58.105,57.513,57.8663,0
2013-06-18,57.95,58.868,57.8763,58.838,0
2013-06-19,58.838,58.9,58.63,58.713,0
2013-06-20,58.713,59.973,58.713,59.568,0
2013-06-21,59.575,59.778,59.16,59.268,0
2013-06-24,59.2725,59.8225,59.27,59.8,0
2013-06-25,59.808,59.81,59.448,59.658,0
2013-06-26,59.658,60.76,59.618,60.713,0
2013-06-27,60.72,60.735,60.125,60.188,0
2013-06-28,60.2,60.205,59.22,59.43,0
2013-07-01,59.526,59.596,58.97,59.378,0
2013-07-02,59.378,59.705,59.185,59.548,0
2013-07-03,59.53,60.444,59.53,60.22,0
2013-07-04,60.219,60.402,59.918,60.175,0
2013-07-05,60.175,61.12,59.99,60.24,0
2013-07-08,60.24,61.2,60.238,60.688,0
2013-07-09,60.688,60.7,59.878,60.095,0
2013-07-10,60.095,60.205,59.66,59.888,0
2013-07-11,59.888,59.973,59.398,59.827,0
2013-07-12,59.827,60.18,59.565,59.884,0
2013-07-15,59.884,60.07,59.785,59.895,0
2013-07-16,59.895,59.95,58.96,59.293,0
2013-07-17,59.293,59.57,59.11,59.323,0
2013-07-18,59.323,59.82,59.258,59.675,0
2013-07-19,59.675,59.86,59.31,59.39,0
2013-07-22,59.39,59.725,59.32,59.718,0
2013-07-23,59.7,59.864,59.54,59.758,0
2013-07-24,59.758,59.765,58.95,59.1312,0
2013-07-25,59.127,59.37,58.748,58.945,0
2013-07-26,59.115,59.22,58.66,59.038,0
2013-07-29,59.038,59.498,59.038,59.42,0
2013-07-30,59.412,60.93,59.28,60.808,0
2013-07-31,60.808,61.22,60.37,60.63,0
2013-08-01,60.63,60.9,60.255,60.565,0
2013-08-02,60.433,61.16,60.433,61.098,0
2013-08-05,61.098,61.105,60.725,60.877,0
2013-08-06,60.877,61.805,60.783,60.783,0
2013-08-07,60.783,61.464,60.783,61.203,0
2013-08-08,61.2,61.395,60.724,60.724,0
2013-08-09,60.724,60.885,60.687,60.8613,0
2013-08-12,60.8613,61.34,60.48,61.275,0
2013-08-13,61.275,61.66,60.91,61.45,0
2013-08-14,61.45,61.6,61.17,61.29,0
2013-08-15,61.277,61.59,61.23,61.4437,0
2013-08-16,61.418,61.998,61.333,61.7063,0
2013-08-19,61.658,63.46,61.658,63.13,0
2013-08-20,63.125,64.103,63.11,63.36,0
2013-08-21,63.23,64.75,63.123,64.108,0
2013-08-22,64.108,65.553,64.045,64.63,0
2013-08-23,64.41,64.75,63.21,63.3525,0
2013-08-26,63.3525,64.723,63.213,64.18,0
2013-08-27,64.293,67.22,64.22,66.19,0
2013-08-28,66.303,69.22,66.2,68.825,0
2013-08-29,68.798,68.825,66.52,66.548,0
2013-08-30,66.595,67.45,65.705,65.705,0
2013-09-02,65.705,66.5,65.6937,66.015,0
2013-09-03,65.998,68.23,65.998,67.73,0
2013-09-04,67.73,68.61,66.46,67.09,0
2013-09-05,67.09,67.09,65.54,66.115,0
2013-09-06,66.008,66.295,65.01,65.245,0
2013-09-09,65.238,65.245,64.82,65.245,0
2013-09-10,65.245,65.245,63.51,63.84,0
2013-09-11,63.838,64.19,63.013,63.365,0
2013-09-12,63.268,63.978,62.9,63.535,0
2013-09-13,63.423,64.173,63.25,63.495,0
2013-09-16,63.495,63.495,62.48,63.292,0
2013-09-17,63.29,63.6325,62.843,63.18,0
2013-09-18,63.375,63.68,63.07,63.68,0
2013-09-19,63.58,63.68,61.63,62.19,0
2013-09-20,61.768,62.91,61.768,62.71,0
2013-09-23,62.228,62.8,62.228,62.68,0
2013-09-24,62.598,62.99,62.45,62.77,0
2013-09-25,62.783,62.88,62.16,62.43,0
2013-09-26,62.43,62.4491,61.71,62.075,0
2013-09-27,62.068,62.98,61.74,62.4975,0
2013-09-30,62.91,62.99,62.508,62.58,0
2013-10-01,62.58,62.68,62.13,62.61,0
2013-10-02,62.61,62.88,62.24,62.453,0
2013-10-03,62.453,62.46,61.668,61.96,0
2013-10-04,61.96,61.96,61.23,61.38,0
2013-10-07,61.38,61.955,61.38,61.6,0
2013-10-08,61.788,61.95,61.58,61.7975,0
2013-10-09,61.948,62.303,61.7,61.945,0
2013-10-10,61.823,62.3,61.18,61.355,0
2013-10-11,61.353,61.36,60.94,60.96,0
2013-10-14,61,61.55,61,61.545,0
2013-10-15,61.548,61.935,61.31,61.845,0
2013-10-16,61.835,61.845,61.35,61.45,0
2013-10-17,61.728,61.845,61.09,61.102,0
2013-10-18,61.133,61.712,60.93,61.22,0
2013-10-21,61.22,61.6201,61.22,61.525,0
2013-10-22,61.565,61.825,61.535,61.66,0
2013-10-23,61.653,61.69,61.115,61.595,0
2013-10-24,61.588,61.678,61.33,61.45,0
2013-10-25,61.465,61.79,61.378,61.458,0
2013-10-28,61.458,61.6271,61.388,61.51,0
2013-10-29,61.51,61.7101,61.32,61.429,0
2013-10-30,61.308,61.565,61.06,61.233,0
2013-10-31,61.24,61.623,61.145,61.612,0
2013-11-01,61.498,62.18,61.498,61.743,0
2013-11-04,61.745,62.2,61.74,61.74,0
2013-11-05,61.74,62.212,61.62,61.63,0
2013-11-06,61.625,62.539,61.625,62.393,0
2013-11-07,62.47,62.86,62.358,62.413,0
2013-11-08,62.415,62.85,62.412,62.475,0
2013-11-11,62.475,63.505,62.475,63.245,0
2013-11-12,63.243,63.9,63.243,63.713,0
2013-11-13,63.96,63.96,63.225,63.305,0
2013-11-14,63.37,63.37,62.91,63.041,0
2013-11-15,63.04,63.255,62.59,62.96,0
2013-11-18,62.712,63.115,62.13,62.415,0
2013-11-19,62.202,62.415,61.8,62.363,0
2013-11-20,62.365,62.76,62.125,62.76,0
2013-11-21,62.76,63.065,62.518,62.933,0
2013-11-22,62.99,63.132,62.741,62.83,0
2013-11-25,62.83,62.875,62.27,62.503,0
2013-11-26,62.34,62.653,62.19,62.462,0
2013-11-27,62.505,62.542,62.145,62.54,0
2013-11-28,62.542,62.549,62.155,62.405,0
2013-11-29,62.29,62.635,62.18,62.38,0
2013-12-02,62.462,62.462,61.84,62.32,0
2013-12-03,62.2,62.455,62.2,62.383,0
2013-12-04,62.365,62.57,61.72,61.72,0
2013-12-05,61.67,62.055,61.54,61.756,0
2013-12-06,61.58,61.79,61.281,61.43,0
2013-12-09,61.415,61.43,60.88,61.135,0
2013-12-10,61.135,61.4,60.89,61.045,0
2013-12-11,61.035,61.592,60.96,61.592,0
2013-12-12,61.59,62.142,61.26,61.845,0
2013-12-13,61.815,62.278,61.815,62.155,0
2013-12-16,62.155,62.215,61.638,61.735,0
2013-12-17,61.78,62.06,61.703,61.71,0
2013-12-18,61.71,62.23,61.65,62.093,0
2013-12-19,62.095,62.65,62.018,62.14,0
2013-12-20,62.46,62.462,61.915,61.915,0
2013-12-23,61.915,62.07,61.78,61.958,0
2013-12-24,61.84,61.96,61.7,61.79,0
2013-12-25,61.79,61.8,61.763,61.79,0
2013-12-26,61.79,62.15,61.75,61.92,0
2013-12-27,62.12,62.15,61.84,61.925,0
2013-12-30,61.925,62.16,61.78,61.913,0
2013-12-31,61.78,61.942,61.728,61.803,0
2014-01-01,61.84,61.985,61.805,61.84,0
2014-01-02,61.84,62.406,61.76,62.265,0
2014-01-03,62.305,62.57,62.15,62.183,0
2014-01-06,62.17,62.46,62.17,62.31,0
2014-01-07,62.31,62.465,62.08,62.08,0
2014-01-08,62.08,62.3,61.99,62.1,0
2014-01-09,62.12,62.235,61.94,62.08,0
2014-01-10,62.08,62.09,61.42,61.42,0
2014-01-13,61.902,61.902,61.37,61.47,0
2014-01-14,61.47,61.6,61.4,61.47,0
2014-01-15,61.47,61.705,61.35,61.35,0
2014-01-16,61.54,61.705,61.4,61.54,0
2014-01-17,61.42,61.62,61.31,61.53,0
2014-01-20,61.53,61.67,61.52,61.52,0
2014-01-21,61.54,62.08,61.44,61.87,0
2014-01-22,61.878,62.01,61.77,61.82,0
2014-01-23,61.815,62.24,61.78,61.9325,0
2014-01-24,62.13,62.8,61.94,62.73,0
2014-01-27,62.665,63.49,62.66,63.43,0
2014-01-28,63.43,63.43,62.5,62.5,0
2014-01-29,62.5,62.59,62.08,62.46,0
2014-01-30,62.46,62.9,62.4,62.55,0
2014-01-31,62.55,62.77,62.365,62.49,0
2014-02-03,62.49,62.85,62.46,62.565,0
2014-02-04,62.558,62.87,62.3,62.525,0
2014-02-05,62.352,62.608,62.34,62.575,0
2014-02-06,62.423,62.595,62.13,62.22,0
2014-02-07,62.222,62.42,62.1,62.282,0
2014-02-10,62.09,62.493,62.09,62.44,0
2014-02-11,62.31,62.448,62.02,62.02,0
2014-02-12,62.02,62.22,61.82,61.86,0
2014-02-13,61.86,62.455,61.86,62.15,0
2014-02-14,62.14,62.425,61.82,61.82,0
2014-02-17,61.82,62.075,61.79,61.83,0
2014-02-18,61.79,62.34,61.79,62.18,0
2014-02-19,62.18,62.412,62.12,62.382,0
2014-02-20,62.38,62.45,62.12,62.13,0
2014-02-21,62.13,62.233,61.99,62.12,0
2014-02-24,62.12,62.16,61.88,61.892,0
2014-02-25,62.07,62.07,61.82,61.88,0
2014-02-26,61.9051,62.4,61.87,62.15,0
2014-02-27,62.15,62.15,61.91,61.98,0
2014-02-28,62.02,62.16,61.775,61.775,0
2014-03-03,61.75,62.08,61.75,62.03,0
2014-03-04,62.03,62.1425,61.83,61.845,0
2014-03-05,61.86,61.905,61.6775,61.75,0
2014-03-06,61.75,61.75,60.959,61.105,0
2014-03-07,61.1,61.16,60.92,61.05,0
2014-03-10,61.08,61.33,60.8,60.825,0
2014-03-11,60.865,60.97,60.59,60.93,0
2014-03-12,60.93,61.265,60.93,61.215,0
2014-03-13,61.215,61.215,60.92,61.1,0
2014-03-14,61.17,61.54,61.08,61.19,0
2014-03-17,61.19,61.2,60.97,61.043,0
2014-03-18,61.07,61.23,60.885,60.991,0
2014-03-19,61.1,61.155,60.92,60.95,0
2014-03-20,60.95,61.338,60.95,61.32,0
2014-03-21,61.333,61.333,60.85,60.895,0
2014-03-24,60.895,61.02,60.6,60.775,0
2014-03-25,60.775,60.78,60.279,60.47,0
2014-03-26,60.478,60.48,59.961,60.13,0
2014-03-27,60.16,60.35,60.13,60.305,0
2014-03-28,60.3,60.305,59.69,59.87,0
2014-03-31,60.23,60.23,59.89,59.915,0
2014-04-01,60.008,60.05,59.88,60,0
2014-04-02,60,60.002,59.6,59.9,0
2014-04-03,59.9,60.37,59.84,60.165,0
2014-04-04,60.165,60.39,60.07,60.07,0
2014-04-07,60.078,60.32,59.8,60.1,0
2014-04-08,60.105,60.265,60,60.07,0
2014-04-09,60.07,60.2,59.865,60.125,0
2014-04-10,60.138,60.34,59.98,60.06,0
2014-04-11,60.068,60.35,60.068,60.175,0
2014-04-14,60.175,60.39,60.175,60.175,0
2014-04-15,60.175,60.41,60.175,60.23,0
2014-04-16,60.23,60.42,60.205,60.385,0
2014-04-17,60.368,60.495,60.27,60.28,0
2014-04-18,60.28,60.29,60.26,60.26,0
2014-04-21,60.26,60.6,60.26,60.59,0
2014-04-22,60.59,60.9,60.59,60.75,0
2014-04-23,60.758,61.18,60.758,61.09,0
2014-04-24,61.09,61.16,61.018,61.1,0
2014-04-25,61.103,61.19,60.55,60.63,0
2014-04-28,60.63,60.735,60.44,60.643,0
2014-04-29,60.64,60.64,60.19,60.425,0
2014-04-30,60.418,60.455,60.19,60.315,0
2014-05-01,60.325,60.34,60.14,60.325,0
2014-05-02,60.265,60.325,59.99,60.165,0
2014-05-05,60.02,60.235,59.99,60.2,0
2014-05-06,60.233,60.233,59.89,60.04,0
2014-05-07,60.04,60.14,59.899,60.015,0
2014-05-08,60.018,60.15,59.88,59.929,0
2014-05-09,59.893,60.1,59.87,59.95,0
2014-05-12,59.95,60.108,59.38,60.055,0
2014-05-13,60.048,60.055,59.45,59.45,0
2014-05-14,59.45,59.665,59.41,59.478,0
2014-05-15,59.485,59.665,59.098,59.38,0
2014-05-16,59.458,59.458,58.55,58.55,0
2014-05-19,58.56,58.6,58.36,58.368,0
2014-05-20,58.368,58.818,58.368,58.583,0
2014-05-21,58.583,58.86,58.583,58.688,0
2014-05-22,58.688,58.695,58.263,58.278,0
2014-05-23,58.278,58.55,58.278,58.42,0
2014-05-26,58.42,58.898,58.42,58.651,0
2014-05-27,58.708,59.09,58.668,59.035,0
2014-05-28,59.03,59.208,58.82,58.938,0
2014-05-29,58.938,59.06,58.76,58.9,0
2014-05-30,58.913,59.36,58.913,59.18,0
2014-06-02,59.18,59.32,59.07,59.152,0
2014-06-03,59.152,59.43,59.088,59.333,0
2014-06-04,59.333,59.45,59.12,59.273,0
2014-06-05,59.261,59.355,59.04,59.253,0
2014-06-06,59.253,59.308,58.91,59.17,0
2014-06-09,59.17,59.2311,58.93,59.198,0
2014-06-10,59.198,59.333,59.138,59.159,0
2014-06-11,59.208,59.36,59.191,59.333,0
2014-06-12,59.333,59.36,59.11,59.288,0
2014-06-13,59.288,59.83,59.235,59.67,0
2014-06-16,59.649,60.26,59.649,60.178,0
2014-06-17,60.178,60.49,60.025,60.323,0
2014-06-18,60.323,60.53,59.78,60.268,0
2014-06-19,60.268,60.39,59.83,60.088,0
2014-06-20,60.088,60.37,60.088,60.238,0
2014-06-23,60.228,60.293,60.06,60.153,0
2014-06-24,60.153,60.21,60.07,60.19,0
2014-06-25,60.153,60.41,60.029,60.078,0
2014-06-26,60.078,60.29,60.043,60.203,0
2014-06-27,60.203,60.203,60.01,60.03,0
2014-06-30,60.01,60.26,59.99,60.053,0
2014-07-01,60.053,60.19,59.92,60.028,0
2014-07-02,60.028,60.09,59.51,59.685,0
2014-07-03,59.685,59.84,59.5,59.61,0
2014-07-04,59.733,59.818,59.62,59.76,0
2014-07-07,59.78,60.045,59.68,59.93,0
2014-07-08,59.948,60.015,59.658,59.748,0
2014-07-09,59.748,59.94,59.679,59.755,0
2014-07-10,59.731,60.215,59.58,60.205,0
2014-07-11,60.188,60.3,59.92,59.999,0
2014-07-14,60,60.205,59.91,60.06,0
2014-07-15,60.118,60.24,60.018,60.118,0
2014-07-16,60.118,60.268,60.05,60.05,0
2014-07-17,60.081,60.62,60.038,60.178,0
2014-07-18,60.178,60.62,60.178,60.32,0
2014-07-21,60.32,60.44,60.16,60.24,0
2014-07-22,60.24,60.3,60.098,60.098,0
2014-07-23,60.098,60.24,59.93,60.013,0
2014-07-24,60.013,60.158,59.938,60.118,0
2014-07-25,60.11,60.19,60.018,60.05,0
2014-07-28,60.05,60.165,60.04,60.051,0
2014-07-29,60.083,60.27,60.07,60.123,0
2014-07-30,60.123,60.477,60.056,60.058,0
2014-07-31,60.058,60.93,60.058,60.548,0
2014-08-01,60.548,61.23,60.548,60.82,0
2014-08-04,60.82,61.21,60.82,60.901,0
2014-08-05,60.938,61.13,60.7,60.843,0
2014-08-06,60.843,61.58,60.843,61.219,0
2014-08-07,61.493,61.545,61.21,61.235,0
2014-08-08,61.469,61.73,61.07,61.2,0
2014-08-11,61.145,61.28,61.04,61.185,0
2014-08-12,61.168,61.33,61.078,61.078,0
2014-08-13,61.078,61.29,61.061,61.061,0
2014-08-14,61.225,61.225,60.75,60.75,0
2014-08-15,60.758,60.98,60.758,60.765,0
2014-08-18,60.94,60.96,60.77,60.801,0
2014-08-19,60.773,60.821,60.66,60.668,0
2014-08-20,60.668,60.91,60.525,60.608,0
2014-08-21,60.608,60.81,60.53,60.668,0
2014-08-22,60.668,60.67,60.37,60.465,0
2014-08-25,60.465,60.58,60.41,60.563,0
2014-08-26,60.563,60.583,60.37,60.459,0
2014-08-27,60.428,60.51,60.35,60.448,0
2014-08-28,60.448,60.7,60.35,60.493,0
2014-08-29,60.493,60.61,60.47,60.563,0
2014-09-01,60.51,60.565,60.42,60.523,0
2014-09-02,60.523,60.71,60.495,60.685,0
2014-09-03,60.678,60.685,60.34,60.483,0
2014-09-04,60.483,60.49,60.21,60.355,0
2014-09-05,60.353,60.51,60.2,60.2,0
2014-09-08,60.2,60.497,60.19,60.268,0
2014-09-09,60.268,60.86,60.268,60.8,0
2014-09-10,60.86,61.05,60.615,60.801,0
2014-09-11,60.83,60.955,60.73,60.925,0
2014-09-12,60.923,61.013,60.65,60.8,0
2014-09-15,60.78,61.18,60.663,61.14,0
2014-09-16,61.098,61.16,60.88,61.06,0
2014-09-17,61.053,61.07,60.75,60.908,0
2014-09-18,60.908,61.21,60.733,60.733,0
2014-09-19,60.733,60.95,60.72,60.82,0
2014-09-22,60.83,61.04,60.745,60.999,0
2014-09-23,60.938,61.07,60.825,60.981,0
2014-09-24,60.95,61.05,60.81,60.81,0
2014-09-25,60.938,61.49,60.83,61.489,0
2014-09-26,61.328,61.61,61.013,61.2,0
2014-09-29,61.36,61.68,61.153,61.669,0
2014-09-30,61.553,62.01,61.525,61.933,0
2014-10-01,61.933,62,61.588,61.729,0
2014-10-02,61.605,61.73,61.45,61.538,0
2014-10-03,61.538,61.76,61.429,61.535,0
2014-10-06,61.65,61.715,61.31,61.538,0
2014-10-07,61.538,61.605,61.28,61.298,0
2014-10-08,61.298,61.55,60.98,61.353,0
2014-10-09,61.353,61.385,60.87,61.048,0
2014-10-10,61.048,61.35,60.97,61.2731,0
2014-10-13,61.22,61.335,60.96,60.981,0
2014-10-14,61.003,61.47,60.925,61.419,0
2014-10-15,61.393,61.68,61.253,61.373,0
2014-10-16,61.373,61.96,61.373,61.833,0
2014-10-17,61.833,61.85,61.26,61.45,0
2014-10-20,61.4,61.465,61.121,61.121,0
2014-10-21,61.228,61.3675,61.09,61.143,0
2014-10-22,61.143,61.315,61.018,61.185,0
2014-10-23,61.185,61.275,61.13,61.13,0
2014-10-24,61.163,61.275,61.137,61.137,0
2014-10-27,61.275,61.36,61.1,61.31,0
2014-10-28,61.305,61.4025,61.17,61.215,0
2014-10-29,61.215,61.47,61.17,61.3731,0
2014-10-30,61.47,61.54,61.295,61.445,0
2014-10-31,61.33,61.608,61.303,61.5,0
2014-11-03,61.45,61.57,61.33,61.451,0
2014-11-04,61.45,61.45,61.31,61.32,0
2014-11-05,61.33,61.55,61.303,61.42,0
2014-11-06,61.37,61.54,61.37,61.491,0
2014-11-07,61.52,61.72,61.38,61.4,0
2014-11-10,61.4,61.635,61.38,61.549,0
2014-11-11,61.495,61.645,61.49,61.5,0
2014-11-12,61.52,61.56,61.36,61.39,0
2014-11-13,61.39,61.623,61.383,61.443,0
2014-11-14,61.565,61.86,61.509,61.83,0
2014-11-17,61.725,61.83,61.65,61.761,0
2014-11-18,61.77,61.873,61.7,61.715,0
2014-11-19,61.715,62.0801,61.715,62.037,0
2014-11-20,62.08,62.25,61.88,61.88,0
2014-11-21,61.88,61.923,61.61,61.68,0
2014-11-24,61.68,61.9625,61.42,61.89,0
2014-11-25,61.89,62.033,61.81,61.84,0
2014-11-26,61.84,61.905,61.737,61.76,0
2014-11-27,61.76,61.9351,61.72,61.72,0
2014-11-28,61.853,62.26,61.768,62.23,0
2014-12-01,62.23,62.29,61.9,61.9,0
2014-12-02,61.9,62.02,61.8,61.8,0
2014-12-03,61.82,62.03,61.803,61.92,0
2014-12-04,61.93,61.95,61.61,61.61,0
2014-12-05,61.6,61.98,61.6,61.97,0
2014-12-08,61.903,62,61.78,61.86,0
2014-12-09,61.835,62,61.83,61.9,0
2014-12-10,61.9,62.28,61.778,62.229,0
2014-12-11,62.25,62.58,62.018,62.37,0
2014-12-12,62.37,62.66,62.218,62.445,0
2014-12-15,62.445,63.66,62.3,63.54,0
2014-12-16,63.54,64.08,62.818,63.95,0
2014-12-17,63.95,63.95,63.35,63.635,0
2014-12-18,63.635,63.635,62.96,62.97,0
2014-12-19,62.97,63.42,62.97,63.255,0
2014-12-22,63.255,63.34,63.14,63.2,0
2014-12-23,63.2,63.5,63.2,63.28,0
2014-12-24,63.28,63.56,63.28,63.515,0
2014-12-25,63.45,63.515,63.45,63.515,0
2014-12-26,63.513,63.6775,63.44,63.515,0
2014-12-29,63.515,63.71,63.515,63.65,0
2014-12-30,63.665,63.7825,63.25,63.27,0
2014-12-31,63.38,63.41,63.043,63.12,0
2015-01-01,63.12,63.45,63.043,63.325,0
2015-01-02,63.325,63.485,62.98,63.27,0
2015-01-05,63.27,63.49,63.27,63.46,0
2015-01-06,63.46,63.618,63.31,63.441,0
2015-01-07,63.47,63.58,63.14,63.14,0
2015-01-08,63.14,63.273,62.47,62.67,0
2015-01-09,62.67,62.68,62.07,62.11,0
2015-01-12,62.11,62.348,62.06,62.135,0
2015-01-13,62.059,62.18,61.95,61.95,0
2015-01-14,61.95,62.46,61.95,62.16,0
2015-01-15,62.085,62.17,61.45,61.91,0
2015-01-16,62.055,62.205,61.61,61.61,0
2015-01-19,61.61,61.865,61.6,61.63,0
2015-01-20,61.66,61.9,61.65,61.7,0
2015-01-21,61.648,61.775,61.49,61.55,0
2015-01-22,61.55,61.756,61.32,61.37,0
2015-01-23,61.37,61.695,61.37,61.455,0
2015-01-26,61.455,61.56,61.42,61.42,0
2015-01-27,61.42,61.58,61.32,61.343,0
2015-01-28,61.343,61.58,61.27,61.343,0
2015-01-29,61.343,61.97,61.343,61.793,0
2015-01-30,61.793,62.13,61.67,62.13,0
2015-02-02,62.13,62.13,61.62,61.708,0
2015-02-03,61.713,61.87,61.575,61.589,0
2015-02-04,61.644,61.89,61.565,61.832,0
2015-02-05,61.832,61.97,61.686,61.702,0
2015-02-06,61.701,62.019,61.6775,61.84,0
2015-02-09,61.84,62.24,61.705,62.133,0
2015-02-10,62.143,62.38,61.93,62.321,0
2015-02-11,62.38,62.51,62.12,62.375,0
2015-02-12,62.374,62.55,62.036,62.143,0
2015-02-13,62.14,62.305,62.03,62.109,0
2015-02-16,62.109,62.29,62.08,62.21,0
2015-02-17,62.226,62.3,62.08,62.152,0
2015-02-18,62.15,62.37,62.015,62.053,0
2015-02-19,62.057,62.32,62.04,62.131,0
2015-02-20,62.139,62.3,62.11,62.11,0
2015-02-23,62.11,62.32,62.11,62.16,0
2015-02-24,62.17,62.353,61.93,62.14,0
2015-02-25,62.14,62.233,61.851,61.857,0
2015-02-26,61.855,62.0375,61.707,61.727,0
2015-02-27,61.723,61.93,61.33,61.63,0
2015-03-02,61.63,62.01,61.63,61.852,0
2015-03-03,61.857,61.963,61.779,61.814,0
2015-03-04,61.811,62.39,61.63,62.287,0
2015-03-05,62.301,62.48,62.06,62.375,0
2015-03-06,62.373,62.79,62.19,62.78,0
2015-03-09,62.78,62.78,62.468,62.563,0
2015-03-10,62.56,62.9,62.56,62.87,0
2015-03-11,62.87,62.93,62.7,62.764,0
2015-03-12,62.764,62.78,62.39,62.533,0
2015-03-13,62.533,63.1,62.435,63.08,0
2015-03-16,62.59,63.076,62.59,62.783,0
2015-03-17,62.783,62.843,62.616,62.616,0
2015-03-18,62.616,62.79,62.35,62.35,0
2015-03-19,62.25,62.67,62.115,62.45,0
2015-03-20,62.483,62.6,62.27,62.3,0
2015-03-23,62.51,62.51,62.18,62.19,0
2015-03-24,62.11,62.411,62.11,62.26,0
2015-03-25,62.26,62.457,62.115,62.457,0
2015-03-26,62.457,62.87,62.448,62.82,0
2015-03-27,62.829,62.843,62.39,62.517,0
2015-03-30,62.517,62.685,62.448,62.49,0
2015-03-31,62.49,62.66,62.3,62.3,0
2015-04-01,62.28,62.5,62.2,62.2,0
2015-04-02,62.14,62.32,62.11,62.11,0
2015-04-03,62.16,62.16,62.16,62.16,0
2015-04-06,62.09,62.23,62.09,62.19,0
2015-04-07,62.17,62.4,62.17,62.21,0
2015-04-08,62.3,62.36,62.21,62.21,0
2015-04-09,62.08,62.31,62.08,62.29,0
2015-04-10,62.29,62.413,62.22,62.22,0
2015-04-13,62.23,62.56,62.23,62.38,0
2015-04-14,62.37,62.51,62.225,62.295,0
2015-04-15,62.295,62.505,62.295,62.393,0
2015-04-16,62.393,62.395,62.24,62.304,0
2015-04-17,62.304,62.543,62.304,62.543,0
2015-04-20,62.543,63.14,62.5,63.09,0
2015-04-21,62.98,63.15,62.7525,62.85,0
2015-04-22,62.86,63,62.72,62.89,0
2015-04-23,62.9,63.36,62.8275,63.27,0
2015-04-24,63.26,63.7,63.22,63.7,0
2015-04-27,63.43,63.763,63.3,63.3,0
2015-04-28,63.26,63.57,63.04,63.04,0
2015-04-29,63.04,63.41,63.04,63.41,0
2015-04-30,63.47,63.72,63.17,63.56,0
2015-05-01,63.43,63.72,63.43,63.72,0
2015-05-04,63.73,63.73,63.44,63.59,0
2015-05-05,63.57,63.59,63.17,63.35,0
2015-05-06,63.37,63.65,63.17,63.63,0
2015-05-07,63.66,64.2725,63.66,64.11,0
2015-05-08,64.07,64.23,63.7,63.7,0
2015-05-11,63.7,64.07,63.7,63.99,0
2015-05-12,64.01,64.33,64.01,64.26,0
2015-05-13,64.19,64.24,63.94,64,0
2015-05-14,64.03,64.03,63.38,63.38,0
2015-05-15,63.16,63.65,63.16,63.4,0
2015-05-18,63.475,63.73,63.475,63.68,0
2015-05-19,63.8,63.8,63.55,63.65,0
2015-05-20,63.76,63.875,63.63,63.63,0
2015-05-21,63.73,63.74,63.58,63.58,0
2015-05-22,63.58,63.62,63.44,63.44,0
2015-05-25,63.54,63.67,63.53,63.56,0
2015-05-26,63.64,64.003,63.59,63.93,0
2015-05-27,64,64.158,63.9,63.9,0
2015-05-28,63.91,63.99,63.75,63.85,0
2015-05-29,63.81,63.88,63.699,63.75,0
2015-06-01,63.78,63.87,63.58,63.58,0
2015-06-02,63.6,63.963,63.6,63.68,0
2015-06-03,63.66,64.068,63.66,64.03,0
2015-06-04,64.05,64.26,63.92,63.96,0
2015-06-05,63.98,64.04,63.75,64.04,0
2015-06-08,63.9,64.17,63.759,64,0
2015-06-09,63.97,64.08,63.87,64,0
2015-06-10,64.04,64.07,63.77,63.82,0
2015-06-11,63.8,64,63.75,63.95,0
2015-06-12,63.94,64.1275,63.9,64.04,0
2015-06-15,64.08,64.18,63.99,64.06,0
2015-06-16,64.06,64.3,63.98,64.19,0
2015-06-17,64.2,64.26,63.94,64.16,0
2015-06-18,63.88,64.1075,63.7,63.71,0
2015-06-19,63.7,63.853,63.46,63.46,0
2015-06-22,63.52,63.58,63.45,63.45,0
2015-06-23,63.54,63.656,63.4975,63.55,0
2015-06-24,63.58,63.7,63.4975,63.55,0
2015-06-25,63.54,63.63,63.4975,63.52,0
2015-06-26,63.58,63.655,63.4975,63.56,0
2015-06-29,63.52,63.94,63.4975,63.8,0
2015-06-30,63.7,63.84,63.59,63.59,0
2015-07-01,63.64,63.89,63.55,63.55,0
2015-07-02,63.57,63.659,63.41,63.41,0
2015-07-03,63.45,63.485,63.359,63.45,0
2015-07-06,63.51,63.62,63.3,63.31,0
2015-07-07,63.34,63.49,63.3,63.49,0
2015-07-08,63.51,63.638,63.42,63.54,0
2015-07-09,63.47,63.57,63.31,63.31,0
2015-07-10,63.34,63.469,63.329,63.34,0
2015-07-13,63.39,63.52,63.38,63.5,0
2015-07-14,63.52,63.58,63.3,63.31,0
2015-07-15,63.33,63.58,63.33,63.5,0
2015-07-16,63.53,63.54,63.415,63.46,0
2015-07-17,63.49,63.52,63.44,63.46,0
2015-07-20,63.48,63.67,63.48,63.67,0
2015-07-21,63.67,63.75,63.545,63.58,0
2015-07-22,63.6,63.65,63.505,63.57,0
2015-07-23,63.65,63.8,63.62,63.77,0
2015-07-24,63.86,64.06,63.74,64.05,0
2015-07-27,63.81,64.203,63.79,64.165,0
2015-07-28,64.22,64.27,63.75,63.75,0
2015-07-29,63.83,63.96,63.8,63.8,0
2015-07-30,63.81,64.06,63.81,64.06,0
2015-07-31,64.11,64.18,63.99,64.04,0
2015-08-03,63.95,64.065,63.92,64.05,0
2015-08-04,64.13,64.17,63.7,63.75,0
2015-08-05,63.79,63.95,63.72,63.75,0
2015-08-06,63.7,63.811,63.7,63.71,0
2015-08-07,63.73,63.85,63.71,63.75,0
2015-08-10,63.82,63.913,63.71,63.75,0
2015-08-11,63.78,64.32,63.78,64.2,0
2015-08-12,64.21,64.95,64.21,64.85,0
2015-08-13,64.86,65.3,64.55,65.3,0
2015-08-14,65.28,65.31,64.96,65,0
2015-08-17,65.12,65.36,65.11,65.31,0
2015-08-18,65.44,65.51,65.32,65.32,0
2015-08-19,65.45,65.5,65.12,65.27,0
2015-08-20,65.11,65.553,65.03,65.54,0
2015-08-21,65.5,65.92,65.48,65.835,0
2015-08-24,66.14,66.735,66.14,66.645,0
2015-08-25,67.03,67.03,65.8775,66.1,0
2015-08-26,66.06,66.39,66.06,66.14,0
2015-08-27,66.13,66.17,65.86,66.05,0
2015-08-28,66.03,66.2,65.99,66.15,0
2015-08-31,66.24,66.49,66.215,66.49,0
2015-09-01,66.34,66.47,66.19,66.22,0
2015-09-02,66.39,66.45,66.12,66.19,0
2015-09-03,66.21,66.29,66.17,66.24,0
2015-09-04,66.17,66.51,66.14,66.46,0
2015-09-07,66.7,66.87,66.593,66.81,0
2015-09-08,66.78,66.89,66.3,66.3,0
2015-09-09,66.4,66.5,66.245,66.5,0
2015-09-10,66.57,66.75,66.35,66.35,0
2015-09-11,66.43,66.57,66.31,66.4,0
2015-09-14,66.38,66.49,66.3075,66.35,0
2015-09-15,66.31,66.46,66.29,66.4,0
2015-09-16,66.45,66.51,66.2,66.22,0
2015-09-17,66.32,66.46,66.1,66.15,0
2015-09-18,65.97,66.215,65.6725,65.8,0
2015-09-21,65.88,65.98,65.6,65.64,0
2015-09-22,65.68,65.98,65.56,65.86,0
2015-09-23,65.8,66.16,65.8,66.1,0
2015-09-24,66.15,66.268,66.04,66.1,0
2015-09-25,66.08,66.12,66.08,66.12,0
2015-09-28,66.11,66.16,66.02,66.15,0
2015-09-29,66.35,66.45,65.93,65.965,0
2015-09-30,65.94,65.94,65.53,65.53,0
2015-10-01,65.53,65.663,65.49,65.53,0
2015-10-02,65.62,65.7,65.45,65.45,0
2015-10-05,65.19,65.33,65.08,65.08,0
2015-10-06,65.12,65.49,65.12,65.13,0
2015-10-07,65.21,65.363,64.85,64.85,0
2015-10-08,64.94,65.2,64.94,65.03,0
2015-10-09,64.93,64.93,64.72,64.8,0
2015-10-12,64.77,64.883,64.7,64.76,0
2015-10-13,64.81,65.185,64.79,65.05,0
2015-10-14,65.1,65.175,64.87,64.87,0
2015-10-15,64.83,64.87,64.64,64.8,0
2015-10-16,64.78,65.02,64.73,64.73,0
2015-10-19,64.75,64.88,64.73,64.85,0
2015-10-20,64.95,65.18,64.865,64.98,0
2015-10-21,64.99,65.24,64.99,65.1,0
2015-10-22,65.12,65.17,64.9,64.9,0
2015-10-23,64.91,65.05,64.69,64.81,0
2015-10-26,64.9,65.02,64.8,64.92,0
2015-10-27,64.91,65.1,64.91,65.09,0
2015-10-28,65.1,65.1,64.84,64.84,0
2015-10-29,65.15,65.35,65.12,65.35,0
2015-10-30,65.44,65.44,65.115,65.41,0
2015-11-02,65.37,65.63,65.37,65.55,0
2015-11-03,65.56,65.71,65.42,65.55,0
2015-11-04,65.53,65.64,65.41,65.41,0
2015-11-05,65.58,65.92,65.52,65.85,0
2015-11-06,65.86,66.06,65.73,66.06,0
2015-11-09,66.41,66.5,66.31,66.41,0
2015-11-10,66.47,66.475,66.19,66.19,0
2015-11-11,66.19,66.32,66.19,66.32,0
2015-11-12,66.06,66.32,66.02,66.05,0
2015-11-13,66.04,66.23,66.04,66.06,0
2015-11-16,66.05,66.24,65.94,65.95,0
2015-11-17,65.89,66.085,65.89,65.96,0
2015-11-18,66.02,66.32,66.02,66.1,0
2015-11-19,66.07,66.23,66.05,66.19,0
2015-11-20,66.08,66.27,66.05,66.19,0
2015-11-23,66.27,66.485,66.27,66.48,0
2015-11-24,66.37,66.463,66.315,66.33,0
2015-11-25,66.33,66.33,66.33,66.33,0
2015-11-26,66.375,66.665,66.36,66.57,0
2015-11-27,66.72,66.9,66.675,66.9,0
2015-11-30,66.83,66.8625,66.48,66.48,0
2015-12-01,66.515,66.6,66.44,66.5,0
2015-12-02,66.49,66.66,66.475,66.48,0
2015-12-03,66.61,66.765,66.61,66.75,0
2015-12-04,66.8,66.9825,66.65,66.65,0
2015-12-07,66.62,66.745,66.57,66.7,0
2015-12-08,66.77,66.84,66.7,66.82,0
2015-12-09,66.83,66.92,66.725,66.76,0
2015-12-10,66.89,66.93,66.68,66.68,0
2015-12-11,66.78,66.98,66.74,66.97,0
2015-12-14,67.14,67.17,66.9,67.06,0
2015-12-15,67.05,67.1,66.8,66.8,0
2015-12-16,66.81,66.95,66.45,66.45,0
2015-12-17,66.49,66.77,66.24,66.24,0
2015-12-18,66.46,66.52,66.28,66.28,0
2015-12-21,66.24,66.41,66.2,66.2,0
2015-12-22,66.28,66.35,66.21,66.21,0
2015-12-23,66.2,66.2725,66.1,66.15,0
2015-12-24,66.16,66.21,65.96,65.96,0
2015-12-25,66.21,66.21,66.21,66.21,0
2015-12-28,66.02,66.213,66.02,66.14,0
2015-12-29,66.13,66.41,66.13,66.25,0
2015-12-30,66.24,66.47,66.24,66.4,0
2015-12-31,66.38,66.45,66.09,66.18,0
2016-01-01,66.18,66.258,66.13,66.13,0
2016-01-04,66.19,66.62,66.19,66.5,0
2016-01-05,66.6,66.66,66.42,66.5,0
2016-01-06,66.52,66.86,66.51,66.73,0
2016-01-07,66.72,66.96,66.58,66.58,0
2016-01-08,66.9,66.92,66.5975,66.63,0
2016-01-11,66.95,66.98,66.7075,66.8,0
2016-01-12,66.79,66.99,66.74,66.855,0
2016-01-13,66.82,66.93,66.73,66.86,0
2016-01-14,66.93,67.305,66.93,67.295,0
2016-01-15,67.3,67.703,67.24,67.59,0
2016-01-18,67.65,67.8,67.5,67.8,0
2016-01-19,67.72,67.75,67.51,67.56,0
2016-01-20,67.74,68.17,67.73,68,0
2016-01-21,67.95,68.1,67.8275,67.84,0
2016-01-22,67.79,67.87,67.55,67.55,0
2016-01-25,67.54,67.85,67.52,67.71,0
2016-01-26,67.74,67.88,67.7,67.7,0
2016-01-27,67.77,68.07,67.74,68.06,0
2016-01-28,68.12,68.25,68.02,68.1,0
2016-01-29,68.09,68.16,67.78,67.85,0
2016-02-01,67.87,67.9,67.63,67.88,0
2016-02-02,67.86,67.99,67.7775,67.973,0
2016-02-03,67.95,68.26,67.95,68.07,0
2016-02-04,67.91,67.91,67.54,67.54,0
2016-02-05,67.66,67.74,67.5825,67.73,0
2016-02-08,67.86,67.96,67.77,67.9,0
2016-02-09,68.14,68.213,67.9,67.92,0
2016-02-10,67.9,67.98,67.81,67.81,0
2016-02-11,67.94,68.41,67.905,68.4,0
2016-02-12,68.39,68.468,68.15,68.15,0
2016-02-15,68.19,68.19,68.01,68.06,0
2016-02-16,68.12,68.45,68.12,68.45,0
2016-02-17,68.49,68.6675,68.32,68.32,0
2016-02-18,68.38,68.58,68.34,68.48,0
2016-02-19,68.75,68.75,68.69,68.69,0
2016-02-22,68.675,68.6825,68.5075,68.52,0
2016-02-23,68.628,68.675,68.453,68.53,0
2016-02-24,68.65,68.65,68.4,68.4,0
2016-02-25,68.47,68.78,68.47,68.78,0
2016-02-26,68.73,68.785,68.63,68.75,0
2016-02-29,68.68,68.74,68.16,68.16,0
2016-03-01,68.17,68.35,67.61,67.61,0
2016-03-02,67.74,67.76,67.4,67.4,0
2016-03-03,67.39,67.55,67.19,67.19,0
2016-03-04,67.22,67.34,67,67,0
2016-03-07,67.1,67.1,67.1,67.1,0
2016-03-08,67.21,67.45,67.21,67.3,0
2016-03-09,67.45,67.51,67.18,67.3,0
2016-03-10,67.24,67.35,66.99,67.35,0
2016-03-11,67.14,67.235,66.95,67.01,0
2016-03-14,66.98,67.15,66.88,67.08,0
2016-03-15,67.1,67.41,67.1,67.35,0
2016-03-16,67.36,67.445,67.15,67.15,0
2016-03-17,66.89,66.95,66.46,66.46,0
2016-03-18,66.61,66.695,66.35,66.35,0
2016-03-21,66.51,66.553,66.42,66.5,0
2016-03-22,66.51,66.83,66.51,66.7,0
2016-03-23,66.74,66.925,66.625,66.8,0
2016-03-24,66.81,66.81,66.8,66.8,0
2016-03-25,66.65,66.68,66.65,66.68,0
2016-03-28,66.86,66.86,66.54,66.54,0
2016-03-29,66.565,66.6,66.35,66.35,0
2016-03-30,66.48,66.5,66.22,66.22,0
2016-03-31,66.34,66.39,66.1775,66.22,0
2016-04-01,66.35,66.36,66.32,66.32,0
2016-04-04,66.29,66.375,66.05,66.05,0
2016-04-05,66.258,66.505,66.07,66.45,0
2016-04-06,66.46,66.71,66.38,66.62,0
2016-04-07,66.55,66.62,66.42,66.58,0
2016-04-08,66.45,66.5,66.45,66.5,0
2016-04-11,66.5,66.54,66.31,66.31,0
2016-04-12,66.3,66.56,66.3,66.41,0
2016-04-13,66.35,66.66,66.325,66.5,0
2016-04-14,66.5,66.6505,66.5,66.51,0
2016-04-15,66.6505,66.6505,66.45,66.45,0
2016-04-18,66.63,66.7,66.52,66.52,0
2016-04-19,66.56,66.56,66.14,66.14,0
2016-04-20,66.29,66.34,66.1,66.2,0
2016-04-21,66.31,66.42,66.18,66.4,0
2016-04-22,66.5,66.6,66.47,66.52,0
2016-04-25,66.65,66.7525,66.62,66.66,0
2016-04-26,66.71,66.845,66.41,66.41,0
2016-04-27,66.51,66.595,66.4075,66.41,0
2016-04-28,66.39,66.545,66.35,66.35,0
2016-04-29,66.47,66.56,66.29,66.35,0
2016-05-02,66.4,66.46,66.32,66.38,0
2016-05-03,66.34,66.52,66.23,66.52,0
2016-05-04,66.62,66.66,66.45,66.62,0
2016-05-05,66.59,66.61,66.45,66.49,0
2016-05-06,66.56,66.615,66.54,66.54,0
2016-05-09,66.56,66.61,66.4,66.58,0
2016-05-10,66.69,66.745,66.6,66.6,0
2016-05-11,66.79,66.835,66.55,66.55,0
2016-05-12,66.62,66.7,66.54,66.7,0
2016-05-13,66.78,66.9,66.7175,66.9,0
2016-05-16,66.91,66.91,66.7275,66.81,0
2016-05-17,66.82,66.88,66.675,66.75,0
2016-05-18,66.82,67.1,66.82,67.1,0
2016-05-19,67.12,67.55,67.12,67.55,0
2016-05-20,67.46,67.51,67.32,67.38,0
2016-05-23,67.4,67.52,67.26,67.52,0
2016-05-24,67.46,67.77,67.46,67.7,0
2016-05-25,67.63,67.78,67.26,67.26,0
2016-05-26,67.28,67.4,66.96,66.96,0
2016-05-27,66.97,67.1275,66.9,66.9,0
2016-05-30,67.01,67.4,67.01,67.17,0
2016-05-31,67.17,67.3225,67.1075,67.14,0
2016-06-01,67.25,67.46,67.12,67.44,0
2016-06-02,67.44,67.45,67.215,67.29,0
2016-06-03,67.29,67.37,66.9,66.9,0
2016-06-06,66.97,67.045,66.77,66.85,0
2016-06-07,66.78,66.94,66.65,66.65,0
2016-06-08,66.73,66.8,66.5,66.5,0
2016-06-09,66.53,66.78,66.53,66.63,0
2016-06-10,66.74,66.88,66.74,66.75,0
2016-06-13,66.94,67.18,66.91,67.1,0
2016-06-14,67.09,67.3,67.09,67.29,0
2016-06-15,67.3,67.33,67.05,67.05,0
2016-06-16,67.06,67.3325,67.06,67.25,0
2016-06-17,67.28,67.29,67.045,67.1,0
2016-06-20,67.49,67.67,67.295,67.54,0
2016-06-21,67.4,67.55,67.37,67.49,0
2016-06-22,67.485,67.62,67.43,67.44,0
2016-06-23,67.41,67.48,67.24,67.29,0
2016-06-24,67.22,68.22,67.22,67.82,0
2016-06-27,67.83,68.12,67.81,67.88,0
2016-06-28,67.89,67.953,67.72,67.74,0
2016-06-29,67.78,67.8425,67.42,67.42,0
2016-06-30,67.54,67.71,67.47,67.47,0
2016-07-01,67.52,67.52,67.15,67.15,0
2016-07-04,67.23,67.285,67.155,67.263,0
2016-07-05,67.32,67.51,67.32,67.35,0
2016-07-06,67.4,67.43,67.4,67.43,0
2016-07-07,67.46,67.508,67.345,67.42,0
2016-07-08,67.47,67.5,67.15,67.15,0
2016-07-11,67.12,67.213,67.05,67.05,0
2016-07-12,67.17,67.1975,67.05,67.05,0
2016-07-13,67.08,67.21,66.94,66.94,0
2016-07-14,67,67.03,66.85,66.85,0
2016-07-15,66.88,67.125,66.855,66.98,0
2016-07-18,67.12,67.21,67.055,67.195,0
2016-07-19,67.23,67.23,67.1,67.105,0
2016-07-20,67.15,67.248,67.14,67.15,0
2016-07-21,67.22,67.265,67.15,67.15,0
2016-07-22,67.14,67.203,67.075,67.13,0
2016-07-25,67.18,67.4,67.1775,67.4,0
2016-07-26,67.41,67.413,67.258,67.32,0
2016-07-27,67.33,67.34,67.08,67.08,0
2016-07-28,67.06,67.1,67,67.035,0
2016-07-29,66.96,67.088,66.62,66.62,0
2016-08-01,66.68,66.8,66.67,66.67,0
2016-08-02,66.75,66.79,66.61,66.63,0
2016-08-03,66.7,67.01,66.68,66.81,0
2016-08-04,66.75,66.99,66.75,66.8,0
2016-08-05,66.86,66.89,66.74,66.74,0
2016-08-08,66.81,66.85,66.7175,66.8,0
2016-08-09,66.83,66.985,66.8,66.8,0
2016-08-10,66.75,66.78,66.67,66.75,0
2016-08-11,66.76,66.91,66.76,66.76,0
2016-08-12,66.75,66.89,66.75,66.79,0
2016-08-15,66.91,66.93,66.81,66.81,0
2016-08-16,66.82,66.925,66.7475,66.83,0
2016-08-17,66.84,66.99,66.78,66.9,0
2016-08-18,66.88,67.02,66.75,66.84,0
2016-08-19,66.82,67.1,66.82,67.1,0
2016-08-22,67.11,67.24,67.11,67.15,0
2016-08-23,67.18,67.28,67.04,67.05,0
2016-08-24,67.09,67.16,67.06,67.06,0
2016-08-25,67.11,67.13,67,67,0
2016-08-26,66.99,67.075,66.97,67.05,0
2016-08-29,67.12,67.2075,67.12,67.18,0
2016-08-30,67.168,67.168,67.025,67.025,0
2016-08-31,67.0725,67.075,66.96,66.96,0
2016-09-01,66.95,67.055,66.9375,66.958,0
2016-09-02,66.81,66.86,66.77,66.825,0
2016-09-05,66.5,66.83,66.4,66.55,0
2016-09-06,66.42,66.59,66.25,66.25,0
2016-09-07,66.21,66.4,66.21,66.31,0
2016-09-08,66.5,66.55,66.395,66.54,0
2016-09-09,66.63,66.87,66.53,66.87,0
2016-09-12,66.87,66.955,66.8,66.8,0
2016-09-13,66.73,66.96,66.73,66.96,0
2016-09-14,66.98,67.09,66.8,66.8,0
2016-09-15,66.77,67.09,66.77,66.86,0
2016-09-16,66.84,67.06,66.83,67.06,0
2016-09-19,67.07,67.07,66.87,66.92,0
2016-09-20,66.96,67.06,66.91,66.91,0
2016-09-21,66.92,67.15,66.92,66.96,0
2016-09-22,66.85,66.89,66.53,66.53,0
2016-09-23,66.63,66.73,66.62,66.65,0
2016-09-26,66.7,66.79,66.58,66.58,0
2016-09-27,66.59,66.62,66.4,66.4,0
2016-09-28,66.39,66.49,66.35,66.35,0
2016-09-29,66.38,67.01,66.38,66.8,0
2016-09-30,66.81,66.87,66.55,66.55,0
2016-10-03,66.53,66.61,66.4575,66.51,0
2016-10-04,66.36,66.61,66.36,66.56,0
2016-10-05,66.58,66.66,66.51,66.52,0
2016-10-06,66.53,66.7,66.51,66.7,0
2016-10-07,66.67,66.88,66.6,66.6,0
2016-10-10,66.57,66.62,66.5,66.53,0
2016-10-11,66.49,67.06,66.49,66.7,0
2016-10-12,66.76,66.83,66.65,66.65,0
2016-10-13,66.79,66.96,66.76,66.8,0
2016-10-14,66.78,66.93,66.66,66.66,0
2016-10-17,66.69,66.888,66.69,66.76,0
2016-10-18,66.79,66.89,66.67,66.67,0
2016-10-19,66.72,66.765,66.59,66.65,0
2016-10-20,66.67,66.825,66.67,66.8,0
2016-10-21,66.75,66.94,66.75,66.9,0
2016-10-24,66.885,66.92,66.81,66.86,0
2016-10-25,66.9,66.93,66.82,66.82,0
2016-10-26,66.815,66.84,66.755,66.84,0
2016-10-27,66.83,66.925,66.83,66.87,0
2016-10-28,66.85,66.895,66.76,66.788,0
2016-10-31,66.66,66.78,66.66,66.75,0
2016-11-01,66.69,66.768,66.65,66.65,0
2016-11-02,66.66,66.86,66.64,66.64,0
2016-11-03,66.72,66.77,66.65,66.65,0
2016-11-04,66.7,66.78,66.7,66.71,0
2016-11-07,66.79,66.79,66.68,66.73,0
2016-11-08,66.73,66.735,66.26,66.26,0
2016-11-09,66.615,66.9225,66.41,66.5,0
2016-11-10,66.52,67.21,66.34,67.07,0
2016-11-11,67.11,67.57,66.96,67.24,0
2016-11-14,67.58,67.88,67.46,67.88,0
2016-11-15,67.76,67.83,67.55,67.73,0
2016-11-16,67.7,68.1,67.61,67.95,0
2016-11-17,67.97,68.03,67.77,67.98,0
2016-11-18,68.03,68.2,67.98,68,0
2016-11-21,68.1,68.33,68.04,68.18,0
2016-11-22,68.3,68.47,68.09,68.4,0
2016-11-23,68.62,68.75,68.37,68.75,0
2016-11-24,68.87,69.04,68.59,68.735,0
2016-11-25,68.88,68.92,68.365,68.48,0
2016-11-28,68.47,68.795,68.36,68.55,0
2016-11-29,68.76,68.76,68.6,68.6,0
2016-11-30,68.57,68.67,68.34,68.55,0
2016-12-01,68.53,68.53,68.28,68.28,0
2016-12-02,68.27,68.39,68,68,0
2016-12-05,68.1,68.263,67.98,67.98,0
2016-12-06,68,68.21,67.71,67.71,0
2016-12-07,67.7,67.99,67.5,67.5,0
2016-12-08,67.63,67.63,67.32,67.46,0
2016-12-09,67.46,67.633,67.41,67.48,0
2016-12-12,67.42,67.42,67.41,67.41,0
2016-12-13,67.4,67.543,67.33,67.33,0
2016-12-14,67.49,67.58,67.43,67.45,0
2016-12-15,67.76,67.89,67.7175,67.89,0
2016-12-16,67.83,67.855,67.7375,67.85,0
2016-12-19,67.76,67.88,67.715,67.83,0
2016-12-20,67.865,68.06,67.81,68.01,0
2016-12-21,67.93,67.955,67.82,67.82,0
2016-12-22,67.82,68.03,67.82,67.99,0
2016-12-23,67.985,67.985,67.78,67.8,0
2016-12-26,67.815,67.853,67.73,67.73,0
2016-12-27,67.83,68.073,67.82,68.06,0
2016-12-28,68.1,68.25,68.1,68.23,0
2016-12-29,68.248,68.248,67.98,67.98,0
2016-12-30,67.95,67.99,67.8575,67.91,0
2017-01-02,67.92,68.23,67.92,68.223,0
2017-01-03,68.225,68.34,68.0575,68.31,0
2017-01-04,68.325,68.325,68.05,68.05,0
2017-01-05,67.9,67.985,67.765,67.97,0
2017-01-06,67.85,68.08,67.808,68.08,0
2017-01-09,68.17,68.25,68.1,68.1,0
2017-01-10,68.07,68.19,67.988,68.16,0
2017-01-11,68.28,68.35,68.18,68.35,0
2017-01-12,68.1,68.15,67.955,68.03,0
2017-01-13,68.15,68.26,68.14,68.16,0
2017-01-16,68.15,68.2625,68.09,68.1,0
2017-01-17,68.095,68.133,67.92,67.92,0
2017-01-18,67.83,68.08,67.83,68.06,0
2017-01-19,68.2,68.26,68.1,68.1,0
2017-01-20,68.12,68.23,68.035,68.06,0
2017-01-23,68.19,68.22,68.0225,68.1,0
2017-01-24,68.083,68.165,68.07,68.13,0
2017-01-25,68.15,68.185,68.05,68.05,0
2017-01-26,68.15,68.15,68.05,68.05,0
2017-01-27,68.07,68.225,68.03,68.09,0
2017-01-30,68.05,68.08,67.81,67.81,0
2017-01-31,67.83,67.89,67.48,67.48,0
2017-02-01,67.65,67.6775,67.35,67.35,0
2017-02-02,67.38,67.505,67.18,67.18,0
2017-02-03,67.2,67.415,67.1,67.14,0
2017-02-06,67.31,67.31,67.15,67.15,0
2017-02-07,67.16,67.44,67.16,67.33,0
2017-02-08,67.4075,67.4075,67.19,67.19,0
2017-02-09,67.1875,67.1875,66.72,66.72,0
2017-02-10,66.8,66.98,66.7775,66.8,0
2017-02-13,66.9,67.033,66.9,66.94,0
2017-02-14,67.015,67.015,66.8,66.8,0
2017-02-15,66.89,66.948,66.85,66.85,0
2017-02-16,66.93,67.085,66.9075,67.06,0
2017-02-17,67.0675,67.15,66.99,67.06,0
2017-02-20,67.005,67.06,66.9,66.99,0
2017-02-21,66.91,67.04,66.91,66.91,0
2017-02-22,66.94,67.06,66.88,66.9,0
2017-02-23,66.91,67.02,66.69,66.75,0
2017-02-24,66.71,66.73,66.59,66.61,0
2017-02-27,66.71,66.81,66.65,66.76,0
2017-02-28,66.79,66.85,66.67,66.78,0
2017-03-01,66.69,66.95,66.69,66.7,0
2017-03-02,66.78,66.89,66.6875,66.87,0
2017-03-03,66.88,66.93,66.76,66.76,0
2017-03-06,66.75,66.83,66.61,66.61,0
2017-03-07,66.67,66.72,66.595,66.62,0
2017-03-08,66.665,66.87,66.6225,66.76,0
2017-03-09,66.78,66.9,66.64,66.75,0
2017-03-10,66.78,66.79,66.53,66.53,0
2017-03-13,66.15,66.16,66.15,66.16,0
2017-03-14,66.17,66.24,65.77,65.77,0
2017-03-15,65.79,65.82,65.25,65.25,0
2017-03-16,65.32,65.55,65.24,65.39,0
2017-03-17,65.49,65.69,65.44,65.49,0
2017-03-20,65.41,65.5,65.31,65.32,0
2017-03-21,65.38,65.54,65.22,65.48,0
2017-03-22,65.55,65.58,65.385,65.39,0
2017-03-23,65.42,65.61,65.38,65.48,0
2017-03-24,65.48,65.51,65.39,65.4,0
2017-03-27,65.27,65.28,64.97,64.97,0
2017-03-28,65.11,65.2,65.03,65.07,0
2017-03-29,65.04,65.1,64.83,64.83,0
2017-03-30,64.9,65,64.77,64.77,0
2017-03-31,64.92,64.99,64.79,64.79,0
2017-04-03,64.78,65.07,64.7725,65.03,0
2017-04-04,65.03,65.11,65.03,65.07,0
2017-04-05,65.02,65.21,64.8775,64.97,0
2017-04-06,65.05,65.055,64.51,64.56,0
2017-04-07,64.68,64.69,64.16,64.27,0
2017-04-10,64.38,64.67,64.31,64.66,0
2017-04-11,64.57,64.8,64.435,64.67,0
2017-04-12,64.64,64.82,64.54,64.57,0
2017-04-13,64.56,64.675,64.265,64.53,0
2017-04-14,64.49,64.56,64.46,64.46,0
2017-04-17,64.49,64.55,64.295,64.44,0
2017-04-18,64.5,64.71,64.4775,64.65,0
2017-04-19,64.55,64.76,64.51,64.63,0
2017-04-20,64.71,64.78,64.56,64.69,0
2017-04-21,64.68,64.78,64.5575,64.68,0
2017-04-24,64.58,64.63,64.43,64.51,0
2017-04-25,64.47,64.49,64.215,64.31,0
2017-04-27,64.13,64.22,63.975,64.18,0
2017-04-28,64.13,64.44,64.11,64.31,0
2017-05-01,64.25,64.27,64.25,64.25,0
2017-05-02,64.24,64.24,64.12,64.16,0
2017-05-03,64.2125,64.2125,64.1075,64.16,0
2017-05-04,64.15,64.24,64.15,64.2,0
2017-05-05,64.26,64.44,64.185,64.3,0
2017-05-08,64.245,64.35,64.1975,64.35,0
2017-05-09,64.455,64.76,64.455,64.7,0
2017-05-10,64.7,64.71,64.55,64.59,0
2017-05-11,64.58,64.64,64.34,64.4,0
2017-05-12,64.4,64.42,64.18,64.19,0
2017-05-15,64.17,64.2,64.033,64.05,0
2017-05-16,64.11,64.19,63.93,63.93,0
2017-05-17,64.09,64.3,63.99,64.29,0
2017-05-18,64.39,65.23,64.16,64.95,0
2017-05-19,64.86,65.08,64.51,64.52,0
2017-05-22,64.52,64.628,64.44,64.53,0
2017-05-23,64.57,64.96,64.57,64.9,0
2017-05-24,64.88,65,64.71,64.71,0
2017-05-25,64.64,64.73,64.485,64.56,0
2017-05-26,64.61,64.68,64.43,64.53,0
2017-05-29,64.54,64.64,64.445,64.55,0
2017-05-30,64.61,64.73,64.51,64.62,0
2017-05-31,64.64,64.64,64.42,64.49,0
2017-06-01,64.51,64.56,64.39,64.39,0
2017-06-02,64.35,64.5,64.35,64.41,0
2017-06-05,64.45,64.45,64.295,64.34,0
2017-06-06,64.35,64.56,64.32,64.44,0
2017-06-07,64.47,64.56,64.29,64.45,0
2017-06-08,64.46,64.49,64.2075,64.22,0
2017-06-09,64.3,64.41,64.17,64.23,0
2017-06-12,64.4,64.55,64.26,64.47,0
2017-06-13,64.43,64.56,64.2725,64.32,0
2017-06-14,64.34,64.363,64.05,64.05,0
2017-06-15,64.3,64.8,64.24,64.65,0
2017-06-16,64.62,64.83,64.4075,64.43,0
2017-06-19,64.42,64.55,64.32,64.54,0
2017-06-20,64.47,64.71,64.4175,64.52,0
2017-06-21,64.69,64.73,64.49,64.51,0
2017-06-22,64.52,64.7,64.45,64.62,0
2017-06-23,64.59,64.61,64.4275,64.48,0
2017-06-26,64.43,64.43,64.4,64.4,0
2017-06-27,64.45,64.57,64.415,64.57,0
2017-06-28,64.54,64.71,64.51,64.51,0
2017-06-29,64.47,64.92,64.44,64.84,0
2017-06-30,64.75,64.91,64.58,64.6,0
2017-07-03,64.69,64.97,64.6,64.93,0
2017-07-04,64.91,64.96,64.7,64.85,0
2017-07-05,64.81,64.96,64.678,64.79,0
2017-07-06,64.76,64.88,64.72,64.72,0
2017-07-07,64.775,64.82,64.575,64.6,0
2017-07-10,64.585,64.64,64.4,64.4,0
2017-07-11,64.525,64.63,64.445,64.55,0
2017-07-12,64.56,64.64,64.4,64.4,0
2017-07-13,64.538,64.538,64.35,64.46,0
2017-07-14,64.44,64.51,64.27,64.29,0
2017-07-17,64.31,64.4,64.31,64.33,0
2017-07-18,64.345,64.365,64.295,64.3,0
2017-07-19,64.323,64.35,64.28,64.29,0
2017-07-20,64.283,64.455,64.283,64.32,0
2017-07-21,64.43,64.48,64.308,64.48,0
2017-07-24,64.32,64.46,64.305,64.31,0
2017-07-25,64.34,64.42,64.34,64.38,0
2017-07-26,64.38,64.45,64.34,64.34,0
2017-07-27,64.358,64.37,64.0575,64.13,0
2017-07-28,64.108,64.24,64.108,64.14,0
2017-07-31,64.15,64.25,64.053,64.17,0
2017-08-01,64.18,64.18,64.04,64.04,0
2017-08-02,64.07,64.18,63.61,63.62,0
2017-08-03,63.7,63.76,63.565,63.75,0
2017-08-04,63.69,63.725,63.5775,63.6,0
2017-08-07,63.58,63.9,63.58,63.84,0
2017-08-08,63.795,63.82,63.625,63.74,0
2017-08-09,63.625,63.99,63.625,63.93,0
2017-08-10,63.83,64.23,63.83,64.18,0
2017-08-11,64.08,64.32,64.08,64.135,0
2017-08-14,64.13,64.3575,63.94,64.19,0
2017-08-15,64.115,64.32,64.115,64.3,0
2017-08-16,64.115,64.4,64.04,64.04,0
2017-08-17,64.15,64.24,64.06,64.22,0
2017-08-18,64.15,64.26,64.0875,64.14,0
2017-08-21,64.15,64.19,64.0175,64.13,0
2017-08-22,64.13,64.19,64.01,64.07,0
2017-08-23,64.095,64.17,64.04,64.04,0
2017-08-24,64.108,64.11,64.02,64.06,0
2017-08-25,64.03,64.11,64,64,0
2017-08-28,64.03,64.03,63.81,63.82,0
2017-08-29,63.9,64.05,63.88,64,0
2017-08-30,64.018,64.06,63.8775,63.96,0
2017-08-31,64.015,64.16,63.8975,63.97,0
2017-09-01,63.9,64.05,63.88,63.9,0
2017-09-04,64.02,64.173,63.94,64.04,0
2017-09-05,64.05,64.158,64.05,64.1,0
2017-09-06,64.123,64.26,64.05,64.05,0
2017-09-07,64.095,64.095,63.96,64.01,0
2017-09-08,64.045,64.045,63.78,63.85,0
2017-09-11,63.78,64,63.78,63.98,0
2017-09-12,63.93,64.11,63.93,64.01,0
2017-09-13,64.035,64.19,63.965,64.18,0
2017-09-14,63.995,64.33,63.995,64.18,0
2017-09-15,64.115,64.19,64.04,64.11,0
2017-09-18,64.073,64.15,63.96,64.15,0
2017-09-19,64.13,64.39,64.13,64.3,0
2017-09-20,64.32,64.43,64.24,64.28,0
2017-09-21,64.26,64.85,64.26,64.8,0
2017-09-22,64.805,65.15,64.76,64.79,0
2017-09-25,64.79,65.175,64.73,65.12,0
2017-09-26,65.3,65.62,65.15,65.42,0
2017-09-27,65.445,65.89,65.35,65.64,0
2017-09-28,65.67,65.98,65.42,65.42,0
2017-09-29,65.5,65.56,65.235,65.32,0
2017-10-02,65.28,65.5,65.28,65.5,0
2017-10-03,65.618,65.65,65.47,65.48,0
2017-10-04,65.495,65.495,64.955,65,0
2017-10-05,65.01,65.188,64.9775,65.13,0
2017-10-06,65.14,65.41,65.14,65.41,0
2017-10-09,65.375,65.41,65.2775,65.355,0
2017-10-10,65.35,65.37,65.16,65.23,0
2017-10-11,65.28,65.313,65.13,65.14,0
2017-10-12,65.14,65.16,65.04,65.05,0
2017-10-13,65.08,65.08,64.69,64.69,0
2017-10-16,64.705,64.7675,64.69,64.69,0
2017-10-17,64.74,65.035,64.74,65,0
2017-10-18,65.02,65.155,64.97,65.06,0
2017-10-20,65.03,65.03,65.03,65.03,0
2017-10-23,65.035,65.11,64.9875,65.01,0
2017-10-24,65.018,65.11,64.9,65.08,0
2017-10-25,65.065,65.188,64.89,64.9,0
2017-10-26,64.89,64.913,64.73,64.8,0
2017-10-27,64.81,65.105,64.81,65.03,0
2017-10-30,65.045,65.045,64.8,64.85,0
2017-10-31,64.85,64.85,64.725,64.74,0
2017-11-01,64.745,64.745,64.51,64.56,0
2017-11-02,64.59,64.675,64.48,64.56,0
2017-11-03,64.608,64.633,64.53,64.55,0
2017-11-06,64.545,64.74,64.545,64.62,0
2017-11-07,64.675,65.065,64.61,65.03,0
2017-11-08,65.14,65.158,64.91,64.91,0
2017-11-09,64.95,64.995,64.85,64.96,0
2017-11-10,65.06,65.185,64.99,65.17,0
2017-11-13,65.16,65.51,65.16,65.4,0
2017-11-14,65.42,65.535,65.29,65.41,0
2017-11-15,65.415,65.43,65.17,65.25,0
2017-11-16,65.24,65.385,65.14,65.2,0
2017-11-17,64.71,65.07,64.7,64.9042,0
2017-11-20,64.9042,65.12,64.9042,65.0893,0
2017-11-21,65.0893,65.1275,64.7662,64.85,0
2017-11-22,64.7772,64.955,64.7125,64.7494,0
2017-11-23,64.7494,64.885,64.57,64.602,0
2017-11-24,64.602,64.7425,64.5619,64.6162,0
2017-11-27,64.6162,64.85,64.3749,64.4978,0
2017-11-28,64.4978,64.6025,64.36,64.4671,0
2017-11-29,64.4671,64.58,64.2825,64.4,0
2017-11-30,64.4161,64.6175,64.4161,64.51,0
2017-12-01,64.5507,64.6236,64.4662,64.5607,0
2017-12-04,64.5607,64.6152,64.2875,64.35,0
2017-12-05,64.37,64.4575,64.225,64.35,0
2017-12-06,64.3936,64.6168,64.3936,64.53,0
2017-12-07,64.5624,64.6462,64.4929,64.55,0
2017-12-08,64.5521,64.594,64.3538,64.46,0
2017-12-11,64.4728,64.4728,64.32,64.35,0
2017-12-12,64.3987,64.5914,64.3987,64.5789,0
2017-12-13,64.5789,64.6459,64.3281,64.3347,0
2017-12-14,64.3347,64.3754,64.1207,64.2759,0
2017-12-15,64.2759,64.2759,64.015,64.0837,0
2017-12-18,64.0837,64.74,64.0115,64.1702,0
2017-12-19,64.1702,64.2404,63.94,64.05,0
2017-12-20,64.0731,64.1275,63.99,64.05,0
2017-12-21,64.0046,64.1275,63.9613,64,0
2017-12-22,64.0005,64.08,64.0005,64.0369,0
2017-12-25,64.0369,64.045,64.0369,64.045,0
2017-12-26,64.045,64.1125,64.015,64.04,0
2017-12-27,64.0633,64.1835,64.0633,64.1504,0
2017-12-28,64.1504,64.3038,64.0078,64.0472,0
2017-12-29,64.0472,64.1132,63.79,63.8336,0
2018-01-01,63.8336,63.87,63.64,63.675,0
2018-01-02,63.71,63.77,63.4226,63.45,0
2018-01-03,63.4126,63.5867,63.4124,63.4428,0
2018-01-04,63.4428,63.605,63.3297,63.368,0
2018-01-05,63.368,63.4366,63.2874,63.32,0
2018-01-08,63.3015,63.574,63.25,63.45,0
2018-01-09,63.5132,63.7275,63.43,63.6311,0
2018-01-10,63.6311,63.8375,63.56,63.65,0
2018-01-11,63.8118,63.82,63.6,63.6896,0
2018-01-12,63.6896,63.72,63.4825,63.6,0
2018-01-15,63.5273,63.584,63.34,63.5394,0
2018-01-16,63.5394,64.1443,63.5394,64.0413,0
2018-01-17,64.0413,64.1196,63.7525,63.8118,0
2018-01-18,63.8118,63.9425,63.75,63.905,0
2018-01-19,63.905,63.905,63.63,63.86,0
2018-01-22,63.86,63.995,63.72,63.88,0
2018-01-23,63.9295,63.9623,63.75,63.8129,0
2018-01-24,63.8129,63.8945,63.5809,63.63,0
2018-01-25,63.583,63.7127,63.4135,63.6294,0
2018-01-26,63.6294,63.6699,63.4739,63.6254,0
2018-01-29,63.6254,63.7018,63.4875,63.59,0
2018-01-30,63.6407,63.8141,63.6,63.7772,0
2018-01-31,63.7772,63.8264,63.5489,63.58,0
2018-02-01,63.6937,64.1063,63.56,63.9455,0
2018-02-02,63.9455,64.2271,63.73,64.1939,0
2018-02-05,64.1939,64.2105,64.01,64.12,0
2018-02-06,64.2454,64.4663,64.105,64.1476,0
2018-02-07,64.1476,64.3669,64.04,64.342,0
2018-02-08,64.4253,64.5105,64.15,64.4812,0
2018-02-09,64.46,64.5105,64.2598,64.337,0
2018-02-12,64.33,64.3786,64.2235,64.27,0
2018-02-13,64.3462,64.3462,64.2028,64.24,0
2018-02-14,64.2691,64.3147,63.9861,64.0049,0
2018-02-15,64.0049,64.0202,63.87,63.9218,0
2018-02-16,63.9218,64.4336,63.8175,64.4045,0
2018-02-19,64.4045,64.6633,64.373,64.5504,0
2018-02-20,64.5504,64.9395,64.41,64.9184,0
2018-02-21,64.9184,64.9375,64.6591,64.83,0
2018-02-22,65.0375,65.1,64.8756,64.95,0
2018-02-23,64.9753,64.9753,64.69,64.8887,0
2018-02-26,64.8887,64.9773,64.63,64.77,0
2018-02-27,64.8499,65.1936,64.7625,65.1,0
2018-02-28,64.87,65.31,64.87,65.2,0
2018-03-01,65.2136,65.3509,65.1075,65.2436,0
2018-03-02,65.2436,65.295,65.1125,65.21,0
2018-03-05,65.2136,65.235,64.935,65.01,0
2018-03-06,65.0486,65.115,64.8242,64.8268,0
2018-03-07,64.8268,65.07,64.8268,64.87,0
2018-03-08,64.9384,65.1781,64.8976,65.09,0
2018-03-09,65.1014,65.2394,64.9557,64.9711,0
2018-03-12,64.9711,65.0718,64.95,64.95,0
2018-03-13,64.9487,65.0025,64.703,64.8488,0
2018-03-14,64.8488,65.0525,64.7956,64.82,0
2018-03-15,64.9211,65.07,64.8075,65.0496,0
2018-03-16,65.0496,65.0921,64.85,65.05,0
2018-03-19,65.0836,65.3293,65,65.28,0
2018-03-20,65.2866,65.3636,65.16,65.2496,0
2018-03-21,65.2496,65.3008,65.0711,65.0739,0
2018-03-22,65.0739,65.2456,65.025,65.1946,0
2018-03-23,65.1946,65.2712,64.9182,65.0645,0
2018-03-26,65.0645,65.0645,64.7,64.7,0
2018-03-27,64.7576,64.99,64.7253,64.9242,0
2018-03-28,64.9242,65.2925,64.8622,65.144,0
2018-03-29,65.144,65.2208,65.04,65.04,0
2018-03-30,65.09,65.09,65.09,65.09,0
2018-04-02,65.0816,65.1639,65.0036,65.1425,0
2018-04-03,65.1425,65.1553,64.9487,64.9487,0
2018-04-04,64.9487,65.175,64.9,65.0206,0
2018-04-05,65.0206,65.12,64.8504,64.8953,0
2018-04-06,64.8953,65.0325,64.8493,64.9195,0
2018-04-09,64.9195,65.055,64.8408,64.8926,0
2018-04-10,64.8926,65.0275,64.8435,64.9364,0
2018-04-11,64.9364,65.31,64.9364,65.1912,0
2018-04-12,65.1912,65.445,65.1912,65.28,0
2018-04-13,65.2908,65.2966,65.18,65.2411,0
2018-04-16,65.2411,65.505,65.2125,65.447,0
2018-04-17,65.447,65.6925,65.418,65.684,0
2018-04-18,65.684,65.8,65.6,65.779,0
2018-04-19,65.779,66.166,65.7275,66.123,0
2018-04-20,66.123,66.313,65.99,66.2,0
2018-04-23,66.242,66.583,66.1525,66.575,0
2018-04-24,66.575,66.588,66.295,66.47,0
2018-04-25,66.47,67.058,66.39,66.91,0
2018-04-26,66.918,67.026,66.685,66.927,0
2018-04-27,66.927,66.954,66.48,66.48,0
2018-04-30,66.59,66.61,66.35,66.42,0
2018-05-01,66.5,66.84,66.5,66.84,0
2018-05-02,66.84,66.84,66.64,66.68,0
2018-05-03,66.79,66.83,66.5275,66.66,0
2018-05-04,66.6796,66.9151,66.63,66.81,0
2018-05-07,66.8591,67.2933,66.79,67.13,0
2018-05-08,67.1296,67.2775,66.9837,67.16,0
2018-05-09,67.2,67.475,67.2,67.34,0
2018-05-10,67.3146,67.4325,67.0408,67.1121,0
2018-05-11,67.1121,67.4604,67.0905,67.37,0
2018-05-14,67.4239,67.6862,67.22,67.6678,0
2018-05-15,67.6678,68.3638,67.4625,68.2234,0
2018-05-16,68.2748,68.2982,67.6758,67.7302,0
2018-05-17,67.7302,67.8432,67.5825,67.8156,0
2018-05-18,67.8156,68.0982,67.7675,68.0099,0
2018-05-21,68.0099,68.1834,68.0099,68.03,0
2018-05-22,68.0763,68.1368,67.9287,68.097,0
2018-05-23,68.097,68.5086,68.097,68.27,0
2018-05-24,68.2837,68.42,68.2563,68.2767,0
2018-05-25,68.2767,68.342,67.715,67.72,0
2018-05-28,67.714,67.714,67.3,67.475,0
2018-05-29,67.475,67.99,67.475,67.8777,0
2018-05-30,67.8777,67.8963,67.3924,67.44,0
2018-05-31,67.4419,67.5875,67.32,67.43,0
2018-06-01,67.4444,67.5131,66.9521,66.9692,0
2018-06-04,66.9692,67.16,66.85,67.06,0
2018-06-05,67.0821,67.225,67.03,67.08,0
2018-06-06,67.1066,67.155,66.8113,66.8596,0
2018-06-07,66.8596,67.5877,66.8596,67.41,0
2018-06-08,67.4276,67.785,67.4276,67.52,0
2018-06-11,67.5273,67.5961,67.29,67.4998,0
2018-06-12,67.4998,67.62,67.36,67.62,0
2018-06-13,67.6007,67.705,67.4439,67.5619,0
2018-06-14,67.5619,67.8502,67.5387,67.85,0
2018-06-15,67.87,68.4038,67.87,68.17,0
2018-06-18,68.1887,68.19,67.95,68.0631,0
2018-06-19,68.0631,68.4413,67.9975,68.067,0
2018-06-20,68.04,68.18,68.0121,68.0977,0
2018-06-21,68.0977,68.24,67.7674,67.8356,0
2018-06-22,67.8541,67.9656,67.71,67.8917,0
2018-06-25,67.8917,68.1803,67.845,68.1245,0
2018-06-26,68.1245,68.38,68.08,68.3714,0
2018-06-27,68.3948,68.9565,68.3861,68.9,0
2018-06-28,68.9325,69.09,68.725,68.8515,0
2018-06-29,68.8515,68.8515,68.36,68.4496,0
2018-07-02,68.4496,68.8439,68.3475,68.7772,0
2018-07-03,68.7772,68.9875,68.5211,68.5211,0
2018-07-04,68.5211,68.775,68.4744,68.697,0
2018-07-05,68.697,69.0025,68.695,68.81,0
2018-07-06,68.8465,69.0275,68.7477,68.76,0
2018-07-09,68.7663,68.785,68.57,68.65,0
2018-07-10,68.6726,68.8575,68.67,68.6973,0
2018-07-11,68.6973,68.9174,68.6973,68.8,0
2018-07-12,68.75,68.75,68.3,68.32,0
2018-07-13,68.341,68.6244,68.3135,68.49,0
2018-07-16,68.5206,68.71,68.47,68.5406,0
2018-07-17,68.5406,68.6255,68.28,68.4425,0
2018-07-18,68.4425,68.6425,68.3307,68.43,0
2018-07-19,68.5136,69.1881,68.5136,68.9636,0
2018-07-20,68.9636,69.1402,68.7227,68.73,0
2018-07-23,68.7553,69.0122,68.6613,68.9741,0
2018-07-24,68.9741,69.0825,68.85,68.8842,0
2018-07-25,68.8842,69.0031,68.6059,68.6242,0
2018-07-26,68.7327,68.7569,68.61,68.7521,0
2018-07-27,68.7521,68.79,68.5375,68.6975,0
2018-07-30,68.6975,68.8546,68.6037,68.6553,0
2018-07-31,68.6553,68.7,68.45,68.5232,0
2018-08-01,68.5232,68.6375,68.3085,68.3548,0
2018-08-02,68.3548,68.73,68.27,68.5911,0
2018-08-03,68.5911,68.8425,68.4836,68.5113,0
2018-08-06,68.5113,68.89,68.5113,68.81,0
2018-08-07,68.8248,68.9344,68.58,68.58,0
2018-08-08,68.6547,68.8117,68.4859,68.5372,0
2018-08-09,68.5372,68.8745,68.46,68.85,0
2018-08-10,68.8745,69.1663,68.77,69.1327,0
2018-08-13,69.1327,70.1738,69.1327,70.085,0
2018-08-14,70.085,70.085,69.7,69.95,0
2018-08-15,70.4319,70.7968,70.26,70.26,0
2018-08-16,70.283,70.39,69.9922,70,0
2018-08-17,70.0953,70.3524,69.8596,69.8596,0
2018-08-20,69.8596,69.9284,69.6,69.74,0
2018-08-21,69.8305,70.0566,69.5325,69.8556,0
2018-08-22,69.8556,69.92,69.81,69.85,0
2018-08-23,70.01,70.24,69.965,70.24,0
2018-08-24,70.2885,70.3133,69.7732,69.7927,0
2018-08-27,69.7927,70.16,69.71,70.15,0
2018-08-28,69.9884,70.2925,69.9884,70.0975,0
2018-08-29,70.2147,70.6722,70.11,70.6168,0
2018-08-30,70.6168,71.2094,70.6075,70.9955,0
2018-08-31,70.9955,71.2656,70.7324,70.8082,0
2018-09-03,70.9144,71.2854,70.6971,71.1782,0
2018-09-04,71.1782,71.6862,71.09,71.4594,0
2018-09-05,71.4,71.955,71.4,71.75,0
2018-09-06,71.5784,72.11,71.5784,71.985,0
2018-09-07,71.985,72.1532,71.6625,72.1009,0
2018-09-10,72.1009,72.6822,72.08,72.6079,0
2018-09-11,72.6079,72.826,72.2575,72.6397,0
2018-09-12,72.6397,72.9075,71.8028,71.89,0
2018-09-13,71.6,71.6,71.6,71.6,0
2018-09-14,71.69,72.0289,71.53,71.95,0
2018-09-17,72.5,72.6875,72.3025,72.53,0
2018-09-18,72.5161,72.98,72.36,72.7,0
2018-09-19,72.7532,72.8675,71.99,71.99,0
2018-09-20,71.83,71.87,71.74,71.74,0
2018-09-21,71.84,72.47,71.7625,72.23,0
2018-09-24,72.1822,72.93,72.1822,72.93,0
2018-09-25,72.9401,73.004,72.5725,72.68,0
2018-09-26,72.7437,72.8551,72.3661,72.4249,0
2018-09-27,72.4249,72.765,72.3873,72.6454,0
2018-09-28,72.49,72.6575,72.4,72.5,0
2018-10-01,72.5544,73.4246,72.5544,73.4246,0
2018-10-02,73.33,73.34,73.33,73.34,0
2018-10-03,73.3648,73.9005,72.9125,73.84,0
2018-10-04,73.9005,73.918,73.5,73.78,0
2018-10-05,73.7641,74.2412,73.4175,74.12,0
2018-10-08,74.108,74.1246,73.76,73.9146,0
2018-10-09,73.9146,74.4361,73.8475,74.1026,0
2018-10-10,74.15,74.2825,74.06,74.24,0
2018-10-11,74.3735,74.4849,73.7508,73.8666,0
2018-10-12,73.8941,73.8941,73.52,73.7325,0
2018-10-15,73.7271,74.065,73.7,73.7,0
2018-10-16,73.8,73.9525,73.24,73.26,0
2018-10-17,73.41,73.66,73.3725,73.59,0
2018-10-18,73.52,73.8,73.52,73.8,0
2018-10-19,73.6,73.65,73.305,73.46,0
2018-10-22,73.3,73.64,73.1675,73.64,0
2018-10-23,73.7,73.825,73.23,73.23,0
2018-10-24,73.22,73.36,73.0975,73.36,0
2018-10-25,73.34,73.375,73.195,73.21,0
2018-10-26,73.41,73.47,73.09,73.09,0
2018-10-29,73.34,73.5225,73.32,73.47,0
2018-10-30,73.54,73.695,73.5,73.5,0
2018-10-31,73.91,74.1375,73.79,74.08,0
2018-11-01,73.86,73.87,73.08,73.08,0
2018-11-02,73.09,73.2075,72.4325,72.9,0
2018-11-05,72.8,73.125,72.77,72.87,0
2018-11-06,72.94,73.0675,72.915,73,0
2018-11-07,72.49,72.49,72.35,72.38,0
2018-11-08,72.38,72.6,72.38,72.6,0
2018-11-09,72.7,72.825,72.42,72.64,0
2018-11-12,72.72,73.07,72.72,72.88,0
2018-11-13,72.79,72.79,72.3,72.3,0
2018-11-14,72.18,72.4,72,72.14,0
2018-11-15,72.06,72.1825,71.8,71.8,0
2018-11-16,71.99,71.99,71.7175,71.92,0
2018-11-19,72,72.0825,71.44,71.44,0
2018-11-20,71.45,71.5125,71.28,71.42,0
2018-11-21,71.12,71.12,71.11,71.11,0
2018-11-22,71.13,71.195,70.68,70.7,0
2018-11-23,70.53,70.53,70.48,70.48,0
2018-11-26,70.46,70.895,70.3125,70.73,0
2018-11-27,70.81,71.0275,70.72,70.85,0
2018-11-28,70.88,70.885,70.39,70.39,0
2018-11-29,70.11,70.1375,69.72,69.72,0
2018-11-30,69.67,69.895,69.57,69.7,0
2018-12-03,69.89,70.46,69.88,70.4,0
2018-12-04,70.49,70.6825,70.335,70.51,0
2018-12-05,70.64,70.74,70.39,70.66,0
2018-12-06,70.78,71.14,70.55,70.55,0
2018-12-07,70.55,71.38,70.4525,71.35,0
2018-12-10,71.33,72.55,71.24,72.5,0
2018-12-11,72.46,72.46,71.6825,72.32,0
2018-12-12,72.2,72.2,71.84,71.84,0
2018-12-13,71.71,71.715,71.51,71.53,0
2018-12-14,71.78,72.035,71.7,71.92,0
2018-12-17,71.91,71.91,71.52,71.6,0
2018-12-18,71.32,71.3575,70.415,70.53,0
2018-12-19,70.36,70.68,69.8575,70.68,0
2018-12-20,70.68,70.68,69.66,70.01,0
2018-12-21,69.88,70.31,69.7425,70.15,0
2018-12-24,70.34,70.34,69.885,69.98,0
2018-12-26,69.88,70.17,69.765,70.17,0
2018-12-27,70.2025,70.39,70.09,70.09,0
2018-12-28,70.04,70.2275,69.81,69.81,0
2018-12-31,69.79,69.94,69.56,69.56,0
2019-01-01,69.62,69.7525,69.43,69.4475,0
2019-01-02,69.51,70.23,69.51,69.98,0
2019-01-03,70.28,70.52,70.0475,70.1,0
2019-01-04,70.19,70.19,69.54,69.54,0
2019-01-07,69.42,69.9275,69.2325,69.72,0
2019-01-08,69.77,70.23,69.77,70.13,0
2019-01-09,70.05,70.64,70.05,70.55,0
2019-01-10,70.48,70.6475,70.33,70.41,0
2019-01-11,70.41,70.58,70.35,70.495,0
2019-01-14,70.47,70.9425,70.45,70.74,0
2019-01-15,70.77,71.1475,70.77,71.06,0
2019-01-16,71.1,71.2575,70.92,70.97,0
2019-01-17,71.14,71.4025,70.975,71.04,0
2019-01-18,71.06,71.2375,71.06,71.22,0
2019-01-21,71.34,71.5225,71.15,71.28,0
2019-01-22,71.22,71.465,71.18,71.25,0
2019-01-23,71.17,71.36,71.1475,71.19,0
2019-01-24,71.27,71.3025,70.99,70.99,0
2019-01-25,70.99,71.2375,70.91,70.94,0
2019-01-28,71,71.1875,71,71.05,0
2019-01-29,71.14,71.38,71.035,71.38,0
2019-01-30,71.36,71.36,71.11,71.22,0
2019-01-31,70.93,71.1875,70.865,70.95,0
2019-02-01,71.0675,71.44,70.95,71.44,0
2019-02-04,71.45,71.82,71.45,71.7,0
2019-02-05,71.68,71.8025,71.52,71.52,0
2019-02-06,71.51,71.6775,71.4925,71.58,0
2019-02-07,71.74,71.74,71.29,71.29,0
2019-02-08,71.38,71.4175,71.03,71.16,0
2019-02-11,71.23,71.3125,71.07,71.13,0
2019-02-12,71.1225,71.145,70.53,70.53,0
2019-02-13,70.48,70.87,70.405,70.87,0
2019-02-14,70.89,71.1725,70.8,71,0
2019-02-15,71.23,71.435,71.195,71.32,0
2019-02-18,71.31,71.515,71.31,71.3425,0
2019-02-19,71.36,71.37,71.29,71.29,0
2019-02-20,71.3,71.3325,70.98,71,0
2019-02-21,71.075,71.265,70.9225,71.13,0
2019-02-22,71.18,71.3125,71.02,71.02,0
2019-02-25,71.01,71.0825,70.87,70.87,0
2019-02-26,71.26,71.34,70.95,70.95,0
2019-02-27,71.11,71.48,70.9425,71.19,0
2019-02-28,71.26,71.26,70.71,70.83,0
2019-03-01,70.75,70.99,70.75,70.99,0
2019-03-04,70.9,70.9,70.89,70.89,0
2019-03-05,70.94,70.97,70.4525,70.48,0
2019-03-06,70.47,70.67,70.05,70.09,0
2019-03-07,70.08,70.1325,69.9525,70.09,0
2019-03-08,70.17,70.215,69.82,70.08,0
2019-03-11,70,70.0275,69.73,69.73,0
2019-03-12,69.75,69.7575,69.51,69.65,0
2019-03-13,69.74,69.7825,69.435,69.64,0
2019-03-14,69.535,69.735,69.2625,69.31,0
2019-03-15,69.33,69.333,68.94,68.97,0
2019-03-18,68.91,68.9375,68.4575,68.62,0
2019-03-19,68.505,69.04,68.35,69.01,0
2019-03-20,69.05,69.165,68.5,68.5,0
2019-03-21,68.65,68.8,68.65,68.75,0
2019-03-22,68.64,69.16,68.5375,69.16,0
2019-03-25,69.06,69.1675,68.7875,68.92,0
2019-03-26,68.8875,68.99,68.7725,68.99,0
2019-03-27,68.99,69.17,68.77,69.07,0
2019-03-28,69.1,69.35,68.935,69.16,0
2019-03-29,69.24,69.32,69.045,69.26,0
2019-04-01,69.17,69.19,69.17,69.19,0
2019-04-02,69.27,69.37,68.695,68.91,0
2019-04-03,68.72,68.835,68.3875,68.44,0
2019-04-04,68.5375,69.21,68.52,68.97,0
2019-04-05,69.07,69.33,69.0475,69.21,0
2019-04-08,69.33,69.71,69.33,69.55,0
2019-04-09,69.67,69.7275,69.25,69.25,0
2019-04-10,69.28,69.3525,69.0952,69.14,0
2019-04-11,69.21,69.21,68.84,69.04,0
2019-04-12,69.07,69.365,69.0275,69.18,0
2019-04-15,69.07,69.455,69.05,69.38,0
2019-04-16,69.49,69.685,69.4775,69.52,0
2019-04-17,69.41,69.43,69.41,69.43,0
2019-04-18,69.46,69.605,69.3375,69.38,0
2019-04-19,69.34,69.36,69.34,69.36,0
2019-04-22,69.78,69.875,69.507,69.72,0
2019-04-23,69.67,69.83,69.535,69.76,0
2019-04-24,69.82,69.97,69.77,69.95,0
2019-04-25,69.99,70.2725,69.9275,70.15,0
2019-04-26,70.13,70.215,69.81,69.84,0
2019-04-29,69.78,69.8,69.78,69.78,0
2019-04-30,69.82,69.89,69.53,69.62,0
2019-05-01,69.56,69.56,69.56,69.56,0
2019-05-02,69.61,69.6225,69.34,69.4,0
2019-05-03,69.39,69.4175,69.13,69.13,0
2019-05-06,69.29,69.47,69.29,69.31,0
2019-05-07,69.38,69.66,69.295,69.63,0
2019-05-08,69.55,69.73,69.4775,69.71,0
2019-05-09,69.71,70.24,69.71,70.02,0
2019-05-10,69.94,70.065,69.7675,69.91,0
2019-05-13,70.14,70.58,70.0975,70.56,0
2019-05-14,70.53,70.53,70.27,70.27,0
2019-05-15,70.34,70.385,70.1825,70.21,0
2019-05-16,70.27,70.32,69.9975,70.16,0
2019-05-17,70.26,70.33,70.095,70.27,0
2019-05-20,69.36,69.755,69.36,69.58,0
2019-05-21,69.725,69.8075,69.63,69.63,0
2019-05-22,69.67,69.7975,69.625,69.64,0
2019-05-23,69.45,70.0625,69.38,69.62,0
2019-05-24,69.74,69.805,69.36,69.36,0
2019-05-27,69.4075,69.615,69.3525,69.495,0
2019-05-28,69.65,69.7325,69.59,69.64,0
2019-05-29,69.755,69.9925,69.7275,69.8,0
2019-05-30,69.71,69.9275,69.71,69.82,0
2019-05-31,69.76,69.915,69.57,69.57,0
2019-06-03,69.57,69.606,69.154,69.154,0
2019-06-04,69.154,69.34,69.0375,69.277,0
2019-06-05,69.277,69.407,69.212,69.389,0
2019-06-06,69.389,69.45,69.14,69.149,0
2019-06-07,69.124,69.536,69.124,69.34,0
2019-06-10,69.34,69.669,69.34,69.519,0
2019-06-11,69.519,69.528,69.3525,69.38,0
2019-06-12,69.379,69.449,69.285,69.369,0
2019-06-13,69.358,69.5625,69.315,69.51,0
2019-06-14,69.51,69.88,69.51,69.813,0
2019-06-17,69.813,69.971,69.76,69.858,0
2019-06-18,69.858,69.881,69.51,69.51,0
2019-06-19,69.6,69.797,69.495,69.64,0
2019-06-20,69.64,69.665,69.374,69.51,0
2019-06-21,69.51,69.75,69.51,69.61,0
2019-06-24,69.61,69.61,69.246,69.246,0
2019-06-25,69.246,69.419,69.23,69.313,0
2019-06-26,69.313,69.513,69.0975,69.19,0
2019-06-27,69.215,69.333,69.06,69.067,0
2019-06-28,69.067,69.1175,68.89,68.939,0
2019-07-01,68.939,69.084,68.8325,68.879,0
2019-07-02,68.879,69.064,68.879,68.88,0
2019-07-03,68.88,68.9525,68.78,68.79,0
2019-07-04,68.793,68.91,68.48,68.503,0
2019-07-05,68.529,68.775,68.4025,68.44,0
2019-07-08,68.44,68.755,68.44,68.61,0
2019-07-09,68.64,68.843,68.54,68.55,0
2019-07-10,68.55,68.675,68.34,68.399,0
2019-07-11,68.399,68.485,68.3075,68.4,0
2019-07-12,68.4,68.69,68.4,68.55,0
2019-07-15,68.55,68.61,68.51,68.54,0
2019-07-16,68.53,68.76,68.53,68.64,0
2019-07-17,68.64,68.888,68.64,68.829,0
2019-07-18,68.829,69,68.735,68.85,0
2019-07-19,68.85,68.945,68.75,68.85,0
2019-07-22,68.85,69.06,68.85,68.92,0
2019-07-23,68.92,69.042,68.91,69.01,0
2019-07-24,69.041,69.098,68.95,68.97,0
2019-07-25,68.97,69.15,68.923,69.029,0
2019-07-26,69.029,69.141,68.856,68.87,0
2019-07-29,68.94,68.9575,68.725,68.75,0
2019-07-30,68.75,68.89,68.6725,68.83,0
2019-07-31,68.838,68.945,68.7675,68.86,0
2019-08-01,69.25,69.25,68.87,69.053,0
2019-08-02,69.24,69.69,69.2125,69.69,0
2019-08-05,69.69,71.18,69.69,71.17,0
2019-08-06,70.8,71.02,70.475,70.896,0
2019-08-07,70.896,71.23,70.625,71.23,0
2019-08-08,70.79,70.95,70.41,70.41,0
2019-08-09,70.41,71.04,70.41,70.906,0
2019-08-12,71.02,71.35,71.02,71.266,0
2019-08-13,71.266,71.481,71.03,71.399,0
2019-08-14,70.99,71.35,70.8525,71.27,0
2019-08-15,71.27,71.4,71.27,71.4,0
2019-08-16,71.27,71.47,71.05,71.149,0
2019-08-19,71.15,71.487,71.0625,71.438,0
2019-08-20,71.438,71.7925,71.438,71.535,0
2019-08-21,71.535,71.6075,71.3675,71.426,0
2019-08-22,71.579,71.983,71.57,71.91,0
2019-08-23,71.91,72.0425,71.491,71.491,0
2019-08-26,71.492,72.255,71.492,71.8,0
2019-08-27,72.01,72.01,71.413,71.53,0
2019-08-28,71.53,71.8725,71.465,71.795,0
2019-08-29,71.795,72.09,71.664,71.68,0
2019-08-30,71.68,71.815,71.3775,71.73,0
2019-09-02,71.879,71.986,71.86,71.952,0
2019-09-03,71.952,72.4025,71.952,72.159,0
2019-09-04,72.159,72.294,71.965,71.99,0
2019-09-05,71.985,71.99,71.8,71.893,0
2019-09-06,71.901,71.913,71.59,71.629,0
2019-09-09,71.629,71.76,71.5075,71.746,0
2019-09-10,71.749,71.976,71.749,71.87,0
2019-09-11,71.87,71.87,71.536,71.549,0
2019-09-12,71.54,71.56,70.939,70.939,0
2019-09-13,70.956,71.145,70.865,71.01,0
2019-09-16,71.01,71.79,71.01,71.559,0
2019-09-17,71.809,71.9725,71.37,71.37,0
2019-09-18,71.5,71.515,71.13,71.13,0
2019-09-19,71.13,71.38,71.08,71.37,0
2019-09-20,71.37,71.37,70.68,71.059,0
2019-09-23,71.059,71.059,70.785,70.785,0
2019-09-24,70.785,71.049,70.7375,70.956,0
2019-09-25,70.946,71.137,70.946,70.971,0
2019-09-26,70.971,71.03,70.86,70.934,0
2019-09-27,70.934,70.963,70.397,70.492,0
2019-09-30,70.64,70.8825,70.35,70.639,0
2019-10-01,70.639,71.16,70.639,71.1,0
2019-10-02,71.1,71.245,71.1,71.14,0
2019-10-03,71.14,71.36,70.8625,71.019,0
2019-10-04,71.019,71.0275,70.785,70.819,0
2019-10-07,70.819,71.096,70.819,70.966,0
2019-10-08,70.966,71.23,70.966,71.209,0
2019-10-09,71.209,71.219,70.95,71.109,0
2019-10-10,71.109,71.1425,70.85,70.979,0
2019-10-11,70.804,71.0825,70.804,70.912,0
2019-10-14,70.912,71.24,70.7625,71.225,0
2019-10-15,71.225,71.594,71.225,71.49,0
2019-10-16,71.49,71.72,71.352,71.352,0
2019-10-17,71.352,71.4675,71.119,71.119,0
2019-10-18,71.119,71.3025,71.05,71.079,0
2019-10-21,71.079,71.079,70.82,70.909,0
2019-10-22,70.899,71.01,70.807,70.807,0
2019-10-23,70.807,71.027,70.719,70.719,0
2019-10-24,70.71,71.08,70.71,70.959,0
2019-10-25,70.959,71.062,70.8,70.809,0
2019-10-28,70.809,70.836,70.69,70.739,0
2019-10-29,70.739,70.909,70.69,70.879,0
2019-10-30,70.879,71.024,70.84,70.951,0
2019-10-31,70.951,71.12,70.7325,70.978,0
2019-11-01,71.06,71.06,70.758,70.758,0
2019-11-04,70.549,70.86,70.549,70.786,0
2019-11-05,70.786,70.85,70.65,70.769,0
2019-11-06,70.769,71.025,70.769,70.999,0
2019-11-07,70.999,71.114,70.8925,71.044,0
2019-11-08,71.27,71.354,71.16,71.35,0
2019-11-11,71.349,71.6,71.315,71.559,0
2019-11-12,71.559,71.79,71.559,71.78,0
2019-11-13,71.779,72.14,71.66,72.139,0
2019-11-14,72.139,72.24,71.86,71.953,0
2019-11-15,71.953,71.953,71.62,71.639,0
2019-11-18,71.639,71.94,71.595,71.94,0
2019-11-19,71.939,72.004,71.644,71.819,0
2019-11-20,71.819,71.912,71.66,71.742,0
2019-11-21,71.742,71.894,71.73,71.739,0
2019-11-22,71.739,71.865,71.7,71.785,0
2019-11-25,71.785,71.785,71.615,71.684,0
2019-11-26,71.684,71.684,71.469,71.469,0
2019-11-27,71.469,71.4825,71.249,71.249,0
2019-11-28,71.249,71.6675,71.249,71.499,0
2019-11-29,71.499,71.868,71.499,71.745,0
2019-12-02,71.745,71.809,71.619,71.619,0
2019-12-03,71.62,71.806,71.53,71.73,0
2019-12-04,71.73,71.82,71.471,71.471,0
2019-12-05,71.48,71.655,71.205,71.227,0
2019-12-06,71.23,71.43,71.1975,71.267,0
2019-12-09,71.267,71.29,70.959,70.959,0
2019-12-10,70.959,71.0375,70.799,70.799,0
2019-12-11,70.799,70.935,70.699,70.699,0
2019-12-12,70.699,70.865,70.53,70.559,0
2019-12-13,70.559,70.88,70.53,70.66,0
2019-12-16,70.794,71.044,70.76,70.909,0
2019-12-17,70.909,71.059,70.87,71.029,0
2019-12-18,71.029,71.115,70.963,70.989,0
2019-12-19,70.982,71.2,70.88,71.17,0
2019-12-20,71.17,71.246,71.04,71.05,0
2019-12-23,71.05,71.289,71.05,71.209,0
2019-12-24,71.209,71.306,71.15,71.269,0
2019-12-25,71.269,71.269,71.269,71.269,0
2019-12-26,71.249,71.345,71.185,71.289,0
2019-12-27,71.289,71.49,71.1975,71.439,0
2019-12-30,71.4,71.429,71.3,71.309,0
2019-12-31,71.309,71.385,71.2425,71.349,0
2020-01-01,71.349,71.375,71.222,71.222,0
2020-01-02,71.222,71.397,71.22,71.22,0
2020-01-03,71.339,71.833,71.339,71.759,0
2020-01-06,71.759,72.119,71.759,71.863,0
2020-01-07,71.863,71.918,71.6875,71.84,0
2020-01-08,71.84,72.11,71.39,71.506,0
2020-01-09,71.506,71.534,71.174,71.2,0
2020-01-10,71.23,71.25,70.865,70.95,0
2020-01-13,70.95,70.95,70.699,70.699,0
2020-01-14,70.699,70.9625,70.699,70.839,0
2020-01-15,70.83,71.012,70.7,70.709,0
2020-01-16,70.709,70.985,70.709,70.952,0
2020-01-17,70.952,71.095,70.945,71.075,0
2020-01-20,71.075,71.15,71.03,71.03,0
2020-01-21,71.03,71.24,71.03,71.16,0
2020-01-22,71.18,71.255,71.07,71.07,0
2020-01-23,71.07,71.455,71.07,71.39,0
2020-01-24,71.39,71.39,71.23,71.32,0
2020-01-27,71.319,71.51,71.319,71.439,0
2020-01-28,71.439,71.439,71.189,71.189,0
2020-01-29,71.229,71.4,71.1825,71.3,0
2020-01-30,71.299,71.649,71.299,71.54,0
2020-01-31,71.56,71.56,71.2925,71.49,0
2020-02-03,71.54,71.649,71.314,71.32,0
2020-02-04,71.32,71.3275,71.095,71.109,0
2020-02-05,71.1,71.289,71.1,71.179,0
2020-02-06,71.179,71.298,71.11,71.222,0
2020-02-07,71.222,71.522,71.2,71.499,0
2020-02-10,71.499,71.499,71.279,71.279,0
2020-02-11,71.279,71.325,71.2,71.279,0
2020-02-12,71.279,71.375,71.21,71.289,0
2020-02-13,71.289,71.5,71.28,71.33,0
2020-02-14,71.319,71.6,71.295,71.526,0
2020-02-17,71.526,71.526,71.25,71.319,0
2020-02-18,71.319,71.595,71.319,71.569,0
2020-02-19,71.569,71.61,71.491,71.589,0
2020-02-20,71.589,71.96,71.5425,71.959,0
2020-02-21,71.67,72.018,71.67,71.87,0
2020-02-24,71.87,72.1,71.77,72.05,0
2020-02-25,71.919,71.919,71.65,71.87,0
2020-02-26,71.809,71.869,71.578,71.69,0
2020-02-27,71.576,71.698,71.56,71.649,0
2020-02-28,71.649,72.568,71.649,72.533,0
2020-03-02,72.533,72.949,72.045,72.35,0
2020-03-03,72.877,73.376,72.44,73.27,0
2020-03-04,73.049,73.65,72.9075,73.529,0
2020-03-05,73.529,73.9,73.05,73.9,0
2020-03-06,73.869,74.21,73.53,74,0
2020-03-09,74.01,74.39,73.8575,74.39,0
2020-03-10,74.164,74.164,73.56,73.56,0
2020-03-11,74.146,74.17,73.5575,74.17,0
2020-03-12,73.679,74.574,73.679,74.571,0
2020-03-13,74.56,74.56,73.74,73.838,0
2020-03-16,73.839,74.352,73.839,73.997,0
2020-03-17,73.997,74.315,73.86,74.06,0
2020-03-18,74.06,74.546,73.93,74.546,0
2020-03-19,74.546,75.307,74.546,75.04,0
2020-03-20,74.782,75.44,74.715,75.394,0
2020-03-23,75.394,76.44,75.394,76.32,0
2020-03-24,76.32,76.45,75.98,76.369,0
2020-03-25,76.369,76.369,75.75,75.75,0
2020-03-26,76.36,76.36,74.74,74.74,0
2020-03-27,74.885,75.525,74.34,75.12,0
2020-03-30,75.469,75.62,75.0925,75.39,0
2020-03-31,75.39,75.685,75.28,75.31,0
2020-04-01,75.31,76.57,75.31,76.57,0
2020-04-02,76.399,76.426,76.24,76.27,0
2020-04-03,76.395,76.41,75.8,76.41,0
2020-04-06,76.238,76.253,75.96,75.96,0
2020-04-07,75.963,75.983,75.568,75.62,0
2020-04-08,75.623,76.39,75.623,75.93,0
2020-04-09,75.93,76.55,75.88,75.97,0
2020-04-10,76.295,76.295,75.869,75.869,0
2020-04-13,76.171,76.445,76.171,76.245,0
2020-04-14,76.24,76.371,75.99,76.01,0
2020-04-15,76.038,76.649,75.975,76.559,0
2020-04-16,76.559,76.871,76.559,76.79,0
2020-04-17,76.819,76.819,76.277,76.54,0
2020-04-20,76.54,76.675,76.328,76.6,0
2020-04-21,76.809,77.001,76.6125,76.97,0
2020-04-22,76.97,77.008,76.36,76.4,0
2020-04-23,76.463,76.463,75.85,75.89,0
2020-04-24,75.89,76.478,75.89,76.26,0
2020-04-27,76.26,76.345,76.0475,76.227,0
2020-04-28,76.227,76.45,75.86,76.06,0
2020-04-29,76.06,76.107,75.27,75.27,0
2020-04-30,75.452,75.452,74.945,75.4,0
2020-05-01,75.317,75.87,75.317,75.746,0
2020-05-04,75.748,75.805,75.63,75.63,0
2020-05-05,75.63,75.93,75.4975,75.93,0
2020-05-06,75.803,76.24,75.65,76.09,0
2020-05-07,76.09,76.143,75.67,75.785,0
2020-05-08,75.785,75.785,75.275,75.51,0
2020-05-11,75.51,75.96,75.498,75.86,0
2020-05-12,75.86,75.965,75.071,75.3,0
2020-05-13,75.273,75.5075,75.09,75.36,0
2020-05-14,75.36,75.697,75.36,75.48,0
2020-05-15,75.508,75.937,75.45,75.817,0
2020-05-18,75.817,76.06,75.5,75.6,0
2020-05-19,75.6,75.79,75.597,75.634,0
2020-05-20,75.634,75.8625,75.49,75.53,0
2020-05-21,75.54,75.8225,75.54,75.601,0
2020-05-22,75.601,75.97,75.601,75.946,0
2020-05-25,75.946,75.946,75.946,75.946,0
2020-05-26,75.946,75.946,75.47,75.655,0
2020-05-27,75.655,75.91,75.5575,75.91,0
2020-05-28,75.71,75.895,75.63,75.69,0
2020-05-29,75.741,75.741,75.42,75.611,0
2020-06-01,75.611,75.611,75.2875,75.5,0
2020-06-02,75.537,75.6175,75.05,75.05,0
2020-06-03,75.36,75.525,75.03,75.457,0
2020-06-04,75.457,75.619,75.3775,75.573,0
2020-06-05,75.573,75.65,75.3675,75.58,0
2020-06-08,75.58,75.6425,75.38,75.38,0
2020-06-09,75.539,75.619,75.4275,75.607,0
2020-06-10,75.607,75.67,75.4275,75.67,0
2020-06-11,75.583,75.97,75.583,75.97,0
2020-06-12,75.779,76.105,75.779,75.779,0
2020-06-15,75.95,76.155,75.779,75.779,0
2020-06-16,75.779,76.42,75.779,76.42,0
2020-06-17,76.28,76.28,76.1075,76.148,0
2020-06-18,76.148,76.39,76.095,76.39,0
2020-06-19,76.139,76.2975,76.139,76.184,0
2020-06-22,76.184,76.1925,75.78,75.78,0
2020-06-23,76.018,76.018,75.52,75.643,0
2020-06-24,75.643,75.76,75.59,75.64,0
2020-06-25,75.643,75.785,75.51,75.528,0
2020-06-26,75.528,75.676,75.445,75.608,0
2020-06-29,75.636,75.648,75.496,75.498,0
2020-06-30,75.498,75.621,75.4375,75.538,0
2020-07-01,75.538,75.605,75.438,75.438,0
2020-07-02,75.438,75.5325,74.684,74.738,0
2020-07-03,74.738,75.023,74.619,74.632,0
2020-07-06,74.632,74.818,74.528,74.628,0
2020-07-07,74.628,74.971,74.628,74.803,0
2020-07-08,74.803,75.066,74.803,74.938,0
2020-07-09,74.907,75.14,74.907,75.138,0
2020-07-10,75.138,75.33,75.138,75.188,0
2020-07-13,75.188,75.2275,75.0975,75.185,0
2020-07-14,75.185,75.52,75.185,75.375,0
2020-07-15,75.375,75.375,75.087,75.118,0
2020-07-16,75.118,75.2925,75.118,75.168,0
2020-07-17,75.168,75.245,74.882,74.882,0
2020-07-20,74.894,75.025,74.738,74.738,0
2020-07-21,74.738,74.87,74.528,74.528,0
2020-07-22,74.528,74.8625,74.528,74.598,0
2020-07-23,74.598,74.957,74.598,74.808,0
2020-07-24,74.808,74.978,74.732,74.748,0
2020-07-27,74.748,74.898,74.685,74.788,0
2020-07-28,74.788,74.935,74.725,74.905,0
2020-07-29,74.905,74.922,74.713,74.921,0
2020-07-30,74.921,74.951,74.815,74.873,0
2020-07-31,74.873,74.917,74.6875,74.914,0
2020-08-03,74.914,75.305,74.888,75.178,0
2020-08-04,75.178,75.199,74.995,75.058,0
2020-08-05,75.058,75.058,74.794,74.796,0
2020-08-06,74.796,74.9625,74.7875,74.89,0
2020-08-07,74.89,75.098,74.89,74.97,0
2020-08-10,75.012,75.025,74.8675,74.91,0
2020-08-11,74.91,74.91,74.571,74.6,0
2020-08-12,74.6,74.9325,74.6,74.727,0
2020-08-13,74.727,74.925,74.727,74.806,0
2020-08-14,74.806,74.965,74.76,74.853,0
2020-08-17,74.874,74.91,74.746,74.746,0
2020-08-18,74.74,74.885,74.58,74.623,0
2020-08-19,74.623,74.935,74.62,74.846,0
2020-08-20,74.846,75.13,74.846,75.012,0
2020-08-21,75.012,75.012,74.84,74.92,0
2020-08-24,74.92,74.92,73.998,74.169,0
2020-08-25,74.169,74.513,74.11,74.201,0
2020-08-26,74.201,74.455,74.201,74.219,0
2020-08-27,74.219,74.3725,73.8075,73.895,0
2020-08-28,73.895,73.895,73.116,73.116,0
2020-08-31,73.116,73.7025,73.09,73.254,0
2020-09-01,73.254,73.254,72.7625,73.002,0
2020-09-02,73.002,73.3,72.9125,73.269,0
2020-09-03,73.269,73.552,73.2,73.4,0
2020-09-04,73.4,73.49,73.0075,73.289,0
2020-09-07,73.289,73.487,73.0525,73.436,0
2020-09-08,73.436,73.966,73.395,73.74,0
2020-09-09,73.74,73.815,73.3,73.3,0
2020-09-10,73.3,73.56,73.2,73.56,0
2020-09-11,73.432,73.61,73.4175,73.47,0
2020-09-14,73.43,73.605,73.26,73.39,0
2020-09-15,73.39,73.73,73.34,73.6,0
2020-09-16,73.59,73.775,73.48,73.48,0
2020-09-17,73.48,73.78,73.48,73.6,0
2020-09-18,73.6,73.606,73.192,73.538,0
2020-09-21,73.53,73.63,73.27,73.57,0
2020-09-22,73.57,73.64,73.3925,73.51,0
2020-09-23,73.51,73.63,73.464,73.57,0
2020-09-24,73.57,74.047,73.57,73.897,0
2020-09-25,73.9,73.9,73.585,73.707,0
2020-09-28,73.707,73.855,73.5375,73.76,0
2020-09-29,73.76,73.91,73.74,73.778,0
2020-09-30,73.778,73.865,73.54,73.54,0
2020-10-01,73.54,73.6125,73.0225,73.192,0
2020-10-02,73.193,73.444,73.193,73.346,0
2020-10-05,73.293,73.405,73.08,73.08,0
2020-10-06,73.11,73.515,73.11,73.399,0
2020-10-07,73.399,73.58,73.265,73.345,0
2020-10-08,73.345,73.366,73.19,73.325,0
2020-10-09,73.325,73.325,73.006,73.01,0
2020-10-12,73.01,73.418,73.01,73.358,0
2020-10-13,73.363,73.473,73.287,73.454,0
2020-10-14,73.454,73.465,73.224,73.24,0
2020-10-15,73.29,73.518,73.2125,73.42,0
2020-10-16,73.42,73.44,73.2775,73.43,0
2020-10-19,73.442,73.442,73.321,73.35,0
2020-10-20,73.35,73.554,73.2925,73.44,0
2020-10-21,73.44,73.655,73.3625,73.65,0
2020-10-22,73.695,73.797,73.5375,73.66,0
2020-10-23,73.66,73.886,73.495,73.87,0
2020-10-26,73.87,74.113,73.7025,73.917,0
2020-10-27,73.917,73.998,73.643,73.82,0
2020-10-28,73.624,74.269,73.624,74.17,0
2020-10-29,74.18,74.523,73.9375,74.39,0
2020-10-30,74.39,74.703,74.28,74.54,0
2020-11-02,74.54,74.565,74.28,74.507,0
2020-11-03,74.507,74.64,74.255,74.601,0
2020-11-04,74.601,74.914,74.19,74.19,0
2020-11-05,74.295,74.4075,73.926,73.926,0
2020-11-06,73.926,74.268,73.8825,73.97,0
2020-11-09,73.97,74.175,73.679,73.95,0
2020-11-10,74.124,74.473,73.97,74.28,0
2020-11-11,74.149,74.52,74.149,74.482,0
2020-11-12,74.482,74.749,74.3925,74.63,0
2020-11-13,74.63,74.704,74.47,74.563,0
2020-11-16,74.58,74.588,74.37,74.37,0
2020-11-17,74.33,74.6325,74.33,74.47,0
2020-11-18,74.42,74.52,74.1025,74.11,0
2020-11-19,74.11,74.338,74.1,74.1,0
2020-11-20,74.1,74.205,74.095,74.116,0
2020-11-23,74.116,74.269,74.046,74.25,0
2020-11-24,74.25,74.25,73.909,74.083,0
2020-11-25,74.083,74.083,73.768,73.768,0
2020-11-26,73.768,73.902,73.76,73.827,0
2020-11-27,73.832,74.111,73.7675,73.92,0
2020-11-30,73.92,74.01,73.91,73.99,0
2020-12-01,73.99,74.05,73.45,73.68,0
2020-12-02,73.482,73.83,73.4325,73.8,0
2020-12-03,73.72,73.972,73.68,73.809,0
2020-12-04,73.86,73.9,73.71,73.758,0
2020-12-07,73.758,73.962,73.7075,73.74,0
2020-12-08,73.826,73.895,73.525,73.68,0
2020-12-09,73.68,73.81,73.52,73.712,0
2020-12-10,73.72,73.772,73.63,73.723,0
2020-12-11,73.723,73.807,73.565,73.75,0
2020-12-14,73.75,73.75,73.49,73.643,0
2020-12-15,73.643,73.672,73.51,73.55,0
2020-12-16,73.556,73.65,73.48,73.64,0
2020-12-17,73.64,73.64,73.4,73.52,0
2020-12-18,73.52,73.5975,73.5,73.53,0
2020-12-21,73.53,74.103,73.53,74.013,0
2020-12-22,74.013,74.026,73.835,73.853,0
2020-12-23,73.853,73.9,73.7,73.77,0
2020-12-24,73.84,73.84,73.53,73.53,0
2020-12-25,73.54,73.556,73.54,73.556,0
2020-12-28,73.556,73.6075,73.4675,73.5,0
2020-12-29,73.54,73.546,73.345,73.39,0
2020-12-30,73.341,73.396,73.119,73.119,0
2020-12-31,73.119,73.305,72.987,73.036,0
2021-01-01,73.036,73.12,73.03,73.12,0
2021-01-04,73.12,73.12,72.867,73.07,0
2021-01-05,73.07,73.281,73.027,73.105,0
2021-01-06,73.12,73.215,73.05,73.118,0
2021-01-07,73.118,73.465,73.09,73.46,0
2021-01-08,73.451,73.485,73.24,73.311,0
2021-01-11,73.311,73.581,73.311,73.456,0
2021-01-12,73.456,73.492,73.23,73.232,0
2021-01-13,73.232,73.232,73.09,73.14,0
2021-01-14,73.16,73.23,72.955,73.065,0
2021-01-15,73.065,73.203,72.9975,73.16,0
2021-01-18,73.16,73.32,73.16,73.181,0
2021-01-19,73.181,73.304,73.1425,73.16,0
2021-01-20,73.19,73.19,72.91,72.91,0
2021-01-21,72.91,73.046,72.91,72.97,0
2021-01-22,72.97,73.1,72.96,72.976,0
2021-01-25,72.976,73.006,72.86,72.97,0
2021-01-26,72.97,73.07,72.883,72.91,0
2021-01-27,72.91,73.082,72.79,73.06,0
2021-01-28,73.06,73.18,72.926,72.93,0
2021-01-29,72.931,73.03,72.849,72.906,0
2021-02-01,72.906,73.19,72.85,73.11,0
2021-02-02,73.11,73.11,72.93,72.96,0
2021-02-03,72.96,73.007,72.81,72.81,0
2021-02-04,72.821,72.986,72.821,72.965,0
2021-02-05,72.965,73.029,72.795,72.81,0
2021-02-08,72.81,72.999,72.806,72.9,0
2021-02-09,72.9,72.96,72.85,72.86,0
2021-02-10,72.86,72.96,72.79,72.79,0
2021-02-11,72.79,72.89,72.7,72.7,0
2021-02-12,72.704,72.83,72.57,72.58,0
2021-02-15,72.55,72.69,72.55,72.618,0
2021-02-16,72.618,72.92,72.618,72.92,0
2021-02-17,72.814,72.961,72.73,72.815,0
2021-02-18,72.835,72.835,72.58,72.59,0
2021-02-19,72.58,72.722,72.51,72.55,0
2021-02-22,72.55,72.65,72.2875,72.44,0
2021-02-23,72.44,72.559,72.315,72.38,0
2021-02-24,72.38,72.465,72.21,72.21,0
2021-02-25,72.377,72.758,72.32,72.741,0
2021-02-26,72.741,74.055,72.741,73.917,0
2021-03-01,73.917,73.917,73.1925,73.395,0
2021-03-02,73.395,73.503,73.25,73.25,0
2021-03-03,73.25,73.28,72.7025,72.91,0
2021-03-04,72.93,73.17,72.5975,73.16,0
2021-03-05,73.061,73.207,72.74,73.14,0
2021-03-08,73.14,73.399,72.93,73.32,0
2021-03-09,73.35,73.384,72.8,72.8,0
2021-03-10,72.766,73.097,72.718,72.718,0
2021-03-11,72.718,72.792,72.62,72.694,0
2021-03-12,72.694,72.866,72.635,72.68,0
2021-03-15,72.68,72.784,72.4025,72.53,0
2021-03-16,72.51,72.6375,72.3775,72.51,0
2021-03-17,72.51,72.619,72.4,72.4,0
2021-03-18,72.332,72.73,72.332,72.67,0
2021-03-19,72.67,72.703,72.402,72.402,0
2021-03-22,72.402,72.496,72.33,72.37,0
2021-03-23,72.37,72.55,72.2775,72.51,0
2021-03-24,72.55,72.68,72.51,72.58,0
2021-03-25,72.58,72.71,72.58,72.66,0
2021-03-26,72.66,72.66,72.3875,72.648,0
2021-03-29,72.648,72.8,72.523,72.748,0
2021-03-30,72.748,73.623,72.748,73.44,0
2021-03-31,73.44,73.616,73.065,73.137,0
2021-04-01,73.167,73.451,73.167,73.328,0
2021-04-02,73.328,73.39,73.303,73.37,0
2021-04-05,73.37,73.46,73.2875,73.32,0
2021-04-06,73.32,73.493,73.2175,73.486,0
2021-04-07,73.486,74.576,73.44,74.352,0
2021-04-08,74.352,74.8825,74.1975,74.561,0
2021-04-09,74.561,74.9575,74.535,74.719,0
2021-04-12,74.719,75.159,74.719,74.98,0
2021-04-13,75.06,75.449,75.001,75.26,0
2021-04-14,75.175,75.249,75.05,75.05,0
2021-04-15,75.05,75.348,74.74,74.81,0
2021-04-16,74.81,74.815,74.3,74.479,0
2021-04-19,74.479,75.05,74.479,74.85,0
2021-04-20,74.85,75.443,74.555,75.44,0
2021-04-21,75.389,75.561,75.326,75.421,0
2021-04-22,75.421,75.428,74.8325,75.11,0
2021-04-23,75.11,75.124,74.76,74.92,0
2021-04-26,74.92,74.92,74.6875,74.69,0
2021-04-27,74.69,74.833,74.51,74.58,0
2021-04-28,74.58,74.601,74.3,74.489,0
2021-04-29,74.18,74.2375,73.965,74.073,0
2021-04-30,74.04,74.203,73.95,74.05,0
2021-05-03,74.05,74.325,73.83,73.9,0
2021-05-04,73.9,73.972,73.76,73.76,0
2021-05-05,73.76,74.045,73.76,73.81,0
2021-05-06,73.81,74.002,73.59,73.59,0
2021-05-07,73.59,73.755,73.29,73.3,0
2021-05-10,73.3,73.52,73.3,73.43,0
2021-05-11,73.43,73.535,73.32,73.37,0
2021-05-12,73.37,73.533,73.37,73.53,0
2021-05-13,73.53,73.652,73.46,73.46,0
2021-05-14,73.44,73.476,73.225,73.231,0
2021-05-17,73.231,73.33,73.1625,73.296,0
2021-05-18,73.296,73.33,72.9575,73.05,0
2021-05-19,73.05,73.24,72.9375,73.2,0
2021-05-20,73.15,73.222,73.01,73.01,0
2021-05-21,73.01,73.085,72.799,72.817,0
2021-05-24,72.817,72.975,72.817,72.83,0
2021-05-25,72.83,72.875,72.75,72.778,0
2021-05-26,72.8,72.8,72.64,72.64,0
2021-05-27,72.72,72.788,72.545,72.7,0
2021-05-28,72.682,72.682,72.345,72.4,0
2021-05-31,72.4,72.655,72.3525,72.511,0
2021-06-01,72.511,72.953,72.511,72.85,0
2021-06-02,72.85,73.315,72.85,72.95,0
2021-06-03,72.95,73.18,72.878,73.006,0
2021-06-04,73.006,73.119,72.852,72.869,0
2021-06-07,72.869,72.919,72.7425,72.786,0
2021-06-08,72.786,72.969,72.7725,72.93,0
2021-06-09,72.93,73.015,72.885,72.98,0
2021-06-10,72.983,73.125,72.9475,73.1,0
2021-06-11,73.1,73.257,72.9225,73.237,0
2021-06-14,73.237,73.275,73.1075,73.18,0
2021-06-15,73.18,73.373,73.165,73.35,0
2021-06-16,73.34,73.389,73.2675,73.27,0
2021-06-17,73.27,74.239,73.27,74.149,0
2021-06-18,74.149,74.281,73.83,74.139,0
2021-06-21,74.139,74.326,74.09,74.13,0
2021-06-22,74.13,74.408,74.0625,74.33,0
2021-06-23,74.33,74.396,74.07,74.14,0
2021-06-24,74.215,74.268,74.14,74.144,0
2021-06-25,74.144,74.248,74.144,74.145,0
2021-06-28,74.2,74.311,74.185,74.27,0
2021-06-29,74.27,74.342,74.2025,74.29,0
2021-06-30,74.29,74.469,74.24,74.36,0
2021-07-01,74.36,74.634,74.3425,74.56,0
2021-07-02,74.56,74.881,74.51,74.512,0
2021-07-05,74.512,74.553,74.294,74.294,0
2021-07-06,74.288,74.78,74.25,74.74,0
2021-07-07,74.752,74.81,74.6,74.805,0
2021-07-08,74.805,74.865,74.66,74.73,0
2021-07-09,74.76,74.766,74.49,74.49,0
2021-07-12,74.49,74.67,74.415,74.53,0
2021-07-13,74.53,74.661,74.4175,74.57,0
2021-07-14,74.59,74.65,74.46,74.46,0
2021-07-15,74.46,74.566,74.46,74.54,0
2021-07-16,74.54,74.665,74.515,74.608,0
2021-07-19,74.608,75.026,74.608,74.851,0
2021-07-20,74.851,74.95,74.53,74.53,0
2021-07-21,74.53,74.632,74.47,74.486,0
2021-07-22,74.436,74.52,74.3375,74.45,0
2021-07-23,74.45,74.573,74.38,74.425,0
2021-07-26,74.425,74.524,74.33,74.33,0
2021-07-27,74.273,74.54,74.273,74.498,0
2021-07-28,74.498,74.524,74.3225,74.5,0
2021-07-29,74.5,74.5,74.2375,74.246,0
2021-07-30,74.245,74.448,74.245,74.337,0
2021-08-02,74.337,74.425,74.335,74.354,0
2021-08-03,74.354,74.365,74.225,74.249,0
2021-08-04,74.215,74.253,74.09,74.149,0
2021-08-05,74.17,74.288,74.098,74.098,0
2021-08-06,74.098,74.24,74.089,74.24,0
2021-08-09,74.24,74.475,74.2175,74.475,0
2021-08-10,74.48,74.55,74.3425,74.43,0
2021-08-11,74.43,74.4925,74.14,74.14,0
2021-08-12,74.098,74.335,74.098,74.293,0
2021-08-13,74.293,74.323,74.14,74.239,0
2021-08-16,74.239,74.295,74.16,74.16,0
2021-08-17,74.16,74.39,74.16,74.37,0
2021-08-18,74.37,74.37,74.245,74.27,0
2021-08-19,74.251,74.454,74.251,74.37,0
2021-08-20,74.379,74.478,74.3,74.347,0
2021-08-23,74.347,74.347,74.12,74.12,0
2021-08-24,74.12,74.226,74.1125,74.135,0
2021-08-25,74.14,74.3,74.1,74.11,0
2021-08-26,74.11,74.27,74.11,74.14,0
2021-08-27,74.14,74.205,73.47,73.47,0
2021-08-30,73.47,73.55,73.2125,73.292,0
2021-08-31,73.292,73.419,72.947,72.947,0
2021-09-01,72.981,73.155,72.9375,72.994,0
2021-09-02,72.994,73.13,72.9675,72.996,0
2021-09-03,72.996,73.151,72.965,72.982,0
2021-09-06,72.982,73.125,72.982,73.073,0
2021-09-07,73.073,73.492,73.073,73.44,0
2021-09-08,73.389,73.856,73.389,73.841,0
2021-09-09,73.841,73.871,73.495,73.56,0
2021-09-10,73.56,73.56,73.418,73.514,0
2021-09-13,73.514,73.782,73.514,73.55,0
2021-09-14,73.56,73.726,73.56,73.64,0
2021-09-15,73.64,73.737,73.45,73.465,0
2021-09-16,73.465,73.611,73.3575,73.556,0
2021-09-17,73.556,73.64,73.4225,73.64,0
2021-09-20,73.69,73.841,73.625,73.64,0
2021-09-21,73.64,73.77,73.585,73.707,0
2021-09-22,73.707,73.9275,73.6625,73.8,0
2021-09-23,73.87,73.902,73.6175,73.8,0
2021-09-24,73.835,73.868,73.625,73.814,0
2021-09-27,73.814,73.881,73.62,73.858,0
2021-09-28,73.858,74.25,73.7375,74.207,0
2021-09-29,74.207,74.337,74.0975,74.308,0
2021-09-30,74.276,74.355,74.159,74.17,0
2021-10-01,74.17,74.37,74.1125,74.13,0
2021-10-04,74.14,74.578,74.1375,74.568,0
2021-10-05,74.568,74.663,74.4225,74.54,0
2021-10-06,74.54,75.047,74.54,74.758,0
2021-10-07,74.758,74.93,74.71,74.805,0
2021-10-08,74.805,75.178,74.805,75.117,0
2021-10-11,75.117,75.526,75.06,75.393,0
2021-10-12,75.378,75.665,75.18,75.483,0
2021-10-13,75.483,75.515,75.205,75.281,0
2021-10-14,75.281,75.365,74.97,74.97,0
2021-10-15,74.983,75.058,74.915,75.028,0
2021-10-18,75.03,75.389,75.03,75.19,0
2021-10-19,75.19,75.256,74.922,75.105,0
2021-10-20,75.101,75.19,74.76,74.785,0
2021-10-21,74.81,74.924,74.7,74.864,0
2021-10-22,74.86,75.07,74.7,74.979,0
2021-10-25,74.987,75.177,74.932,75.087,0
2021-10-26,75.08,75.17,74.898,74.898,0
2021-10-27,74.885,75.105,74.885,75.01,0
2021-10-28,75.01,75.131,74.77,74.79,0
2021-10-29,74.79,75.029,74.7525,74.915,0
2021-11-01,74.915,75.04,74.81,74.845,0
2021-11-02,74.83,74.895,74.615,74.639,0
2021-11-03,74.65,74.69,74.425,74.43,0
2021-11-04,74.467,74.563,74.263,74.464,0
2021-11-05,74.48,74.565,74.174,74.174,0
2021-11-08,74.174,74.278,73.89,73.899,0
2021-11-09,73.899,74.17,73.8575,74.17,0
2021-11-10,74.17,74.4125,74.0725,74.393,0
2021-11-11,74.398,74.59,74.3,74.3,0
2021-11-12,74.296,74.54,74.296,74.319,0
2021-11-15,74.319,74.4925,74.319,74.381,0
2021-11-16,74.375,74.53,74.295,74.452,0
2021-11-17,74.452,74.525,74.248,74.248,0
2021-11-18,74.248,74.331,74.035,74.16,0
2021-11-19,74.16,74.368,74.16,74.333,0
2021-11-22,74.333,74.51,74.255,74.423,0
2021-11-23,74.418,74.575,74.3875,74.435,0
2021-11-24,74.43,74.6,74.32,74.585,0
2021-11-25,74.62,74.62,74.478,74.478,0
2021-11-26,74.475,75.08,74.475,75,0
2021-11-29,75.08,75.169,74.82,75.033,0
2021-11-30,75.038,75.194,74.865,75.09,0
2021-12-01,75.09,75.09,74.8075,75.009,0
2021-12-02,75.004,75.082,74.905,74.962,0
2021-12-03,74.962,75.332,74.96,75.237,0
2021-12-06,75.237,75.47,75.1875,75.394,0
2021-12-07,75.394,75.496,75.2675,75.416,0
2021-12-08,75.416,75.565,75.33,75.355,0
2021-12-09,75.358,75.675,75.358,75.555,0
2021-12-10,75.61,75.845,75.61,75.692,0
2021-12-13,75.692,75.808,75.615,75.778,0
2021-12-14,75.77,76.04,75.77,75.985,0
2021-12-15,75.985,76.44,75.985,76.34,0
2021-12-16,76.34,76.34,76.07,76.217,0
2021-12-17,76.18,76.281,75.974,75.976,0
2021-12-20,75.976,76.178,75.74,75.819,0
2021-12-21,75.819,75.819,75.415,75.648,0
2021-12-22,75.648,75.69,75.47,75.47,0
2021-12-23,75.44,75.49,75.05,75.091,0
2021-12-24,75.03,75.198,75,75.03,0
2021-12-27,74.976,75.17,74.96,74.96,0
2021-12-28,74.96,74.985,74.615,74.7,0
2021-12-29,74.74,74.8475,74.576,74.576,0
2021-12-30,74.576,74.655,74.319,74.4,0
2021-12-31,74.403,74.513,74.1075,74.464,0
2022-01-03,74.464,74.476,74.2625,74.369,0
2022-01-04,74.369,74.703,74.369,74.502,0
2022-01-05,74.53,74.595,74.27,74.27,0
2022-01-06,74.27,74.515,74.27,74.38,0
2022-01-07,74.38,74.428,74.2,74.271,0
2022-01-10,74.271,74.271,74.02,74.02,0
2022-01-11,74.02,74.029,73.77,73.781,0
2022-01-12,73.781,74.05,73.766,73.766,0
2022-01-13,73.766,73.976,73.766,73.937,0
2022-01-14,73.924,74.208,73.924,74.151,0
2022-01-17,74.151,74.355,74.151,74.258,0
2022-01-18,74.258,74.611,74.258,74.56,0
2022-01-19,74.56,74.72,74.38,74.438,0
2022-01-20,74.438,74.5175,74.315,74.446,0
2022-01-21,74.446,74.566,74.303,74.388,0
2022-01-24,74.388,74.73,74.331,74.644,0
2022-01-25,74.7,74.802,74.58,74.771,0
2022-01-26,74.771,74.951,74.742,74.874,0
2022-01-27,74.874,75.308,74.874,75.221,0
2022-01-28,75.221,75.221,74.89,75.034,0
2022-01-31,75.034,75.05,74.539,74.539,0
2022-02-01,74.539,74.875,74.43,74.724,0
2022-02-02,74.724,75.0125,74.718,74.796,0
2022-02-03,74.796,74.936,74.639,74.639,0
2022-02-04,74.639,74.838,74.639,74.64,0
2022-02-07,74.64,74.75,74.62,74.638,0
2022-02-08,74.638,74.795,74.5725,74.69,0
2022-02-09,74.69,74.8675,74.675,74.778,0
2022-02-10,74.778,75.34,74.778,75.34,0
2022-02-11,75.074,75.501,75.074,75.319,0
2022-02-14,75.319,75.685,75.319,75.658,0
2022-02-15,75.658,75.721,75.134,75.134,0
2022-02-16,75.134,75.291,74.9725,74.992,0
2022-02-17,74.992,75.223,74.98,75.063,0
2022-02-18,75.1,75.1,74.502,74.66,0
2022-02-21,74.66,74.713,74.36,74.495,0
2022-02-22,74.495,74.989,74.495,74.62,0
2022-02-23,74.62,74.725,74.54,74.64,0
2022-02-24,74.64,75.82,74.64,75.656,0
2022-02-25,75.656,75.656,75.086,75.086,0
2022-02-28,75.086,75.78,75.086,75.499,0
2022-03-01,75.499,75.788,75.305,75.772,0
2022-03-02,75.772,75.92,75.53,75.621,0
2022-03-03,75.621,75.992,75.6125,75.943,0
2022-03-04,75.943,76.423,75.943,76.36,0
2022-03-07,76.65,77.145,76.65,76.92,0
2022-03-08,76.96,77.159,76.71,76.86,0
2022-03-09,76.86,76.987,76.25,76.355,0
2022-03-10,76.14,76.477,76.085,76.297,0
2022-03-11,76.297,76.715,76.2825,76.71,0
2022-03-14,76.474,76.7,76.47,76.48,0
2022-03-15,76.48,76.68,76.28,76.28,0
2022-03-16,76.261,76.472,76.148,76.19,0
2022-03-17,76.19,76.19,75.775,75.947,0
2022-03-18,75.947,76.195,75.947,76.05,0
2022-03-21,76.05,76.28,76.0425,76.28,0
2022-03-22,76.185,76.493,76.018,76.12,0
2022-03-23,76.12,76.59,75.995,76.5,0
2022-03-24,76.5,76.52,76.214,76.3,0
2022-03-25,76.212,76.3,76.1325,76.25,0
2022-03-28,76.25,76.377,76.067,76.12,0
2022-03-29,76.12,76.15,75.59,75.63,0
2022-03-30,75.63,75.962,75.63,75.84,0
2022-03-31,75.801,75.941,75.665,75.931,0
2022-04-01,75.931,75.999,75.891,75.963,0
2022-04-04,75.963,75.963,75.34,75.429,0
2022-04-05,75.412,75.55,75.288,75.4,0
2022-04-06,75.447,76.055,75.447,75.929,0
2022-04-07,75.929,76.028,75.79,75.891,0
2022-04-08,75.891,76.034,75.7225,75.923,0
2022-04-11,75.923,76.07,75.7975,75.829,0
2022-04-12,75.829,76.17,75.829,76.12,0
2022-04-13,76.055,76.26,76.055,76.105,0
2022-04-14,76.105,76.27,76.105,76.265,0
2022-04-15,76.292,76.339,76.292,76.32,0
2022-04-18,76.305,76.4325,76.2125,76.259,0
2022-04-19,76.261,76.545,76.261,76.419,0
2022-04-20,76.419,76.52,76.17,76.259,0
2022-04-21,76.259,76.368,76.095,76.245,0
2022-04-22,76.245,76.518,76.2025,76.49,0
2022-04-25,76.49,76.773,76.49,76.53,0
2022-04-26,76.723,76.75,76.4425,76.75,0
2022-04-27,76.66,76.789,76.5075,76.607,0
2022-04-28,76.607,76.71,76.447,76.63,0
2022-04-29,76.63,76.689,76.295,76.482,0
2022-05-02,76.482,76.52,76.3525,76.52,0
2022-05-03,76.47,76.7025,76.46,76.46,0
2022-05-04,76.46,76.578,76.195,76.246,0
2022-05-05,76.257,76.556,76,76.519,0
2022-05-06,76.519,77.057,76.519,76.957,0
2022-05-09,76.95,77.52,76.95,77.35,0
2022-05-10,77.35,77.445,77.156,77.202,0
2022-05-11,77.202,77.41,77.1725,77.349,0
2022-05-12,77.349,77.63,77.329,77.43,0
2022-05-13,77.43,77.538,77.2775,77.47,0
2022-05-16,77.47,77.888,77.47,77.811,0
2022-05-17,77.811,77.811,77.402,77.454,0
2022-05-18,77.454,77.81,77.454,77.81,0
2022-05-19,77.763,77.79,77.4,77.4,0
2022-05-20,77.417,77.876,77.417,77.855,0
2022-05-23,77.855,77.855,77.505,77.527,0
2022-05-24,77.527,77.675,77.448,77.448,0
2022-05-25,77.46,77.618,77.445,77.519,0
2022-05-26,77.481,77.694,77.481,77.644,0
2022-05-27,77.644,77.675,77.556,77.606,0
2022-05-30,77.606,77.606,77.4775,77.527,0
2022-05-31,77.527,77.723,77.527,77.582,0
2022-06-01,77.582,77.645,77.471,77.529,0
2022-06-02,77.529,77.637,77.371,77.371,0
2022-06-03,77.371,77.658,77.371,77.602,0
2022-06-06,77.602,77.837,77.587,77.796,0
2022-06-07,77.796,77.83,77.646,77.646,0
2022-06-08,77.646,77.785,77.622,77.686,0
2022-06-09,77.686,77.859,77.686,77.8,0
2022-06-10,77.8,78.18,77.8,78.096,0
2022-06-13,78.096,78.306,77.996,78.076,0
2022-06-14,78.076,78.1,77.9625,77.994,0
2022-06-15,77.994,78.204,77.9925,78.138,0
2022-06-16,78.138,78.148,77.899,77.899,0
2022-06-17,77.899,78.105,77.899,77.924,0
2022-06-20,77.924,78.03,77.885,77.893,0
2022-06-21,77.893,78.126,77.893,78.111,0
2022-06-22,78.13,78.3925,78.096,78.18,0
2022-06-23,78.16,78.375,78.111,78.111,0
2022-06-24,78.111,78.35,78.111,78.23,0
2022-06-27,78.23,78.546,78.226,78.42,0
2022-06-28,78.42,79.022,78.42,78.968,0
2022-06-29,78.968,79.05,78.813,78.91,0
2022-06-30,78.92,79.08,78.89,78.95,0
2022-07-01,78.958,79.131,78.84,78.919,0
2022-07-04,78.919,79.058,78.875,78.909,0
2022-07-05,79,79.4,79,79.271,0
2022-07-06,79.271,79.368,78.944,79.02,0
2022-07-07,79.02,79.253,78.915,79.14,0
2022-07-08,79.14,79.41,79.14,79.27,0
2022-07-11,79.27,79.56,79.27,79.41,0
2022-07-12,79.41,79.66,79.41,79.46,0
2022-07-13,79.46,79.843,79.46,79.65,0
2022-07-14,79.65,80.21,79.65,79.89,0
2022-07-15,79.89,79.958,79.739,79.76,0
2022-07-18,79.76,80,79.7325,80,0
2022-07-19,80,80.06,79.86,79.86,0
2022-07-20,79.86,80.05,79.86,79.98,0
2022-07-21,79.98,80.065,79.79,79.86,0
2022-07-22,79.86,79.92,79.82,79.82,0
2022-07-25,79.778,79.87,79.691,79.691,0
2022-07-26,79.691,79.863,79.691,79.852,0
2022-07-27,79.852,79.974,79.8,79.845,0
2022-07-28,79.845,79.85,79.622,79.627,0
2022-07-29,79.627,79.627,79.175,79.335,0
2022-08-01,79.335,79.335,78.925,78.967,0
2022-08-02,78.967,78.99,78.43,78.587,0
2022-08-03,78.606,79.198,78.606,79.07,0
2022-08-04,79.106,79.8175,79.093,79.15,0
2022-08-05,79.15,79.469,78.94,79.35,0
2022-08-08,79.35,79.65,79.35,79.587,0
2022-08-09,79.587,79.6625,79.529,79.563,0
2022-08-10,79.566,79.66,79.051,79.051,0
2022-08-11,79.093,79.695,79.09,79.56,0
2022-08-12,79.56,79.745,79.56,79.62,0
2022-08-15,79.62,79.6475,79.49,79.532,0
2022-08-16,79.548,79.598,79.24,79.24,0
2022-08-17,79.15,79.504,79.15,79.35,0
2022-08-18,79.35,79.77,79.35,79.73,0
2022-08-19,79.73,79.92,79.6825,79.91,0
2022-08-22,79.91,79.92,79.7775,79.85,0
2022-08-23,79.85,79.905,79.715,79.849,0
2022-08-24,79.849,79.882,79.705,79.792,0
2022-08-25,79.792,79.994,79.788,79.869,0
2022-08-26,79.878,79.966,79.738,79.964,0
2022-08-29,79.964,80.13,79.875,79.954,0
2022-08-30,79.94,79.967,79.45,79.678,0
2022-08-31,79.665,79.697,79.447,79.506,0
2022-09-01,79.52,79.726,79.3,79.685,0
2022-09-02,79.712,79.883,79.565,79.717,0
2022-09-05,79.717,79.905,79.717,79.788,0
2022-09-06,79.777,79.907,79.768,79.887,0
2022-09-07,79.887,79.947,79.617,79.617,0
2022-09-08,79.63,79.835,79.63,79.697,0
2022-09-09,79.697,79.735,79.4725,79.648,0
2022-09-12,79.648,79.72,79.313,79.313,0
2022-09-13,79.313,79.607,79.0325,79.577,0
2022-09-14,79.577,79.6,79.3875,79.444,0
2022-09-15,79.431,79.85,79.431,79.83,0
2022-09-16,79.83,79.858,79.616,79.656,0
2022-09-19,79.656,79.818,79.5925,79.686,0
2022-09-20,79.686,79.7725,79.59,79.73,0
2022-09-21,79.735,80.056,79.735,79.923,0
2022-09-22,80.206,81.13,80.206,81.04,0
2022-09-23,81.04,81.266,80.78,81.25,0
2022-09-26,81.25,81.701,81.25,81.61,0
2022-09-27,81.388,81.772,81.3125,81.707,0
2022-09-28,81.707,82.005,81.36,81.411,0
2022-09-29,81.411,81.943,81.411,81.471,0
2022-09-30,81.473,81.71,81.16,81.501,0
2022-10-03,81.501,81.925,81.49,81.49,0
2022-10-04,81.49,81.68,81.315,81.452,0
2022-10-05,81.452,81.711,81.353,81.631,0
2022-10-06,81.631,82.328,81.51,82.328,0
2022-10-07,82.31,82.812,82.139,82.812,0
2022-10-10,82.812,82.812,82.286,82.397,0
2022-10-11,82.397,82.497,82.134,82.254,0
2022-10-12,82.238,82.3675,82.16,82.179,0
2022-10-13,82.195,82.66,82.15,82.172,0
2022-10-14,82.172,82.423,82.13,82.275,0
2022-10-17,82.275,82.42,82.1,82.175,0
2022-10-18,82.175,82.381,82.035,82.281,0
2022-10-19,82.281,83.101,82.281,83.008,0
2022-10-20,82.985,83.285,82.553,82.744,0
2022-10-21,82.82,82.9125,82.525,82.525,0
2022-10-24,82.81,82.831,82.746,82.746,0
2022-10-25,82.746,82.848,82.44,82.515,0
2022-10-26,82.515,82.515,81.901,81.901,0
2022-10-27,81.901,82.55,81.901,82.364,0
2022-10-28,82.364,82.4975,82.266,82.266,0
2022-10-31,82.266,82.863,82.266,82.745,0
2022-11-01,82.745,82.798,82.526,82.608,0
2022-11-02,82.71,82.81,82.6275,82.712,0
2022-11-03,82.9,82.9775,82.726,82.726,0
2022-11-04,82.731,82.731,81.968,81.968,0
2022-11-07,81.968,82.32,81.82,81.82,0
2022-11-08,81.804,82.029,81.264,81.385,0
2022-11-09,81.39,81.615,81.225,81.333,0
2022-11-10,81.39,81.92,80.624,80.624,0
2022-11-11,80.624,80.9775,80.477,80.477,0
2022-11-14,80.477,81.275,80.477,80.965,0
2022-11-15,80.965,81.445,80.818,81.061,0
2022-11-16,81.061,81.57,81.061,81.444,0
2022-11-17,81.444,81.829,81.425,81.58,0
2022-11-18,81.51,81.785,81.51,81.618,0
2022-11-21,81.618,81.922,81.617,81.699,0
2022-11-22,81.699,81.825,81.619,81.714,0
2022-11-23,81.714,81.919,81.604,81.604,0
2022-11-24,81.61,81.7725,81.61,81.613,0
2022-11-25,81.641,81.738,81.4475,81.685,0
2022-11-28,81.685,81.832,81.6125,81.64,0
2022-11-29,81.64,81.745,81.569,81.623,0
2022-11-30,81.623,81.72,81.29,81.353,0
2022-12-01,81.353,81.4225,80.99,81.167,0
2022-12-02,81.16,81.5,81.09,81.41,0
2022-12-05,81.41,81.9,81.225,81.89,0
2022-12-06,81.89,82.635,81.8,82.418,0
2022-12-07,82.418,82.7675,82.22,82.24,0
2022-12-08,82.206,82.465,82.206,82.281,0
2022-12-09,82.281,82.484,82.09,82.463,0
2022-12-12,82.463,82.7375,82.458,82.609,0
2022-12-13,82.609,82.81,82.375,82.375,0
2022-12-14,82.375,82.71,82.375,82.507,0
2022-12-15,82.507,82.965,82.42,82.825,0
2022-12-16,82.825,82.895,82.648,82.706,0
2022-12-19,82.706,82.8175,82.5875,82.649,0
2022-12-20,82.577,82.883,82.577,82.584,0
2022-12-21,82.584,82.905,82.584,82.877,0
2022-12-22,82.877,82.961,82.6525,82.96,0
2022-12-23,82.87,82.8825,82.76,82.76,0
2022-12-26,82.76,82.835,82.635,82.65,0
2022-12-27,82.633,82.88,82.633,82.856,0
2022-12-28,82.81,82.925,82.749,82.85,0
2022-12-29,82.716,82.854,82.716,82.84,0
2022-12-30,82.738,82.805,82.557,82.71,0
2023-01-02,82.697,82.78,82.565,82.725,0
2023-01-03,82.654,82.991,82.654,82.754,0
2023-01-04,82.754,82.92,82.663,82.663,0
2023-01-05,82.692,82.8025,82.429,82.548,0
2023-01-06,82.548,82.75,82.27,82.27,0
2023-01-09,82.154,82.4425,82.07,82.07,0
2023-01-10,82.07,82.36,81.582,81.582,0
2023-01-11,81.582,81.8125,81.503,81.617,0
2023-01-12,81.632,81.745,81.11,81.17,0
2023-01-13,81.11,81.475,81.11,81.25,0
2023-01-16,81.27,81.735,81.222,81.608,0
2023-01-17,81.608,81.8825,81.549,81.552,0
2023-01-18,81.52,81.825,81.166,81.313,0
2023-01-19,81.313,81.44,81.2275,81.259,0
2023-01-20,81.259,81.36,80.962,80.962,0
2023-01-23,80.959,81.4875,80.889,81.458,0
2023-01-24,81.463,81.765,81.4,81.574,0
2023-01-25,81.577,81.7625,81.42,81.471,0
2023-01-26,81.471,81.541,81.358,81.398,0
2023-01-27,81.398,81.6675,81.398,81.5,0
2023-01-30,81.49,81.72,81.451,81.451,0
2023-01-31,81.451,82.0725,81.451,81.719,0
2023-02-01,81.8,82.03,81.6725,81.71,0
2023-02-02,81.71,82.225,81.71,82.019,0
2023-02-03,82.021,82.43,81.756,82.43,0
2023-02-06,82.186,82.83,82.186,82.72,0
2023-02-07,82.75,82.86,82.63,82.792,0
2023-02-08,82.792,82.792,82.48,82.63,0
2023-02-09,82.632,82.7,82.404,82.491,0
2023-02-10,82.486,82.6375,82.34,82.49,0
2023-02-13,82.49,82.7725,82.49,82.572,0
2023-02-14,82.572,82.999,82.52,82.89,0
2023-02-15,82.89,82.934,82.73,82.73,0
2023-02-16,82.73,82.798,82.595,82.69,0
2023-02-17,82.69,82.86,82.69,82.73,0
2023-02-20,82.7,82.7375,82.615,82.673,0
2023-02-21,82.645,82.85,82.645,82.824,0
2023-02-22,82.819,82.889,82.792,82.81,0
2023-02-23,82.749,82.85,82.564,82.57,0
2023-02-24,82.57,82.979,82.57,82.81,0
2023-02-27,82.879,82.945,82.622,82.622,0
2023-02-28,82.641,82.7525,82.557,82.62,0
2023-03-01,82.563,82.615,82.37,82.41,0
2023-03-02,82.41,82.615,82.33,82.33,0
2023-03-03,82.33,82.375,81.66,81.66,0
2023-03-06,81.69,81.955,81.62,81.79,0
2023-03-07,81.79,81.99,81.757,81.98,0
2023-03-08,81.98,82.2925,81.862,81.93,0
2023-03-09,81.93,82.05,81.7725,82,0
2023-03-10,82,82.169,81.846,81.913,0
2023-03-13,81.913,82.41,81.702,82.41,0
2023-03-14,82.215,82.532,82.215,82.225,0
2023-03-15,82.225,82.872,82.225,82.86,0
2023-03-16,82.86,82.86,82.569,82.569,0
2023-03-17,82.577,82.66,82.43,82.5,0
2023-03-20,82.5,82.705,82.4525,82.495,0
2023-03-21,82.495,82.695,82.495,82.652,0
2023-03-22,82.626,82.699,82.405,82.485,0
2023-03-23,82.455,82.506,82.057,82.216,0
2023-03-24,82.216,82.49,82.2075,82.315,0
2023-03-27,82.314,82.48,82.16,82.16,0
2023-03-28,82.16,82.275,82.115,82.139,0
2023-03-29,82.139,82.3725,82.139,82.158,0
2023-03-30,82.213,82.254,82.039,82.06,0
2023-03-31,82.06,82.2625,82.06,82.14,0
2023-04-03,82.13,82.455,82.13,82.16,0
2023-04-04,82.16,82.254,82.07,82.07,0
2023-04-05,82.07,82.195,81.846,81.925,0
2023-04-06,81.925,82.0525,81.8,81.8,0
2023-04-07,81.8,81.84,81.8,81.84,0
2023-04-10,81.84,82.02,81.7675,81.945,0
2023-04-11,81.945,82.145,81.942,82.01,0
2023-04-12,82.02,82.105,81.91,81.91,0
2023-04-13,81.91,82.005,81.63,81.63,0
2023-04-14,81.63,81.92,81.572,81.8,0
2023-04-17,81.79,82.049,81.79,81.96,0
2023-04-18,81.96,82.08,81.96,82.06,0
2023-04-19,82.06,82.279,82.06,82.279,0
2023-04-20,82.289,82.319,82.053,82.1,0
2023-04-21,82.1,82.1875,82.01,82.01,0
2023-04-24,82.01,82.0875,81.87,81.93,0
2023-04-25,81.93,82.03,81.8675,81.945,0
2023-04-26,81.945,82.01,81.694,81.72,0
2023-04-27,81.72,81.84,81.6,81.69,0
2023-04-28,81.69,81.845,81.69,81.7,0
2023-05-02,81.75,81.945,81.7325,81.88,0
2023-05-03,81.77,81.8575,81.765,81.82,0
2023-05-04,81.67,81.8175,81.66,81.674,0
2023-05-05,81.691,81.79,81.676,81.7,0
2023-05-08,81.7,81.8175,81.7,81.8,0
2023-05-09,81.75,82.1425,81.75,82.1,0
2023-05-10,82.037,82.0875,81.887,81.889,0
2023-05-11,81.895,82.16,81.895,82.07,0
2023-05-12,82.1,82.2275,82.1,82.21,0
2023-05-15,82.153,82.37,82.153,82.217,0
2023-05-16,82.217,82.2875,82.17,82.244,0
2023-05-17,82.244,82.45,82.244,82.425,0
2023-05-18,82.425,82.77,82.355,82.7,0
2023-05-19,82.7,82.895,82.635,82.832,0
2023-05-22,82.832,82.87,82.73,82.81,0
2023-05-23,82.81,82.851,82.76,82.81,0
2023-05-24,82.83,82.861,82.589,82.65,0
2023-05-25,82.65,82.78,82.65,82.713,0
2023-05-26,82.713,82.74,82.547,82.55,0
2023-05-29,82.55,82.6725,82.52,82.564,0
2023-05-30,82.566,82.7875,82.557,82.645,0
2023-05-31,82.599,82.747,82.599,82.641,0
2023-06-01,82.642,82.643,82.246,82.246,0
2023-06-02,82.234,82.405,82.234,82.378,0
2023-06-05,82.4,82.685,82.4,82.5,0
2023-06-06,82.486,82.67,82.486,82.49,0
2023-06-07,82.48,82.62,82.4675,82.593,0
2023-06-08,82.573,82.6125,82.48,82.48,0
2023-06-09,82.41,82.5625,82.41,82.42,0
2023-06-12,82.383,82.4775,82.37,82.37,0
2023-06-13,82.37,82.465,82.165,82.209,0
2023-06-14,82.209,82.3675,81.919,82.02,0
2023-06-15,81.93,82.2525,81.88,81.88,0
2023-06-16,81.888,82.015,81.85,81.89,0
2023-06-19,81.89,82.01,81.89,81.89,0
2023-06-20,81.927,82.17,81.927,81.951,0
2023-06-21,81.967,82.13,81.93,81.93,0
2023-06-22,81.91,82.0375,81.89,81.93,0
2023-06-23,81.93,82.07,81.93,81.96,0
2023-06-26,81.993,82.05,81.94,81.982,0
2023-06-27,81.982,82.04,81.945,81.963,0
2023-06-28,81.963,82.0625,81.963,82,0
2023-06-29,82,82.1,82,82.05,0
2023-06-30,82.05,82.103,82.01,82.03,0
2023-07-03,82.03,82.0375,81.7575,81.97,0
2023-07-04,81.925,82.0325,81.88,81.926,0
2023-07-05,81.926,82.386,81.926,82.369,0
2023-07-06,82.369,82.79,82.315,82.738,0
2023-07-07,82.738,82.75,82.547,82.59,0
2023-07-10,82.59,82.664,82.53,82.58,0
2023-07-11,82.49,82.53,82.33,82.371,0
2023-07-12,82.375,82.375,81.952,81.952,0
2023-07-13,81.952,82.14,81.95,82.02,0
2023-07-14,82.02,82.175,81.94,82.029,0
2023-07-17,82.029,82.2025,81.999,82.006,0
2023-07-18,82.015,82.07,81.975,82.04,0
2023-07-19,82.04,82.145,82.03,82.03,0
2023-07-20,82.03,82.07,81.917,82.058,0
2023-07-21,82.058,82.058,81.94,81.96,0
2023-07-24,81.96,82.0375,81.789,81.789,0
2023-07-25,81.798,81.89,81.675,81.854,0
2023-07-26,81.851,82.043,81.851,81.93,0
2023-07-27,81.93,82.209,81.894,82.13,0
2023-07-28,82.13,82.3375,82.13,82.205,0
2023-07-31,82.205,82.2925,82.205,82.214,0
2023-08-01,82.214,82.34,82.214,82.294,0
2023-08-02,82.305,82.763,82.305,82.704,0
2023-08-03,82.704,82.89,82.6675,82.89,0
2023-08-04,82.723,82.845,82.653,82.653,0
2023-08-07,82.653,82.83,82.653,82.73,0
2023-08-08,82.73,82.937,82.73,82.836,0
2023-08-09,82.829,82.845,82.8,82.82,0
2023-08-10,82.82,82.8525,82.592,82.601,0
2023-08-11,82.601,82.864,82.601,82.849,0
2023-08-14,82.849,83.262,82.849,83.16,0
2023-08-15,83.16,83.421,83.16,83.39,0
2023-08-16,83.192,83.395,83.094,83.189,0
2023-08-17,83.194,83.194,82.96,83.13,0
2023-08-18,83.047,83.18,83.03,83.121,0
2023-08-21,83.121,83.178,83.034,83.07,0
2023-08-22,83.067,83.0875,82.926,83.02,0
2023-08-23,83.05,83.062,82.457,82.502,0
2023-08-24,82.502,82.6,82.3775,82.552,0
2023-08-25,82.552,82.71,82.544,82.617,0
2023-08-28,82.617,82.645,82.53,82.58,0
2023-08-29,82.58,82.8,82.554,82.554,0
2023-08-30,82.554,82.8075,82.554,82.587,0
2023-08-31,82.587,82.79,82.587,82.682,0
2023-09-01,82.682,82.76,82.58,82.669,0
2023-09-04,82.669,82.775,82.664,82.698,0
2023-09-05,82.705,83.07,82.705,83.013,0
2023-09-06,83.013,83.223,83.011,83.178,0
2023-09-07,83.198,83.228,83.101,83.13,0
2023-09-08,83.13,83.21,82.915,82.984,0
2023-09-11,82.984,83.0625,82.832,82.856,0
2023-09-12,82.82,83.03,82.82,82.85,0
2023-09-13,82.824,83.012,82.824,82.861,0
2023-09-14,82.861,83.053,82.861,82.99,0
2023-09-15,83.015,83.185,82.985,83.049,0
2023-09-18,83.049,83.319,83.049,83.22,0
2023-09-19,83.22,83.32,83.22,83.29,0
2023-09-20,83.29,83.29,82.9,82.9,0
2023-09-21,82.9,83.19,82.9,83.09,0
2023-09-22,83.09,83.09,82.777,82.95,0
2023-09-25,82.932,83.16,82.932,83.11,0
2023-09-26,83.065,83.261,83.065,83.248,0
2023-09-27,83.249,83.277,83.156,83.156,0
2023-09-28,83.192,83.236,83.108,83.108,0
2023-09-29,83.166,83.21,83.025,83.056,0
2023-10-02,83.01,83.23,83.01,83.2,0
2023-10-03,83.187,83.2325,83.143,83.202,0
2023-10-04,83.212,83.304,83.19,83.23,0
2023-10-05,83.23,83.27,83.185,83.199,0
2023-10-06,83.199,83.255,83.098,83.098,0
2023-10-09,83.099,83.306,83.099,83.234,0
2023-10-10,83.264,83.264,83.142,83.142,0
2023-10-11,83.142,83.245,83.12,83.15,0
2023-10-12,83.14,83.29,83.13,83.27,0
2023-10-13,83.27,83.29,83.229,83.235,0
2023-10-16,83.235,83.28,83.19,83.19,0
2023-10-17,83.145,83.265,83.145,83.23,0
2023-10-18,83.23,83.29,83.23,83.252,0
2023-10-19,83.264,83.285,83.082,83.082,0
2023-10-20,83.101,83.245,83.032,83.13,0
2023-10-23,83.118,83.1925,83.05,83.05,0
2023-10-24,83.006,83.054,82.973,82.99,0
2023-10-25,82.99,83.1875,82.99,83.116,0
2023-10-26,83.116,83.25,83.116,83.223,0
2023-10-27,83.231,83.31,83.205,83.245,0
2023-10-30,83.24,83.27,83.227,83.23,0
2023-10-31,83.23,83.27,83.23,83.231,0
2023-11-01,83.23,83.301,83.217,83.217,0
2023-11-02,83.217,83.27,83.19,83.214,0
2023-11-03,83.214,83.285,83.12,83.12,0
2023-11-06,83.12,83.24,83.097,83.198,0
2023-11-07,83.198,83.2675,83.198,83.21,0
2023-11-08,83.209,83.29,83.193,83.193,0
2023-11-09,83.193,83.31,83.193,83.295,0
2023-11-10,83.295,83.47,83.24,83.289,0
2023-11-13,83.289,83.34,83.188,83.188,0
2023-11-14,83.16,83.253,82.924,82.953,0
2023-11-15,82.955,83.19,82.955,83.168,0
2023-11-16,83.161,83.2475,83.132,83.132,0
2023-11-17,83.132,83.29,83.132,83.224,0
2023-11-20,83.221,83.38,83.221,83.314,0
2023-11-21,83.268,83.36,83.245,83.26,0
2023-11-22,83.26,83.355,83.26,83.272,0
2023-11-23,83.272,83.3575,83.272,83.285,0
2023-11-24,83.3425,83.38,83.2775,83.32,0
2023-11-27,83.32,83.41,83.31,83.31,0
2023-11-28,83.31,83.3925,83.305,83.32,0
2023-11-29,83.32,83.343,83.28,83.332,0
2023-11-30,83.334,83.395,83.2925,83.337,0
2023-12-01,83.331,83.395,83.24,83.24,0
2023-12-04,83.24,83.423,83.24,83.408,0
2023-12-05,83.406,83.406,83.3,83.3,0
2023-12-06,83.296,83.3825,83.296,83.314,0
2023-12-07,83.313,83.37,83.2675,83.324,0
2023-12-08,83.323,83.45,83.323,83.407,0
2023-12-11,83.407,83.413,83.36,83.362,0
2023-12-12,83.323,83.398,83.323,83.375,0
2023-12-13,83.376,83.405,83.295,83.33,0
2023-12-14,83.262,83.405,83.262,83.287,0
2023-12-15,83.287,83.33,82.939,82.974,0
2023-12-18,82.974,83.124,82.91,83.124,0
2023-12-19,83.124,83.2175,83.07,83.086,0
2023-12-20,83.087,83.197,83.087,83.121,0
2023-12-21,83.119,83.28,83.119,83.194,0
2023-12-22,83.196,83.2775,83.099,83.099,0
2023-12-25,83.099,83.154,83.099,83.144,0
2023-12-26,83.135,83.21,83.11,83.159,0
2023-12-27,83.138,83.3525,83.138,83.242,0
2023-12-28,83.243,83.345,83.149,83.149,0
2023-12-29,83.149,83.22,83.1,83.17,0
2024-01-01,83.17,83.24,83.155,83.217,0
2024-01-02,83.134,83.3475,83.134,83.234,0
2024-01-03,83.232,83.335,83.2175,83.266,0
2024-01-04,83.263,83.325,83.209,83.223,0
2024-01-05,83.186,83.246,83.07,83.075,0
2024-01-08,83.075,83.155,83,83,0
2024-01-09,83.002,83.1375,83.002,83.089,0
2024-01-10,83.088,83.18,82.967,83,0
2024-01-11,83.003,83.09,82.935,83.043,0
2024-01-12,83.044,83.1025,82.784,82.838,0
2024-01-15,82.838,82.9125,82.78,82.807,0
2024-01-16,82.844,83.112,82.844,83.065,0
2024-01-17,83.065,83.177,83.047,83.162,0
2024-01-18,83.172,83.18,83.11,83.127,0
2024-01-19,83.146,83.1575,83.046,83.066,0
2024-01-22,83.066,83.139,83.055,83.055,0
2024-01-23,83.055,83.165,83.055,83.125,0
2024-01-24,83.125,83.1625,83.067,83.067,0
2024-01-25,83.11,83.14,83.0875,83.121,0
2024-01-26,83.124,83.127,83.104,83.104,0
2024-01-29,83.104,83.16,83.104,83.14,0
2024-01-30,83.112,83.1425,83.09,83.09,0
2024-01-31,83.09,83.1175,83.014,83.05,0
2024-02-01,83.051,83.075,82.908,82.908,0
2024-02-02,82.927,83,82.83,82.979,0
2024-02-05,82.979,83.065,82.9275,83.009,0
2024-02-06,83.016,83.065,83.016,83.04,0
2024-02-07,83.042,83.047,82.945,82.953,0
2024-02-08,82.96,83,82.895,82.959,0
2024-02-09,82.958,83.045,82.95,82.979,0
2024-02-12,82.979,83.035,82.93,82.93,0
2024-02-13,82.967,83.09,82.967,83.074,0
2024-02-14,83.079,83.115,82.989,82.989,0
2024-02-15,83.029,83.0425,82.967,82.967,0
2024-02-16,82.968,83.0425,82.968,82.992,0
2024-02-19,82.993,83.018,82.963,83.003,0
2024-02-20,83.006,83.01,82.851,82.851,0
2024-02-21,82.87,82.97,82.858,82.87,0
2024-02-22,82.91,82.97,82.823,82.833,0
2024-02-23,82.817,82.955,82.817,82.839,0
2024-02-26,82.839,82.9375,82.826,82.826,0
2024-02-27,82.855,82.9,82.852,82.857,0
2024-02-28,82.877,82.95,82.859,82.859,0
2024-02-29,82.859,82.935,82.859,82.88,0
2024-03-01,82.901,82.9125,82.823,82.823,0
2024-03-04,82.821,82.9125,82.821,82.859,0
2024-03-05,82.889,82.9275,82.866,82.871,0
2024-03-06,82.886,82.9075,82.762,82.762,0
2024-03-07,82.76,82.8225,82.666,82.666,0
2024-03-08,82.66,82.73,82.66,82.716,0
2024-03-11,82.71,82.785,82.65,82.72,0
2024-03-12,82.71,82.819,82.71,82.819,0
2024-03-13,82.83,82.9075,82.7775,82.812,0
2024-03-14,82.8,82.908,82.8,82.895,0
2024-03-15,82.941,82.955,82.838,82.863,0
2024-03-18,82.863,82.93,82.83,82.896,0
2024-03-19,82.895,83.045,82.895,82.987,0
2024-03-20,83.009,83.196,83.0075,83.156,0
2024-03-21,83.153,83.199,83.045,83.185,0
2024-03-22,83.18,83.697,83.18,83.512,0
2024-03-25,83.512,83.562,83.386,83.386,0
2024-03-26,83.385,83.425,83.269,83.322,0
2024-03-27,83.299,83.45,83.29,83.334,0
2024-03-28,83.345,83.4025,83.3125,83.332,0
2024-03-29,83.367,83.367,83.34,83.34,0
2024-04-01,83.321,83.38,83.321,83.34,0
2024-04-02,83.34,83.412,83.302,83.302,0
2024-04-03,83.293,83.546,83.293,83.453,0
2024-04-04,83.453,83.483,83.343,83.343,0
2024-04-05,83.343,83.446,83.259,83.273,0
2024-04-08,83.273,83.3275,83.23,83.27,0
2024-04-09,83.25,83.256,83.182,83.199,0
2024-04-10,83.199,83.396,83.16,83.388,0
2024-04-11,83.397,83.397,83.304,83.304,0
2024-04-12,83.304,83.584,83.304,83.52,0
2024-04-15,83.452,83.501,83.42,83.487,0
2024-04-16,83.486,83.659,83.46,83.648,0
2024-04-17,83.65,83.719,83.55,83.618,0
2024-04-18,83.56,83.573,83.505,83.511,0
2024-04-19,83.51,83.696,83.336,83.336,0
2024-04-22,83.336,83.47,83.323,83.34,0
2024-04-23,83.344,83.39,83.243,83.243,0
2024-04-24,83.259,83.3425,83.259,83.3,0
2024-04-25,83.299,83.395,83.269,83.29,0
2024-04-26,83.236,83.386,83.236,83.378,0
2024-04-29,83.378,83.505,83.35,83.39,0
2024-04-30,83.434,83.525,83.385,83.45,0
2024-05-01,83.442,83.51,83.442,83.46,0
2024-05-02,83.429,83.4875,83.415,83.415,0
2024-05-03,83.39,83.47,83.328,83.356,0
2024-05-06,83.356,83.495,83.356,83.432,0
2024-05-07,83.446,83.515,83.437,83.437,0
2024-05-08,83.44,83.5225,83.44,83.443,0
2024-05-09,83.431,83.51,83.42,83.42,0
2024-05-10,83.421,83.522,83.421,83.521,0
2024-05-13,83.477,83.541,83.47,83.486,0
2024-05-14,83.485,83.52,83.462,83.462,0
2024-05-15,83.462,83.51,83.391,83.391,0
2024-05-16,83.391,83.505,83.391,83.441,0
2024-05-17,83.43,83.495,83.261,83.261,0
2024-05-20,83.261,83.289,83.236,83.253,0
2024-05-21,83.26,83.365,83.241,83.25,0
2024-05-22,83.23,83.305,83.225,83.242,0
2024-05-23,83.2,83.285,83.2,83.261,0
2024-05-24,83.262,83.28,83.013,83.013,0
2024-05-27,83.041,83.135,83.041,83.112,0
2024-05-28,83.11,83.19,83.1,83.136,0
2024-05-29,83.14,83.376,83.14,83.331,0
2024-05-30,83.34,83.44,83.26,83.26,0
2024-05-31,83.296,83.4775,83.24,83.412,0
2024-06-03,83.099,83.1675,82.955,83.063,0
2024-06-04,83.071,83.629,83.071,83.504,0
2024-06-05,83.514,83.549,83.29,83.48,0
2024-06-06,83.365,83.487,83.365,83.447,0
2024-06-07,83.445,83.5,83.37,83.5,0
2024-06-10,83.5,83.518,83.3825,83.48,0
2024-06-11,83.481,83.602,83.481,83.575,0
2024-06-12,83.571,83.578,83.412,83.412,0
2024-06-13,83.41,83.55,83.41,83.506,0
2024-06-14,83.522,83.5625,83.522,83.527,0
2024-06-17,83.527,83.54,83.517,83.53,0
2024-06-18,83.48,83.55,83.313,83.313,0
2024-06-19,83.31,83.4725,83.31,83.44,0
2024-06-20,83.397,83.6675,83.397,83.6,0
2024-06-21,83.611,83.6525,83.4925,83.537,0
2024-06-24,83.537,83.551,83.402,83.402,0
2024-06-25,83.43,83.485,83.405,83.405,0
2024-06-26,83.404,83.61,83.404,83.554,0
2024-06-27,83.555,83.571,83.423,83.433,0
2024-06-28,83.434,83.485,83.335,83.335,0
2024-07-01,83.335,83.4625,83.335,83.414,0
2024-07-02,83.418,83.56,83.418,83.45,0
2024-07-03,83.451,83.5525,83.444,83.47,0
2024-07-04,83.469,83.555,83.469,83.471,0
2024-07-05,83.469,83.5,83.4675,83.48,0
2024-07-08,83.48,83.5,83.433,83.433,0
2024-07-09,83.432,83.5075,83.432,83.467,0
2024-07-10,83.468,83.53,83.468,83.49,0
2024-07-11,83.47,83.59,83.47,83.482,0
2024-07-12,83.56,83.56,83.487,83.493,0
2024-07-15,83.493,83.6075,83.493,83.531,0
2024-07-16,83.55,83.6,83.526,83.526,0
2024-07-17,83.503,83.58,83.503,83.529,0
2024-07-18,83.56,83.6625,83.56,83.591,0
2024-07-19,83.56,83.705,83.56,83.704,0
2024-07-22,83.704,83.704,83.64,83.64,0
2024-07-23,83.64,83.74,83.6125,83.679,0
2024-07-24,83.682,83.72,83.682,83.72,0
2024-07-25,83.719,83.81,83.664,83.735,0
2024-07-26,83.718,83.73,83.684,83.684,0
2024-07-29,83.683,83.739,83.683,83.729,0
2024-07-30,83.728,83.739,83.69,83.69,0
2024-07-31,83.714,83.7475,83.659,83.68,0
2024-08-01,83.68,83.75,83.6575,83.728,0
2024-08-02,83.736,83.775,83.7275,83.775,0
2024-08-05,83.775,84.145,83.76,83.998,0
2024-08-06,83.971,83.971,83.845,83.886,0
2024-08-07,83.91,83.9725,83.865,83.865,0
2024-08-08,83.902,83.99,83.902,83.967,0
2024-08-09,83.968,83.969,83.88,83.925,0
2024-08-12,83.874,83.98,83.874,83.899,0
2024-08-13,83.91,83.9725,83.875,83.875,0
2024-08-14,83.871,83.97,83.871,83.89,0
2024-08-15,83.94,83.97,83.92,83.92,0
2024-08-16,83.926,83.97,83.857,83.857,0
2024-08-19,83.857,83.94,83.82,83.83,0
2024-08-20,83.78,83.875,83.729,83.729,0
2024-08-21,83.743,83.935,83.743,83.875,0
2024-08-22,83.874,83.9675,83.874,83.91,0
2024-08-23,83.893,83.93,83.79,83.79,0
2024-08-26,83.79,83.905,83.79,83.845,0
2024-08-27,83.859,83.95,83.859,83.896,0
2024-08-28,83.895,83.9675,83.88,83.88,0
2024-08-29,83.919,83.922,83.84,83.84,0
2024-08-30,83.86,83.88,83.82,83.847,0
2024-09-02,83.847,83.9325,83.847,83.899,0
2024-09-03,83.899,83.97,83.899,83.926,0
2024-09-04,83.927,83.975,83.927,83.955,0
2024-09-05,83.954,83.99,83.954,83.963,0
2024-09-06,83.962,83.965,83.915,83.964,0
2024-09-09,83.965,83.965,83.908,83.908,0
2024-09-10,83.957,83.9775,83.929,83.929,0
2024-09-11,83.955,83.9775,83.94,83.97,0
2024-09-12,83.968,83.985,83.902,83.902,0
2024-09-13,83.9,83.965,83.85,83.86,0
2024-09-16,83.86,83.91,83.82,83.82,0
2024-09-17,83.82,83.889,83.709,83.727,0
2024-09-18,83.739,83.781,83.62,83.62,0
2024-09-19,83.63,83.75,83.57,83.595,0
2024-09-20,83.596,83.6325,83.465,83.465,0
2024-09-23,83.465,83.5625,83.4425,83.523,0
2024-09-24,83.55,83.67,83.543,83.566,0
2024-09-25,83.58,83.67,83.51,83.595,0
2024-09-26,83.594,83.7175,83.582,83.582,0
2024-09-27,83.581,83.715,83.581,83.656,0
2024-09-30,83.656,83.805,83.656,83.735,0
2024-10-01,83.803,83.91,83.8,83.894,0
2024-10-02,83.88,84.02,83.862,83.901,0
2024-10-03,83.903,83.99,83.83,83.976,0
2024-10-04,83.97,84.003,83.95,84.003,0
2024-10-07,84.003,84.003,83.944,83.944,0
2024-10-08,83.96,83.99,83.91,83.925,0
2024-10-09,83.91,83.97,83.91,83.93,0
2024-10-10,83.902,83.975,83.902,83.92,0
2024-10-11,83.92,84.1,83.92,84.081,0
2024-10-14,84.081,84.081,84.025,84.025,0
2024-10-15,84.028,84.075,84.015,84.015,0
2024-10-16,84.015,84.0725,83.985,83.985,0
2024-10-17,84.01,84.07,83.99,84.06,0
2024-10-18,84.015,84.0775,84.015,84.046,0
2024-10-21,84.046,84.0775,84.046,84.05,0
2024-10-22,84.04,84.0775,84.037,84.037,0
2024-10-23,84.066,84.08,84.037,84.037,0
2024-10-24,84.045,84.08,84.045,84.064,0
2024-10-25,84.067,84.08,84.067,84.075,0
2024-10-28,84.062,84.08,84.04,84.04,0
2024-10-29,84.045,84.08,84.038,84.038,0
2024-10-30,84.041,84.085,84.041,84.052,0
2024-10-31,84.06,84.095,84.041,84.041,0
2024-11-01,84.053,84.083,84.048,84.06,0
2024-11-04,84.06,84.13,84.06,84.091,0
2024-11-05,84.11,84.145,84.091,84.091,0
2024-11-06,84.089,84.33,84.089,84.29,0
2024-11-07,84.29,84.39,84.265,84.273,0
2024-11-08,84.278,84.4,84.278,84.375,0
2024-11-11,84.375,84.4,84.36,84.36,0
2024-11-12,84.359,84.41,84.326,84.326,0
2024-11-13,84.36,84.405,84.36,84.396,0
2024-11-14,84.396,84.441,84.3875,84.441,0
2024-11-15,84.448,84.458,84.404,84.404,0
2024-11-18,84.404,84.427,84.378,84.378,0
2024-11-19,84.376,84.43,84.335,84.335,0
2024-11-20,84.369,84.384,84.34,84.34,0
2024-11-21,84.342,84.52,84.342,84.475,0
2024-11-22,84.475,84.5025,84.404,84.405,0
2024-11-25,84.405,84.445,84.22,84.22,0
2024-11-26,84.24,84.35,84.23,84.299,0
2024-11-27,84.293,84.475,84.293,84.371,0
2024-11-28,84.371,84.5,84.371,84.425,0
2024-11-29,84.432,84.6,84.432,84.539,0
2024-12-02,84.4825,84.74,84.4825,84.74,0
2024-12-03,84.72,84.77,84.645,84.658,0
2024-12-04,84.656,84.74,84.655,84.673,0
2024-12-05,84.673,84.74,84.661,84.661,0
2024-12-06,84.664,84.7325,84.53,84.648,0
2024-12-09,84.648,84.867,84.648,84.814,0
2024-12-10,84.823,84.867,84.79,84.858,0
2024-12-11,84.858,84.879,84.775,84.775,0
2024-12-12,84.775,84.88,84.775,84.805,0
2024-12-13,84.805,84.87,84.761,84.761,0
2024-12-16,84.761,84.883,84.761,84.87,0
2024-12-17,84.87,84.9275,84.87,84.882,0
2024-12-18,84.882,84.9525,84.843,84.846,0
2024-12-19,84.846,85.12,84.846,85.065,0
2024-12-20,85.068,85.1,84.927,84.927,0
2024-12-23,84.927,85.13,84.927,85.075,0
2024-12-24,85.074,85.21,85.074,85.116,0
2024-12-25,85.124,85.185,85.124,85.178,0
2024-12-26,85.178,85.294,85.178,85.234,0
2024-12-27,85.234,85.81,85.234,85.368,0
2024-12-30,85.368,85.59,85.368,85.453,0
2024-12-31,85.453,85.64,85.453,85.533,0
2025-01-01,85.533,85.715,85.533,85.625,0
2025-01-02,85.625,85.79,85.625,85.725,0
2025-01-03,85.788,85.8,85.728,85.74,0
2025-01-06,85.74,85.84,85.603,85.67,0
2025-01-07,85.68,85.79,85.6575,85.783,0
2025-01-08,85.783,85.95,85.7225,85.87,0
2025-01-09,85.897,85.9325,85.837,85.852,0
2025-01-10,85.897,86.145,85.8575,86.145,0
2025-01-13,86.145,86.69,86.12,86.67,0
2025-01-14,86.626,86.675,86.4725,86.515,0
2025-01-15,86.525,86.63,86.305,86.349,0
2025-01-16,86.349,86.599,86.349,86.55,0
2025-01-17,86.55,86.623,86.541,86.551,0
2025-01-20,86.551,86.61,86.189,86.189,0
2025-01-21,86.189,86.59,86.189,86.431,0
2025-01-22,86.432,86.595,86.304,86.42,0
2025-01-23,86.43,86.5175,86.38,86.395,0
2025-01-24,86.395,86.453,86.141,86.141,0
2025-01-27,86.141,86.4475,86.141,86.319,0
2025-01-28,86.319,86.57,86.319,86.564,0
2025-01-29,86.564,86.63,86.49,86.59,0
2025-01-30,86.498,86.66,86.498,86.525,0
2025-01-31,86.525,86.66,86.511,86.511,0
2025-02-03,86.511,87.2825,86.511,86.922,0
2025-02-04,86.94,87.14,86.94,87.038,0
2025-02-05,87.05,87.49,87.05,87.316,0
2025-02-06,87.316,87.628,87.316,87.55,0
2025-02-07,87.56,87.62,87.318,87.593,0
2025-02-10,87.593,87.972,87.42,87.448,0
2025-02-11,87.449,87.468,86.63,86.767,0
2025-02-12,86.769,86.986,86.358,86.861,0
2025-02-13,86.88,86.966,86.657,86.657,0
2025-02-14,86.657,86.8975,86.564,86.582,0
2025-02-17,86.582,86.8775,86.582,86.789,0
2025-02-18,86.789,86.98,86.789,86.848,0
2025-02-19,86.877,86.933,86.817,86.852,0
2025-02-20,86.852,86.95,86.543,86.543,0
2025-02-21,86.543,86.77,86.48,86.59,0
2025-02-24,86.553,86.75,86.531,86.624,0
2025-02-25,86.64,87.2425,86.64,87.096,0
2025-02-26,87.096,87.167,87.033,87.093,0
2025-02-27,87.093,87.405,87.065,87.297,0
2025-02-28,87.297,87.53,87.21,87.447,0
2025-03-03,87.447,87.447,87.24,87.24,0
2025-03-04,87.307,87.4025,87.136,87.232,0
2025-03-05,87.232,87.321,86.847,86.847,0
2025-03-06,86.86,87.155,86.86,86.994,0
2025-03-07,86.994,87.22,86.865,87.068,0
2025-03-10,87.08,87.355,87.08,87.25,0
2025-03-11,87.292,87.385,87.143,87.156,0
2025-03-12,87.137,87.3075,87.113,87.113,0
2025-03-13,87.13,87.2075,86.878,86.878,0
2025-03-14,86.877,86.976,86.877,86.921,0
2025-03-17,86.921,86.9975,86.651,86.651,0
2025-03-18,86.651,86.8,86.479,86.479,0
2025-03-19,86.54,86.67,86.277,86.277,0
2025-03-20,86.29,86.4425,86.2025,86.3,0
2025-03-21,86.3,86.3675,85.924,85.969,0
2025-03-24,85.969,86.015,85.48,85.532,0
2025-03-25,85.579,85.83,85.563,85.563,0
2025-03-26,85.563,85.8925,85.563,85.603,0
2025-03-27,85.77,85.91,85.62,85.62,0
2025-03-28,85.657,85.78,85.41,85.514,0
2025-03-31,85.421,85.527,85.42,85.42,0
2025-04-01,85.43,85.612,85.43,85.533,0
2025-04-02,85.55,85.725,85.424,85.424,0
2025-04-03,85.424,85.782,85.205,85.227,0
2025-04-04,85.227,85.593,84.957,85.482,0
2025-04-07,85.482,85.8975,85.482,85.816,0
2025-04-08,85.834,86.2925,85.8275,86.22,0
2025-04-09,86.22,86.71,86.22,86.616,0
2025-04-10,86.616,86.616,86.139,86.17,0
2025-04-11,86.17,86.244,85.96,86.16,0
2025-04-14,86.16,86.16,85.894,86.003,0
2025-04-15,86.001,86.04,85.5875,85.663,0
2025-04-16,85.663,85.7725,85.51,85.567,0
2025-04-17,85.567,85.6125,85.315,85.36,0
2025-04-18,85.36,85.46,85.36,85.409,0
2025-04-21,85.409,85.409,85.034,85.15,0
2025-04-22,85.15,85.209,85.071,85.14,0
2025-04-23,85.14,85.525,85.14,85.324,0
2025-04-24,85.324,85.6675,85.251,85.285,0
2025-04-25,85.278,85.655,85.085,85.36,0
2025-04-28,85.36,85.45,84.951,85.115,0
2025-04-29,85.115,85.39,84.95,85.1,0
2025-04-30,85.112,85.2625,84.47,84.549,0
2025-05-01,84.549,84.697,84.549,84.56,0
2025-05-02,84.56,84.641,83.7625,84.479,0
2025-05-05,84.479,84.5,84.1275,84.255,0
2025-05-06,84.255,84.6325,84.255,84.32,0
2025-05-07,84.622,84.93,84.48,84.667,0
2025-05-08,84.667,85.77,84.53,85.488,0
2025-05-09,85.827,85.905,85.288,85.359,0
2025-05-12,84.67,84.96,84.617,84.842,0
2025-05-13,84.842,85.47,84.635,85.25,0
2025-05-14,85.228,85.5175,85.049,85.38,0
2025-05-15,85.36,85.73,85.36,85.496,0
2025-05-16,85.498,85.7,85.277,85.552,0
2025-05-19,85.47,85.62,85.345,85.345,0
2025-05-20,85.36,85.6525,85.353,85.51,0
2025-05-21,85.51,85.695,85.507,85.57,0
2025-05-22,85.57,86.105,85.554,85.948,0
2025-05-23,85.948,86.0425,85.1125,85.151,0
2025-05-26,85.151,85.2125,84.785,85.04,0
2025-05-27,85.04,85.455,85.04,85.326,0
2025-05-28,85.277,85.71,85.277,85.367,0
2025-05-29,85.367,85.6175,85.367,85.367,0
2025-05-30,85.371,85.64,85.25,85.477,0
2025-06-02,85.477,85.562,85.301,85.308,0
2025-06-03,85.306,85.661,85.306,85.661,0
2025-06-04,85.661,86.0225,85.6,85.831,0
2025-06-05,85.831,85.9625,85.676,85.8,0
2025-06-06,85.79,85.98,85.63,85.737,0
2025-06-09,85.738,85.778,85.477,85.64,0
2025-06-10,85.63,85.6775,85.52,85.547,0
2025-06-11,85.547,85.6025,85.421,85.421,0
2025-06-12,85.45,85.65,85.426,85.53,0
2025-06-13,85.53,86.21,85.53,86.09,0
2025-06-16,86.061,86.2375,85.76,85.76,0
2025-06-17,85.76,86.356,85.76,86.262,0
2025-06-18,86.28,86.5575,86.27,86.382,0
2025-06-19,86.382,86.8925,86.382,86.793,0
2025-06-20,86.793,86.793,86.532,86.557,0
2025-06-23,86.557,86.855,86.3,86.3,0
2025-06-24,86.533,86.533,85.895,85.895,0
2025-06-25,85.896,86.1325,85.805,86.01,0
2025-06-26,85.974,86.04,85.63,85.63,0
2025-06-27,85.61,85.656,85.431,85.431,0
2025-06-30,85.431,85.797,85.431,85.717,0
2025-07-01,85.67,85.755,85.467,85.56,0
2025-07-02,85.6,85.7525,85.53,85.531,0
2025-07-03,85.531,85.7075,85.1925,85.391,0
2025-07-04,85.385,85.4975,85.31,85.449,0
2025-07-07,85.449,86.03,85.4025,85.747,0
2025-07-08,85.73,85.85,85.645,85.73,0
2025-07-09,85.73,85.93,85.65,85.67,0
2025-07-10,85.65,85.74,85.53,85.7,0
2025-07-11,85.701,85.905,85.701,85.775,0
2025-07-14,85.775,86.0525,85.775,85.969,0
2025-07-15,85.969,86.007,85.754,85.945,0
2025-07-16,85.945,86.0475,85.74,85.87,0
2025-07-17,85.85,86.0925,85.805,85.989,0
2025-07-18,85.989,86.2325,85.98,86.125,0
2025-07-21,86.125,86.3525,86.125,86.177,0
2025-07-22,86.177,86.415,86.177,86.27,0
2025-07-23,86.274,86.4675,86.274,86.299,0
2025-07-24,86.35,86.43,86.25,86.373,0
2025-07-25,86.35,86.63,86.35,86.457,0
2025-07-28,86.457,86.677,86.41,86.649,0
2025-07-29,86.649,87.08,86.649,87.08,0
2025-07-30,87.061,87.798,87.061,87.65,0
2025-07-31,87.65,87.771,87.476,87.476,0
2025-08-01,87.476,87.648,87.172,87.215,0
2025-08-04,87.215,87.77,87.165,87.7,0
2025-08-05,87.98,87.98,87.7625,87.782,0
2025-08-06,87.782,87.819,87.637,87.687,0
2025-08-07,87.68,87.773,87.35,87.399,0
2025-08-08,87.399,87.7425,87.399,87.441,0
2025-08-11,87.441,87.715,87.441,87.61,0
2025-08-12,87.61,87.73,87.566,87.566,0
2025-08-13,87.566,87.72,87.401,87.411,0
2025-08-14,87.411,87.675,87.395,87.651,0
2025-08-15,87.665,87.669,87.432,87.488,0
2025-08-18,87.488,87.522,87.247,87.247,0
2025-08-19,87.247,87.352,86.9275,87.02,0
2025-08-20,87.02,87.17,86.978,86.978,0
2025-08-21,86.978,87.32,86.9375,87.247,0
2025-08-22,87.247,87.5425,87.202,87.306,0
2025-08-25,87.306,87.61,87.287,87.566,0
2025-08-26,87.566,87.8,87.566,87.592,0
2025-08-27,87.592,87.855,87.592,87.62,0
2025-08-28,87.62,87.6775,87.5275,87.541,0
2025-08-29,87.541,88.3075,87.541,88.123,0
2025-09-01,88.123,88.315,87.95,87.96,0
2025-09-02,87.961,88.2,87.839,87.959,0
2025-09-03,87.959,88.1875,87.959,88.024,0
2025-09-04,88.024,88.1825,88.0025,88.152,0
2025-09-05,88.152,88.3625,88.085,88.143,0
2025-09-08,88.143,88.171,87.932,87.932,0
2025-09-09,87.932,88.221,87.932,88.199,0
2025-09-10,88.199,88.242,88.013,88.013,0
2025-09-11,88.014,88.471,88.014,88.222,0
2025-09-12,88.222,88.41,88.222,88.252,0
2025-09-15,88.252,88.29,88.077,88.077,0
2025-09-16,88.077,88.155,87.845,87.845,0
2025-09-17,87.836,87.877,87.672,87.698,0
2025-09-18,87.698,88.263,87.698,88.167,0
2025-09-19,88.167,88.3375,88.074,88.075,0
2025-09-22,88.075,88.34,88.075,88.263,0
2025-09-23,88.266,88.7975,88.266,88.767,0
2025-09-24,88.767,88.872,88.68,88.736,0
2025-09-25,88.736,88.774,88.6075,88.717,0
2025-09-26,88.717,88.76,88.63,88.63,0
2025-09-29,88.63,88.774,88.63,88.657,0
2025-09-30,88.657,88.837,88.657,88.791,0
2025-10-01,88.791,88.831,88.603,88.65,0
2025-10-02,88.65,88.855,88.578,88.669,0
2025-10-03,88.669,88.78,88.669,88.71,0
2025-10-06,88.71,88.812,88.681,88.681,0
2025-10-07,88.696,88.78,88.69,88.69,0
2025-10-08,88.69,88.7925,88.69,88.72,0
2025-10-09,88.72,88.86,88.685,88.816,0
2025-10-10,88.816,88.816,88.51,88.732,0
2025-10-13,88.732,88.79,88.585,88.621,0
2025-10-14,88.616,88.83,88.616,88.735,0
2025-10-15,88.681,88.769,87.775,87.775,0
2025-10-16,87.775,88.018,87.628,87.937,0
2025-10-17,87.937,88.075,87.75,87.954,0
2025-10-20,87.954,87.987,87.75,87.84,1
2025-10-21,87.84,88.067,87.84,87.981,1
2025-10-22,87.981,87.981,87.634,87.707,1
2025-10-23,87.7,87.955,87.7,87.78,1
2025-10-24,87.74,87.85,87.6425,87.796,1
2025-10-27,87.796,88.3025,87.796,88.174,1
2025-10-28,88.174,88.4025,88.174,88.181,1
2025-10-29,88.181,88.453,88.165,88.361,1
2025-10-30,88.361,88.737,88.333,88.585,1
2025-10-31,88.589,88.775,88.58,88.719,1
2025-11-03,88.719,88.7975,88.671,88.671,1
2025-11-04,88.671,88.744,88.357,88.707,1
2025-11-05,88.707,88.746,88.514,88.514,1
2025-11-06,88.514,88.6575,88.484,88.648,1
2025-11-07,88.648,88.725,88.584,88.631,1
2025-11-10,88.631,88.716,88.631,88.657,1
2025-11-11,88.657,88.7175,88.413,88.413,1
2025-11-12,88.413,88.66,88.413,88.55,1
2025-11-13,88.55,88.785,88.55,88.758,1
2025-11-14,88.767,88.772,88.64,88.64,1
2025-11-17,88.64,88.7275,88.5725,88.61,1
2025-11-18,88.611,88.69,88.502,88.502,1
2025-11-19,88.503,88.6,88.42,88.443,1
2025-11-20,88.444,88.75,88.444,88.69,1
2025-11-21,88.69,89.7,88.6025,89.587,1
2025-11-24,89.587,89.592,89.088,89.123,1
2025-11-25,89.123,89.2675,89.004,89.113,1
2025-11-26,89.113,89.2775,89.111,89.111,1
2025-11-27,89.111,89.381,89.111,89.325,1
2025-11-28,89.325,89.488,89.325,89.332,1
2025-12-01,89.332,89.79,89.325,89.573,1
2025-12-02,89.573,89.986,89.573,89.868,1
2025-12-03,89.868,90.304,89.868,90.146,1
2025-12-04,90.146,90.437,89.752,89.783,1
2025-12-05,89.783,90.0675,89.7,89.896,1
2025-12-08,89.896,90.26,89.896,90.09,1
2025-12-09,90.09,90.153,89.847,89.859,1
2025-12-10,89.859,90.0825,89.752,89.752,1
2025-12-11,89.752,90.4825,89.752,90.211,1
2025-12-12,90.211,90.621,90.176,90.544,1
2025-12-15,90.544,90.79,90.51,90.75,1
2025-12-16,90.75,91.0775,90.75,90.908,1
2025-12-17,90.908,91.07,89.975,90.369,1
2025-12-18,90.369,90.44,90.045,90.227,1
2025-12-19,90.227,90.29,89.255,89.552,1
2025-12-22,89.552,89.741,89.45,89.564,1
2025-12-23,89.564,89.85,89.396,89.396,1
2025-12-24,89.396,89.825,89.396,89.771,1
2025-12-25,89.771,89.774,89.631,89.631,1
2025-12-26,89.632,89.935,89.632,89.746,1
2025-12-29,89.746,89.9875,89.746,89.875,1
2025-12-30,89.875,89.9725,89.709,89.739,1
2025-12-31,89.729,89.961,89.729,89.832,1
2026-01-01,89.832,89.9925,89.832,89.95,1
2026-01-02,89.942,90.255,89.889,89.975,1
2026-01-05,89.975,90.29,89.975,90.181,1
2026-01-06,90.181,90.2475,90.09,90.101,1
2026-01-07,90.064,90.2325,89.81,89.822,1
2026-01-08,89.822,90.13,89.74,89.865,1
2026-01-09,89.865,90.285,89.86,90.211,1
2026-01-12,90.211,90.2525,90.09,90.09,1
2026-01-13,90.094,90.315,90.094,90.236,1
2026-01-14,90.236,90.39,89.97,90.222,1
2026-01-15,90.222,90.407,90.199,90.315,1
2026-01-16,90.315,90.875,90.315,90.662,1
2026-01-19,90.662,90.995,90.63,90.853,1
2026-01-20,90.853,91.069,90.853,91.069,1
2026-01-21,91.069,91.7425,91.023,91.5,1
2026-01-22,91.5,91.675,91.287,91.53,1
2026-01-23,91.53,91.965,91.4125,91.635,1
2026-01-26,91.635,91.76,91.523,91.663,1
2026-01-27,91.663,91.8925,91.438,91.438,1
2026-01-28,91.438,92.193,91.438,92,1
2026-01-29,92,92.104,91.751,91.751,1
2026-01-30,91.751,91.995,91.641,91.641,1
2026-02-02,91.641,91.998,91.255,91.255,1
2026-02-03,90.264,90.515,90.044,90.374,1
2026-02-04,90.374,90.54,90.256,90.355,1
2026-02-05,90.355,90.515,90.0775,90.295,1
2026-02-06,90.295,90.855,90.18,90.555,1
2026-02-09,90.555,90.771,90.3775,90.712,1
2026-02-10,90.709,90.78,90.4875,90.538,1
2026-02-11,90.538,90.803,90.4675,90.712,1
2026-02-12,90.712,90.712,90.415,90.525,1
2026-02-13,90.525,90.7525,90.492,90.505,1
2026-02-16,90.505,90.802,90.505,90.733,1
2026-02-17,90.733,90.7825,90.606,90.606,1
2026-02-18,90.606,90.763,90.6,90.755,1
2026-02-19,90.755,91.184,90.72,90.998,1
2026-02-20,90.998,91.063,90.681,90.681,1
2026-02-23,90.681,90.991,90.681,90.991,1
2026-02-24,90.991,91.003,90.877,90.877,1
2026-02-25,90.877,90.9625,90.853,90.853,1
2026-02-26,90.854,91.048,90.815,90.953,1
2026-02-27,90.953,91.114,90.915,91.026,1
2026-03-02,91.026,91.747,91.026,91.535,1
2026-03-03,91.535,92.205,91.535,92.01,1
2026-03-04,92.01,92.3,91.903,92.077,1
2026-03-05,92.077,92.15,91.352,91.737,1
2026-03-06,91.737,91.972,91.595,91.908,1
2026-03-09,91.908,92.355,91.908,92.112,1
2026-03-10,91.802,92.1875,91.699,91.94,1
2026-03-11,91.925,92.23,91.8425,92.187,1
2026-03-12,92.187,92.479,92.06,92.337,1
2026-03-13,92.337,92.531,92.262,92.49,1
2026-03-16,92.49,92.49,92.169,92.214,1
2026-03-17,92.214,92.4725,92.214,92.355,1
2026-03-18,92.355,92.992,92.354,92.991,1
2026-03-19,92.991,93.35,92.868,92.872,1
2026-03-20,92.872,93.787,92.859,93.652,1
2026-03-23,93.652,94.109,92.933,93.173,1
2026-03-24,93.173,94.101,93.173,93.983,1
2026-03-25,93.983,94.187,93.782,93.865,1
2026-03-26,93.865,94.261,93.865,94.247,1
2026-03-27,94.153,94.961,94.141,94.757,1
2026-03-30,94.757,95.225,93.479,94.333,1
2026-03-31,94.333,94.355,93.437,93.437,1
2026-04-01,93.437,93.863,93.038,93.186,1
2026-04-02,93.186,93.666,92.819,92.993,1
2026-04-03,92.944,92.944,92.615,92.67,1
2026-04-06,92.67,93.166,92.669,93.04,1
2026-04-07,93.04,93.07,92.828,92.839,1
2026-04-08,92.82,92.82,92.24,92.322,1
2026-04-09,92.322,92.9275,92.322,92.438,1
2026-04-10,92.438,93.07,92.415,93.048,1
2026-04-13,93.048,93.406,93.048,93.366,1
2026-04-14,93.193,93.382,93.038,93.125,0
2026-04-15,93.125,93.473,93.088,93.407,0