time,open,high,low,close,Volume
2015-03-02,3069,3177,3040,3149,170033
2015-03-03,3134,3155,3083,3138,160330
2015-03-04,3148,3200,3112,3163,175818
2015-03-05,3189,3279,3185,3212,171078
2015-03-06,3209,3209,3121,3138,99020
2015-03-09,3120,3197,3103,3163,162071
2015-03-10,3166,3166,3052,3061,159590
2015-03-11,3069,3094,2990,3000,158196
2015-03-12,3021,3059,2956,2982,154794
2015-03-13,2964,2978,2846,2866,170817
2015-03-16,2852,2852,2704,2741,180848
2015-03-17,2754,2782,2683,2759,175817
2015-03-18,2752,2752,2643,2666,153095
2015-03-19,2673,2754,2668,2706,152164
2015-03-20,2885,2986,2832,2948,188697
2015-03-23,2930,2965,2859,2930,167226
2015-03-24,2929,3047,2929,2995,214092
2015-03-25,2982,3111,2961,3094,219129
2015-03-26,3114,3368,3114,3253,242999
2015-03-27,3214,3222,3127,3152,168604
2015-03-30,3125,3125,2999,3017,174634
2015-03-31,3025,3055,2977,3025,181020
2015-04-01,3007,3150,2952,3118,208297
2015-04-02,3102,3117,3007,3037,145394
2015-04-06,3075,3263,3075,3254,176564
2015-04-07,3240,3365,3203,3325,178893
2015-04-08,3303,3321,3166,3182,178347
2015-04-09,3195,3250,3162,3215,176367
2015-04-10,3183,3240,3132,3220,179665
2015-04-13,3222,3319,3222,3273,189123
2015-04-14,3276,3354,3261,3342,116691
2015-04-15,3354,3505,3342,3496,200046
2015-04-16,3512,3580,3435,3559,192190
2015-04-17,3536,3554,3481,3494,160466
2015-04-20,3529,3577,3426,3531,113458
2015-04-21,3651,3677,3580,3593,152976
2015-04-22,3580,3621,3520,3568,182633
2015-04-23,3561,3710,3545,3688,187491
2015-04-24,3670,3698,3614,3650,161495
2015-04-27,3642,3693,3601,3611,141155
2015-04-28,3607,3668,3573,3626,144775
2015-04-29,3607,3771,3590,3755,165660
2015-04-30,3745,3805,3730,3790,160474
2015-05-01,3780,3807,3731,3754,77165
2015-05-04,3795,3813,3731,3752,111362
2015-05-05,3746,3886,3738,3857,147045
2015-05-06,3882,3989,3870,3882,194333
2015-05-07,3874,3946,3777,3790,184105
2015-05-08,3766,3830,3723,3796,202450
2015-05-11,3805,3827,3763,3788,163265
2015-05-12,3806,3935,3801,3887,209380
2015-05-13,3900,3965,3876,3909,242580
2015-05-14,3895,3895,3767,3776,146476
2015-05-15,3796,3807,3717,3779,118869
2015-05-18,3805,3968,3766,3772,86611
2015-05-19,3859,3869,3728,3737,139519
2015-05-20,3757,3795,3725,3775,208673
2015-05-21,3786,3891,3782,3861,131714
2015-05-22,3862,3883,3793,3813,103013
2015-05-25,3823,3848,3772,3830,90272
2015-05-26,3826,3841,3710,3725,167033
2015-05-27,3746,3790,3697,3713,166700
2015-05-28,3708,3721,3625,3668,153718
2015-05-29,3670,3878,3670,3869,174968
2015-06-01,3847,3867,3788,3830,125826
2015-06-02,3832,3935,3832,3918,143766
2015-06-03,3899,3933,3815,3825,162859
2015-06-04,3832,3850,3712,3720,152064
2015-06-05,3724,3759,3656,3742,170060
2015-06-08,3762,3798,3718,3731,134166
2015-06-09,3745,3865,3732,3854,146378
2015-06-10,3870,3955,3870,3887,163137
2015-06-11,3892,3937,3856,3895,125914
2015-06-12,3874,3879,3835,3858,109670
2015-06-15,3852,3852,3770,3818,113746
2015-06-16,3825,3874,3822,3849,105266
2015-06-17,3857,3940,3780,3795,156395
2015-06-18,3795,3880,3783,3846,137740
2015-06-22,3815,3869,3783,3807,118512
2015-06-23,3818,3920,3809,3910,175610
2015-06-24,3906,3934,3820,3830,157287
2015-06-25,3844,3856,3792,3810,108173
2015-06-26,3808,3828,3755,3815,121344
2015-06-29,3792,3797,3723,3735,129023
2015-06-30,3727,3787,3714,3776,115880
2015-07-01,3762,3762,3635,3649,146117
2015-07-02,3636,3684,3621,3641,121940
2015-07-03,3632,3632,3510,3520,92078
2015-07-06,3505,3517,3374,3384,181416
2015-07-07,3370,3397,3226,3306,236526
2015-07-08,3296,3377,3245,3276,215648
2015-07-09,3309,3398,3309,3361,164705
2015-07-10,3380,3418,3302,3331,174351
2015-07-13,3316,3379,3260,3350,192900
2015-07-14,3340,3385,3235,3347,198266
2015-07-15,3376,3389,3272,3288,170862
2015-07-16,3298,3314,3241,3255,150355
2015-07-17,3250,3250,3187,3208,138253
2015-07-20,3218,3255,3172,3181,98200
2015-07-21,3224,3285,3206,3235,133424
2015-07-22,3230,3238,3183,3197,152241
2015-07-23,3186,3186,3098,3111,131533
2015-07-24,3130,3158,3080,3098,131726
2015-07-27,3087,3102,3052,3079,127008
2015-07-28,3071,3113,3008,3083,173516
2015-07-29,3071,3177,3045,3148,195078
2015-07-30,3144,3174,3122,3132,150370
2015-07-31,3121,3121,3030,3038,165301
2015-08-03,3035,3035,2907,2918,170338
2015-08-04,2925,2959,2918,2935,136036
2015-08-05,2948,2989,2873,2888,210309
2015-08-06,2885,2895,2826,2847,152112
2015-08-07,2857,2887,2815,2824,156305
2015-08-10,2815,2885,2786,2860,187605
2015-08-11,2874,2913,2767,2780,190438
2015-08-12,2787,2850,2781,2821,228621
2015-08-13,2816,2845,2746,2758,153087
2015-08-14,2742,2797,2732,2780,143768
2015-08-17,2765,2796,2728,2779,147518
2015-08-18,2765,2785,2715,2779,142037
2015-08-19,2775,2789,2637,2650,124147
2015-08-20,2700,2762,2679,2754,181504
2015-08-21,2735,2757,2670,2684,197008
2015-08-24,2672,2672,2577,2639,253537
2015-08-25,2628,2662,2600,2607,222062
2015-08-26,2619,2662,2582,2610,222325
2015-08-27,2626,2817,2624,2789,252675
2015-08-28,2810,3046,2785,3005,337758
2015-08-31,2993,3260,2917,3230,316205
2015-09-01,3220,3257,3032,3058,329798
2015-09-02,3025,3083,2880,3034,338333
2015-09-03,3048,3213,3042,3086,267903
2015-09-04,3097,3148,3061,3110,223742
2015-09-07,3093,3093,2931,2948,138290
2015-09-08,2954,3095,2949,3049,250350
2015-09-09,3071,3084,2976,2989,186262
2015-09-10,2975,3065,2921,3041,229870
2015-09-11,3041,3047,2945,3000,174872
2015-09-14,2985,2985,2901,2923,145237
2015-09-15,2934,2994,2927,2955,134548
2015-09-16,2960,3132,2960,3096,191929
2015-09-17,3084,3159,3078,3097,119404
2015-09-18,3084,3098,2953,2969,172183
2015-09-21,2971,3053,2962,3043,113494
2015-09-22,3069,3077,3013,3031,150400
2015-09-23,3055,3134,2970,2983,219425
2015-09-24,2991,3016,2921,2984,184847
2015-09-25,2995,3084,2995,3031,119362
2015-09-28,3030,3030,2956,2968,150327
2015-09-29,2968,3033,2953,3026,139583
2015-09-30,3005,3023,2950,2979,184183
2015-10-01,2990,3098,2959,2971,223620
2015-10-05,2998,3067,2994,3030,155142
2015-10-06,3032,3179,3005,3137,200613
2015-10-07,3167,3251,3119,3162,230441
2015-10-08,3150,3233,3122,3217,192595
2015-10-09,3230,3303,3193,3205,186523
2015-10-12,3205,3258,3067,3075,214476
2015-10-13,3086,3159,3042,3089,205140
2015-10-14,3061,3066,2976,3034,189424
2015-10-15,3030,3030,2936,2986,186910
2015-10-16,3008,3075,2994,3055,157575
2015-10-20,3043,3072,3001,3009,141565
2015-10-21,3013,3023,2954,2972,168127
2015-10-22,2983,3021,2943,2951,100999
2015-10-23,2956,2990,2895,2927,168832
2015-10-26,2930,2940,2870,2877,121955
2015-10-27,2873,2873,2792,2818,144966
2015-10-28,2836,3008,2823,2998,236498
2015-10-29,3001,3070,2966,3028,213698
2015-10-30,3013,3076,2983,3068,182301
2015-11-02,3052,3080,3007,3033,165345
2015-11-03,3032,3170,3027,3158,188025
2015-11-04,3145,3173,3041,3049,215509
2015-11-05,3065,3075,3015,3039,141643
2015-11-06,3010,3019,2940,2950,155385
2015-11-09,2973,3007,2912,2930,145927
2015-11-10,2939,2974,2897,2941,147581
2015-11-11,2932,2932,2880,2893,28713
2015-11-12,2890,2890,2764,2771,138740
2015-11-13,2759,2800,2677,2689,157283
2015-11-16,2710,2769,2655,2735,204650
2015-11-17,2753,2779,2686,2703,207126
2015-11-18,2716,2755,2649,2673,197939
2015-11-19,2693,2712,2636,2680,118276
2015-11-20,2788,2847,2758,2833,159736
2015-11-23,2803,2857,2707,2828,267138
2015-11-24,2816,2902,2798,2876,215020
2015-11-25,2870,2871,2792,2860,145303
2015-11-26,2870,2894,2840,2851,137533
2015-11-27,2854,2859,2816,2821,145063
2015-11-30,2815,2852,2788,2798,178418
2015-12-01,2808,2822,2760,2773,217223
2015-12-02,2778,2795,2687,2700,228702
2015-12-03,2700,2805,2695,2791,229508
2015-12-04,2780,2819,2661,2684,261833
2015-12-07,2652,2660,2523,2529,201619
2015-12-08,2535,2589,2462,2528,273731
2015-12-09,2559,2616,2478,2496,283741
2015-12-10,2511,2516,2448,2467,194373
2015-12-11,2463,2468,2386,2403,204161
2015-12-14,2388,2466,2327,2453,257343
2015-12-15,2436,2537,2421,2519,262057
2015-12-16,2490,2495,2368,2385,232079
2015-12-17,2369,2376,2303,2315,185307
2015-12-18,2308,2362,2276,2307,146599
2015-12-21,2402,2409,2366,2385,170222
2015-12-22,2398,2438,2386,2427,175856
2015-12-23,2428,2514,2426,2491,207528
2015-12-24,2497,2540,2484,2528,104656
2015-12-28,2520,2520,2442,2447,144729
2015-12-29,2452,2525,2452,2514,131430
2015-12-30,2500,2500,2431,2442,140581
2015-12-31,2448,2513,2411,2493,134173
2016-01-01,2475,2497,2465,2480,24883
2016-01-04,2494,2566,2433,2465,290296
2016-01-05,2467,2476,2397,2407,212233
2016-01-06,2419,2422,2267,2291,268231
2016-01-07,2275,2291,2156,2254,350684
2016-01-08,2262,2285,2196,2244,260257
2016-01-11,2215,2226,2047,2089,260398
2016-01-12,2077,2161,2023,2030,326488
2016-01-13,2039,2123,2018,2051,306486
2016-01-14,2054,2145,2054,2113,246263
2016-01-15,2110,2110,1987,1996,236113
2016-01-18,1983,2020,1940,1962,218522
2016-01-19,1983,2040,1932,1950,203379
2016-01-21,1934,2069,1913,2055,366791
2016-01-22,2040,2168,2029,2158,297990
2016-01-25,2170,2227,2075,2100,324290
2016-01-27,2080,2247,2067,2202,398042
2016-01-28,2190,2341,2176,2287,367101
2016-01-29,2299,2345,2231,2286,281324
2016-02-01,2276,2276,2149,2153,287883
2016-02-02,2109,2135,2042,2069,281385
2016-02-03,2061,2180,2032,2170,389312
2016-02-04,2187,2278,2153,2181,345539
2016-02-05,2163,2200,2108,2157,316666
2016-02-08,2139,2139,2028,2048,300348
2016-02-09,2057,2090,1926,1939,289973
2016-02-10,1943,1989,1871,1899,343009
2016-02-11,1895,1895,1805,1844,314336
2016-02-12,1858,2012,1851,2006,353466
2016-02-15,2001,2057,1983,2037,191034
2016-02-16,2064,2154,1972,1992,370221
2016-02-17,2000,2131,1977,2114,315351
2016-02-18,2135,2190,2095,2125,291217
2016-02-19,2101,2107,1998,2029,171677
2016-02-22,2220,2335,2220,2329,223402
2016-02-23,2303,2316,2192,2200,274733
2016-02-24,2190,2234,2116,2220,294899
2016-02-25,2211,2238,2158,2202,276807
2016-02-26,2220,2396,2220,2316,319706
2016-02-29,2298,2332,2230,2321,234086
2016-03-01,2327,2366,2280,2343,279308
2016-03-02,2321,2382,2280,2341,299198
2016-03-03,2353,2383,2313,2337,205692
2016-03-04,2340,2417,2320,2405,238936
2016-03-07,2429,2554,2429,2547,181957
2016-03-08,2528,2595,2466,2475,237160
2016-03-09,2480,2570,2468,2546,236881
2016-03-10,2574,2583,2508,2553,234717
2016-03-11,2589,2619,2563,2595,184544
2016-03-14,2583,2583,2471,2500,184791
2016-03-15,2483,2489,2430,2457,178524
2016-03-16,2471,2563,2471,2548,188489
2016-03-17,2575,2666,2575,2654,209702
2016-03-18,2679,2745,2627,2627,161438
2016-03-21,2740,2788,2702,2773,199528
2016-03-22,2772,2805,2735,2770,199289
2016-03-23,2754,2768,2695,2699,176575
2016-03-24,2686,2686,2589,2658,127308
2016-03-28,2675,2692,2613,2633,164376
2016-03-29,2619,2628,2546,2562,175853
2016-03-30,2580,2645,2545,2549,241636
2016-03-31,2545,2592,2505,2572,211897
2016-04-01,2560,2560,2453,2463,223304
2016-04-04,2457,2470,2390,2400,196412
2016-04-05,2380,2395,2355,2380,189238
2016-04-06,2383,2522,2383,2515,244800
2016-04-07,2539,2547,2460,2478,196522
2016-04-08,2489,2656,2489,2625,226303
2016-04-11,2651,2707,2612,2666,224146
2016-04-12,2673,2792,2667,2782,225280
2016-04-13,2776,2820,2744,2793,235824
2016-04-14,2798,2805,2768,2789,107137
2016-04-15,2750,2750,2664,2698,124656
2016-04-18,2675,2682,2544,2655,234580
2016-04-20,2804,2926,2755,2919,256031
2016-04-21,2940,2965,2878,2903,204061
2016-04-22,2921,2973,2883,2936,201273
2016-04-25,2902,2946,2868,2878,210416
2016-04-26,2877,2948,2853,2937,180589
2016-04-27,2950,3014,2926,2985,219006
2016-04-28,3000,3072,2996,3064,164987
2016-04-29,3070,3115,3023,3035,194419
2016-05-02,3035,3073,2969,2987,185621
2016-05-03,2999,3012,2894,2912,209367
2016-05-04,2915,2994,2894,2901,246930
2016-05-05,2925,3064,2925,2949,263351
2016-05-06,2930,3019,2910,2977,248477
2016-05-09,3000,3046,2902,2911,229548
2016-05-10,2920,2974,2884,2968,236879
2016-05-11,2965,3086,2939,3080,273468
2016-05-12,3071,3137,3047,3096,220015
2016-05-13,3084,3110,3063,3097,177959
2016-05-16,3120,3194,3120,3179,149928
2016-05-17,3195,3234,3180,3208,167816
2016-05-18,3215,3277,3215,3268,196335
2016-05-19,3245,3245,3143,3238,144577
2016-05-20,3291,3333,3250,3281,173485
2016-05-23,3261,3270,3218,3251,166872
2016-05-24,3248,3319,3239,3309,176098
2016-05-25,3321,3349,3287,3328,171880
2016-05-26,3335,3377,3307,3327,160700
2016-05-27,3310,3320,3273,3310,149640
2016-05-30,3329,3442,3310,3386,83536
2016-05-31,3358,3371,3317,3333,122595
2016-06-01,3304,3320,3233,3308,173774
2016-06-02,3307,3331,3242,3314,208608
2016-06-03,3312,3325,3242,3253,180811
2016-06-06,3280,3341,3280,3305,142120
2016-06-07,3312,3364,3312,3345,130227
2016-06-08,3362,3418,3360,3396,178241
2016-06-09,3421,3439,3355,3373,150523
2016-06-10,3372,3372,3291,3298,134638
2016-06-13,3290,3308,3235,3275,153669
2016-06-14,3251,3274,3234,3257,117566
2016-06-15,3237,3269,3198,3238,187469
2016-06-16,3212,3212,3115,3133,173168
2016-06-17,3133,3200,3126,3190,154098
2016-06-21,3375,3375,3323,3353,156116
2016-06-22,3370,3425,3280,3294,198324
2016-06-23,3301,3375,3301,3355,157057
2016-06-24,3360,3360,3206,3266,262856
2016-06-27,3240,3265,3130,3136,205218
2016-06-28,3146,3256,3146,3226,208458
2016-06-29,3240,3349,3240,3336,170568
2016-06-30,3337,3355,3283,3304,166880
2016-07-01,3301,3301,3233,3271,158518
2016-07-04,3278,3322,3263,3277,97922
2016-07-05,3255,3262,3134,3145,154117
2016-07-06,3120,3210,3103,3197,129853
2016-07-07,3210,3257,3037,3063,229345
2016-07-08,3076,3097,3015,3059,176538
2016-07-11,3039,3074,2997,3019,162104
2016-07-12,3012,3147,3007,3142,191135
2016-07-13,3120,3138,3000,3007,202890
2016-07-14,3019,3063,3010,3046,187350
2016-07-15,3042,3104,3026,3081,167392
2016-07-18,3099,3099,3012,3041,126488
2016-07-19,3027,3067,2999,3005,107755
2016-07-20,3085,3117,3017,3101,194151
2016-07-21,3092,3114,3025,3038,150809
2016-07-22,3026,3034,2956,2961,163762
2016-07-25,2972,2994,2917,2927,130446
2016-07-26,2928,2933,2873,2903,171254
2016-07-27,2916,2918,2821,2831,197864
2016-07-28,2841,2845,2764,2772,170744
2016-07-29,2770,2793,2730,2782,185186
2016-08-01,2794,2809,2672,2681,177793
2016-08-02,2690,2736,2631,2640,219250
2016-08-03,2655,2753,2638,2740,261991
2016-08-04,2749,2819,2718,2810,209383
2016-08-05,2805,2820,2755,2786,176054
2016-08-08,2795,2907,2795,2891,162756
2016-08-09,2876,2914,2848,2862,208362
2016-08-10,2860,2897,2798,2812,234994
2016-08-11,2806,2937,2754,2912,255471
2016-08-12,2930,2984,2896,2971,258294
2016-08-16,3000,3114,2998,3104,206243
2016-08-17,3112,3130,3064,3114,239325
2016-08-18,3125,3228,3118,3222,159530
2016-08-19,3231,3261,3206,3230,119384
2016-08-22,3295,3295,3203,3212,166717
2016-08-23,3201,3255,3138,3239,227542
2016-08-24,3218,3218,3132,3148,206640
2016-08-25,3142,3179,3124,3158,161833
2016-08-26,3168,3248,3156,3194,198334
2016-08-29,3190,3190,3143,3173,118356
2016-08-30,3184,3193,3114,3125,157582
2016-08-31,3129,3129,2996,3003,201122
2016-09-01,3004,3027,2904,2909,191039
2016-09-02,2927,2978,2894,2975,234053
2016-09-05,2984,3065,2913,2981,103501
2016-09-06,2990,3030,2925,2964,189283
2016-09-07,2981,3032,2962,3020,217216
2016-09-08,3022,3173,3022,3164,229726
2016-09-09,3150,3150,3073,3080,158225
2016-09-12,3070,3110,2998,3088,243976
2016-09-13,3085,3085,3007,3033,133206
2016-09-14,3033,3038,2926,2938,232640
2016-09-15,2940,2967,2900,2948,195081
2016-09-16,2925,2925,2873,2885,163525
2016-09-19,2899,2953,2890,2898,163525
2016-09-20,2950,2991,2907,2956,207709
2016-09-21,2965,3063,2965,3046,215178
2016-09-22,3070,3111,3062,3101,169978
2016-09-23,3090,3114,2967,2978,315988
2016-09-26,2996,3089,2978,3083,232359
2016-09-27,3062,3067,2953,2975,232675
2016-09-28,2980,3070,2963,3061,350777
2016-09-29,3071,3233,3071,3204,223632
2016-09-30,3190,3223,3146,3212,167463
2016-10-03,3202,3313,3191,3246,194869
2016-10-04,3239,3274,3219,3265,165357
2016-10-05,3270,3330,3270,3321,161504
2016-10-06,3307,3377,3291,3368,152074
2016-10-07,3361,3391,3296,3323,167985
2016-10-10,3292,3434,3279,3417,168428
2016-10-11,3400,3440,3369,3386,106191
2016-10-12,3400,3416,3336,3351,92021
2016-10-13,3331,3385,3303,3365,177084
2016-10-14,3386,3415,3328,3339,139773
2016-10-17,3356,3379,3306,3323,137777
2016-10-18,3348,3374,3321,3340,140755
2016-10-19,3358,3464,3358,3449,122066
2016-10-20,3463,3463,3385,3399,125423
2016-10-21,3390,3424,3373,3402,168829
2016-10-24,3393,3416,3332,3355,143510
2016-10-25,3360,3414,3336,3354,149380
2016-10-26,3345,3355,3278,3297,204074
2016-10-27,3300,3358,3288,3344,164875
2016-10-28,3339,3339,3258,3283,137926
2016-10-30,3298,3330,3256,3265,6347
2016-10-31,3256,3256,3142,3153,91737
2016-11-01,3140,3167,3096,3105,174442
2016-11-02,3100,3109,3008,3025,172326
2016-11-03,3039,3070,2968,2976,146677
2016-11-04,2993,3000,2917,2940,213760
2016-11-07,2952,3009,2952,2967,151590
2016-11-08,2986,3023,2962,3009,171921
2016-11-09,3000,3058,2895,3043,201769
2016-11-10,3025,3040,2978,3011,148809
2016-11-11,2992,3003,2922,2953,107047
2016-11-14,2925,2940,2879,2911,79373
2016-11-15,2945,3085,2945,3083,137026
2016-11-16,3084,3155,3070,3122,173655
2016-11-17,3095,3160,3078,3109,145873
2016-11-21,3162,3321,3162,3315,143975
2016-11-22,3316,3359,3239,3258,216353
2016-11-23,3286,3341,3275,3318,188151
2016-11-24,3311,3321,3283,3303,74170
2016-11-25,3272,3274,3177,3198,124425
2016-11-28,3190,3277,3132,3253,200627
2016-11-29,3255,3255,3093,3113,180975
2016-11-30,3135,3388,3128,3377,344023
2016-12-01,3393,3542,3361,3527,180817
2016-12-02,3498,3512,3435,3500,128535
2016-12-05,3488,3579,3485,3536,102280
2016-12-06,3530,3530,3411,3440,108499
2016-12-07,3433,3482,3370,3395,132915
2016-12-08,3390,3434,3351,3427,117940
2016-12-09,3440,3490,3438,3474,84732
2016-12-12,3500,3644,3500,3588,71203
2016-12-13,3570,3609,3538,3590,96453
2016-12-14,3575,3575,3492,3497,109864
2016-12-15,3491,3497,3391,3487,111973
2016-12-16,3482,3528,3427,3510,114128
2016-12-19,3532,3554,3489,3532,79438
2016-12-20,3603,3672,3599,3641,90170
2016-12-21,3643,3663,3562,3577,99028
2016-12-22,3580,3623,3552,3607,92499
2016-12-23,3605,3610,3555,3596,80823
2016-12-26,3620,3626,3588,3602,15649
2016-12-27,3614,3682,3614,3676,70571
2016-12-28,3673,3712,3663,3706,89226
2016-12-29,3690,3696,3649,3665,88124
2016-12-30,3674,3681,3638,3650,56906
2017-01-02,3666,3698,3663,3685,11772
2017-01-03,3685,3780,3552,3590,144492
2017-01-04,3599,3628,3557,3621,113749
2017-01-05,3616,3672,3584,3636,129674
2017-01-06,3653,3700,3635,3682,123117
2017-01-09,3665,3674,3564,3574,110747
2017-01-10,3560,3575,3500,3513,127335
2017-01-11,3500,3597,3478,3589,162272
2017-01-12,3565,3644,3550,3613,123006
2017-01-13,3613,3629,3566,3586,106210
2017-01-16,3596,3596,3552,3579,70104
2017-01-17,3581,3636,3557,3595,121137
2017-01-18,3577,3590,3483,3500,135252
2017-01-19,3512,3544,3480,3492,99008
2017-01-20,3570,3664,3564,3638,110741
2017-01-23,3625,3636,3575,3616,100016
2017-01-24,3621,3658,3602,3644,103355
2017-01-25,3631,3648,3588,3629,125056
2017-01-27,3645,3696,3592,3608,122225
2017-01-30,3619,3641,3565,3581,116275
2017-01-31,3563,3622,3553,3614,109428
2017-02-01,3608,3628,3568,3585,128117
2017-02-02,3605,3663,3592,3614,137910
2017-02-03,3632,3645,3590,3614,113920
2017-02-06,3635,3640,3576,3579,105611
2017-02-07,3586,3586,3495,3500,111977
2017-02-08,3488,3532,3456,3514,150327
2017-02-09,3523,3554,3520,3544,109057
2017-02-10,3545,3620,3541,3609,109506
2017-02-13,3610,3610,3537,3545,101672
2017-02-14,3552,3590,3541,3565,104864
2017-02-15,3565,3580,3530,3551,113771
2017-02-16,3550,3596,3533,3588,107934
2017-02-17,3586,3586,3546,3565,69242
2017-02-20,3611,3642,3611,3623,57841
2017-02-21,3626,3694,3626,3668,109315
2017-02-22,3651,3662,3587,3601,106725
2017-02-23,3616,3670,3613,3633,114381
2017-02-24,3620,3627,3591,3615,62629
2017-02-27,3620,3652,3620,3623,91597
2017-02-28,3629,3629,3559,3566,109037
2017-03-01,3580,3647,3580,3604,133378
2017-03-02,3591,3595,3530,3537,131979
2017-03-03,3530,3567,3520,3556,99655
2017-03-06,3547,3574,3530,3550,107702
2017-03-07,3546,3588,3540,3558,102092
2017-03-08,3550,3550,3416,3425,169175
2017-03-09,3421,3421,3252,3271,233798
2017-03-10,3297,3337,3220,3229,168210
2017-03-13,3206,3223,3186,3203,67914
2017-03-14,3224,3231,3107,3136,171625
2017-03-15,3150,3211,3150,3178,149604
2017-03-16,3197,3245,3172,3192,130440
2017-03-17,3200,3219,3182,3196,108596
2017-03-20,3180,3190,3130,3161,106841
2017-03-21,3230,3243,3165,3168,145696
2017-03-22,3166,3174,3104,3164,175145
2017-03-23,3177,3187,3130,3143,130455
2017-03-24,3145,3158,3123,3142,95095
2017-03-27,3151,3160,3076,3112,134130
2017-03-28,3128,3179,3124,3167,123978
2017-03-29,3171,3221,3151,3211,138136
2017-03-30,3222,3275,3212,3269,128849
2017-03-31,3260,3288,3245,3284,122124
2017-04-03,3276,3309,3268,3277,110579
2017-04-04,3290,3333,3289,3325,92714
2017-04-05,3339,3374,3314,3332,149902
2017-04-06,3327,3359,3308,3351,114069
2017-04-07,3364,3399,3320,3359,160647
2017-04-10,3375,3430,3365,3424,120133
2017-04-11,3436,3456,3407,3448,116418
2017-04-12,3456,3478,3432,3444,108499
2017-04-13,3436,3442,3410,3420,84618
2017-04-17,3420,3432,3393,3399,87716
2017-04-18,3400,3413,3368,3399,124029
2017-04-19,3383,3403,3267,3288,123185
2017-04-20,3316,3331,3283,3301,133429
2017-04-21,3299,3304,3195,3208,146249
2017-04-24,3220,3247,3176,3190,129008
2017-04-25,3191,3194,3154,3183,137674
2017-04-26,3182,3227,3151,3199,158081
2017-04-27,3191,3191,3101,3147,153004
2017-04-28,3159,3210,3147,3174,135838
2017-05-01,3168,3173,3132,3142,59696
2017-05-02,3138,3172,3057,3087,143747
2017-05-03,3103,3105,3045,3067,162203
2017-05-04,3079,3079,2924,2931,200163
2017-05-05,2917,3009,2839,2969,292743
2017-05-08,2997,3015,2948,2980,181386
2017-05-09,2999,3024,2952,2969,158831
2017-05-10,2986,3095,2980,3083,157021
2017-05-11,3097,3112,3067,3089,134760
2017-05-12,3082,3096,3045,3066,101823
2017-05-15,3085,3182,3085,3149,131404
2017-05-16,3160,3164,3115,3123,123869
2017-05-17,3111,3174,3088,3156,176210
2017-05-18,3151,3224,3118,3203,154895
2017-05-19,3220,3282,3214,3265,96313
2017-05-22,3299,3330,3290,3310,101737
2017-05-23,3303,3346,3284,3341,108025
2017-05-24,3351,3370,3317,3329,134316
2017-05-25,3350,3365,3166,3178,261098
2017-05-26,3149,3220,3119,3213,180454
2017-05-29,3207,3270,3198,3259,83839
2017-05-30,3245,3245,3175,3203,129126
2017-05-31,3196,3196,3090,3127,172815
2017-06-01,3135,3175,3114,3159,184743
2017-06-02,3130,3130,3021,3081,221283
2017-06-05,3103,3119,3022,3052,167893
2017-06-06,3042,3098,3036,3090,177758
2017-06-07,3100,3111,2954,2966,192459
2017-06-08,2972,2977,2911,2945,171141
2017-06-09,2935,2974,2910,2959,135360
2017-06-12,2972,3015,2945,2988,136236
2017-06-13,2988,2996,2938,2985,132211
2017-06-14,2970,2983,2863,2873,223639
2017-06-15,2889,2894,2858,2877,113691
2017-06-16,2877,2899,2871,2879,85737
2017-06-19,2880,2900,2855,2861,92010
2017-06-20,2882,2892,2791,2813,155840
2017-06-21,2819,2866,2732,2741,221650
2017-06-22,2756,2813,2738,2776,141420
2017-06-23,2777,2797,2755,2777,121780
2017-06-26,2792,2812,2757,2801,72012
2017-06-27,2807,2877,2807,2860,123430
2017-06-28,2852,2905,2839,2892,154725
2017-06-29,2904,2946,2904,2918,127786
2017-06-30,2924,2972,2924,2968,109152
2017-07-03,2974,3047,2974,3043,122351
2017-07-04,3039,3075,3036,3068,94968
2017-07-05,3065,3067,2931,2938,191006
2017-07-06,2953,3019,2932,2947,179840
2017-07-07,2933,2933,2835,2863,207779
2017-07-10,2882,2893,2822,2876,172991
2017-07-11,2878,2926,2836,2912,207595
2017-07-12,2929,3000,2910,2949,219175
2017-07-13,2952,2985,2903,2964,192166
2017-07-14,2964,3010,2953,2990,192277
2017-07-17,3005,3020,2964,2968,159174
2017-07-18,2970,3017,2949,2973,164478
2017-07-19,2982,3039,2968,3028,137984
2017-07-20,3053,3084,3032,3037,144698
2017-07-21,3037,3047,2957,2965,157899
2017-07-24,2965,3003,2936,2997,167604
2017-07-25,3004,3098,3001,3090,150213
2017-07-26,3105,3153,3090,3132,165629
2017-07-27,3131,3166,3106,3161,164547
2017-07-28,3155,3200,3144,3192,113878
2017-07-31,3200,3214,3165,3183,127710
2017-08-01,3221,3234,3107,3135,185953
2017-08-02,3116,3158,3101,3147,187684
2017-08-03,3148,3189,3132,3143,160668
2017-08-04,3130,3165,3094,3149,170514
2017-08-07,3130,3159,3105,3144,158538
2017-08-08,3129,3179,3116,3139,163232
2017-08-09,3133,3176,3123,3157,164193
2017-08-10,3168,3223,3120,3128,211439
2017-08-11,3111,3132,3082,3127,158573
2017-08-14,3128,3149,3064,3070,162746
2017-08-16,3070,3085,3003,3008,151463
2017-08-17,3029,3029,2981,3021,120303
2017-08-18,3015,3111,3002,3104,151910
2017-08-21,3104,3121,3013,3038,123399
2017-08-22,3072,3102,3047,3072,163489
2017-08-23,3073,3116,3058,3107,134282
2017-08-24,3106,3111,3024,3041,147478
2017-08-25,3060,3073,3041,3058,76577
2017-08-28,3059,3059,2951,2970,155664
2017-08-29,2990,3013,2935,2962,175906
2017-08-30,2958,2998,2943,2958,143644
2017-08-31,2956,3047,2943,3038,164931
2017-09-01,3018,3029,2984,3021,147759
2017-09-04,3010,3058,3010,3049,81472
2017-09-05,3045,3142,3043,3122,148646
2017-09-06,3120,3174,3120,3155,134459
2017-09-07,3157,3161,3116,3143,155804
2017-09-08,3149,3150,3034,3045,130045
2017-09-11,3060,3089,3010,3073,152195
2017-09-12,3077,3105,3059,3092,152011
2017-09-13,3089,3169,3082,3162,157678
2017-09-14,3160,3243,3150,3215,136311
2017-09-15,3200,3214,3167,3191,129055
2017-09-18,3209,3226,3158,3208,155491
2017-09-19,3206,3235,3166,3171,115794
2017-09-20,3235,3298,3218,3286,151954
2017-09-21,3282,3312,3255,3295,138940
2017-09-22,3298,3308,3273,3287,106954
2017-09-25,3284,3412,3280,3406,129662
2017-09-26,3424,3435,3373,3402,143672
2017-09-27,3414,3451,3398,3416,143621
2017-09-28,3424,3472,3360,3373,173553
2017-09-29,3400,3400,3356,3373,146278
2017-10-03,3354,3354,3295,3311,131033
2017-10-04,3287,3304,3248,3266,139222
2017-10-05,3260,3340,3255,3313,136372
2017-10-06,3311,3323,3223,3240,147314
2017-10-09,3240,3260,3218,3256,107625
2017-10-10,3249,3335,3244,3331,131610
2017-10-11,3338,3360,3304,3347,129705
2017-10-12,3330,3330,3264,3296,153478
2017-10-13,3313,3358,3300,3310,140209
2017-10-16,3325,3389,3325,3363,115399
2017-10-17,3357,3393,3328,3353,126403
2017-10-18,3365,3406,3364,3385,86878
2017-10-19,3380,3380,3344,3359,16295
2017-10-20,3345,3379,3322,3372,65457
2017-10-23,3393,3408,3372,3383,113122
2017-10-24,3385,3435,3361,3431,149497
2017-10-25,3427,3427,3376,3384,130421
2017-10-26,3378,3437,3372,3428,96421
2017-10-27,3426,3514,3411,3501,122078
2017-10-30,3510,3540,3490,3513,116312
2017-10-31,3512,3535,3498,3528,97138
2017-11-01,3536,3572,3482,3500,134803
2017-11-02,3499,3528,3495,3520,95015
2017-11-03,3540,3589,3522,3579,110228
2017-11-06,3600,3705,3600,3691,136970
2017-11-07,3711,3749,3704,3734,136050
2017-11-08,3717,3765,3666,3695,163609
2017-11-09,3691,3746,3685,3738,119947
2017-11-10,3714,3758,3699,3712,95407
2017-11-13,3707,3742,3689,3720,108422
2017-11-14,3710,3714,3613,3639,126700
2017-11-15,3611,3635,3587,3621,111000
2017-11-16,3621,3628,3582,3600,101797
2017-11-17,3582,3669,3579,3661,106447
2017-11-20,3694,3708,3636,3663,104456
2017-11-21,3679,3717,3665,3678,112798
2017-11-22,3691,3772,3691,3747,133677
2017-11-23,3755,3815,3740,3798,89995
2017-11-24,3789,3814,3781,3807,85551
2017-11-27,3810,3810,3715,3757,112508
2017-11-28,3752,3752,3701,3738,106333
2017-11-29,3715,3757,3660,3678,149874
2017-11-30,3684,3747,3670,3687,164015
2017-12-01,3712,3802,3712,3762,135452
2017-12-04,3750,3750,3706,3714,98932
2017-12-05,3712,3733,3681,3724,106066
2017-12-06,3709,3713,3626,3637,120575
2017-12-07,3625,3660,3604,3657,97868
2017-12-08,3658,3724,3646,3692,129362
2017-12-11,3677,3738,3661,3720,125025
2017-12-12,3724,3778,3682,3692,146227
2017-12-13,3700,3724,3643,3656,135478
2017-12-14,3651,3659,3601,3651,136390
2017-12-15,3660,3684,3648,3669,107952
2017-12-18,3681,3712,3642,3648,91507
2017-12-19,3686,3702,3668,3698,95845
2017-12-20,3704,3722,3682,3716,92737
2017-12-21,3722,3740,3693,3732,110327
2017-12-22,3734,3745,3710,3737,77753
2017-12-26,3741,3838,3738,3833,110477
2017-12-27,3823,3844,3807,3818,94686
2017-12-28,3822,3842,3801,3820,72862
2017-12-29,3832,3863,3826,3850,85947
2018-01-01,3858,3858,3782,3829,15273
2018-01-02,3866,3866,3817,3824,100304
2018-01-03,3834,3909,3827,3903,114980
2018-01-04,3910,3950,3903,3921,110539
2018-01-05,3922,3929,3866,3887,102583
2018-01-08,3900,3933,3892,3906,93948
2018-01-09,3927,4010,3927,4003,122914
2018-01-10,4016,4059,4016,4036,114861
2018-01-11,4040,4123,4040,4100,123584
2018-01-12,4083,4083,4007,4065,116557
2018-01-15,4088,4122,4066,4116,81589
2018-01-16,4107,4128,4060,4086,111372
2018-01-17,4074,4097,4043,4085,94655
2018-01-18,4100,4107,4052,4088,110135
2018-01-19,4080,4080,4011,4037,94958
2018-01-22,4063,4098,4033,4045,107779
2018-01-23,4075,4132,4069,4110,114915
2018-01-24,4107,4163,4100,4136,126960
2018-01-25,4158,4229,4158,4190,121588
2018-01-29,4210,4271,4142,4177,109769
2018-01-30,4149,4153,4092,4106,119795
2018-01-31,4090,4122,4063,4112,137027
2018-02-01,4120,4212,4120,4195,141136
2018-02-02,4200,4248,4141,4186,141619
2018-02-05,4166,4197,4086,4103,150253
2018-02-06,4094,4140,4065,4099,161055
2018-02-07,4109,4109,3948,3959,214447
2018-02-08,3968,3989,3909,3931,168393
2018-02-09,3920,3920,3795,3807,150414
2018-02-12,3817,3912,3817,3842,149448
2018-02-13,3833,3833,3753,3813,107109
2018-02-14,3800,3850,3737,3823,181740
2018-02-15,3850,3933,3818,3911,169216
2018-02-16,3937,3972,3892,3941,114537
2018-02-19,3995,4048,3995,4037,80164
2018-02-20,4020,4060,4001,4034,142760
2018-02-21,4019,4019,3961,3999,126551
2018-02-22,3995,4105,3974,4086,163243
2018-02-23,4109,4141,4044,4125,119700
2018-02-26,4130,4172,4093,4155,128369
2018-02-27,4149,4160,4093,4122,140685
2018-02-28,4105,4149,4032,4093,193278
2018-03-01,4065,4065,3944,3983,193471
2018-03-02,3981,4003,3933,3995,109705
2018-03-05,4006,4088,3990,4075,157033
2018-03-06,4080,4110,4041,4063,152195
2018-03-07,4058,4070,3942,3960,212630
2018-03-08,3975,3998,3920,3943,148943
2018-03-09,3934,4041,3921,4017,144131
2018-03-12,4036,4039,3945,3977,137291
2018-03-13,3979,4014,3906,3919,191136
2018-03-14,3935,3975,3902,3948,212117
2018-03-15,3960,3998,3944,3984,144369
2018-03-16,3982,4057,3968,4050,130797
2018-03-19,4033,4053,3992,4039,101561
2018-03-20,4079,4185,4073,4159,170093
2018-03-21,4164,4259,4155,4251,162710
2018-03-22,4245,4259,4194,4201,139073
2018-03-23,4220,4274,4195,4266,153805
2018-03-26,4270,4279,4222,4247,133902
2018-03-27,4261,4305,4226,4232,148937
2018-03-28,4223,4238,4155,4185,174961
2018-03-29,4183,4245,4177,4234,86106
2018-04-02,4246,4255,4104,4112,152802
2018-04-03,4103,4144,4098,4127,122185
2018-04-04,4119,4128,4043,4111,192607
2018-04-05,4128,4162,4098,4115,150176
2018-04-06,4101,4130,4015,4029,170136
2018-04-09,4041,4128,4034,4116,133310
2018-04-10,4133,4254,4133,4248,147925
2018-04-11,4255,4396,4243,4354,200338
2018-04-12,4354,4394,4308,4362,149950
2018-04-13,4364,4419,4349,4401,141166
2018-04-16,4385,4385,4326,4351,111551
2018-04-17,4351,4378,4303,4348,114008
2018-04-18,4365,4493,4365,4470,121963
2018-04-19,4490,4578,4483,4495,102740
2018-04-20,4529,4546,4486,4531,116098
2018-04-23,4543,4582,4468,4565,126198
2018-04-24,4579,4617,4511,4530,141822
2018-04-25,4524,4575,4507,4563,146262
2018-04-26,4576,4596,4534,4558,128880
2018-04-27,4538,4563,4520,4547,97594
2018-04-30,4516,4610,4472,4583,161283
2018-05-01,4566,4566,4472,4487,83948
2018-05-02,4510,4530,4475,4512,143776
2018-05-03,4516,4578,4492,4571,132646
2018-05-04,4564,4678,4560,4668,140191
2018-05-07,4680,4765,4680,4749,104631
2018-05-08,4732,4732,4560,4623,195019
2018-05-09,4655,4821,4655,4799,134558
2018-05-10,4825,4842,4743,4757,116672
2018-05-11,4786,4824,4766,4793,97433
2018-05-14,4790,4815,4732,4794,91751
2018-05-15,4796,4889,4782,4850,146915
2018-05-16,4845,4845,4792,4820,112839
2018-05-17,4840,4899,4822,4832,116209
2018-05-18,4852,4880,4827,4855,86880
2018-05-21,4889,4927,4852,4919,85766
2018-05-22,4948,4977,4914,4929,101840
2018-05-23,4919,4947,4885,4913,108532
2018-05-24,4905,4915,4832,4859,104891
2018-05-25,4831,4834,4581,4597,147809
2018-05-28,4580,4580,4465,4508,98650
2018-05-29,4527,4577,4485,4527,129294
2018-05-30,4500,4628,4482,4614,112913
2018-05-31,4609,4613,4500,4517,131566
2018-06-01,4507,4532,4417,4428,120717
2018-06-04,4409,4435,4340,4351,116369
2018-06-05,4369,4399,4316,4392,123466
2018-06-06,4402,4426,4305,4342,137594
2018-06-07,4360,4453,4350,4443,104091
2018-06-08,4452,4479,4407,4445,99208
2018-06-11,4425,4478,4375,4472,108083
2018-06-12,4475,4523,4444,4478,103304
2018-06-13,4469,4518,4454,4506,109041
2018-06-14,4502,4540,4487,4517,94217
2018-06-15,4545,4575,4373,4435,120132
2018-06-18,4401,4489,4334,4481,116377
2018-06-19,4486,4486,4389,4419,94312
2018-06-20,4445,4529,4430,4486,161962
2018-06-21,4479,4504,4385,4496,140175
2018-06-22,4506,4680,4488,4672,179272
2018-06-25,4656,4735,4636,4658,130937
2018-06-26,4667,4837,4627,4815,170431
2018-06-27,4844,5046,4844,5028,149302
2018-06-28,5020,5109,4981,5075,140322
2018-06-29,5045,5105,5010,5086,102690
2018-07-02,5036,5118,5019,5109,128162
2018-07-03,5131,5173,4995,5080,160908
2018-07-04,5118,5140,5047,5126,96855
2018-07-05,5093,5158,5026,5039,132731
2018-07-06,5012,5089,4971,5075,126557
2018-07-09,5090,5098,5014,5049,118242
2018-07-10,5079,5132,5060,5071,118064
2018-07-11,5055,5084,4878,4900,140767
2018-07-12,4875,4894,4737,4780,161001
2018-07-13,4803,4907,4783,4884,105536
2018-07-16,4858,4858,4631,4642,109070
2018-07-17,4654,4682,4585,4669,132444
2018-07-18,4629,4705,4592,4699,106173
2018-07-19,4720,4830,4666,4799,102517
2018-07-20,4719,4756,4666,4707,105180
2018-07-23,4695,4790,4673,4690,119104
2018-07-24,4678,4778,4667,4745,121362
2018-07-25,4747,4798,4701,4778,133152
2018-07-26,4780,4812,4741,4800,101191
2018-07-27,4795,4796,4695,4714,104753
2018-07-30,4709,4842,4709,4824,103487
2018-07-31,4815,4815,4701,4734,107631
2018-08-01,4710,4710,4610,4629,119790
2018-08-02,4642,4764,4592,4744,126483
2018-08-03,4710,4764,4653,4686,118247
2018-08-06,4717,4812,4713,4767,115451
2018-08-07,4758,4798,4737,4762,103770
2018-08-08,4767,4767,4556,4570,151644
2018-08-09,4585,4635,4566,4602,106993
2018-08-10,4608,4679,4564,4674,102458
2018-08-13,4680,4737,4612,4643,129741
2018-08-14,4670,4783,4670,4712,141718
2018-08-16,4670,4670,4525,4583,105416
2018-08-17,4581,4657,4577,4598,95022
2018-08-20,4571,4640,4571,4633,90021
2018-08-21,4580,4664,4571,4617,100210
2018-08-22,4633,4773,4633,4763,102910
2018-08-23,4762,4788,4734,4774,97979
2018-08-24,4790,4857,4779,4804,93840
2018-08-27,4818,4838,4797,4826,85931
2018-08-28,4831,4867,4796,4809,104366
2018-08-29,4833,4935,4827,4926,125349
2018-08-30,4938,5013,4930,4999,97463
2018-08-31,5009,5009,4945,4959,97544
2018-09-03,4941,5018,4928,5012,84524
2018-09-04,5011,5114,4988,5012,159156
2018-09-05,4972,4989,4924,4934,133548
2018-09-06,4948,4972,4828,4884,146043
2018-09-07,4898,4898,4808,4883,123012
2018-09-10,4922,4970,4894,4916,125840
2018-09-11,4905,5054,4891,5044,138252
2018-09-12,5050,5140,5020,5085,155090
2018-09-13,5072,5072,4903,4918,91139
2018-09-14,4930,5025,4888,4950,143398
2018-09-17,4987,5049,4965,4995,122277
2018-09-18,4983,5118,4962,5055,144672
2018-09-19,5066,5163,5063,5152,123553
2018-09-20,5084,5136,5054,5063,96313
2018-09-21,5073,5195,5055,5146,173763
2018-09-24,5150,5307,5150,5273,134432
2018-09-25,5284,5305,5242,5271,109881
2018-09-26,5258,5274,5198,5212,101096
2018-09-27,5250,5283,5212,5239,107059
2018-09-28,5251,5356,5221,5335,116306
2018-10-01,5344,5512,5325,5501,124247
2018-10-03,5537,5669,5457,5646,145105
2018-10-04,5631,5644,5465,5487,124488
2018-10-05,5495,5591,5469,5546,141304
2018-10-08,5473,5513,5423,5494,97440
2018-10-09,5527,5595,5488,5574,113759
2018-10-10,5545,5576,5414,5454,131006
2018-10-11,5401,5401,5250,5255,146584
2018-10-12,5268,5318,5211,5243,125513
2018-10-15,5290,5334,5232,5273,129244
2018-10-16,5310,5318,5214,5282,116743
2018-10-17,5287,5310,5118,5134,142561
2018-10-18,5125,5132,5044,5073,77171
2018-10-19,5054,5124,5033,5087,86165
2018-10-22,5110,5135,5054,5107,104866
2018-10-23,5124,5128,4847,4887,154550
2018-10-24,4889,4978,4853,4938,149225
2018-10-25,4905,4968,4853,4947,120008
2018-10-26,4902,4980,4868,4951,134824
2018-10-29,4963,4979,4907,4956,110246
2018-10-30,4965,4965,4819,4890,146749
2018-10-31,4927,4959,4873,4892,135397
2018-11-01,4860,4860,4630,4662,168035
2018-11-02,4649,4665,4559,4609,143838
2018-11-05,4606,4684,4567,4634,106996
2018-11-06,4600,4624,4482,4504,124563
2018-11-07,4525,4576,4525,4556,12117
2018-11-08,4516,4516,4404,4431,88718
2018-11-09,4414,4423,4297,4362,136469
2018-11-12,4424,4481,4400,4403,121230
2018-11-13,4333,4333,4076,4103,175872
2018-11-14,4030,4145,3968,4089,202515
2018-11-15,4054,4119,4011,4070,138634
2018-11-16,4079,4159,4014,4074,126432
2018-11-19,4120,4153,3956,4070,158379
2018-11-20,4083,4118,3854,3854,215291
2018-11-21,3872,3987,3845,3949,168260
2018-11-22,3892,3903,3810,3823,130045
2018-11-23,3806,3806,3574,3623,149595
2018-11-26,3595,3712,3595,3678,158087
2018-11-27,3668,3726,3582,3631,190254
2018-11-28,3657,3724,3590,3632,195011
2018-11-29,3568,3648,3464,3633,211856
2018-11-30,3613,3633,3478,3576,206763
2018-12-03,3606,3790,3606,3727,179626
2018-12-04,3777,3867,3727,3768,194305
2018-12-05,3765,3852,3692,3802,193405
2018-12-06,3760,3793,3559,3619,343927
2018-12-07,3630,3864,3586,3849,277056
2018-12-10,3808,3808,3696,3766,174377
2018-12-11,3737,3800,3656,3754,165101
2018-12-12,3776,3815,3721,3749,178459
2018-12-13,3713,3750,3616,3716,193961
2018-12-14,3764,3799,3673,3690,154372
2018-12-17,3730,3730,3576,3602,168881
2018-12-18,3580,3580,3346,3375,187254
2018-12-19,3340,3420,3275,3380,213987
2018-12-20,3350,3350,3212,3245,241654
2018-12-21,3256,3282,3186,3236,228104
2018-12-24,3245,3259,3050,3077,191559
2018-12-26,3015,3245,2993,3214,286056
2018-12-27,3220,3274,3146,3183,256120
2018-12-28,3221,3237,3124,3185,232473
2018-12-31,3207,3257,3125,3170,213301
2019-01-01,3208,3212,3152,3177,21468
2019-01-02,3168,3360,3114,3328,281279
2019-01-03,3277,3340,3202,3285,256934
2019-01-04,3314,3439,3304,3348,275380
2019-01-07,3381,3481,3374,3442,274190
2019-01-08,3422,3513,3401,3474,251316
2019-01-09,3525,3705,3525,3686,269715
2019-01-10,3655,3719,3623,3678,218431
2019-01-11,3693,3764,3614,3632,227202
2019-01-14,3606,3670,3576,3628,240357
2019-01-15,3624,3712,3607,3690,172599
2019-01-16,3697,3745,3645,3686,226681
2019-01-17,3708,3718,3631,3688,193292
2019-01-18,3738,3834,3724,3817,148448
2019-01-21,3875,3902,3838,3876,127789
2019-01-22,3855,3858,3724,3749,190025
2019-01-23,3770,3839,3708,3741,208625
2019-01-24,3738,3805,3711,3791,207910
2019-01-25,3822,3842,3776,3812,150800
2019-01-28,3802,3806,3662,3682,163855
2019-01-29,3716,3851,3700,3820,204226
2019-01-30,3828,3923,3795,3906,184528
2019-01-31,3891,3938,3848,3869,175558
2019-02-01,3839,3989,3814,3963,188065
2019-02-04,3959,4009,3833,3919,199434
2019-02-05,3935,3970,3836,3845,239366
2019-02-06,3846,3893,3796,3881,215812
2019-02-07,3875,3879,3702,3727,239917
2019-02-08,3738,3785,3714,3760,177826
2019-02-11,3726,3754,3651,3719,211034
2019-02-12,3764,3824,3729,3782,215884
2019-02-13,3787,3874,3773,3843,218691
2019-02-14,3832,3890,3781,3867,232412
2019-02-15,3888,3979,3874,3951,188494
2019-02-18,3944,4028,3944,4011,144727
2019-02-19,3990,4019,3951,4003,153267
2019-02-20,4059,4100,3985,4089,187089
2019-02-21,4086,4110,4042,4061,184426
2019-02-22,4067,4126,4057,4085,168590
2019-02-25,4073,4093,3916,3932,225683
2019-02-26,3938,3994,3927,3952,210332
2019-02-27,3976,4098,3976,4089,176929
2019-02-28,4068,4082,4012,4058,174601
2019-03-01,4074,4117,3952,3973,217659
2019-03-04,3990,4050,3977,3986,107673
2019-03-05,3995,4044,3966,4005,200458
2019-03-06,3971,3977,3893,3938,213944
2019-03-07,3954,3994,3935,3982,180720
2019-03-08,3961,3961,3823,3886,216963
2019-03-11,3900,3985,3900,3967,189385
2019-03-12,3981,4014,3954,3970,196827
2019-03-13,3982,4054,3974,4037,167334
2019-03-14,4060,4085,4026,4061,173898
2019-03-15,4069,4077,3992,4038,195463
2019-03-18,4030,4064,3982,4058,174532
2019-03-19,4062,4086,4021,4038,123639
2019-03-20,4097,4159,4051,4119,220380
2019-03-21,4111,4163,4102,4146,115814
2019-03-22,4131,4146,4053,4075,206266
2019-03-25,4074,4105,4031,4095,216968
2019-03-26,4100,4179,4089,4150,195500
2019-03-27,4160,4172,4087,4119,232923
2019-03-28,4112,4119,4051,4111,230545
2019-03-29,4123,4215,4123,4185,197340
2019-04-01,4193,4286,4193,4280,188363
2019-04-02,4290,4325,4261,4321,205414
2019-04-03,4333,4338,4268,4281,202680
2019-04-04,4287,4348,4285,4334,201260
2019-04-05,4315,4379,4287,4362,176395
2019-04-08,4380,4492,4380,4481,178894
2019-04-09,4496,4506,4421,4451,183805
2019-04-10,4459,4482,4435,4474,164618
2019-04-11,4462,4463,4377,4389,184711
2019-04-12,4395,4476,4395,4451,155457
2019-04-15,4409,4423,4377,4403,171933
2019-04-16,4389,4439,4384,4431,173584
2019-04-17,4449,4475,4428,4438,92803
2019-04-18,4425,4454,4404,4439,130090
2019-04-22,4475,4613,4475,4593,188197
2019-04-23,4599,4666,4590,4641,205965
2019-04-24,4623,4692,4610,4629,173840
2019-04-25,4616,4669,4616,4637,152428
2019-04-26,4620,4620,4364,4409,287617
2019-04-30,4420,4519,4420,4467,216056
2019-05-01,4443,4458,4381,4422,148188
2019-05-02,4420,4426,4242,4277,230774
2019-05-03,4294,4338,4253,4307,222297
2019-05-06,4250,4362,4191,4346,237658
2019-05-07,4339,4344,4232,4264,219832
2019-05-08,4306,4350,4254,4334,217821
2019-05-09,4315,4353,4283,4327,228342
2019-05-10,4350,4362,4309,4326,199428
2019-05-13,4326,4474,4287,4312,282807
2019-05-14,4325,4377,4276,4352,235754
2019-05-15,4346,4384,4286,4366,229997
2019-05-16,4375,4452,4360,4420,199479
2019-05-17,4431,4470,4398,4416,229719
2019-05-20,4435,4455,4344,4360,168702
2019-05-21,4430,4461,4390,4415,177138
2019-05-22,4390,4393,4267,4276,231716
2019-05-23,4278,4278,4008,4036,255250
2019-05-24,4070,4112,4001,4071,225063
2019-05-27,4092,4138,4052,4132,164086
2019-05-28,4126,4155,4087,4143,244651
2019-05-29,4123,4133,3986,4116,312486
2019-05-30,4126,4167,3970,3989,276912
2019-05-31,3973,3973,3758,3775,297185
2019-06-03,3696,3788,3670,3715,328386
2019-06-04,3690,3744,3642,3714,319048
2019-06-05,3687,3694,3522,3608,211394
2019-06-06,3606,3627,3551,3582,251506
2019-06-07,3597,3774,3597,3722,298061
2019-06-10,3759,3797,3729,3754,222234
2019-06-11,3727,3756,3696,3720,230581
2019-06-12,3688,3688,3572,3596,256449
2019-06-13,3575,3719,3536,3643,354541
2019-06-14,3650,3698,3603,3675,238791
2019-06-17,3677,3684,3624,3645,182358
2019-06-18,3628,3778,3591,3732,278289
2019-06-19,3755,3784,3713,3738,180258
2019-06-20,3805,3997,3805,3977,261710
2019-06-21,4005,4050,3960,4017,232149
2019-06-24,4040,4062,3948,3993,201016
2019-06-25,3991,4058,3972,4036,225958
2019-06-26,4038,4164,4038,4129,200649
2019-06-27,4114,4138,4062,4114,198785
2019-06-28,4095,4137,4074,4095,186525
2019-07-01,4123,4168,4028,4053,252877
2019-07-02,4064,4106,3906,3947,301783
2019-07-03,3908,3948,3867,3936,272302
2019-07-04,3935,3935,3889,3897,159144
2019-07-05,3888,3971,3856,3933,244305
2019-07-08,3946,4008,3934,3978,217374
2019-07-09,3969,3994,3936,3967,214648
2019-07-10,4020,4121,4016,4116,209152
2019-07-11,4125,4167,4120,4132,189351
2019-07-12,4140,4165,4114,4138,183404
2019-07-15,4116,4174,4072,4086,228697
2019-07-16,4083,4128,3920,3947,253024
2019-07-17,3967,4015,3893,3916,236692
2019-07-18,3903,3951,3774,3815,265109
2019-07-22,3876,3943,3857,3894,250899
2019-07-23,3885,3931,3852,3916,230772
2019-07-24,3940,3990,3884,3908,271574
2019-07-25,3884,3939,3870,3908,237994
2019-07-26,3900,3906,3842,3869,218962
2019-07-29,3877,3924,3846,3905,249353
2019-07-30,3934,3998,3926,3987,207710
2019-07-31,4000,4052,4000,4032,211319
2019-08-01,4018,4018,3752,3790,287213
2019-08-02,3810,3916,3805,3891,277664
2019-08-05,3870,3959,3847,3903,286374
2019-08-06,3918,3926,3850,3858,224358
2019-08-07,3848,3848,3603,3641,340654
2019-08-08,3666,3752,3666,3696,236003
2019-08-09,3705,3902,3696,3892,257682
2019-08-12,3870,3937,3843,3906,144925
2019-08-13,3903,4073,3872,4037,304018
2019-08-14,4006,4029,3861,3914,297960
2019-08-16,3923,3964,3864,3896,240848
2019-08-19,3926,4006,3915,3997,222885
2019-08-20,4030,4075,3966,4021,280106
2019-08-21,4036,4093,3991,4015,312905
2019-08-22,3995,4066,3950,4016,274319
2019-08-23,4015,4015,3832,3863,339108
2019-08-26,3842,3988,3842,3868,316931
2019-08-27,3876,3927,3851,3910,249848
2019-08-28,3938,4094,3938,4019,280830
2019-08-29,4010,4087,4000,4042,248025
2019-08-30,4067,4074,3921,3952,304591
2019-09-02,3962,3984,3917,3957,124731
2019-09-03,3958,3979,3827,3883,280640
2019-09-04,3899,4083,3882,4075,298925
2019-09-05,4068,4153,4016,4092,307279
2019-09-06,4073,4082,3933,4054,328719
2019-09-09,4072,4173,4057,4163,299078
2019-09-10,4180,4228,4122,4151,219657
2019-09-11,4165,4185,3981,4007,325983
2019-09-12,4019,4024,3826,3899,375371
2019-09-13,3903,3958,3871,3915,328340
2019-09-16,3948,4555,3948,4520,397785
2019-09-17,4463,4503,4186,4245,435018
2019-09-18,4214,4238,4099,4138,232508
2019-09-19,4099,4237,4099,4144,195984
2019-09-20,4205,4227,4154,4178,209446
2019-09-23,4180,4194,4084,4151,202868
2019-09-24,4152,4158,4067,4083,185053
2019-09-25,4080,4080,3960,4001,196690
2019-09-26,4026,4047,3942,3974,223163
2019-09-27,3999,4015,3869,3934,290065
2019-09-30,3960,3969,3872,3880,204032
2019-10-01,3889,3919,3798,3812,238451
2019-10-03,3780,3780,3622,3728,279629
2019-10-04,3746,3796,3697,3735,279512
2019-10-07,3746,3845,3745,3784,216284
2019-10-08,3740,3757,3693,3745,155970
2019-10-09,3736,3827,3727,3765,286398
2019-10-10,3743,3804,3715,3785,261292
2019-10-11,3807,3902,3807,3869,288176
2019-10-14,3898,3898,3767,3815,230053
2019-10-15,3804,3853,3748,3824,304904
2019-10-16,3810,3838,3759,3818,272080
2019-10-17,3804,3817,3743,3805,247591
2019-10-18,3822,3890,3800,3808,228252
2019-10-23,3846,3962,3813,3948,275175
2019-10-24,3940,4015,3934,4008,237699
2019-10-25,3993,4045,3928,4020,221122
2019-10-28,4002,4028,3935,3953,138655
2019-10-29,3947,3968,3875,3960,228149
2019-10-30,3945,3957,3870,3880,242800
2019-10-31,3904,3940,3822,3853,267646
2019-11-01,3861,3948,3843,3938,247657
2019-11-04,3947,4064,3946,4050,257789
2019-11-05,4035,4072,3982,4043,253478
2019-11-06,4034,4104,3987,4005,336184
2019-11-07,4007,4114,3995,4093,282175
2019-11-08,4071,4087,3980,4076,295423
2019-11-11,4062,4099,4018,4078,292823
2019-11-12,4091,4124,4063,4094,174705
2019-11-13,4080,4146,4045,4139,263142
2019-11-14,4128,4158,4091,4101,256025
2019-11-15,4097,4149,4050,4134,242603
2019-11-18,4133,4162,4068,4077,239122
2019-11-19,4095,4104,3974,3982,222237
2019-11-20,3998,4127,3953,4098,328599
2019-11-21,4098,4199,4069,4191,313632
2019-11-22,4183,4222,4133,4169,321091
2019-11-25,4164,4173,4109,4144,314037
2019-11-26,4151,4190,4135,4163,266003
2019-11-27,4173,4192,4104,4127,256857
2019-11-28,4132,4192,4125,4178,181614
2019-11-29,4173,4180,3958,3980,335805
2019-12-02,4000,4067,3990,4008,330763
2019-12-03,4025,4047,3973,4039,313502
2019-12-04,4048,4195,4041,4184,356865
2019-12-05,4167,4215,4140,4161,320538
2019-12-06,4159,4267,4114,4206,327990
2019-12-09,4198,4209,4138,4197,229203
2019-12-10,4191,4214,4152,4195,248513
2019-12-11,4175,4192,4115,4156,260906
2019-12-12,4161,4223,4152,4200,257018
2019-12-13,4196,4273,4194,4241,285308
2019-12-16,4236,4279,4230,4272,167772
2019-12-17,4263,4337,4256,4329,196021
2019-12-18,4317,4374,4285,4344,217650
2019-12-19,4324,4372,4313,4360,210878
2019-12-20,4360,4364,4276,4294,297797
2019-12-23,4290,4332,4284,4325,228803
2019-12-24,4326,4366,4312,4356,173110
2019-12-26,4370,4414,4353,4403,229156
2019-12-27,4394,4430,4379,4416,247432
2019-12-30,4433,4450,4363,4401,266963
2019-12-31,4404,4427,4325,4386,353321
2020-01-01,4374,4389,4366,4380,21024
2020-01-02,4376,4388,4332,4343,329722
2020-01-03,4360,4603,4360,4499,514491
2020-01-06,4525,4670,4518,4538,413099
2020-01-07,4511,4538,4466,4494,344578
2020-01-08,4519,4590,4243,4260,612606
2020-01-09,4250,4302,4178,4237,437288
2020-01-10,4240,4247,4172,4202,355282
2020-01-13,4203,4203,4103,4132,325968
2020-01-14,4111,4159,4092,4138,325094
2020-01-15,4126,4131,4059,4100,299294
2020-01-16,4119,4175,4081,4165,295611
2020-01-17,4160,4197,4138,4146,235475
2020-01-20,4165,4222,4165,4182,196361
2020-01-21,4171,4194,4117,4186,289262
2020-01-22,4171,4171,4031,4048,332265
2020-01-23,4045,4045,3917,3931,371662
2020-01-24,3951,3995,3850,3873,358244
2020-01-27,3844,3844,3735,3783,431780
2020-01-28,3783,3849,3763,3808,417485
2020-01-29,3822,3882,3777,3806,401946
2020-01-30,3799,3799,3712,3723,394024
2020-01-31,3739,3817,3667,3683,474162
2020-02-03,3690,3724,3572,3626,549899
2020-02-04,3606,3680,3572,3584,566399
2020-02-05,3590,3700,3551,3680,549449
2020-02-06,3689,3719,3583,3630,542483
2020-02-07,3650,3673,3588,3617,462793
2020-02-10,3615,3615,3531,3541,416739
2020-02-11,3555,3614,3555,3580,433312
2020-02-12,3580,3694,3580,3662,444590
2020-02-13,3675,3703,3614,3675,471600
2020-02-14,3685,3744,3667,3707,421137
2020-02-17,3714,3743,3707,3736,223377
2020-02-18,3721,3721,3634,3698,428968
2020-02-19,3710,3819,3710,3813,342602
2020-02-20,3860,3949,3843,3904,440687
2020-02-21,3896,3896,3800,3859,295022
2020-02-24,3827,3827,3651,3662,413030
2020-02-25,3699,3751,3626,3644,497781
2020-02-26,3645,3645,3526,3546,615814
2020-02-27,3530,3530,3306,3395,698726
2020-02-28,3322,3353,3206,3263,754747
2020-03-02,3326,3458,3284,3431,754924
2020-03-03,3449,3577,3433,3457,752920
2020-03-04,3478,3577,3455,3507,631872
2020-03-05,3502,3518,3412,3431,575662
2020-03-06,3424,3424,3139,3159,722140
2020-03-09,3130,3130,2151,2458,443249
2020-03-10,2546,2579,2335,2510,324546
2020-03-11,2563,2649,2446,2483,490535
2020-03-12,2440,2440,2260,2328,380214
2020-03-13,2342,2511,2316,2396,351612
2020-03-16,2334,2343,2123,2161,363489
2020-03-17,2213,2253,2068,2095,346933
2020-03-18,2016,2036,1583,1619,416309
2020-03-19,1682,1904,1612,1867,411858
2020-03-20,2059,2182,1823,1938,522378
2020-03-23,1905,1905,1741,1814,287867
2020-03-24,1886,1982,1855,1873,291735
2020-03-25,1908,1984,1841,1959,277927
2020-03-26,1922,1928,1776,1787,245834
2020-03-27,1795,1823,1683,1699,260201
2020-03-30,1632,1800,1594,1616,157386
2020-03-31,1654,1694,1638,1680,166985
2020-04-01,1658,1658,1550,1621,169570
2020-04-03,1660,2104,1660,2048,238167
2020-04-07,2060,2098,2034,2064,150083
2020-04-08,2043,2043,1871,1894,146086
2020-04-09,1969,2117,1952,2080,195437
2020-04-13,1997,1997,1735,1780,198777
2020-04-15,1750,1750,1500,1529,179448
2020-04-16,1545,1584,1535,1561,177789
2020-04-17,1588,1590,1381,1436,207240
2020-04-20,1385,1385,963,995,127976
2020-04-21,1727,1727,1221,1324,262311
2020-04-22,1272,1272,848,937,111720
2020-04-23,960,1424,960,1289,226957
2020-04-24,1340,1405,1218,1350,261565
2020-04-27,1296,1296,941,1066,232376
2020-04-28,1024,1064,795,1005,328816
2020-04-29,1045,1276,1030,1183,262931
2020-04-30,1230,1423,1230,1315,197651
2020-05-01,1360,1555,1360,1518,73049
2020-05-04,1458,1572,1386,1555,164325
2020-05-05,1600,1924,1600,1869,146698
2020-05-06,1891,1964,1745,1801,188216
2020-05-07,1849,2043,1785,1834,175665
2020-05-08,1827,1906,1776,1837,166915
2020-05-11,1845,1947,1805,1845,155057
2020-05-12,1854,1978,1848,1948,140112
2020-05-13,1918,1995,1889,1911,131705
2020-05-14,1922,2068,1919,2054,134301
2020-05-15,2085,2268,2085,2246,124562
2020-05-18,2335,2528,2302,2401,58605
2020-05-19,2372,2476,2372,2402,126471
2020-05-20,2439,2563,2417,2520,101183
2020-05-21,2573,2638,2527,2563,122427
2020-05-22,2480,2533,2375,2523,129666
2020-05-25,2544,2601,2533,2577,36986
2020-05-26,2599,2635,2529,2574,100097
2020-05-27,2576,2606,2451,2512,120627
2020-05-28,2412,2595,2380,2582,137865
2020-05-29,2523,2580,2450,2564,123794
2020-06-01,2666,2700,2595,2669,122502
2020-06-02,2689,2759,2678,2746,107104
2020-06-03,2764,2878,2716,2780,131858
2020-06-04,2758,2830,2726,2817,106412
2020-06-05,2825,2997,2820,2990,116218
2020-06-08,3020,3046,2871,2882,120183
2020-06-09,2913,2928,2805,2888,138466
2020-06-10,2890,2981,2827,2964,122561
2020-06-11,2908,2934,2702,2782,153374
2020-06-12,2671,2811,2652,2738,165620
2020-06-15,2690,2801,2616,2785,152320
2020-06-16,2806,2977,2789,2930,165576
2020-06-17,2858,2954,2839,2907,147372
2020-06-18,2858,2968,2846,2956,118174
2020-06-19,2981,3089,2927,3023,82441
2020-06-22,3045,3081,2992,3064,121798
2020-06-23,3094,3153,3050,3066,121369
2020-06-24,3043,3077,2857,2893,125280
2020-06-25,2855,2964,2808,2947,145513
2020-06-26,2957,2983,2869,2906,132475
2020-06-29,2878,3018,2838,3000,130655
2020-06-30,2989,3033,2937,3015,122634
2020-07-01,3010,3072,2957,3003,130846
2020-07-02,3018,3051,2967,3024,115288
2020-07-03,3019,3066,2980,3034,79356
2020-07-06,3027,3074,3001,3043,111035
2020-07-07,3022,3073,2994,3063,100608
2020-07-08,3040,3085,3029,3073,90159
2020-07-09,3062,3074,2951,2986,96642
2020-07-10,2956,3066,2902,3043,117926
2020-07-13,3029,3062,2984,3055,89647
2020-07-14,2949,3056,2944,3035,126790
2020-07-15,3050,3097,3014,3094,105033
2020-07-16,3075,3090,3053,3065,77046
2020-07-17,3064,3067,3001,3053,84119
2020-07-20,3027,3072,2981,3060,69117
2020-07-21,3070,3182,3060,3124,97519
2020-07-22,3116,3143,3056,3135,87971
2020-07-23,3140,3175,3107,3116,79060
2020-07-24,3155,3155,3047,3072,94372
2020-07-27,3078,3127,3036,3117,94807
2020-07-28,3116,3125,3052,3077,81751
2020-07-29,3082,3132,3068,3092,71770
2020-07-30,3099,3100,2908,2992,108985
2020-07-31,3004,3041,2978,3023,84580
2020-08-03,3002,3112,2976,3103,90492
2020-08-04,3060,3163,3016,3151,102680
2020-08-05,3134,3263,3115,3161,98212
2020-08-06,3155,3201,3122,3152,107960
2020-08-07,3151,3165,3084,3095,91076
2020-08-10,3129,3172,3106,3161,77630
2020-08-11,3163,3204,3116,3131,79974
2020-08-12,3124,3193,3117,3178,68943
2020-08-13,3193,3207,3151,3159,70577
2020-08-14,3163,3174,3116,3131,58660
2020-08-17,3181,3206,3108,3194,68680
2020-08-18,3190,3215,3138,3193,70026
2020-08-19,3190,3227,3166,3202,44415
2020-08-20,3223,3227,3138,3211,69546
2020-08-21,3220,3229,3116,3155,75334
2020-08-24,3175,3198,3147,3166,62948
2020-08-25,3165,3237,3158,3226,69175
2020-08-26,3225,3255,3204,3235,63147
2020-08-27,3215,3234,3137,3172,78697
2020-08-28,3182,3188,3135,3149,55821
2020-08-31,3165,3213,3138,3145,58618
2020-09-01,3159,3177,3131,3145,53104
2020-09-02,3155,3165,3033,3059,72000
2020-09-03,3060,3060,2963,3044,86142
2020-09-04,3016,3069,2887,2903,97792
2020-09-07,2894,2919,2855,2899,58109
2020-09-08,2866,2880,2672,2705,111279
2020-09-09,2698,2824,2675,2804,106356
2020-09-10,2779,2798,2728,2765,83435
2020-09-11,2722,2779,2702,2743,74636
2020-09-14,2769,2769,2705,2748,75408
2020-09-15,2738,2844,2727,2828,79491
2020-09-16,2845,2959,2845,2940,78396
2020-09-17,2920,3034,2904,3024,85779
2020-09-18,3035,3042,2966,2993,73149
2020-09-21,3022,3029,2835,2857,66495
2020-09-22,2921,2966,2886,2920,82729
2020-09-23,2956,3004,2894,2947,84105
2020-09-24,2918,2979,2905,2973,75672
2020-09-25,2992,3004,2934,2969,64957
2020-09-28,2952,3009,2932,2989,69161
2020-09-29,2975,2995,2837,2877,82808
2020-09-30,2875,2948,2855,2934,72134
2020-10-01,2952,2973,2758,2837,91987
2020-10-05,2790,2907,2760,2899,87758
2020-10-06,2889,2999,2873,2972,91984
2020-10-07,2935,2965,2881,2916,94103
2020-10-08,2932,3032,2925,3025,88609
2020-10-09,3007,3032,2947,2960,90550
2020-10-12,2951,2951,2865,2889,69583
2020-10-13,2894,2979,2886,2958,85494
2020-10-14,2938,3017,2918,3004,74776
2020-10-15,3011,3016,2881,2994,87812
2020-10-16,2968,3025,2938,2995,81006
2020-10-19,2988,3029,2966,2998,55824
2020-10-20,3010,3055,2981,3045,74775
2020-10-21,3053,3058,2932,2950,71993
2020-10-22,2925,3026,2925,2998,67432
2020-10-23,3006,3019,2926,2939,65471
2020-10-26,2896,2902,2836,2846,102066
2020-10-27,2869,2943,2843,2934,94824
2020-10-28,2887,2887,2743,2772,83674
2020-10-29,2776,2794,2606,2698,110141
2020-10-30,2691,2729,2630,2642,115416
2020-11-02,2573,2745,2540,2731,144577
2020-11-03,2748,2858,2721,2820,129036
2020-11-04,2850,2913,2793,2897,136039
2020-11-05,2878,2916,2838,2871,108718
2020-11-06,2825,2860,2744,2766,132651
2020-11-09,2796,3048,2796,3001,129151
2020-11-10,2955,3076,2931,3058,118363
2020-11-11,3116,3204,3090,3124,113102
2020-11-12,3117,3150,3064,3123,119499
2020-11-13,3048,3049,2994,3007,90618
2020-11-14,2963,3012,2963,2992,1858
2020-11-16,3057,3134,3054,3074,64255
2020-11-17,3094,3108,3023,3049,93349
2020-11-18,3072,3148,3064,3124,89189
2020-11-19,3098,3109,3046,3078,60977
2020-11-20,3129,3149,3097,3129,68414
2020-11-23,3150,3219,3150,3195,89798
2020-11-24,3227,3355,3209,3333,100977
2020-11-25,3369,3415,3337,3400,87522
2020-11-26,3404,3404,3306,3324,77295
2020-11-27,3328,3391,3299,3364,76130
2020-11-30,3331,3398,3310,3326,50433
2020-12-01,3327,3369,3252,3287,49228
2020-12-02,3251,3391,3244,3359,53268
2020-12-03,3350,3394,3305,3385,51011
2020-12-04,3430,3449,3374,3407,42748
2020-12-07,3399,3436,3358,3426,19331
2020-12-08,3368,3389,3331,3371,23058
2020-12-09,3350,3407,3318,3377,28851
2020-12-10,3377,3522,3360,3477,28051
2020-12-11,3455,3480,3421,3439,24328
2020-12-14,3445,3491,3368,3435,26198
2020-12-15,3450,3513,3430,3490,21018
2020-12-16,3497,3530,3474,3520,24161
2020-12-17,3555,3572,3520,3547,16051
2020-12-18,3556,3616,3529,3596,9243
2020-12-21,3535,3554,3432,3529,27190
2020-12-22,3540,3552,3455,3484,16069
2020-12-23,3449,3590,3419,3566,26657
2020-12-24,3569,3590,3506,3554,19927
2020-12-28,3548,3608,3528,3540,22199
2020-12-29,3525,3557,3502,3527,19405
2020-12-30,3548,3566,3493,3518,20266
2020-12-31,3534,3546,3498,3524,13899
2021-01-01,3533,3559,3511,3527,1403
2021-01-04,3583,3643,3457,3494,60385
2021-01-05,3504,3675,3466,3664,50363
2021-01-06,3673,3727,3626,3721,37297
2021-01-07,3733,3755,3706,3738,25934
2021-01-08,3749,3808,3738,3802,22400
2021-01-11,3810,3856,3791,3847,23493
2021-01-12,3839,3903,3832,3886,23321
2021-01-13,3902,3976,3850,3871,25067
2021-01-14,3868,3909,3823,3899,23145
2021-01-15,3911,3918,3794,3825,28707
2021-01-18,3819,3852,3801,3813,14377
2021-01-19,3823,3890,3817,3872,14697
2021-01-20,3919,3942,3889,3910,19400
2021-01-21,3885,3907,3862,3894,19067
2021-01-22,3859,3865,3769,3835,28092
2021-01-25,3822,3869,3793,3839,26164
2021-01-27,3858,3904,3802,3893,67768
2021-01-28,3854,3919,3818,3827,82806
2021-01-29,3828,3888,3801,3820,91025
2021-02-01,3847,3920,3825,3905,88508
2021-02-02,3958,4042,3944,4005,118578
2021-02-03,4013,4112,4010,4070,114658
2021-02-04,4096,4119,4041,4110,103039
2021-02-05,4136,4180,4126,4141,108226
2021-02-08,4160,4245,4160,4231,63591
2021-02-09,4247,4278,4180,4257,82953
2021-02-10,4245,4293,4233,4285,63283
2021-02-11,4255,4272,4233,4241,44732
2021-02-12,4231,4347,4183,4325,72798
2021-02-15,4405,4424,4356,4369,53063
2021-02-16,4371,4389,4328,4364,60449
2021-02-17,4387,4459,4332,4414,93887
2021-02-18,4490,4500,4388,4410,82277
2021-02-19,4257,4384,4257,4298,55219
2021-02-22,4346,4457,4325,4435,79040
2021-02-23,4460,4566,4417,4475,95033
2021-02-24,4436,4603,4427,4568,101640
2021-02-25,4595,4654,4565,4622,83313
2021-02-26,4636,4674,4586,4604,101363
2021-03-01,4623,4625,4418,4451,59805
2021-03-02,4440,4507,4393,4468,71058
2021-03-03,4417,4535,4368,4525,87351
2021-03-04,4504,4739,4417,4707,133871
2021-03-05,4715,4862,4694,4844,77050
2021-03-08,4920,4967,4751,4769,83895
2021-03-09,4796,4823,4667,4680,90365
2021-03-10,4660,4739,4612,4645,115712
2021-03-11,4736,4803,4713,4796,59862
2021-03-12,4778,4825,4765,4797,55204
2021-03-15,4820,4826,4660,4745,74064
2021-03-16,4705,4750,4634,4704,71353
2021-03-17,4708,4748,4622,4664,77190
2021-03-18,4644,4700,4410,4434,92900
2021-03-19,4377,4474,4273,4435,67366
2021-03-22,4450,4516,4396,4477,91287
2021-03-23,4447,4447,4209,4233,155553
2021-03-24,4230,4480,4213,4447,148724
2021-03-25,4405,4418,4201,4255,142271
2021-03-26,4284,4472,4284,4456,102724
2021-03-29,4474,4499,4388,4486,89369
2021-03-30,4516,4534,4421,4455,116833
2021-03-31,4471,4503,4337,4384,125307
2021-04-01,4368,4528,4332,4514,231299
2021-04-05,4503,4503,4244,4281,155519
2021-04-06,4319,4478,4300,4367,159996
2021-04-07,4372,4469,4332,4444,187968
2021-04-08,4440,4475,4394,4438,119637
2021-04-09,4451,4476,4420,4434,82748
2021-04-12,4442,4562,4403,4478,112227
2021-04-13,4497,4569,4497,4528,75063
2021-04-14,4587,4762,4578,4752,53492
2021-04-15,4743,4772,4692,4742,41241
2021-04-16,4750,4764,4680,4721,30720
2021-04-19,4696,4763,4689,4748,9596
2021-04-20,4774,4824,4653,4726,97525
2021-04-21,4681,4716,4610,4638,86439
2021-04-22,4630,4654,4561,4625,86200
2021-04-23,4645,4694,4605,4652,83508
2021-04-26,4658,4664,4557,4658,95680
2021-04-27,4665,4697,4648,4676,73404
2021-04-28,4685,4816,4682,4778,79676
2021-04-29,4774,4863,4747,4817,79252
2021-04-30,4796,4806,4683,4723,80112
2021-05-03,4733,4796,4685,4783,76577
2021-05-04,4788,4880,4766,4842,81794
2021-05-05,4885,4938,4804,4826,88800
2021-05-06,4846,4875,4762,4790,83054
2021-05-07,4796,4811,4697,4763,90925
2021-05-10,4784,4818,4706,4778,80238
2021-05-11,4755,4809,4688,4800,104795
2021-05-12,4788,4893,4776,4884,96638
2021-05-13,4855,4855,4640,4672,73809
2021-05-14,4668,4791,4652,4786,56914
2021-05-17,4799,4871,4757,4859,36752
2021-05-18,4862,4892,4686,4774,47116
2021-05-19,4702,4743,4517,4632,12364
2021-05-20,4662,4699,4531,4550,96235
2021-05-21,4552,4690,4519,4659,92578
2021-05-24,4692,4829,4673,4825,79739
2021-05-25,4832,4857,4777,4833,92239
2021-05-26,4817,4845,4767,4823,79255
2021-05-27,4800,4856,4763,4851,69065
2021-05-28,4868,4905,4842,4855,72587
2021-05-31,4849,4902,4840,4870,47886
2021-06-01,4900,5023,4900,4943,84195
2021-06-02,4955,5040,4955,5026,57251
2021-06-03,5061,5079,4983,5011,74119
2021-06-04,5018,5080,5008,5071,47368
2021-06-07,5050,5084,5016,5048,46988
2021-06-08,5006,5099,4992,5089,64925
2021-06-09,5112,5150,5069,5090,55382
2021-06-10,5067,5160,5020,5120,80781
2021-06-11,5104,5216,5098,5202,52403
2021-06-14,5217,5254,5180,5191,45029
2021-06-15,5190,5292,5188,5280,40028
2021-06-16,5300,5347,5269,5277,45819
2021-06-17,5268,5353,5185,5242,60936
2021-06-18,5245,5347,5191,5301,28515
2021-06-21,5352,5486,5275,5468,9555
2021-06-22,5438,5472,5393,5418,51836
2021-06-23,5432,5511,5432,5440,52451
2021-06-24,5408,5472,5372,5437,43842
2021-06-25,5454,5513,5413,5503,48720
2021-06-28,5502,5517,5402,5414,45888
2021-06-29,5400,5491,5353,5427,51426
2021-06-30,5448,5518,5428,5492,62934
2021-07-01,5485,5678,5473,5607,75348
2021-07-02,5622,5645,5557,5597,49267
2021-07-05,5595,5695,5580,5687,41089
2021-07-06,5702,5733,5461,5497,112390
2021-07-07,5482,5594,5323,5392,154569
2021-07-08,5388,5450,5293,5423,103398
2021-07-09,5460,5575,5449,5554,63795
2021-07-12,5561,5564,5462,5498,60887
2021-07-13,5532,5630,5505,5609,55439
2021-07-14,5600,5620,5385,5451,90990
2021-07-15,5414,5437,5331,5381,50804
2021-07-16,5350,5394,5256,5376,34511
2021-07-19,5317,5344,4930,4964,12077
2021-07-20,5006,5055,4878,5012,90558
2021-07-21,5060,5266,5060,5252,52877
2021-07-22,5245,5360,5217,5343,58288
2021-07-23,5349,5377,5327,5369,37974
2021-07-26,5343,5390,5268,5356,58885
2021-07-27,5374,5392,5308,5334,44782
2021-07-28,5359,5415,5344,5403,41088
2021-07-29,5410,5464,5394,5447,34260
2021-07-30,5445,5524,5430,5517,38061
2021-08-02,5494,5494,5254,5298,75654
2021-08-03,5308,5350,5145,5238,81847
2021-08-04,5235,5260,5044,5082,99362
2021-08-05,5087,5147,5026,5122,65979
2021-08-06,5130,5211,5041,5096,74649
2021-08-09,5030,5030,4846,4954,74512
2021-08-10,4985,5139,4980,5112,63920
2021-08-11,5081,5158,4966,5146,86259
2021-08-12,5150,5173,5092,5138,52627
2021-08-13,5107,5143,5063,5081,39512
2021-08-16,5018,5052,4880,5006,54976
2021-08-17,5005,5034,4928,4956,35506
2021-08-18,4955,5013,4847,4872,29524
2021-08-19,4849,4849,4655,4718,8318
2021-08-20,4766,4777,4634,4640,62840
2021-08-23,4698,4907,4698,4887,72913
2021-08-24,4893,5030,4880,5021,56957
2021-08-25,4997,5072,4980,5057,59265
2021-08-26,5046,5072,4984,5044,55011
2021-08-27,5059,5104,5041,5062,51263
2021-08-30,5073,5080,4964,5071,51184
2021-08-31,5067,5077,4983,5026,49509
2021-09-01,5048,5062,4911,4993,66127
2021-09-02,4985,5159,4983,5136,47837
2021-09-03,5117,5151,5054,5062,43267
2021-09-06,5014,5084,4990,5034,30617
2021-09-07,5054,5092,4975,5013,59469
2021-09-08,5023,5137,5023,5095,51895
2021-09-09,5117,5150,4976,4996,92381
2021-09-10,5096,5138,5087,5127,29349
2021-09-13,5140,5224,5140,5181,54194
2021-09-14,5210,5242,5151,5178,41283
2021-09-15,5220,5376,5220,5335,39999
2021-09-16,5354,5360,5267,5351,28966
2021-09-17,5336,5336,5240,5281,17791
2021-09-20,5272,5293,5152,5200,8677
2021-09-21,5220,5276,5134,5208,38221
2021-09-22,5221,5343,5221,5324,46057
2021-09-23,5350,5434,5291,5425,49089
2021-09-24,5432,5486,5388,5467,41446
2021-09-27,5525,5600,5503,5579,54511
2021-09-28,5618,5675,5532,5587,70438
2021-09-29,5551,5639,5474,5576,63483
2021-09-30,5553,5648,5432,5571,102535
2021-10-01,5564,5633,5509,5616,63196
2021-10-04,5601,5832,5601,5825,84651
2021-10-05,5810,5925,5778,5895,68285
2021-10-06,5879,5956,5775,5816,99023
2021-10-07,5753,5884,5607,5860,126733
2021-10-08,5880,6013,5880,5941,98544
2021-10-11,6055,6193,6055,6107,100536
2021-10-12,6075,6159,6002,6094,77394
2021-10-13,6071,6103,5985,6062,55063
2021-10-14,6092,6147,6041,6098,39826
2021-10-15,6150,6192,6124,6169,16059
2021-10-18,6255,6317,6169,6176,13546
2021-10-19,6192,6310,6166,6287,5463
2021-10-20,6186,6240,6064,6219,53803
2021-10-21,6250,6271,6066,6142,59098
2021-10-22,6155,6292,6132,6283,53256
2021-10-25,6352,6428,6283,6311,48488
2021-10-26,6314,6378,6242,6360,48483
2021-10-27,6336,6336,6191,6220,72898
2021-10-28,6180,6196,6069,6184,65177
2021-10-29,6202,6277,6118,6264,66266
2021-11-01,6250,6367,6219,6293,47316
2021-11-02,6297,6317,6204,6253,55064
2021-11-03,6180,6205,6024,6053,60552
2021-11-04,6100,6216,6100,6193,10006
2021-11-05,5946,6070,5887,6053,47053
2021-11-08,6105,6133,6036,6058,46712
2021-11-09,6053,6227,6053,6206,55668
2021-11-10,6247,6279,6057,6072,70834
2021-11-11,6077,6124,5968,6025,72570
2021-11-12,6025,6074,5943,6015,52009
2021-11-15,5958,5992,5907,5963,37781
2021-11-16,6031,6091,5962,6037,32166
2021-11-17,5960,5985,5808,5827,19171
2021-11-18,5749,5861,5707,5846,3166
2021-11-19,5716,5775,5603,5669,67436
2021-11-22,5648,5757,5612,5710,77283
2021-11-23,5711,5897,5629,5883,83887
2021-11-24,5877,5913,5824,5861,57651
2021-11-25,5845,5862,5811,5837,27110
2021-11-26,5826,5826,5137,5186,181701
2021-11-29,5320,5488,5260,5343,131421
2021-11-30,5311,5320,4863,4896,209912
2021-12-01,4982,5226,4982,5006,126537
2021-12-02,4999,5064,4706,4967,221280
2021-12-03,5020,5209,5009,5032,103860
2021-12-06,5071,5207,5071,5199,87496
2021-12-07,5220,5510,5220,5470,97688
2021-12-08,5432,5515,5359,5468,97161
2021-12-09,5514,5527,5380,5406,59176
2021-12-10,5388,5473,5341,5408,70259
2021-12-13,5456,5531,5362,5438,59762
2021-12-14,5370,5465,5295,5348,63612
2021-12-15,5311,5404,5296,5394,36916
2021-12-16,5451,5562,5411,5522,16608
2021-12-17,5473,5485,5330,5400,3634
2021-12-20,5322,5322,5037,5148,87242
2021-12-21,5165,5429,5165,5421,75552
2021-12-22,5420,5481,5365,5468,57221
2021-12-23,5490,5551,5455,5536,51024
2021-12-24,5565,5570,5504,5528,10946
2021-12-27,5519,5704,5458,5673,56441
2021-12-28,5673,5757,5661,5683,48027
2021-12-29,5673,5775,5638,5703,59860
2021-12-30,5736,5762,5649,5735,44698
2021-12-31,5706,5725,5603,5625,57485
2022-01-03,5638,5695,5544,5677,70088
2022-01-04,5685,5788,5650,5761,62099
2022-01-05,5730,5844,5695,5828,64173
2022-01-06,5800,5975,5709,5899,84089
2022-01-07,5955,5978,5836,5846,64976
2022-01-10,5853,5890,5775,5795,74337
2022-01-11,5834,6021,5812,6004,81850
2022-01-12,6003,6125,5989,6113,59694
2022-01-13,6087,6122,6053,6081,34057
2022-01-14,6060,6237,6046,6218,43099
2022-01-17,6233,6285,6203,6261,17437
2022-01-18,6298,6385,6298,6332,13684
2022-01-19,6452,6556,6396,6478,5468
2022-01-20,6370,6480,6340,6397,45557
2022-01-21,6363,6368,6200,6319,64432
2022-01-24,6349,6415,6136,6240,66677
2022-01-25,6250,6388,6218,6378,58936
2022-01-27,6427,6660,6427,6555,57476
2022-01-28,6545,6667,6495,6543,58675
2022-01-31,6591,6607,6453,6561,40991
2022-02-01,6575,6650,6478,6569,55618
2022-02-02,6600,6706,6524,6577,65953
2022-02-03,6577,6684,6501,6641,51956
2022-02-04,6714,6958,6714,6902,59513
2022-02-07,6862,6901,6779,6800,50798
2022-02-08,6809,6837,6616,6700,76979
2022-02-09,6692,6777,6618,6675,67231
2022-02-10,6699,6882,6691,6799,75137
2022-02-11,6765,6935,6720,6921,54853
2022-02-14,6949,7157,6949,7108,56821
2022-02-15,7153,7190,6824,6891,55616
2022-02-16,6907,7132,6900,7047,28727
2022-02-17,6885,7012,6814,6841,23805
2022-02-18,6824,6938,6669,6844,8803
2022-02-21,6739,6918,6670,6868,53959
2022-02-22,6765,7125,6649,6917,80365
2022-02-23,6900,7014,6774,6879,67950
2022-02-24,6940,7617,6940,7275,148577
2022-02-25,7210,7221,6777,6839,136101
2022-02-28,7099,7396,7099,7291,122031
2022-03-01,7449,8088,7449,7905,126646
2022-03-02,8221,8515,7979,8243,151148
2022-03-03,8495,8817,8081,8340,149867
2022-03-04,8350,8695,8180,8580,116770
2022-03-07,8750,9753,8750,9284,165974
2022-03-08,9400,9996,9199,9438,138347
2022-03-09,9700,9761,8313,8513,174584
2022-03-10,8318,8780,8087,8154,186125
2022-03-11,8128,8454,8021,8335,123980
2022-03-14,8184,8213,7642,7829,100306
2022-03-15,7600,7600,7154,7381,121464
2022-03-16,7400,7570,7203,7296,95643
2022-03-17,7341,7845,7307,7771,48133
2022-03-18,7841,7989,7784,7960,15076
2022-03-21,8162,8469,8162,8390,5329
2022-03-22,8656,8685,8177,8409,75226
2022-03-23,8451,8839,8328,8731,60232
2022-03-24,8781,8858,8537,8666,63795
2022-03-25,8624,8715,8305,8618,79697
2022-03-28,8475,8483,7972,8137,78260
2022-03-29,8018,8217,7426,7910,130432
2022-03-30,7942,8252,7930,8115,60686
2022-03-31,7968,7968,7597,7766,96323
2022-04-01,7600,7725,7449,7559,77514
2022-04-04,7555,7833,7438,7715,81329
2022-04-05,7850,7945,7683,7785,78553
2022-04-06,7711,7886,7320,7394,89553
2022-04-07,7423,7516,7141,7278,85688
2022-04-08,7286,7430,7246,7378,70995
2022-04-11,7316,7367,7071,7176,69460
2022-04-12,7298,7821,7278,7644,68946
2022-04-13,7666,7937,7605,7908,48879
2022-04-14,7846,8116,7783,8078,20392
2022-04-18,8223,8372,8091,8337,15055
2022-04-19,8282,8287,7802,7861,3613
2022-04-20,7918,7950,7638,7857,52707
2022-04-21,7876,8048,7807,7865,53680
2022-04-22,7865,7920,7760,7824,50899
2022-04-25,7722,7722,7335,7449,66477
2022-04-26,7500,7894,7458,7869,82715
2022-04-27,7851,7899,7662,7787,60493
2022-04-28,7733,8060,7693,8037,58530
2022-04-29,8070,8273,8042,8117,51367
2022-05-02,7990,8095,7689,8059,65893
2022-05-03,7980,8059,7850,7885,34739
2022-05-04,7947,8255,7914,8225,50641
2022-05-05,8227,8494,8157,8265,55261
2022-05-06,8379,8554,8313,8447,56785
2022-05-09,8498,8535,7956,7979,61713
2022-05-10,7950,8065,7654,7754,78410
2022-05-11,7813,8229,7813,8155,71238
2022-05-12,8100,8298,7953,8174,57962
2022-05-13,8290,8558,8215,8511,41109
2022-05-16,8443,8914,8394,8873,38604
2022-05-17,8850,8958,8742,8849,25436
2022-05-18,8796,8950,8483,8510,18925
2022-05-19,8575,8675,8170,8619,3741
2022-05-20,8416,8651,8416,8618,49466
2022-05-23,8623,8689,8487,8543,44212
2022-05-24,8525,8653,8444,8512,45945
2022-05-25,8606,8670,8490,8549,38431
2022-05-26,8601,8923,8587,8872,37881
2022-05-27,8880,8944,8763,8897,41252
2022-05-30,8982,9089,8945,9080,26025
2022-05-31,9153,9315,8889,9026,56555
2022-06-01,8933,9135,8896,9013,53035
2022-06-02,8903,9098,8644,9045,81886
2022-06-03,9039,9275,8950,9235,46827
2022-06-06,9300,9322,9145,9225,38278
2022-06-07,9269,9348,9100,9169,48661
2022-06-08,9277,9559,9275,9524,49093
2022-06-09,9508,9518,9392,9473,34796
2022-06-10,9427,9545,9246,9399,57172
2022-06-13,9337,9531,9186,9443,45343
2022-06-14,9439,9635,9340,9398,29117
2022-06-15,9300,9326,9077,9148,26966
2022-06-16,9099,9193,8769,9164,14058
2022-06-17,9109,9281,8477,8530,3453
2022-06-20,8396,8528,8355,8504,30084
2022-06-21,8535,8698,8522,8556,32685
2022-06-22,8502,8502,7966,8351,58325
2022-06-23,8289,8383,8084,8222,50379
2022-06-24,8155,8508,8132,8384,42139
2022-06-27,8442,8679,8336,8638,35782
2022-06-28,8687,8859,8665,8812,35784
2022-06-29,8756,9015,8741,8774,33583
2022-06-30,8708,8715,8316,8387,46751
2022-07-01,8387,8628,8278,8605,33269
2022-07-04,8556,8742,8469,8722,24344
2022-07-05,8699,8748,7728,7781,64486
2022-07-06,7878,8072,7535,7766,67664
2022-07-07,7850,8269,7751,8195,50393
2022-07-08,8137,8350,8056,8314,44434
2022-07-11,8239,8304,8020,8254,45715
2022-07-12,8150,8162,7623,7664,56902
2022-07-13,7644,7804,7551,7672,51999
2022-07-14,7700,7738,7272,7595,53843
2022-07-15,7660,7899,7559,7813,34750
2022-07-18,7812,8188,7801,8135,12760
2022-07-19,8178,8350,7980,8311,3134
2022-07-20,8026,8076,7875,8009,37192
2022-07-21,7971,7975,7576,7778,49079
2022-07-22,7803,7841,7550,7660,45461
2022-07-25,7630,7745,7438,7713,35843
2022-07-26,7730,7907,7582,7665,31397
2022-07-27,7639,7845,7551,7823,38883
2022-07-28,7850,7968,7680,7716,40122
2022-07-29,7729,8088,7670,7842,45693
2022-08-01,7800,7800,7328,7426,53116
2022-08-02,7397,7587,7309,7518,49368
2022-08-03,7449,7650,7211,7261,58069
2022-08-04,7247,7310,6971,7034,50041
2022-08-05,7051,7224,6944,7086,45035
2022-08-08,7093,7235,6971,7185,42673
2022-08-09,7270,7380,7138,7224,29437
2022-08-10,7191,7309,6984,7289,57441
2022-08-11,7294,7551,7260,7526,44836
2022-08-12,7484,7552,7281,7359,38370
2022-08-16,7230,7230,6854,6870,51527
2022-08-17,6923,7089,6838,6996,27563
2022-08-18,7035,7301,6982,7282,10398
2022-08-19,7201,7341,7035,7221,2181
2022-08-22,7190,7290,6921,7162,51104
2022-08-23,7200,7528,7200,7502,40178
2022-08-24,7477,7615,7419,7536,46949
2022-08-25,7580,7658,7434,7470,40729
2022-08-26,7472,7519,7295,7414,42408
2022-08-29,7469,7754,7456,7737,47016
2022-08-30,7714,7770,7245,7336,61408
2022-08-31,7150,7300,7071,7197,34646
2022-09-01,7150,7150,6905,6927,52470
2022-09-02,7050,7173,6940,6967,48272
2022-09-05,7077,7230,7077,7119,38500
2022-09-06,7112,7165,6905,6933,53005
2022-09-07,6863,7034,6593,6610,58209
2022-09-08,6644,6739,6511,6699,50964
2022-09-09,6695,6955,6670,6909,47488
2022-09-12,6850,7074,6807,6975,51399
2022-09-13,6963,7073,6785,6928,73566
2022-09-14,6961,7158,6865,7114,61813
2022-09-15,7053,7096,6762,6831,34360
2022-09-16,6812,6906,6734,6816,11439
2022-09-19,6807,6828,6545,6806,3334
2022-09-20,6830,6892,6652,6744,42195
2022-09-21,6731,6951,6643,6742,51877
2022-09-22,6737,6975,6711,6807,56164
2022-09-23,6779,6789,6378,6426,55033
2022-09-26,6411,6580,6292,6334,48816
2022-09-27,6336,6520,6320,6473,44903
2022-09-28,6403,6707,6317,6685,50821
2022-09-29,6706,6806,6607,6700,47625
2022-09-30,6656,6755,6478,6539,49834
2022-10-03,6646,6924,6646,6817,52481
2022-10-04,6848,7092,6826,7058,41808
2022-10-05,7040,7224,6987,7165,39143
2022-10-06,7187,7286,7140,7266,34668
2022-10-07,7243,7663,7243,7627,46727
2022-10-10,7592,7712,7542,7597,32338
2022-10-11,7500,7500,7282,7367,41521
2022-10-12,7308,7420,7115,7194,39978
2022-10-13,7165,7368,7082,7353,39444
2022-10-14,7329,7390,7029,7071,38437
2022-10-17,7087,7164,6970,7080,22606
2022-10-18,7071,7123,6764,6888,10343
2022-10-19,6896,7112,6802,7033,2688
2022-10-20,7074,7237,6991,7091,33382
2022-10-21,7043,7133,6901,7043,31893
2022-10-24,6950,7077,6901,7047,4333
2022-10-25,7047,7120,6904,7051,28632
2022-10-26,7098,7266,7072,7230,23765
2022-10-27,7247,7397,7201,7362,32394
2022-10-28,7263,7322,7185,7213,27886
2022-10-31,7218,7285,7084,7101,43033
2022-11-01,7150,7385,7150,7314,40678
2022-11-02,7388,7476,7275,7435,36210
2022-11-03,7417,7434,7274,7341,29144
2022-11-04,7357,7592,7343,7556,45186
2022-11-07,7545,7676,7477,7565,30677
2022-11-08,7427,7485,7334,7364,30181
2022-11-09,7239,7260,7045,7064,47177
2022-11-10,7023,7098,6911,7031,41375
2022-11-11,7043,7258,7014,7124,44458
2022-11-14,7179,7262,6953,6981,41578
2022-11-15,6967,7085,6842,7057,40223
2022-11-16,7048,7121,6868,6947,24628
2022-11-17,6900,6973,6666,6692,11112
2022-11-18,6728,6744,6313,6449,3581
2022-11-21,6550,6609,6207,6581,63035
2022-11-22,6585,6758,6561,6720,38202
2022-11-23,6673,6734,6340,6389,61280
2022-11-24,6400,6428,6323,6420,28129
2022-11-25,6424,6554,6296,6311,40754
2022-11-28,6275,6385,6052,6340,56834
2022-11-29,6369,6527,6337,6422,62885
2022-11-30,6455,6648,6421,6571,47617
2022-12-01,6574,6778,6512,6673,47112
2022-12-02,6623,6708,6520,6548,43954
2022-12-05,6577,6773,6389,6415,58217
2022-12-06,6398,6435,6137,6153,49986
2022-12-07,6175,6237,6002,6026,54419
2022-12-08,6050,6239,5910,5968,68713
2022-12-09,5972,6039,5850,5876,52120
2022-12-12,5937,6120,5832,6088,70316
2022-12-13,6132,6307,6079,6254,67955
2022-12-14,6225,6418,6205,6402,47131
2022-12-15,6353,6433,6266,6386,52187
2022-12-16,6326,6326,6071,6165,14719
2022-12-19,6239,6315,6106,6252,4370
2022-12-20,6311,6371,6207,6319,38852
2022-12-21,6350,6522,6311,6506,34433
2022-12-22,6522,6627,6415,6435,33046
2022-12-23,6499,6665,6479,6621,33312
2022-12-26,6619,6712,6610,6652,8693
2022-12-27,6643,6729,6580,6689,25464
2022-12-28,6613,6622,6422,6516,34842
2022-12-29,6517,6542,6381,6473,30613
2022-12-30,6503,6589,6448,6555,28967
2023-01-02,6593,6635,6580,6608,5937
2023-01-03,6600,6760,6429,6475,52232
2023-01-04,6400,6400,6087,6122,50085
2023-01-05,6134,6212,6019,6148,40642
2023-01-06,6188,6258,6086,6149,43317
2023-01-09,6173,6328,6158,6192,40916
2023-01-10,6154,6214,6075,6177,41281
2023-01-11,6150,6358,6097,6330,49883
2023-01-12,6330,6442,6305,6391,32235
2023-01-13,6372,6475,6360,6462,28109
2023-01-16,6472,6510,6420,6455,23224
2023-01-17,6481,6628,6454,6517,18704
2023-01-18,6603,6697,6484,6510,7403
2023-01-19,6410,6608,6352,6550,2274
2023-01-20,6588,6645,6502,6620,21819
2023-01-23,6600,6735,6590,6705,24587
2023-01-24,6690,6717,6547,6562,27524
2023-01-25,6580,6629,6503,6533,26188
2023-01-27,6617,6740,6460,6506,34231
2023-01-30,6512,6528,6368,6418,33733
2023-01-31,6376,6498,6292,6463,32358
2023-02-01,6481,6542,6259,6281,33846
2023-02-02,6310,6337,6181,6317,29794
2023-02-03,6259,6418,6075,6097,53877
2023-02-06,6096,6168,6007,6131,40649
2023-02-07,6169,6383,6169,6363,47860
2023-02-08,6389,6483,6382,6472,35903
2023-02-09,6481,6508,6324,6422,37115
2023-02-10,6436,6625,6400,6556,47951
2023-02-13,6525,6657,6495,6646,36575
2023-02-14,6544,6591,6441,6566,40389
2023-02-15,6528,6534,6406,6485,25356
2023-02-16,6530,6577,6460,6500,7104
2023-02-17,6474,6474,6213,6261,3415
2023-02-20,6390,6448,6358,6426,21623
2023-02-21,6371,6446,6314,6385,36218
2023-02-22,6370,6370,6162,6174,34023
2023-02-23,6176,6299,6147,6257,28113
2023-02-24,6286,6364,6168,6342,44719
2023-02-27,6333,6382,6227,6273,34875
2023-02-28,6288,6442,6288,6404,35869
2023-03-01,6407,6431,6302,6359,47449
2023-03-02,6380,6484,6380,6437,37721
2023-03-03,6426,6510,6227,6503,66574
2023-03-06,6488,6583,6428,6558,36139
2023-03-07,6544,6570,6393,6409,30177
2023-03-08,6405,6405,6256,6305,42690
2023-03-09,6285,6403,6256,6277,41765
2023-03-10,6264,6322,6151,6299,56109
2023-03-13,6300,6333,5965,6167,74608
2023-03-14,6095,6130,5965,5983,49071
2023-03-15,5968,5993,5445,5564,67036
2023-03-16,5628,5728,5447,5695,41486
2023-03-17,5700,5752,5393,5529,14321
2023-03-20,5484,5513,5290,5463,6590
2023-03-21,5566,5790,5566,5775,44240
2023-03-22,5745,5876,5722,5839,33621
2023-03-23,5804,5903,5767,5790,30671
2023-03-24,5755,5812,5537,5728,51232
2023-03-27,5727,5999,5710,5978,44080
2023-03-28,5988,6084,5949,6058,32862
2023-03-29,6061,6129,5998,6017,31107
2023-03-30,6044,6115,6006,6093,20631
2023-03-31,6108,6218,6078,6199,32715
2023-04-03,6220,6655,6220,6612,41675
2023-04-04,6661,6717,6548,6619,27780
2023-04-05,6667,6673,6540,6605,29541
2023-04-06,6551,6627,6527,6593,28640
2023-04-10,6600,6649,6545,6568,36675
2023-04-11,6591,6688,6525,6682,39302
2023-04-12,6684,6843,6667,6815,37240
2023-04-13,6797,6830,6720,6735,24457
2023-04-14,6736,6790,6694,6767,21574
2023-04-17,6760,6770,6613,6632,18246
2023-04-18,6654,6690,6554,6679,6137
2023-04-19,6633,6639,6444,6547,2301
2023-04-20,6500,6500,6340,6386,28567
2023-04-21,6367,6443,6322,6398,23294
2023-04-24,6356,6499,6314,6487,26513
2023-04-25,6473,6493,6292,6335,28014
2023-04-26,6362,6390,6207,6235,36963
2023-04-27,6169,6175,6073,6140,30212
2023-04-28,6083,6301,6070,6286,38682
2023-05-01,6163,6231,6115,6152,23890
2023-05-02,6278,6278,5879,5905,49392
2023-05-03,5889,5899,5582,5647,53281
2023-05-04,5637,5728,5545,5689,43991
2023-05-05,5662,5885,5653,5841,34276
2023-05-08,5892,6039,5850,6009,30417
2023-05-09,5979,6060,5877,6039,41219
2023-05-10,6016,6060,5908,5931,41721
2023-05-11,6001,6042,5825,5843,51273
2023-05-12,5831,5906,5763,5773,49750
2023-05-15,5736,5899,5714,5863,41022
2023-05-16,5874,5902,5808,5834,31197
2023-05-17,5840,6037,5774,6014,37886
2023-05-18,5993,6020,5921,5930,5996
2023-05-19,5999,6066,5866,5882,4910
2023-05-22,5910,6029,5873,6017,27691
2023-05-23,6027,6120,5961,6092,26501
2023-05-24,6095,6190,6065,6111,28221
2023-05-25,6152,6159,5900,5946,41117
2023-05-26,5952,6049,5940,6004,21642
2023-05-29,6054,6076,5970,6036,16333
2023-05-30,6004,6021,5734,5756,49254
2023-05-31,5755,5779,5567,5690,47668
2023-06-01,5683,5861,5589,5828,51730
2023-06-02,5817,5952,5804,5916,34167
2023-06-05,5957,6107,5957,6004,49074
2023-06-06,5955,5978,5811,5939,53573
2023-06-07,5918,6046,5871,6004,44920
2023-06-08,5986,6053,5714,5903,99890
2023-06-09,5863,5926,5809,5824,44618
2023-06-12,5750,5750,5524,5569,67050
2023-06-13,5575,5754,5549,5729,50781
2023-06-14,5722,5789,5630,5664,32357
2023-06-15,5609,5814,5592,5796,12902
2023-06-16,5768,5849,5724,5839,4273
2023-06-19,5834,5938,5830,5865,17072
2023-06-20,5853,5955,5747,5821,35024
2023-06-21,5835,5975,5827,5953,28408
2023-06-22,5940,5966,5675,5705,47042
2023-06-23,5678,5690,5546,5675,36092
2023-06-26,5686,5760,5654,5737,31085
2023-06-27,5744,5766,5582,5617,52225
2023-06-28,5615,5737,5529,5726,54201
2023-06-29,5750,5809,5677,5738,24075
2023-06-30,5752,5841,5728,5799,45545
2023-07-03,5809,5890,5734,5753,42100
2023-07-04,5760,5859,5748,5850,23413
2023-07-05,5833,5940,5795,5932,42387
2023-07-06,5920,5973,5822,5941,43210
2023-07-07,5885,6078,5864,6063,40834
2023-07-10,6055,6124,6007,6024,31580
2023-07-11,6051,6173,6020,6158,32686
2023-07-12,6165,6240,6146,6213,35930
2023-07-13,6220,6299,6185,6246,37330
2023-07-14,6301,6321,6175,6199,35618
2023-07-17,6161,6236,6011,6088,31656
2023-07-18,6105,6232,6064,6221,4897
2023-07-19,6210,6315,6176,6215,1937
2023-07-20,6204,6254,6126,6211,21344
2023-07-21,6230,6324,6230,6298,21358
2023-07-24,6310,6485,6268,6461,29002
2023-07-25,6454,6537,6416,6529,22647
2023-07-26,6493,6539,6456,6473,22136
2023-07-27,6534,6618,6485,6562,27516
2023-07-28,6567,6610,6507,6579,20764
2023-07-31,6595,6718,6592,6697,25862
2023-08-01,6706,6740,6637,6727,24436
2023-08-02,6740,6784,6546,6556,37246
2023-08-03,6585,6779,6518,6761,27455
2023-08-04,6767,6878,6745,6859,19291
2023-08-07,6839,6852,6750,6806,15077
2023-08-08,6800,6851,6629,6840,29085
2023-08-09,6850,7009,6845,6929,34012
2023-08-10,6973,7028,6848,6873,22564
2023-08-11,6862,6946,6814,6934,21666
2023-08-14,6850,6915,6802,6868,27890
2023-08-16,6750,6772,6630,6646,39759
2023-08-17,6605,6734,6574,6685,17286
2023-08-18,6695,6788,6616,6772,7728
2023-08-21,6800,6853,6705,6730,2789
2023-08-22,6663,6679,6618,6641,15841
2023-08-23,6639,6643,6427,6555,29714
2023-08-24,6503,6556,6425,6520,19384
2023-08-25,6553,6655,6468,6503,25852
2023-08-28,6586,6680,6586,6618,21991
2023-08-29,6619,6709,6570,6704,27475
2023-08-30,6720,6775,6689,6735,22617
2023-08-31,6744,6882,6739,6871,28036
2023-09-01,6916,7080,6910,7064,27599
2023-09-04,7069,7120,7051,7109,10794
2023-09-05,7104,7301,7055,7218,35261
2023-09-06,7203,7315,7145,7305,21344
2023-09-07,7251,7292,7181,7227,19427
2023-09-08,7179,7300,7165,7258,16847
2023-09-11,7215,7304,7197,7248,21302
2023-09-12,7254,7400,7254,7385,24860
2023-09-13,7372,7431,7327,7338,23844
2023-09-14,7369,7512,7364,7501,23241
2023-09-15,7544,7568,7417,7531,20026
2023-09-18,7570,7675,7551,7571,10488
2023-09-19,7672,7796,7595,7609,3331
2023-09-20,7512,7559,7404,7475,25710
2023-09-21,7408,7570,7353,7483,23401
2023-09-22,7494,7580,7420,7473,22857
2023-09-25,7498,7552,7412,7469,22032
2023-09-26,7453,7557,7352,7543,22263
2023-09-27,7568,7822,7568,7792,33431
2023-09-28,7857,7884,7613,7623,27806
2023-09-29,7650,7736,7523,7542,24107
2023-10-03,7506,7517,7325,7448,32526
2023-10-04,7429,7437,7032,7064,42062
2023-10-05,7076,7090,6867,6920,44638
2023-10-06,6899,6937,6812,6875,38064
2023-10-09,7047,7237,7047,7184,38632
2023-10-10,7190,7228,7101,7161,28192
2023-10-11,7179,7208,6932,7017,37363
2023-10-12,6929,7101,6883,6896,36852
2023-10-13,6968,7278,6962,7259,40456
2023-10-16,7271,7374,7200,7239,35023
2023-10-17,7201,7528,7132,7192,23552
2023-10-18,7326,7500,7255,7365,10111
2023-10-19,7337,7449,7221,7427,1948
2023-10-20,7388,7474,7317,7357,16986
2023-10-23,7275,7343,7103,7132,21826
2023-10-24,7154,7154,6900,6974,18141
2023-10-25,6957,7117,6840,7078,28354
2023-10-26,7095,7129,6887,6945,26539
2023-10-27,7031,7154,6932,7128,32230
2023-10-30,7051,7067,6831,6880,33599
2023-10-31,6970,6970,6770,6782,24581
2023-11-01,6782,6955,6736,6762,27369
2023-11-02,6790,6904,6694,6892,30396
2023-11-03,6894,6964,6680,6696,47124
2023-11-06,6736,6849,6733,6826,21295
2023-11-07,6730,6730,6479,6507,31729
2023-11-08,6463,6507,6263,6507,29770
2023-11-09,6319,6431,6283,6372,25007
2023-11-10,6350,6486,6330,6470,17933
2023-11-12,6458,6480,6443,6455,623
2023-11-13,6392,6538,6356,6512,23713
2023-11-14,6526,6616,6480,6508,17543
2023-11-15,6524,6548,6393,6424,22689
2023-11-16,6344,6378,6000,6026,8329
2023-11-17,6113,6319,6070,6319,4925
2023-11-20,6389,6548,6373,6543,16758
2023-11-21,6500,6500,6420,6468,12485
2023-11-22,6471,6506,6170,6363,36871
2023-11-23,6357,6408,6287,6374,13660
2023-11-24,6382,6436,6330,6345,12273
2023-11-27,6324,6367,6156,6267,14327
2023-11-28,6269,6432,6238,6413,18555
2023-11-29,6393,6505,6323,6488,21866
2023-11-30,6478,6644,6278,6407,59314
2023-12-01,6330,6409,6210,6281,23393
2023-12-04,6166,6247,6080,6157,31566
2023-12-05,6127,6193,6044,6080,29398
2023-12-06,6058,6068,5784,5820,37906
2023-12-07,5847,5892,5755,5802,22917
2023-12-08,5840,5984,5840,5935,26314
2023-12-11,5975,5998,5876,5969,23684
2023-12-12,5979,6008,5706,5717,32179
2023-12-13,5729,5819,5658,5781,28081
2023-12-14,5813,6027,5797,6017,33965
2023-12-15,6004,6004,5839,5952,10801
2023-12-18,5839,6155,5839,6016,8757
2023-12-19,6095,6204,6025,6167,18495
2023-12-20,6167,6289,6160,6174,18634
2023-12-21,6177,6224,6053,6134,23014
2023-12-22,6156,6247,6126,6163,18092
2023-12-26,6150,6343,6101,6315,20780
2023-12-27,6288,6314,6193,6211,18765
2023-12-28,6186,6200,6032,6048,26708
2023-12-29,6031,6062,5965,6007,23853
2024-01-01,5967,6036,5967,6027,1386
2024-01-02,6070,6148,5881,5943,35988
2024-01-03,5882,6088,5796,6071,34535
2024-01-04,6085,6169,5935,6034,33235
2024-01-05,6056,6174,6033,6128,22585
2024-01-08,6077,6097,5847,5863,32536
2024-01-09,5896,6070,5869,6034,30842
2024-01-10,6037,6112,5920,5931,33679
2024-01-11,5950,6130,5932,6006,38082
2024-01-12,6051,6236,6007,6033,44871
2024-01-15,6053,6061,5920,6008,24315
2024-01-16,6009,6109,5969,6003,36010
2024-01-17,5997,6017,5868,5972,23392
2024-01-18,6015,6173,6000,6152,7489
2024-01-19,6156,6222,6083,6108,3816
2024-01-22,6114,6277,6110,6265,11441
2024-01-23,6220,6265,6118,6178,17062
2024-01-24,6200,6312,6160,6253,20163
2024-01-25,6208,6391,6208,6381,16449
2024-01-29,6448,6529,6369,6399,21056
2024-01-30,6408,6490,6313,6479,20089
2024-01-31,6434,6462,6290,6313,23662
2024-02-01,6342,6387,6162,6206,33004
2024-02-02,6200,6200,5979,6030,35507
2024-02-05,6033,6089,5952,6081,24580
2024-02-06,6063,6136,6025,6084,22735
2024-02-07,6106,6160,6087,6131,22015
2024-02-08,6144,6318,6112,6307,32983
2024-02-09,6320,6414,6301,6361,20672
2024-02-12,6344,6394,6276,6371,19334
2024-02-13,6396,6517,6382,6490,28552
2024-02-14,6473,6543,6382,6397,24511
2024-02-15,6343,6511,6292,6483,5997
2024-02-16,6482,6583,6415,6538,3116
2024-02-19,6474,6532,6450,6518,6120
2024-02-20,6505,6524,6378,6430,14635
2024-02-21,6393,6475,6343,6447,14120
2024-02-22,6481,6543,6414,6535,15485
2024-02-23,6498,6498,6344,6353,18215
2024-02-26,6342,6472,6301,6466,12904
2024-02-27,6438,6535,6408,6514,15317
2024-02-28,6507,6598,6456,6520,17975
2024-02-29,6496,6569,6471,6513,16026
2024-03-01,6510,6694,6475,6638,22799
2024-03-04,6633,6659,6517,6527,19239
2024-03-05,6517,6583,6435,6481,29248
2024-03-06,6484,6671,6484,6600,25233
2024-03-07,6550,6572,6461,6555,29109
2024-03-08,6525,6525,6427,6459,16143
2024-03-11,6428,6489,6367,6443,30586
2024-03-12,6472,6513,6414,6447,26120
2024-03-13,6460,6593,6434,6579,23893
2024-03-14,6609,6766,6598,6742,24600
2024-03-15,6727,6745,6670,6720,17762
2024-03-18,6732,6855,6725,6844,7423
2024-03-19,6840,6955,6830,6944,2633
2024-03-20,6859,6872,6731,6748,13282
2024-03-21,6763,6814,6690,6733,9972
2024-03-22,6715,6803,6705,6746,9748
2024-03-25,6744,6874,6742,6824,10740
2024-03-26,6831,6859,6790,6817,11838
2024-03-27,6765,6800,6723,6776,13644
2024-03-28,6785,6923,6785,6909,16282
2024-04-01,6940,7045,6892,6997,16637
2024-04-02,7013,7123,7003,7077,19401
2024-04-03,7092,7191,7076,7162,17260
2024-04-04,7162,7162,7060,7123,13461
2024-04-05,7198,7296,7188,7284,22652
2024-04-08,7129,7248,7112,7179,23908
2024-04-09,7213,7236,7086,7102,15223
2024-04-10,7125,7187,7057,7159,24591
2024-04-11,7168,7169,7081,7109,11152
2024-04-12,7140,7322,7134,7187,27824
2024-04-15,7126,7166,7029,7115,30183
2024-04-16,7191,7192,7091,7135,18789
2024-04-17,7109,7115,6911,6934,27675
2024-04-18,6928,6984,6818,6933,9291
2024-04-19,6980,7109,6837,6981,3322
2024-04-22,6870,6873,6744,6834,15025
2024-04-23,6865,6939,6756,6928,23516
2024-04-24,6946,6979,6881,6889,15062
2024-04-25,6900,6946,6842,6911,15557
2024-04-26,6965,7043,6958,6999,18511
2024-04-29,6951,7005,6887,6899,13368
2024-04-30,6900,6956,6772,6838,26456
2024-05-01,6771,6818,6610,6622,28812
2024-05-02,6647,6678,6559,6601,27004
2024-05-03,6606,6648,6540,6546,19021
2024-05-06,6552,6613,6520,6542,17156
2024-05-07,6582,6611,6488,6585,20043
2024-05-08,6533,6612,6434,6587,24208
2024-05-09,6623,6675,6594,6606,17954
2024-05-10,6630,6689,6546,6551,15292
2024-05-13,6532,6640,6516,6594,11678
2024-05-14,6617,6626,6501,6512,20979
2024-05-15,6554,6577,6415,6551,31727
2024-05-16,6616,6662,6530,6615,17992
2024-05-17,6616,6675,6586,6662,14695
2024-05-20,6630,6721,6603,6619,3720
2024-05-21,6570,6593,6488,6568,15953
2024-05-22,6513,6538,6455,6492,15760
2024-05-23,6455,6556,6388,6397,18004
2024-05-24,6414,6480,6345,6471,16280
2024-05-27,6490,6565,6469,6547,10132
2024-05-28,6559,6650,6546,6637,12347
2024-05-29,6654,6728,6607,6624,12286
2024-05-30,6613,6621,6477,6488,21295
2024-05-31,6464,6561,6413,6453,15636
2024-06-03,6412,6441,6169,6181,38611
2024-06-04,6165,6175,6073,6167,20559
2024-06-05,6130,6197,6079,6190,19229
2024-06-06,6212,6332,6194,6326,20444
2024-06-07,6318,6370,6284,6323,15674
2024-06-10,6330,6493,6294,6486,20291
2024-06-11,6480,6552,6460,6526,15971
2024-06-12,6541,6622,6507,6577,14998
2024-06-13,6552,6589,6491,6568,13156
2024-06-14,6542,6609,6511,6574,13598
2024-06-17,6558,6678,6541,6670,7251
2024-06-18,6692,6813,6656,6786,3815
2024-06-19,6732,6773,6705,6733,7789
2024-06-20,6729,6818,6719,6799,10507
2024-06-21,6795,6839,6731,6746,11250
2024-06-24,6738,6829,6700,6822,11650
2024-06-25,6818,6830,6751,6771,10965
2024-06-26,6786,6828,6706,6805,16045
2024-06-27,6761,6846,6736,6804,12729
2024-06-28,6854,6899,6759,6805,15987
2024-07-01,6835,6958,6817,6950,16523
2024-07-02,6964,7038,6936,6949,16078
2024-07-03,6953,6969,6885,6951,13350
2024-07-04,6954,7027,6933,7024,9290
2024-07-05,6992,7052,6962,6977,16660
2024-07-08,6920,6930,6861,6878,15589
2024-07-09,6851,6886,6793,6830,20042
2024-07-10,6811,6899,6754,6858,21336
2024-07-11,6907,6914,6825,6893,21341
2024-07-12,6920,6988,6880,6890,33058
2024-07-15,6882,6894,6817,6847,18462
2024-07-16,6831,6834,6720,6779,28535
2024-07-17,6773,6924,6773,6911,24527
2024-07-18,6950,7006,6863,6973,10165
2024-07-19,6899,6928,6712,6725,4637
2024-07-22,6626,6633,6499,6560,13806
2024-07-23,6571,6600,6405,6458,18061
2024-07-24,6481,6556,6454,6521,13510
2024-07-25,6458,6579,6383,6572,22951
2024-07-26,6582,6586,6394,6478,18750
2024-07-29,6479,6519,6322,6351,23151
2024-07-30,6343,6373,6258,6292,17692
2024-07-31,6341,6536,6338,6524,28728
2024-08-01,6540,6609,6427,6436,21842
2024-08-02,6451,6481,6129,6146,40191
2024-08-05,6177,6197,6025,6146,44338
2024-08-06,6174,6238,6078,6184,35842
2024-08-07,6166,6373,6143,6327,32222
2024-08-08,6334,6434,6272,6422,30206
2024-08-09,6420,6473,6376,6444,21330
2024-08-12,6471,6680,6461,6662,35267
2024-08-13,6664,6736,6573,6596,42109
2024-08-14,6613,6640,6476,6487,28792
2024-08-16,6536,6553,6350,6435,10377
2024-08-19,6424,6450,6238,6253,2738
2024-08-20,6171,6243,6094,6154,25378
2024-08-21,6127,6235,6020,6030,27069
2024-08-22,6039,6188,6030,6158,21798
2024-08-23,6140,6302,6134,6293,18047
2024-08-26,6321,6516,6319,6486,23199
2024-08-27,6451,6513,6340,6353,18223
2024-08-28,6350,6368,6213,6288,26860
2024-08-29,6322,6459,6223,6362,32004
2024-08-30,6380,6431,6177,6203,36408
2024-09-02,6152,6254,6132,6222,18863
2024-09-03,6217,6249,5913,5915,64570
2024-09-04,5911,6019,5822,5851,59534
2024-09-05,5851,5962,5800,5810,40101
2024-09-06,5820,5902,5657,5704,44000
2024-09-09,5764,5799,5667,5776,37461
2024-09-10,5776,5786,5501,5533,53293
2024-09-11,5565,5719,5526,5690,47354
2024-09-12,5690,5867,5685,5809,36620
2024-09-13,5827,5905,5752,5770,28366
2024-09-16,5796,5933,5765,5887,26421
2024-09-17,5910,6026,5834,5989,29724
2024-09-18,5950,5982,5815,5913,8230
2024-09-19,5927,6062,5923,6026,6290
2024-09-20,5964,5980,5897,5975,19817
2024-09-23,5987,6020,5830,5898,31828
2024-09-24,5930,6069,5930,5983,28030
2024-09-25,5960,6004,5818,5841,36944
2024-09-26,5859,5862,5627,5663,53816
2024-09-27,5667,5761,5638,5694,27755
2024-09-30,5760,5824,5683,5745,31799
2024-10-01,5750,6048,5577,5935,90753
2024-10-03,5986,6211,5936,6161,52716
2024-10-04,6201,6360,6177,6339,39235
2024-10-07,6263,6495,6229,6475,32990
2024-10-08,6430,6430,6114,6244,38704
2024-10-09,6211,6256,6012,6119,38545
2024-10-10,6190,6403,6175,6394,33385
2024-10-11,6400,6400,6273,6364,25746
2024-10-14,6293,6300,6180,6245,26079
2024-10-15,6150,6150,5871,5923,43611
2024-10-16,5945,5992,5858,5923,25352
2024-10-17,5936,5968,5836,5897,24164
2024-10-18,5930,5984,5772,5855,14663
2024-10-21,5860,5972,5831,5962,4361
2024-10-22,5914,6081,5852,6040,29203
2024-10-23,6019,6050,5917,5976,25942
2024-10-24,5989,6095,5887,5911,29704
2024-10-25,5926,6062,5899,6040,21608
2024-10-28,5850,5889,5648,5710,30373
2024-10-29,5698,5773,5628,5668,25851
2024-10-30,5690,5826,5690,5764,27336
2024-10-31,5811,5877,5760,5823,24401
2024-11-01,5890,6000,5890,5988,9383
2024-11-04,5950,6047,5938,6024,20936
2024-11-05,6021,6119,6011,6054,18467
2024-11-06,6025,6129,5891,6075,42186
2024-11-07,6087,6138,5968,6129,29265
2024-11-08,6070,6081,5915,5956,25564
2024-11-11,5930,5961,5748,5762,30888
2024-11-12,5748,5839,5726,5776,26329
2024-11-13,5781,5813,5659,5796,29277
2024-11-14,5755,5856,5738,5767,22269
2024-11-15,5741,5799,5656,5669,20965
2024-11-18,5650,5838,5628,5819,9635
2024-11-19,5815,5880,5775,5847,4305
2024-11-20,5880,5919,5820,5828,13581
2024-11-21,5832,5958,5826,5905,20867
2024-11-22,5955,6035,5868,6028,29589
2024-11-25,5996,6018,5811,5826,29431
2024-11-26,5846,5938,5755,5776,28456
2024-11-27,5815,5868,5773,5781,22921
2024-11-28,5803,5865,5786,5844,14718
2024-11-29,5854,5905,5782,5814,37782
2024-12-02,5803,5865,5757,5779,27443
2024-12-03,5781,5957,5781,5929,31987
2024-12-04,5930,5984,5826,5848,33853
2024-12-05,5825,5870,5770,5805,35374
2024-12-06,5794,5804,5690,5726,30213
2024-12-09,5719,5849,5713,5825,28374
2024-12-10,5784,5867,5759,5845,29065
2024-12-11,5863,5947,5838,5934,31971
2024-12-12,5962,6002,5876,5978,26201
2024-12-13,5947,6049,5940,6042,19958
2024-12-16,6017,6048,5980,6022,22865
2024-12-17,6008,6025,5878,5930,7503
2024-12-18,5950,6062,5944,6017,4563
2024-12-19,5948,6024,5914,5933,17257
2024-12-20,5902,5944,5844,5938,15730
2024-12-23,5944,5976,5861,5900,13403
2024-12-24,5928,6012,5922,5971,15821
2024-12-26,6014,6050,5966,5976,13737
2024-12-27,5962,6049,5958,6035,13158
2024-12-30,6050,6130,6026,6109,16146
2024-12-31,6131,6177,6085,6166,13953
2025-01-01,6186,6186,6154,6171,1689
2025-01-02,6189,6330,6165,6299,18988
2025-01-03,6309,6383,6245,6373,13857
2025-01-06,6345,6433,6293,6308,23710
2025-01-07,6318,6394,6275,6385,17460
2025-01-08,6397,6469,6298,6307,28596
2025-01-09,6313,6384,6277,6372,15502
2025-01-10,6367,6709,6363,6576,52917
2025-01-13,6708,6874,6685,6862,33684
2025-01-14,6807,6856,6707,6736,19294
2025-01-15,6726,6915,6680,6899,24547
2025-01-16,6950,6958,6747,6833,16035
2025-01-17,6866,6884,6733,6774,8051
2025-01-20,6711,6732,6555,6613,19003
2025-01-21,6645,6661,6514,6564,18242
2025-01-22,6567,6614,6525,6561,16400
2025-01-23,6521,6579,6445,6484,19300
2025-01-24,6443,6499,6397,6427,15301
2025-01-27,6398,6494,6269,6300,19360
2025-01-28,6337,6436,6314,6340,16015
2025-01-29,6380,6413,6278,6294,16199
2025-01-30,6295,6373,6250,6319,16016
2025-01-31,6365,6372,6246,6279,20393
2025-02-01,6361,6380,6296,6350,3808
2025-02-03,6400,6520,6288,6334,35271
2025-02-04,6315,6394,6176,6343,36658
2025-02-05,6328,6359,6220,6230,19409
2025-02-06,6247,6308,6200,6210,20576
2025-02-07,6221,6260,6191,6237,12883
2025-02-10,6289,6350,6260,6337,13600
2025-02-11,6340,6411,6301,6367,15164
2025-02-12,6323,6365,6216,6226,21726
2025-02-13,6142,6205,6115,6196,20640
2025-02-14,6207,6246,6135,6149,17014
2025-02-17,6136,6208,6132,6198,14945
2025-02-18,6224,6272,6173,6233,13758
2025-02-19,6255,6356,6252,6291,3225
2025-02-20,6252,6345,6239,6316,10091
2025-02-21,6279,6299,6136,6148,13614
2025-02-24,6109,6161,6091,6150,9893
2025-02-25,6157,6206,6004,6015,15455
2025-02-26,6063,6063,5976,6000,8581
2025-02-27,6020,6166,5999,6135,16670
2025-02-28,6127,6133,6059,6118,9909
2025-03-03,6133,6148,5940,5989,18504
2025-03-04,5976,5982,5841,5960,21064
2025-03-05,5918,5946,5685,5756,30111
2025-03-06,5817,5848,5725,5784,26530
2025-03-07,5798,5946,5784,5858,27206
2025-03-10,5822,5909,5771,5778,16745
2025-03-11,5776,5861,5761,5790,11692
2025-03-12,5828,5918,5784,5907,21269
2025-03-13,5898,5917,5780,5794,16914
2025-03-14,5842,5858,5798,5840,6319
2025-03-17,5882,5921,5838,5865,16885
2025-03-18,5876,5945,5772,5796,5766
2025-03-19,5788,5843,5717,5821,3254
2025-03-20,5844,5909,5781,5897,15964
2025-03-21,5915,5929,5849,5900,12462
2025-03-24,5872,5960,5852,5931,15272
2025-03-25,5935,5997,5896,5919,12611
2025-03-26,5956,6035,5948,5991,13340
2025-03-27,6007,6012,5941,5995,10488
2025-03-28,6004,6007,5913,5946,12781
2025-03-31,5934,6150,5934,6124,14435
2025-04-01,6130,6182,6097,6118,13268
2025-04-02,6116,6155,6051,6147,18124
2025-04-03,6100,6100,5645,5735,47139
2025-04-04,5672,5681,5219,5311,70290
2025-04-07,5204,5486,5072,5293,80286
2025-04-08,5287,5332,5144,5197,38886
2025-04-09,5005,5395,4798,5265,121056
2025-04-10,5265,5286,5083,5169,33296
2025-04-11,5173,5323,5130,5302,41276
2025-04-14,5340,5377,5230,5264,15457
2025-04-15,5300,5327,5232,5266,19756
2025-04-16,5253,5375,5185,5341,38893
2025-04-17,5341,5540,5341,5513,9715
2025-04-21,5406,5436,5318,5372,5999
2025-04-22,5350,5504,5346,5452,17726
2025-04-23,5477,5566,5272,5309,39031
2025-04-24,5347,5421,5310,5380,19681
2025-04-25,5395,5433,5297,5396,19880
2025-04-28,5416,5438,5263,5281,19569
2025-04-29,5274,5279,5157,5176,17559
2025-04-30,5125,5149,4917,4952,31570
2025-05-01,4873,5017,4822,4972,19838
2025-05-02,4990,5042,4895,4940,25275
2025-05-05,4873,4874,4724,4832,26203
2025-05-06,4885,5053,4885,5011,26577
2025-05-07,5046,5110,4936,4953,22858
2025-05-08,4978,5168,4942,5163,30496
2025-05-09,5162,5255,5146,5212,20880
2025-05-12,5209,5399,5195,5292,31463
2025-05-13,5235,5442,5233,5430,24260
2025-05-14,5384,5436,5354,5418,18423
2025-05-15,5313,5315,5184,5271,32863
2025-05-16,5252,5359,5241,5351,11258
2025-05-19,5307,5416,5255,5338,6247
2025-05-20,5330,5374,5276,5334,16306
2025-05-21,5382,5437,5260,5295,21045
2025-05-22,5293,5311,5201,5265,20317
2025-05-23,5249,5289,5149,5259,27719
2025-05-26,5262,5292,5229,5255,11211
2025-05-27,5236,5299,5163,5191,26033
2025-05-28,5214,5353,5214,5306,26566
2025-05-29,5351,5398,5187,5215,27338
2025-05-30,5192,5290,5132,5203,37781
2025-06-02,5250,5458,5250,5375,36674
2025-06-03,5390,5478,5347,5455,20956
2025-06-04,5421,5491,5352,5386,33188
2025-06-05,5385,5489,5371,5442,18945
2025-06-06,5425,5562,5392,5534,25799
2025-06-09,5561,5593,5497,5565,19950
2025-06-10,5608,5668,5576,5583,27081
2025-06-11,5554,5751,5534,5731,38639
2025-06-12,5788,5858,5704,5844,35088
2025-06-13,6077,6465,6077,6285,80416
2025-06-16,6343,6370,5952,6171,58437
2025-06-17,6189,6445,6125,6426,18631
2025-06-18,6503,6575,6303,6453,15840
2025-06-19,6360,6585,6350,6449,46273
2025-06-20,6380,6465,6281,6404,33278
2025-06-23,6475,6550,6020,6046,74286
2025-06-24,5805,5805,5512,5583,64216
2025-06-25,5600,5696,5571,5643,28266
2025-06-26,5618,5703,5557,5625,32287
2025-06-27,5619,5658,5550,5601,22618
2025-06-30,5589,5644,5553,5581,16800
2025-07-01,5559,5653,5528,5615,16513
2025-07-02,5613,5787,5603,5753,26342
2025-07-03,5734,5778,5690,5724,22238
2025-07-04,5714,5735,5653,5690,11102
2025-07-07,5580,5841,5580,5796,25928
2025-07-08,5806,5914,5776,5886,21613
2025-07-09,5856,5910,5809,5879,22337
2025-07-10,5848,5880,5710,5718,28204
2025-07-11,5748,5889,5716,5881,22385
2025-07-14,5895,5993,5758,5771,25989
2025-07-15,5732,5770,5684,5713,21890
2025-07-16,5730,5750,5633,5713,26788
2025-07-17,5735,5809,5697,5792,21758
2025-07-18,5788,5930,5785,5798,10594
2025-07-21,5806,5854,5732,5794,8888
2025-07-22,5660,5699,5614,5646,16675
2025-07-23,5675,5684,5605,5655,15742
2025-07-24,5670,5746,5657,5672,19060
2025-07-25,5750,5780,5641,5648,16068
2025-07-28,5671,5819,5657,5781,17492
2025-07-29,5800,6024,5780,5974,23150
2025-07-30,6017,6184,5993,6176,33109
2025-07-31,6148,6162,6008,6052,21724
2025-08-01,5951,6089,5850,5887,34829
2025-08-04,5876,5944,5747,5836,30723
2025-08-05,5815,5838,5719,5748,30588
2025-08-06,5764,5865,5680,5713,44846
2025-08-07,5715,5724,5589,5604,27456
2025-08-08,5600,5663,5511,5610,39014
2025-08-11,5600,5657,5533,5612,23077
2025-08-12,5625,5646,5530,5548,18187
2025-08-13,5541,5557,5424,5476,22905
2025-08-14,5503,5608,5483,5600,21167
2025-08-18,5496,5586,5438,5544,14329
2025-08-19,5494,5523,5410,5429,4013
2025-08-20,5409,5500,5403,5476,16296
2025-08-21,5493,5568,5475,5563,20207
2025-08-22,5565,5603,5550,5572,12579
2025-08-25,5577,5709,5577,5698,14104
2025-08-26,5674,5676,5557,5567,15604
2025-08-27,5575,5629,5558,5618,8741
2025-08-28,5602,5643,5562,5619,12728
2025-08-29,5628,5698,5627,5654,14315
2025-09-01,5641,5730,5630,5703,10594
2025-09-02,5710,5825,5695,5786,19252
2025-09-03,5752,5784,5625,5634,26393
2025-09-04,5617,5627,5541,5611,19685
2025-09-05,5591,5613,5423,5447,28230
2025-09-08,5522,5582,5460,5491,20895
2025-09-09,5520,5615,5506,5544,24694
2025-09-10,5585,5647,5551,5622,27588
2025-09-11,5619,5627,5512,5529,21287
2025-09-12,5480,5647,5454,5526,39339
2025-09-15,5565,5615,5536,5587,16904
2025-09-16,5584,5698,5543,5694,24655
2025-09-17,5665,5676,5612,5646,23326
2025-09-18,5620,5692,5586,5591,10967
2025-09-19,5590,5614,5535,5550,4227
2025-09-22,5551,5575,5462,5522,15954
2025-09-23,5476,5684,5476,5632,21928
2025-09-24,5660,5783,5629,5776,17260
2025-09-25,5762,5783,5698,5773,15854
2025-09-26,5788,5903,5745,5833,20347
2025-09-29,5800,5816,5605,5610,18579
2025-09-30,5600,5630,5523,5569,25499
2025-10-01,5577,5596,5460,5493,25989
2025-10-03,5451,5462,5390,5439,20223
2025-10-06,5485,5530,5436,5491,23778
2025-10-07,5497,5517,5407,5480,21864
2025-10-08,5515,5594,5515,5576,23934
2025-10-09,5520,5590,5453,5462,28472
2025-10-10,5475,5475,5232,5246,42352
2025-10-13,5300,5346,5258,5303,27970
2025-10-14,5303,5310,5130,5233,27802
2025-10-15,5199,5244,5128,5145,24331
2025-10-16,5160,5195,5046,5066,34591
2025-10-17,5066,5256,4986,5053,11849
2025-10-20,5026,5059,4948,5030,4540
2025-10-21,5026,5065,5020,5053,1478
2025-10-22,5136,5189,5124,5151,13471
2025-10-23,5162,5475,5162,5437,41435
2025-10-24,5420,5510,5397,5427,21222
2025-10-27,5454,5488,5368,5438,25564
2025-10-28,5425,5425,5291,5330,22773
2025-10-29,5311,5410,5285,5372,22684
2025-10-30,5340,5399,5311,5391,25088
2025-10-31,5356,5456,5338,5422,24213
2025-11-03,5433,5470,5386,5447,20691
2025-11-04,5398,5412,5331,5401,18717
2025-11-05,5399,5403,5298,5305,20446
2025-11-06,5298,5374,5233,5262,26797
2025-11-07,5299,5365,5271,5295,22892
2025-11-10,5265,5370,5265,5328,22506
2025-11-11,5342,5424,5300,5403,22297
2025-11-12,5390,5403,5189,5198,31605
2025-11-13,5196,5260,5157,5228,23461
2025-11-14,5319,5360,5265,5342,26781
2025-11-17,5293,5354,5260,5320,17825
2025-11-18,5302,5390,5263,5360,7359
2025-11-19,5331,5375,5196,5236,4709
2025-11-20,5257,5342,5217,5263,21368
2025-11-21,5220,5267,5146,5197,28935
2025-11-24,5194,5241,5144,5235,23572
2025-11-25,5233,5259,5108,5166,27128
2025-11-26,5199,5224,5164,5193,20956
2025-11-27,5216,5296,5212,5290,19284
2025-11-28,5281,5337,5267,5324,16252
2025-12-01,5366,5392,5281,5324,23552
2025-12-02,5339,5361,5258,5309,22787
2025-12-03,5293,5385,5284,5356,20467
2025-12-04,5370,5398,5305,5383,20854
2025-12-05,5363,5449,5347,5427,21577
2025-12-08,5424,5449,5322,5334,24494
2025-12-09,5311,5332,5236,5246,23579
2025-12-10,5273,5290,5196,5242,17228
2025-12-11,5274,5283,5160,5179,21969
2025-12-12,5230,5260,5183,5228,18678
2025-12-15,5229,5247,5127,5142,19724
2025-12-16,5149,5154,5006,5071,27790
2025-12-17,5095,5135,5030,5081,15552
2025-12-18,5092,5108,5031,5078,6404
2025-12-19,5067,5113,5026,5105,18915
2025-12-22,5124,5246,5114,5223,19518
2025-12-23,5230,5261,5211,5254,15901
2025-12-24,5258,5303,5253,5272,12326
2025-12-26,5281,5314,5174,5182,18002
2025-12-29,5182,5270,5170,5240,15992
2025-12-30,5254,5277,5226,5235,10953
2025-12-31,5229,5280,5203,5213,15435
2026-01-01,5203,5230,5202,5223,2882
2026-01-02,5211,5242,5124,5155,20023
2026-01-05,5175,5290,5101,5270,28394
2026-01-06,5256,5317,5205,5210,23434
2026-01-07,5200,5200,5035,5041,36984
2026-01-08,5068,5173,5055,5163,20510
2026-01-09,5223,5400,5202,5352,36097
2026-01-12,5364,5364,5276,5335,21475
2026-01-13,5359,5558,5359,5515,28790
2026-01-14,5501,5613,5448,5564,28046
2026-01-15,5408,5428,5320,5347,9013
2026-01-16,5340,5456,5314,5423,5330
2026-01-19,5423,5435,5351,5422,14398
2026-01-20,5421,5537,5368,5517,19199
2026-01-21,5480,5607,5455,5569,22787
2026-01-22,5590,5600,5422,5440,22988
2026-01-23,5495,5650,5482,5630,23090
2026-01-27,5570,5715,5475,5705,29999
2026-01-28,5755,5861,5713,5802,28904
2026-01-29,5894,6135,5887,6032,42223
2026-01-30,5938,6087,5896,5930,37628
2026-02-01,6044,6087,5938,5980,6186
2026-02-02,5961,5961,5585,5625,32390
2026-02-03,5607,5766,5515,5709,25479
2026-02-04,5764,5932,5695,5891,32082
2026-02-05,5798,5854,5668,5746,22664
2026-02-06,5738,5867,5648,5824,33579
2026-02-09,5750,5893,5682,5870,25884
2026-02-10,5832,5865,5786,5800,31622
2026-02-11,5844,5976,5828,5896,30478
2026-02-12,5883,5904,5675,5686,25495
2026-02-13,5661,5742,5640,5723,19359
2026-02-16,5705,5797,5669,5791,13343
2026-02-17,5772,5819,5613,5642,34878
2026-02-18,5658,5912,5650,5903,10176
2026-02-19,5959,6066,5908,6029,12799
2026-02-20,6078,6116,5992,6057,23510
2026-02-23,6093,6134,5960,6045,22080
2026-02-24,6100,6120,5980,6008,23989
2026-02-25,6044,6073,5937,5989,22446
2026-02-26,5978,6083,5801,6053,40418
2026-02-27,5950,6189,5942,6092,41463
2026-03-02,6210,6733,6210,6497,95576
2026-03-03,6650,7215,6650,6970,80693
2026-03-04,6943,7147,6778,6937,88583
2026-03-05,7060,7353,6878,7316,92754
2026-03-06,7316,8518,7308,8363,185010
2026-03-09,8499,10549,8499,8788,204534
2026-03-10,8437,8459,7207,7421,158072
2026-03-11,7717,8224,7575,8107,138333
2026-03-12,8431,9026,8314,8804,131542
2026-03-13,8900,9100,8539,9052,84048
2026-03-16,9100,9341,8587,8720,62144
2026-03-17,8845,9106,8676,8871,63841
2026-03-18,8771,9225,8501,8998,59820
2026-03-19,9357,9425,8802,8936,23240
2026-03-20,8851,9289,8752,9258,77503
2026-03-23,9283,9620,8072,8345,157821
2026-03-24,8600,8840,8403,8736,70718
2026-03-25,8530,8573,8175,8499,78158
2026-03-26,8838,9068,8741,8999,46714
2026-03-27,8867,9415,8820,9395,68017
2026-03-30,9395,9850,9395,9805,84463
2026-03-31,9789,9894,9377,9567,76372
2026-04-01,9675,9844,9029,9253,101831
2026-04-02,9623,10640,9623,10408,139124
2026-04-06,10350,10640,10162,10588,77804
2026-04-07,10722,10990,10386,10669,110967
2026-04-08,10243,10243,8535,8861,109352
2026-04-09,9030,9575,8866,8933,100134
2026-04-10,9200,9344,9031,9153,65698
2026-04-13,9454,9850,9221,9253,64620
2026-04-14,9121,9134,8530,8571,48481
2026-04-15,8518,8726,8433,8576,24099