time,open,high,low,close
2007-10-26,5478,5706.1,5478,5684
2007-10-29,5800,5914.45,5800,5907.15
2007-10-30,5892.5,5970.85,5825,5869.4
2007-10-31,5840.05,5940,5840,5890.15
2007-11-01,5980,5980,5790,5816.1
2007-11-02,5705.05,5952,5705.05,5932.7
2007-11-05,5899,5924.85,5800,5825.05
2007-11-06,5900,5949.8,5765.05,5800
2007-11-07,5850,5852,5740,5774.7
2007-11-08,5703.3,5722.95,5629,5684.3
2007-11-09,5680,5684.3,5562,5684.3
2007-11-12,5450,5631,5400,5617.5
2007-11-13,5534.9,5755,5534.9,5683.8
2007-11-14,5837,5936,5784.65,5925.2
2007-11-15,5920,5940,5875,5886.8
2007-11-16,5810,5925,5780,5881.65
2007-11-19,5915,5947.75,5885,5897.75
2007-11-20,5859.95,5909.5,5740,5765.55
2007-11-21,5721.1,5734,5500,5526
2007-11-22,5520,5592,5388.7,5517.6
2007-11-23,5462.4,5625,5462.4,5602.7
2007-11-26,5670,5761,5670,5721.15
2007-11-27,5670.05,5708.7,5644,5699.45
2007-11-28,5740,5740,5580.15,5608.05
2007-11-29,5646,5725,5646,5674.05
2007-11-30,5700,5810,5675,5792.7
2007-12-03,5812.35,5881,5805,5865.85
2007-12-04,5890,5904.5,5849,5869.1
2007-12-05,5870.1,5975,5870.1,5967.4
2007-12-06,6005,6040,5939,5966.7
2007-12-07,5982.35,6020,5899.9,5980.25
2007-12-10,5960.1,5989.9,5920,5964.75
2007-12-11,5995,6115,5980,6097.8
2007-12-12,6004,6190,6004,6177.25
2007-12-13,6140.2,6180,6042,6057.9
2007-12-14,6051,6095,6008,6059.15
2007-12-17,6006,6020,5726,5767.8
2007-12-18,5776,5840.25,5710,5769.05
2007-12-19,5805,5838,5676,5760.85
2007-12-20,5794.9,5818.9,5721,5776.7
2007-12-24,5849.8,6012,5827,6001.55
2007-12-26,6015.1,6118.6,6006,6104.1
2007-12-27,6110,6141.5,6097,6120.3
2007-12-28,6080,6127,6047.1,6119.75
2007-12-31,6147,6178.95,6123,6154.9
2008-01-01,6150,6179.95,6121,6156.4
2008-01-02,6149.1,6236,6060,6223
2008-01-03,6185.65,6227,6155,6178.2
2008-01-04,6205,6292.75,6203.1,6264.15
2008-01-07,6170,6296,6170,6288.2
2008-01-08,6307.8,6331.9,6214.25,6272.8
2008-01-09,6263.1,6336,6226.1,6264.4
2008-01-10,6279,6321.65,6141.1,6162
2008-01-11,6150.35,6225,6115.1,6203.6
2008-01-14,6205.35,6242.4,6171.25,6225
2008-01-15,6240,6245,6054.55,6071.4
2008-01-16,5984.8,5993.8,5831.6,5947.1
2008-01-17,5931,6045,5887,5931.75
2008-01-18,5862,5927.75,5700,5720
2008-01-21,5691,5691,4916,5197.85
2008-01-22,4925,4997.5,4420,4894.6
2008-01-23,5080,5337,4930,5166.9
2008-01-24,5272,5359,4957.75,5005.25
2008-01-25,5329,5406.9,5150,5404
2008-01-28,5412.25,5412.25,5045,5270.05
2008-01-29,5340,5393,5216,5277
2008-01-30,5152.5,5268.5,5128,5167
2008-01-31,5248.7,5253.6,5072,5137.45
2008-02-01,5121.85,5347.7,5060,5320.8
2008-02-04,5419,5553.9,5368.55,5454.9
2008-02-05,5432,5509.9,5422,5480.95
2008-02-06,5255,5344.8,5233.05,5296.75
2008-02-07,5278,5326.9,5083,5100
2008-02-08,5100,5149.4,4999,5085.9
2008-02-11,4990,5049,4735,4798.45
2008-02-12,4880,4919.7,4763,4791.65
2008-02-13,4860,4951,4810,4895.85
2008-02-14,5050,5190,5050,5175.4
2008-02-15,5120,5298.35,5105,5273.05
2008-02-18,5285,5295,5187,5253.95
2008-02-19,5300,5350,5225.5,5243.3
2008-02-20,5220,5220,5055,5102.4
2008-02-21,5162.2,5209,5060,5156
2008-02-22,5110.05,5110.05,5055.3,5072.2
2008-02-25,5109,5193.9,5017,5181.75
2008-02-26,5198,5262.5,5191,5250.35
2008-02-27,5355,5365,5215,5238.35
2008-02-28,5239,5277,5202.35,5254.75
2008-02-29,5225.1,5241,5052,5181.1
2008-03-04,4923.9,4934,4792.2,4834.75
2008-03-05,4836.35,4921,4825.2,4904.1
2008-03-07,4772,4798,4638,4706
2008-03-10,4651.25,4798,4596.3,4784.3
2008-03-11,4700,4872,4700,4856.55
2008-03-12,4985.55,4997,4855,4868.45
2008-03-13,4725,4738.95,4555.25,4597.3
2008-03-14,4600,4740,4575.15,4729.45
2008-03-17,4599.9,4599.9,4461,4485.9
2008-03-18,4470,4615,4465,4535.2
2008-03-19,4675,4710,4534,4552.9
2008-03-24,4600,4645,4551,4626.75
2008-03-25,4755,4910,4722.35,4890.35
2008-03-26,4915.05,4928,4819.6,4853.65
2008-03-27,4835,4885.5,4796.2,4853.2
2008-03-28,4885,4999.9,4806,4970.65
2008-03-31,4902.1,4924,4703.6,4732.3
2008-04-01,4766.1,4820,4621.1,4772.95
2008-04-02,4931,4964.7,4741.15,4757.65
2008-04-03,4779,4850,4745.55,4784.85
2008-04-04,4796.5,4809,4631.35,4652.7
2008-04-07,4684,4813.9,4656.25,4764.4
2008-04-08,4751.2,4770.05,4663.15,4694.85
2008-04-09,4687,4756.8,4658.25,4740.3
2008-04-10,4736,4795,4710,4714
2008-04-11,4759.75,4825,4726.7,4773
2008-04-15,4694.4,4937,4675,4897.15
2008-04-17,4952,4985,4920,4960.55
2008-04-21,5004,5052.9,5004,5043.45
2008-04-22,5015,5074,5003.15,5041
2008-04-23,5079.8,5084,5005.5,5035.3
2008-04-24,5064.9,5064.9,4991.1,4999.85
2008-04-25,5021.9,5133,5021.9,5125.75
2008-04-28,5141,5150,5084.1,5105.65
2008-04-29,5125.5,5237.9,5090.25,5218.45
2008-04-30,5224.5,5246.7,5178,5188.8
2008-05-02,5249,5267,5211.2,5246.5
2008-05-05,5250,5271.85,5188.15,5205.1
2008-05-06,5202.5,5210,5132.3,5175
2008-05-07,5141,5175,5110.25,5151.3
2008-05-09,5052,5100,4970.1,4989.7
2008-05-12,4985,5037,4923,5027.1
2008-05-13,5039.95,5080,4951,4966.45
2008-05-14,4944.5,5038.9,4932.5,5011
2008-05-15,5035,5122.25,5035,5116
2008-05-16,5142.1,5168.1,5100,5146
2008-05-20,5111.7,5132.9,5065.1,5097.1
2008-05-21,5036.4,5146.2,5036.4,5123.9
2008-05-22,5064,5068.8,5000.1,5017.9
2008-05-23,5015.25,5047,4932.2,4949
2008-05-26,4916.65,4916.65,4860,4874.8
2008-05-27,4900,4925,4828.1,4842.35
2008-05-28,4854.7,4940,4830.25,4933
2008-05-29,4952.2,4958.8,4825.1,4836.05
2008-05-30,4879,4923,4827.25,4848
2008-06-02,4878,4896.5,4693,4722.3
2008-06-03,4664,4716.8,4626.1,4707.1
2008-06-04,4701.2,4727.9,4550,4568.75
2008-06-05,4580.5,4695.7,4525,4679.1
2008-06-06,4708.7,4709.95,4591.05,4608.2
2008-06-09,4480,4540,4397.15,4466.6
2008-06-10,4437.8,4474,4332.2,4453
2008-06-11,4475,4550,4452.65,4496.4
2008-06-12,4385.2,4536.8,4375.05,4499
2008-06-13,4499,4519,4456.05,4482.2
2008-06-16,4555.3,4610,4548.05,4568
2008-06-17,4571,4647.5,4553.1,4639
2008-06-18,4651,4658,4556,4566.95
2008-06-19,4511.25,4524,4465.55,4490.85
2008-06-20,4512,4516.9,4316,4348
2008-06-23,4325,4390.5,4224,4267.65
2008-06-24,4281,4310.1,4130,4130.5
2008-06-25,4105,4262,4093.65,4244.4
2008-06-26,4261,4318.3,4225.25,4315.85
2008-06-27,4136.35,4178.5,4060,4078.55
2008-06-30,4078.8,4108.9,3959,3960
2008-07-01,3977,4037.7,3810,3832.55
2008-07-02,3835.3,4079,3818.1,4064.25
2008-07-03,4003.45,4020,3815,3879.6
2008-07-04,3886,3994.95,3858,3979.05
2008-07-07,3992.2,4076.9,3958.2,3980.5
2008-07-08,3869,3957,3841.1,3926.5
2008-07-09,4044,4149,4041,4137.9
2008-07-10,4125,4164.2,4086,4147
2008-07-11,4164,4192,3981,4021.2
2008-07-14,4009.8,4111.8,3991.25,4027.3
2008-07-15,3915,3940,3793.3,3828.9
2008-07-16,3835.5,3901.7,3761,3803.35
2008-07-17,3948,3960,3856.4,3932
2008-07-18,3951.1,4101,3907,4054
2008-07-21,4134,4174.5,4066.1,4170
2008-07-22,4131.65,4275.7,4131.65,4249.95
2008-07-23,4436.55,4505,4387.3,4490.7
2008-07-24,4520,4537.8,4395.05,4443.1
2008-07-25,4347.7,4392,4310.5,4329.65
2008-07-28,4305.55,4364.75,4305.55,4337.15
2008-07-29,4289,4289,4162.1,4187.65
2008-07-30,4242.15,4338.4,4237.35,4327.1
2008-07-31,4323.8,4346.8,4285.3,4332.15
2008-08-01,4270,4441.95,4252,4439
2008-08-04,4402,4448,4362.1,4405.45
2008-08-05,4379.9,4539.9,4370,4536
2008-08-06,4624.8,4629.85,4509,4526
2008-08-07,4490,4599,4485,4531.6
2008-08-08,4520,4564.2,4471,4548
2008-08-11,4610,4642,4588.05,4630.9
2008-08-12,4644,4654,4535,4567.2
2008-08-13,4511.6,4588.8,4505.25,4563.05
2008-08-14,4511.25,4523.9,4425.6,4438
2008-08-18,4418,4458.8,4392.1,4405.5
2008-08-19,4364.9,4411.9,4331,4410
2008-08-20,4420,4454.5,4396.4,4435.7
2008-08-21,4405.2,4408.7,4270.8,4274
2008-08-22,4265,4338,4252.35,4324.1
2008-08-25,4386,4395,4327.25,4337
2008-08-26,4308.8,4359.75,4290,4359.75
2008-08-27,4366.4,4366.4,4281.05,4290.9
2008-08-28,4292.1,4301.7,4208.1,4214.05
2008-08-29,4214.05,4214.05,4214.05,4214.05
2008-09-01,4311.25,4367,4275,4350.4
2008-09-02,4350,4544,4350,4514.5
2008-09-04,4462,4494,4420,4462
2008-09-05,4360,4397,4326.1,4368
2008-09-08,4542.55,4564.1,4498.1,4506.5
2008-09-09,4448.4,4525,4440,4481.9
2008-09-10,4445,4493,4397.7,4417.25
2008-09-11,4350,4371.75,4286.6,4304.45
2008-09-12,4345.1,4345.1,4216,4245.8
2008-09-15,4092.5,4099.9,3957.55,4068.9
2008-09-16,3945,4099,3930,4091.15
2008-09-17,4094.7,4099,3980.1,4009.75
2008-09-18,3835.55,4073,3812,4051
2008-09-19,4248.8,4289.85,4142.6,4280.5
2008-09-22,4306,4325,4216.5,4220
2008-09-23,4157.9,4243.95,4132.65,4143.35
2008-09-24,4160.25,4228.8,4143.25,4179.95
2008-09-25,4174,4175,4077.2,4110.55
2008-09-26,4110.55,4110.55,4110.55,4110.55
2008-10-01,3939,4016.5,3862,3966.85
2008-10-03,3907.65,3942,3823.15,3838.65
2008-10-06,3740,3758,3603.7,3625.6
2008-10-07,3690,3756.7,3552.75,3632.6
2008-10-08,3505.35,3566,3352,3536.35
2008-10-10,3280,3410,3216,3303.3
2008-10-13,3390,3556,3377,3552.7
2008-10-14,3633,3729.4,3510,3527.8
2008-10-15,3451.15,3489.7,3328.6,3342.8
2008-10-16,3148.65,3358.5,3101.1,3275
2008-10-17,3311,3353,3050,3071.3
2008-10-20,3121,3275.95,3067,3142.55
2008-10-21,3189,3265,3122.55,3241.95
2008-10-22,3186.25,3194.7,3045.6,3060.15
2008-10-23,2911.25,3093.4,2905.5,2934.7
2008-10-24,2839.8,2873.65,2513,2528
2008-10-27,2526,2572.2,2228,2517.5
2008-10-28,2670.1,2705,2640,2689.9
2008-10-29,2747,2760,2632.65,2697.1
2008-11-03,3018,3065,2953.6,3062
2008-11-04,3060.1,3177,2993,3175
2008-11-05,3274,3298.9,2971,2971
2008-11-06,2898,3019.8,2854.05,2887.9
2008-11-07,2883.3,3027.4,2883.3,3018
2008-11-10,3050.3,3178,3020.35,3176
2008-11-11,3142.7,3149,2906.65,2928.4
2008-11-12,2907.55,2988,2785.1,2843.4
2008-11-14,2895,2933.45,2770,2827.1
2008-11-17,2832.25,2849,2694.1,2809.55
2008-11-18,2760,2777.4,2655.55,2680.4
2008-11-19,2692,2781.8,2607,2609
2008-11-20,2515.25,2575,2495.15,2550.4
2008-11-21,2550,2731.7,2540,2730.05
2008-11-24,2690,2743.75,2633.15,2704.2
2008-11-25,2808.5,2810,2635.55,2650.25
2008-11-26,2692,2770.8,2643.65,2757.85
2008-11-27,2757.85,2757.85,2757.85,2757.85
2008-11-28,2701.2,2783,2701.2,2754.5
2008-12-01,2796,2843.9,2665,2678.2
2008-12-02,2609.85,2664.25,2565,2653
2008-12-03,2679,2679,2601.65,2654
2008-12-04,2645.25,2804.9,2643,2793.2
2008-12-05,2784.9,2821.6,2694,2716
2008-12-08,2819.9,2878.8,2766.65,2791.8
2008-12-10,2850,2947.9,2827,2937.4
2008-12-11,2952.5,2955.9,2863.3,2945
2008-12-12,2840,2939.6,2801,2921.7
2008-12-15,2969.9,3017.25,2947.95,2981
2008-12-16,2969.55,3068,2963.25,3048.4
2008-12-17,3097.25,3097.25,2936.1,2956.7
2008-12-18,2951,3091.65,2931.2,3076.35
2008-12-19,3059,3116.7,3036,3076
2008-12-22,3064.9,3118,3025.4,3039.35
2008-12-23,3032,3032,2960.4,2974
2008-12-24,2961.15,2963.9,2904.5,2916.85
2008-12-26,2916.85,2916.85,2916.85,2916.85
2009-01-01,2989,3052.95,2975,3043.7
2009-01-02,3060.25,3092,3023.1,3063.1
2009-01-05,3087,3138,3066.4,3133.9
2009-01-06,3121.25,3148,3057.4,3113.2
2009-01-07,3134.2,3144,2880.1,2914.1
2009-01-09,2881.3,2927.95,2804.2,2861.05
2009-01-14,2770,2825,2755.4,2811.8
2009-01-15,2748.9,2748.9,2677.15,2711.75
2009-01-16,2740,2826,2731.65,2816
2009-01-19,2815,2858,2803.05,2833.35
2009-01-20,2780,2790,2736.15,2775.55
2009-01-21,2725.1,2771.8,2668.6,2686.4
2009-01-22,2707,2719.9,2660.5,2691.6
2009-01-23,2697.75,2710,2635.45,2655.3
2009-01-27,2705.6,2776.8,2701,2767.2
2009-01-28,2790,2853.85,2782.5,2850
2009-01-29,2871,2872.2,2790.25,2823.7
2009-01-30,2823.7,2823.7,2823.7,2823.7
2009-02-02,2835,2835,2728.35,2738.05
2009-02-03,2762,2823,2738.05,2764.65
2009-02-04,2795,2832.5,2762.35,2781.35
2009-02-05,2803.3,2805,2731.1,2765.95
2009-02-06,2796.9,2841.75,2791.4,2830.7
2009-02-09,2840,2918,2816.35,2911.5
2009-02-10,2906,2949,2876.25,2927.7
2009-02-11,2876.55,2939,2871.15,2924.05
2009-02-12,2899,2918.9,2873.05,2888.05
2009-02-13,2928,2974,2925.15,2946.15
2009-02-16,2917,2923.7,2821.1,2831.5
2009-02-17,2800.25,2808,2742,2753.6
2009-02-18,2729.9,2915.15,2729.9,2763.25
2009-02-19,2758.05,2792.9,2755,2786.15
2009-02-20,2745.4,2748.7,2691.5,2735
2009-02-25,2747.7,2782.7,2741,2756.9
2009-02-26,2750,2786.8,2730.05,2785.65
2009-02-27,2785.65,2785.65,2785.65,2785.65
2009-03-02,2665.15,2679.9,2624.35,2639.4
2009-03-03,2638.1,2669.85,2577.6,2590.85
2009-03-04,2601,2641,2586.1,2635
2009-03-05,2634.8,2639.45,2538.4,2556.8
2009-03-06,2526.1,2618.75,2525.25,2612
2009-03-09,2573.5,2585.5,2531.2,2558
2009-03-12,2622.65,2636.9,2582.85,2584.15
2009-03-13,2650.1,2722,2650.1,2720.5
2009-03-16,2712.5,2780,2697.3,2774.2
2009-03-17,2774,2803.7,2728.3,2751.75
2009-03-18,2780,2830,2771,2779.85
2009-03-19,2797.4,2816,2757.1,2800.75
2009-03-20,2791.3,2812.8,2765.2,2808
2009-03-23,2846.15,2950,2845,2938.35
2009-03-24,2959,3015.8,2915,2915.9
2009-03-25,2945,2995,2922.3,2983.1
2009-03-26,3016,3098,3008.4,3082.25
2009-03-27,3082.25,3082.25,3082.25,3082.25
2009-04-01,3014.9,3071.85,2951,3069
2009-04-02,3155,3242.8,3146.15,3222.6
2009-04-06,3281.15,3305.8,3227,3260.25
2009-04-08,3180,3368.8,3157.5,3359
2009-04-09,3409.25,3409.25,3308.6,3355.4
2009-04-13,3385,3432.9,3337.3,3390.9
2009-04-15,3345,3507.8,3325,3492.3
2009-04-16,3500.6,3514,3362.1,3370.55
2009-04-17,3397,3500,3354.5,3400
2009-04-20,3399.7,3442.9,3330,3376.25
2009-04-21,3318.9,3424.45,3318.9,3368
2009-04-22,3369.25,3397,3288,3338
2009-04-23,3350,3447,3313.5,3426.05
2009-04-24,3429,3494.4,3395.1,3482.05
2009-04-27,3427.8,3519.7,3420,3465
2009-04-28,3456,3456,3342.3,3354.95
2009-04-29,3390.15,3475,3386.1,3473.95
2009-04-30,3473.95,3473.95,3473.95,3473.95
2009-05-04,3621,3669.9,3604.9,3658.35
2009-05-05,3650,3693.6,3623.2,3653
2009-05-06,3655,3728.9,3615,3640.5
2009-05-07,3651.4,3692.9,3635,3682.7
2009-05-08,3690,3717.4,3585.4,3626.55
2009-05-12,3541.1,3702.5,3537.2,3689.95
2009-05-13,3697.4,3723,3613.35,3638.4
2009-05-14,3570.15,3634.4,3550,3603.65
2009-05-15,3635.5,3699,3625.1,3684.35
2009-05-18,4052.8,4418,4052.8,4332.05
2009-05-19,4614,4620,4186.6,4342.9
2009-05-20,4290,4374,4260.05,4290.05
2009-05-21,4247.7,4328,4205,4219.95
2009-05-22,4195.8,4262.65,4163,4250.1
2009-05-25,4239.8,4275,4205,4232.25
2009-05-26,4236.8,4251.95,4090,4107.6
2009-05-27,4205.1,4294,4181.25,4278
2009-05-28,4270,4358.8,4270,4336.95
2009-05-29,4336.95,4336.95,4336.95,4336.95
2009-06-01,4511.4,4550,4465,4549.75
2009-06-02,4578,4578,4447.9,4530.35
2009-06-03,4565,4577.7,4480.5,4530
2009-06-04,4498.1,4591.8,4456,4582.3
2009-06-05,4600,4643.75,4560.3,4592.35
2009-06-08,4590.1,4604,4412,4433.95
2009-06-09,4399.9,4569.2,4385.1,4558.45
2009-06-10,4586.3,4696.75,4580.3,4664
2009-06-11,4650,4680,4591.05,4642.5
2009-06-12,4669.9,4703.5,4571,4587.9
2009-06-15,4541.5,4611,4481,4520
2009-06-16,4440,4548.85,4431,4528.6
2009-06-17,4499,4523,4325.05,4340
2009-06-18,4344,4382,4231.15,4282
2009-06-19,4296.05,4338.9,4202.2,4326
2009-06-22,4345,4355.5,4225,4226
2009-06-23,4158.4,4275,4155,4247.9
2009-06-24,4280,4318,4218,4305.2
2009-06-25,4349,4360.25,4226.25,4241.8
2009-06-26,4299,4392.1,4252.15,4384.5
2009-06-29,4391.25,4447,4346,4389
2009-06-30,4440,4440,4260.6,4289.75
2009-07-01,4310,4365.7,4240.6,4339.4
2009-07-02,4358.4,4376.75,4276.4,4345.8
2009-07-03,4315,4436.4,4305.1,4424.65
2009-07-06,4427,4482.8,4121.1,4156
2009-07-07,4180,4224.3,4148,4193
2009-07-08,4135.4,4148,4053.5,4065.05
2009-07-09,4074,4109.9,4033.35,4074.05
2009-07-10,4095.05,4129,3962.5,3993.7
2009-07-13,3963,3990,3905.7,3965.45
2009-07-14,4025,4135,4018.25,4112.85
2009-07-15,4151,4252.9,4117,4236.9
2009-07-16,4285,4291,4194,4224.85
2009-07-17,4265.6,4399.5,4256.2,4381.5
2009-07-20,4442.35,4517.95,4406.5,4505.6
2009-07-21,4486.15,4508,4438.1,4471.15
2009-07-22,4490,4569,4387.8,4413.15
2009-07-23,4455.1,4547,4455.1,4539.95
2009-07-24,4570.3,4589,4505.5,4578
2009-07-27,4601.3,4610,4525,4576.8
2009-07-28,4591.3,4608.9,4535.3,4562
2009-07-29,4550,4572.9,4415,4512.05
2009-07-30,4479,4572.6,4473,4571.45
2009-07-31,4631.1,4679,4585.1,4636.05
2009-08-03,4658.1,4730.5,4612.6,4729.9
2009-08-04,4707,4715,4635.2,4676
2009-08-05,4677.8,4721.8,4622.2,4696
2009-08-06,4682,4730,4552,4585.1
2009-08-07,4554,4581,4465.1,4467
2009-08-10,4541.3,4548,4388,4388.05
2009-08-11,4408,4515,4398.1,4464.45
2009-08-12,4412.55,4474,4351.2,4460
2009-08-13,4538,4623.8,4516.65,4611.1
2009-08-14,4600,4611.1,4552.2,4575.1
2009-08-17,4499.9,4503,4358,4372.6
2009-08-18,4400,4495,4360.15,4454.55
2009-08-19,4452.1,4471.4,4340.9,4386.05
2009-08-20,4444.95,4504,4440,4456.05
2009-08-21,4424,4546.95,4396.65,4536.2
2009-08-24,4599.7,4667.9,4590.15,4636
2009-08-25,4616.25,4681.8,4581.6,4659.95
2009-08-26,4682.5,4703,4653,4683.7
2009-08-27,4663,4712,4655,4688
2009-08-28,4705,4753.8,4643.2,4737.8
2009-08-31,4674,4709,4632.1,4673.4
2009-09-01,4691,4746.9,4596.1,4615.5
2009-09-02,4585.1,4660,4571.15,4618.2
2009-09-03,4639,4649.9,4575.1,4587.45
2009-09-04,4601,4712,4583,4695.65
2009-09-07,4720,4805,4694,4795.8
2009-09-08,4820.6,4845,4785.2,4802
2009-09-09,4787.8,4831.9,4780.25,4817.6
2009-09-10,4865,4889.9,4804.05,4818.45
2009-09-11,4851,4862,4795.05,4847.6
2009-09-14,4811.15,4838,4790,4822
2009-09-15,4846.1,4908.9,4838.85,4897.2
2009-09-16,4929.5,4972.5,4917.3,4968
2009-09-17,4992.5,5011,4955,4978.05
2009-09-18,4957.95,4988.8,4942,4982
2009-09-22,4975.1,5047.9,4972.1,5023
2009-09-23,5019.7,5026.9,4951,4963
2009-09-24,4930.1,4995.9,4908.25,4986.55
2009-09-25,4958,5007.55,4932,4967.25
2009-09-29,4997,5019.7,4983.55,5000.8
2009-09-30,4992,5080,4992,5073.55
2009-10-01,5064.7,5089.55,5040.1,5069
2009-10-05,5000,5054,4995.05,5008.5
2009-10-06,5030.4,5046.8,4918.1,5039.05
2009-10-07,5070,5080,4964.3,4974.85
2009-10-08,4999,5052,4972,5001.7
2009-10-09,5020,5027.5,4923.05,4931
2009-10-12,4942,5075,4937.3,5055
2009-10-14,5087,5129.9,5087,5120
2009-10-15,5144.65,5144.65,5067.55,5109.95
2009-10-16,5103,5149.75,5100.15,5147.1
2009-10-20,5162.7,5168.5,5091.1,5106.15
2009-10-21,5107.6,5122,5058.1,5070.8
2009-10-22,5053,5067.95,4972.6,5002.1
2009-10-23,5046.2,5053.8,4987.3,5007
2009-10-26,4999,5042.9,4965,4978.25
2009-10-27,4960,4964,4838,4842
2009-10-28,4823.25,4867.3,4792.05,4832.95
2009-10-29,4769,4826.55,4747.8,4750.25
2009-10-30,4845,4862.5,4692,4707.75
2009-11-03,4660.05,4734.9,4534.3,4536.25
2009-11-04,4585.3,4711.85,4581.2,4705.2
2009-11-05,4690,4785,4600,4770.95
2009-11-06,4814.95,4834.9,4755,4790.15
2009-11-09,4819.85,4909.7,4780.15,4906.1
2009-11-10,4942.9,4947.55,4850.05,4872.15
2009-11-11,4887.15,5024,4867.35,5013.95
2009-11-12,4998,5017,4917.55,4953.1
2009-11-13,4947.9,5023.7,4946.65,5002.65
2009-11-16,5041,5082.5,5038,5062.45
2009-11-17,5063.4,5073.9,5006,5063.4
2009-11-18,5042.7,5082,5035.25,5055.05
2009-11-19,5049,5049,4962.1,4986.6
2009-11-20,4961.2,5077.8,4937,5066.25
2009-11-23,5072.1,5119.45,5068.35,5108.3
2009-11-24,5099,5109,5050,5087.25
2009-11-25,5083.7,5139.8,5081.1,5108.25
2009-11-26,5094.4,5108,4978.15,5005.55
2009-11-27,4918,4960,4801,4946.3
2009-11-30,5003.05,5072.5,4990.1,5029.9
2009-12-01,5046.1,5139,5046.1,5132.05
2009-12-02,5147.7,5154,5103.7,5119
2009-12-03,5140.1,5191.55,5115.05,5132.45
2009-12-04,5090,5169.9,5078.3,5115.85
2009-12-07,5135,5135,5051.05,5069.65
2009-12-08,5057.1,5162.8,5057.1,5157.95
2009-12-09,5117.7,5151,5090.1,5122.5
2009-12-10,5107,5153.7,5084,5131.2
2009-12-11,5166,5188,5081.25,5111.6
2009-12-14,5105,5167.5,5090.5,5107.4
2009-12-15,5111.25,5125,5017.1,5031.25
2009-12-16,5019.4,5072,5004,5040.7
2009-12-17,5035,5068,5008.3,5036.45
2009-12-18,5018,5049,4972.1,4986.8
2009-12-21,4990,4995.6,4937.15,4948.55
2009-12-22,4967.1,4999.9,4967.1,4989.5
2009-12-23,4993,5161.9,4993,5156.85
2009-12-24,5159.95,5209.95,5136.4,5185.4
2009-12-29,5191.05,5224.8,5175,5194.15
2009-12-30,5185,5198.7,5155,5168.55
2009-12-31,5193.1,5229,5191.2,5201.05
2010-01-04,5225,5247,5210,5239.8
2010-01-05,5280,5295,5263.05,5281.2
2010-01-06,5303.25,5303.25,5266.25,5288.7
2010-01-07,5293,5293,5245.15,5266.35
2010-01-08,5270.5,5286,5236.4,5249.45
2010-01-11,5275,5295,5248.15,5256.1
2010-01-12,5260,5285,5200,5208.9
2010-01-13,5183.35,5248.4,5176.1,5243
2010-01-14,5260,5275,5244,5261.3
2010-01-15,5268,5271.9,5245.05,5254.4
2010-01-18,5239,5290,5232,5271.15
2010-01-19,5260.5,5274.95,5212.35,5220.7
2010-01-20,5233.9,5247,5195.05,5214.75
2010-01-21,5192.65,5207,5072.65,5084.55
2010-01-22,4990,5074,4946.2,5019.65
2010-01-25,4996,5039,4976,5002.05
2010-01-27,4933.7,4963.8,4832.6,4848.15
2010-01-28,4902.1,4935,4823.1,4867.25
2010-01-29,4826.15,4889.9,4757.85,4875.65
2010-02-01,4847.3,4924,4822.25,4899.45
2010-02-02,4937.25,4939.6,4807.05,4821.75
2010-02-03,4844.5,4949.9,4844.5,4925.8
2010-02-04,4904.7,4908.65,4824,4833.6
2010-02-05,4731.1,4754.8,4687,4708.25
2010-02-08,4723.7,4806.6,4667.25,4764.9
2010-02-09,4754,4818,4735,4793.35
2010-02-10,4814.65,4823.7,4740.1,4751.15
2010-02-11,4785.65,4849,4782,4828.85
2010-02-15,4837.9,4840,4777.05,4795.7
2010-02-16,4807.9,4893.5,4788,4865.2
2010-02-17,4907.9,4927.9,4878.05,4906.75
2010-02-18,4903.5,4914.8,4873.05,4886.8
2010-02-19,4840.35,4884.95,4797.35,4845.95
2010-02-22,4905.3,4917,4849,4856.6
2010-02-23,4832.3,4889,4830,4870.55
2010-02-24,4846.1,4884,4842.3,4862
2010-02-25,4870,4875.25,4832.2,4859.75
2010-02-26,4867,5002.4,4865.2,4930.35
2010-03-02,4979.9,5034.7,4967.05,5022.8
2010-03-03,5032.3,5089,5024.85,5081.1
2010-03-04,5072,5090,5050.3,5081.25
2010-03-05,5100,5116.8,5065.35,5087.55
2010-03-08,5133.6,5145,5105.2,5117.5
2010-03-09,5121,5124.7,5092.2,5097.05
2010-03-10,5097,5139.6,5095.65,5118.25
2010-03-11,5118.9,5160.9,5102.6,5146.85
2010-03-12,5168.8,5168.8,5126.15,5144.7
2010-03-15,5122.2,5136.25,5105.5,5131.9
2010-03-16,5134.95,5218.5,5128.15,5204.65
2010-03-17,5224.4,5271.9,5222.1,5239.6
2010-03-18,5244,5263.7,5221.4,5254.15
2010-03-19,5255.25,5281.9,5248.1,5274.7
2010-03-22,5200.3,5259.9,5180,5213.3
2010-03-23,5234.7,5241.9,5193.6,5226.7
2010-03-25,5214.95,5263.9,5204,5260.4
2010-03-26,5276,5309.9,5272.6,5296.95
2010-03-29,5291.5,5344,5279.4,5322.2
2010-03-30,5324.9,5331,5263.25,5273.9
2010-03-31,5279,5296.1,5245,5261.6
2010-04-01,5286.1,5319.75,5276.05,5304.95
2010-04-05,5329.8,5371.6,5322.5,5365.9
2010-04-06,5376,5387,5352.25,5367.1
2010-04-07,5380,5398,5343.3,5378.95
2010-04-08,5368,5370,5290.1,5301.6
2010-04-09,5307.1,5388.9,5307.1,5364.9
2010-04-12,5363.8,5377.8,5322.45,5343.8
2010-04-13,5328.75,5338,5308,5329.6
2010-04-15,5372.25,5377.5,5268.15,5277.3
2010-04-16,5264.9,5294.8,5246,5263.05
2010-04-19,5200,5226,5162.3,5207.4
2010-04-20,5217,5255.5,5207.95,5226.65
2010-04-21,5245,5265,5230.1,5245.15
2010-04-22,5220,5341.7,5217.05,5257.55
2010-04-23,5269,5315,5265.25,5313
2010-04-26,5346.8,5346.8,5310,5319.9
2010-04-27,5304.8,5333.9,5298.9,5309.05
2010-04-28,5252.25,5276.95,5198,5216.7
2010-04-29,5233.3,5257.45,5225.15,5254.15
2010-04-30,5263.8,5290,5252,5262.8
2010-05-03,5235,5245,5202.35,5225.7
2010-05-04,5224,5238,5128.15,5130.75
2010-05-05,5071.55,5133,5053,5130.4
2010-05-06,5112.35,5114.5,5025,5094.1
2010-05-07,5016,5043,4976.1,5019.8
2010-05-10,5080,5208.3,5080,5207
2010-05-11,5191.25,5191.25,5122,5132.95
2010-05-12,5131.3,5174.4,5088.25,5149.95
2010-05-13,5185.5,5218,5165.4,5183.2
2010-05-14,5163.2,5202,5058.2,5083.65
2010-05-17,5017.7,5074.8,4962.2,5058.05
2010-05-18,5055.55,5107.6,5017.95,5064.8
2010-05-19,5006.35,5019.7,4901,4925.1
2010-05-20,4946.25,4976.9,4915.25,4941.05
2010-05-21,4851,4943.7,4851,4927
2010-05-24,4990,5023,4910.55,4931.05
2010-05-25,4862.7,4875,4786.45,4809.35
2010-05-26,4855.3,4925,4854.85,4917.05
2010-05-27,4916,5004.45,4900.6,5003.1
2010-05-28,5025,5054.65,4996,5041
2010-05-31,5035.15,5071.7,5015.3,5056.2
2010-06-01,5045,5049.75,4933.5,4944.05
2010-06-02,4955,5019.9,4941.1,5004.35
2010-06-03,5070,5108.8,5061.55,5095.95
2010-06-04,5090.6,5134.9,5070.6,5119.95
2010-06-07,5011.35,5032,4985.2,5020.2
2010-06-08,5030.1,5054.5,4937.65,4960.7
2010-06-09,5053.1,5053.1,4953.1,4990.4
2010-06-10,5008.2,5093.5,5005,5086.1
2010-06-11,5129,5138,5092.1,5116.85
2010-06-14,5138.25,5209,5138.25,5204.8
2010-06-15,5201.25,5245.25,5173,5234.3
2010-06-16,5239.8,5249.45,5211,5226.45
2010-06-17,5232,5297,5206,5284.8
2010-06-18,5275,5296.8,5248.2,5261.15
2010-06-21,5325,5377.55,5316.3,5354.15
2010-06-22,5342.75,5358.95,5311.25,5320.3
2010-06-23,5303.4,5344,5296.1,5333.6
2010-06-24,5331.3,5353.2,5287.2,5320.55
2010-06-25,5298,5333.95,5273,5283.7
2010-06-28,5295,5345,5291.65,5339.95
2010-06-29,5322.8,5322.8,5240.1,5266.45
2010-06-30,5239,5323,5225.1,5318.95
2010-07-01,5269.95,5275,5231,5258.3
2010-07-02,5254,5284.8,5240,5250.85
2010-07-05,5239.9,5264.9,5234.4,5249.1
2010-07-06,5235.55,5313.9,5233.1,5300
2010-07-07,5287.95,5288.4,5235.6,5247.25
2010-07-08,5311.25,5339.5,5304.1,5309.45
2010-07-09,5330,5367.5,5325.5,5353
2010-07-12,5369,5399.85,5355.5,5381.2
2010-07-13,5375,5421.75,5358.6,5419
2010-07-14,5427,5453.65,5376.25,5382.05
2010-07-15,5390,5407.5,5362.25,5384.7
2010-07-16,5380.2,5404.8,5371.9,5398.25
2010-07-19,5373.95,5415.5,5369,5384.8
2010-07-20,5409.25,5412,5350,5353
2010-07-21,5382,5411.9,5377.1,5399.7
2010-07-22,5388,5459,5375.1,5453.6
2010-07-23,5475.2,5476,5428.25,5443.8
2010-07-26,5460,5463.55,5416.85,5419
2010-07-27,5435.35,5459,5410,5434.6
2010-07-28,5444,5445.35,5385.15,5393
2010-07-29,5397,5415,5382.55,5408.9
2010-07-30,5394.8,5418.9,5369.1,5374.3
2010-08-02,5407.8,5441.9,5402.35,5434.35
2010-08-03,5440.1,5447.9,5411.1,5435
2010-08-04,5442,5471.8,5422.25,5464
2010-08-05,5470.25,5483.35,5453.3,5455.25
2010-08-06,5451.8,5474.95,5431.35,5442.45
2010-08-09,5448,5489.4,5436.75,5482
2010-08-10,5462,5474.8,5440.1,5462
2010-08-11,5450,5468.05,5404.1,5405
2010-08-12,5371.7,5431.8,5363.6,5418.05
2010-08-13,5421,5478.8,5420,5458.35
2010-08-16,5453.05,5473.95,5393.05,5417.45
2010-08-17,5425,5443.9,5410.1,5428.7
2010-08-18,5424,5493.8,5418.05,5483.05
2010-08-19,5489.45,5533.7,5485.8,5528
2010-08-20,5515,5536.9,5507.05,5522.55
2010-08-23,5530,5542.9,5515.1,5536.9
2010-08-24,5540.1,5540.1,5480.15,5510.35
2010-08-25,5495,5503,5461,5469.85
2010-08-26,5470.25,5489,5458,5477.7
2010-08-27,5460.5,5489.9,5398.05,5415.75
2010-08-30,5445,5465,5391.35,5426.2
2010-08-31,5392,5413.8,5356,5403.7
2010-09-01,5420,5488,5412,5476.8
2010-09-02,5501.1,5509.9,5477.1,5489.85
2010-09-03,5500.05,5500.05,5471.05,5484.9
2010-09-06,5510.5,5589.25,5508.6,5576
2010-09-07,5584.95,5612.8,5572.05,5591.65
2010-09-08,5574,5623.8,5566.3,5597
2010-09-09,5615.6,5711.3,5597.2,5631.15
2010-09-13,5675.15,5777,5671.65,5763.2
2010-09-14,5765,5845,5758.3,5812
2010-09-15,5818,5875,5811.05,5861.5
2010-09-16,5841.6,5916,5826,5841.9
2010-09-17,5860.9,5914.8,5860.9,5904.05
2010-09-20,5944.8,6006,5900,5994.1
2010-09-21,6005.1,6046,5972.25,6015.25
2010-09-22,6035,6048,5953.05,6002.15
2010-09-23,6010.25,6017.8,5943.25,5967.6
2010-09-24,5965,6043.8,5960.6,6030.05
2010-09-27,6070.3,6093,6043.4,6053.8
2010-09-28,6049.65,6064.85,6003,6049.9
2010-09-29,6070.1,6075,5990.1,6000.4
2010-10-01,6065,6183.95,6050,6176
2010-10-04,6214.05,6248,6175.1,6185.5
2010-10-05,6181.25,6224.8,6168.8,6175
2010-10-06,6227,6243,6185.05,6211
2010-10-07,6205.05,6229.95,6134,6146.85
2010-10-08,6165,6168.8,6097.15,6133.45
2010-10-12,6149.95,6150.05,6083,6113.1
2010-10-13,6134,6281,6118.65,6275
2010-10-14,6299.25,6317.8,6181.05,6197.5
2010-10-15,6205,6224.75,6076.1,6080
2010-10-18,6074.4,6136,6007.6,6122.2
2010-10-19,6139,6166.4,6024.1,6044.15
2010-10-20,6017.8,6076.8,5987.65,6007.8
2010-10-21,6021.25,6152,6005.1,6135.15
2010-10-22,6140,6150,6057.6,6089.75
2010-10-25,6120.15,6180,6111,6136.2
2010-10-26,6125,6141,6094,6108.25
2010-10-27,6087.8,6101.95,6005,6031
2010-10-28,6031,6083.9,5976.1,5987.7
2010-10-29,6050,6065.9,5966.25,6040
2010-11-01,6105,6171.85,6090.6,6152.05
2010-11-02,6156,6174,6128.15,6155.95
2010-11-03,6184.7,6215,6176,6191.25
2010-11-04,6245,6310,6222,6301.55
2010-11-05,6341,6349,6316.6,6320.35
2010-11-08,6339.7,6340,6282.2,6300.5
2010-11-09,6297,6347,6261.55,6333.45
2010-11-10,6320,6332,6295,6308.3
2010-11-11,6315.1,6321,6209.4,6237
2010-11-12,6207.35,6241,6074,6084
2010-11-15,6089,6148.85,6060.25,6140.25
2010-11-16,6128,6134,5975.25,5994
2010-11-18,6018,6057,5925.35,6031.6
2010-11-19,6012.65,6013,5860.05,5890.15
2010-11-22,5930,6027.3,5907.25,6010
2010-11-23,5968,5968.45,5821.8,5941.3
2010-11-24,5945,5987.4,5835,5873.25
2010-11-25,5881,5909.2,5791.5,5799.75
2010-11-26,5845.65,5866.7,5727,5778.15
2010-11-29,5800,5864.2,5788,5848.5
2010-11-30,5850,5915,5776.95,5889.95
2010-12-01,5890,5991,5874.55,5982
2010-12-02,6025.05,6038.9,5991.1,6025.75
2010-12-03,6031.25,6035,5972.05,6016.75
2010-12-06,6035,6094,5988,6001.65
2010-12-07,6004.65,6021.7,5956,6009.5
2010-12-08,5985,5985,5894.25,5923.95
2010-12-09,5930.15,5941,5757,5779.9
2010-12-10,5765,5888,5748,5879.6
2010-12-13,5985,5985,5796.75,5931.45
2010-12-14,5931.45,5969.95,5906,5960.3
2010-12-15,5951,5954.7,5872.85,5895.1
2010-12-16,5905,5979.75,5863.1,5966.8
2010-12-20,5900,5999.9,5900,5959.05
2010-12-21,5976,6022,5971,6011.6
2010-12-22,6024.9,6043,5976.8,5999.55
2010-12-23,6006.5,6012,5981,5996.15
2010-12-24,5984.6,6041.75,5966.05,6037.2
2010-12-27,6039.95,6062.6,6005.2,6007.65
2010-12-28,6017.9,6027.7,5997.1,6014.15
2010-12-29,6016,6074.75,6015.05,6068.9
2010-12-30,6074,6105.5,6068,6101.85
2010-12-31,6131,6182,6131,6162.55
2011-01-03,6202.1,6207.35,6175,6182.35
2011-01-04,6197,6209.9,6146.7,6160.1
2011-01-05,6151.25,6151.25,6086.9,6104.2
2011-01-06,6129.25,6134,6046.3,6072.25
2011-01-07,6064.75,6072,5891.35,5914.15
2011-01-10,5924.7,5924.7,5746,5766.3
2011-01-11,5774.25,5841.8,5700,5770.3
2011-01-12,5805,5885,5711.65,5868
2011-01-13,5869,5869,5736.1,5761.25
2011-01-14,5765,5858.75,5638.1,5654
2011-01-17,5640,5704.6,5628.65,5657.15
2011-01-18,5678.2,5741.8,5672.35,5732.4
2011-01-19,5740,5753.95,5661.1,5689.15
2011-01-20,5656,5743.9,5632,5718.25
2011-01-21,5698,5717.7,5665,5700.6
2011-01-24,5705.25,5759.5,5695,5740.45
2011-01-25,5760,5795.8,5676.6,5684.25
2011-01-27,5704,5715,5597.35,5604.3
2011-01-28,5617,5622,5485,5536.55
2011-01-31,5475,5545,5438.1,5524.4
2011-02-01,5542,5542,5411.2,5429.15
2011-02-02,5491.25,5510,5421.7,5442.5
2011-02-03,5431,5545.9,5425,5538.95
2011-02-04,5528,5566.05,5356.5,5382
2011-02-07,5400,5444.5,5370.1,5394.05
2011-02-08,5411.25,5421,5303.6,5314.45
2011-02-09,5305,5347.9,5227.95,5260.95
2011-02-10,5250,5285,5210.2,5230.15
2011-02-11,5241,5329.9,5175.1,5312.9
2011-02-14,5346,5467.6,5336,5455.65
2011-02-15,5456,5504,5397.5,5476.1
2011-02-16,5481.15,5508.2,5458.6,5494
2011-02-17,5494,5550,5460.1,5546.3
2011-02-18,5566.2,5589,5436.1,5453.65
2011-02-21,5451,5539,5411,5528.15
2011-02-22,5500,5520,5428.15,5476.1
2011-02-23,5456.3,5501.8,5426.5,5435.75
2011-02-24,5418.55,5430,5251,5262.9
2011-02-25,5327.1,5347,5232.6,5313.8
2011-02-28,5327.1,5498.9,5310,5338
2011-03-01,5375,5555,5375,5554.95
2011-03-03,5506,5597.8,5477.3,5553.85
2011-03-04,5578,5611.7,5517.65,5535.95
2011-03-07,5500.05,5500.05,5400.25,5475.6
2011-03-08,5472,5548,5466.55,5536.25
2011-03-09,5553,5572.8,5477.65,5541.8
2011-03-10,5509.65,5515,5466.05,5504.65
2011-03-11,5469.5,5514.9,5413,5459.6
2011-03-14,5455.6,5562,5448.1,5555.3
2011-03-15,5389.9,5504.95,5375.6,5447.6
2011-03-16,5477.8,5553,5477,5523.85
2011-03-17,5485.5,5528.8,5450,5466.65
2011-03-18,5489.8,5502.2,5380,5386.85
2011-03-21,5410,5425,5357.25,5380.1
2011-03-22,5402,5448.6,5387.6,5434.15
2011-03-23,5415,5504.5,5415,5500.25
2011-03-24,5516,5553.45,5510.1,5545.8
2011-03-25,5582,5693,5571.1,5680.7
2011-03-28,5670.35,5729,5663.55,5699.65
2011-03-29,5695.25,5787.9,5695.25,5751.45
2011-03-30,5777.25,5817.95,5771,5799.4
2011-03-31,5811,5879.75,5782.5,5833.75
2011-04-01,5865.1,5884.7,5837,5861.35
2011-04-04,5874,5955.3,5850,5948
2011-04-05,6000,6000,5871.65,5926
2011-04-06,5933.05,5971.05,5880.3,5910.95
2011-04-07,5910,5932.4,5881.25,5902.1
2011-04-08,5904.95,5927,5831.6,5854.9
2011-04-11,5836.9,5848.6,5796.5,5803.65
2011-04-13,5758.8,5947.6,5750.65,5938.1
2011-04-15,5923.8,5923.8,5820.7,5834.15
2011-04-18,5831.5,5920.95,5727.1,5739
2011-04-19,5712,5781.95,5703,5760.3
2011-04-20,5800.25,5875,5767.25,5874
2011-04-21,5905.7,5931.65,5880.1,5903.55
2011-04-25,5890,5925,5875.55,5886.5
2011-04-26,5393.45,5907.9,5393.45,5881.1
2011-04-27,5902,5904.9,5820.1,5836.55
2011-04-28,5861,5861,5776.15,5785.45
2011-04-29,5789.8,5823.65,5720,5753.8
2011-05-02,5769,5790,5703.15,5719.1
2011-05-03,5698.7,5726,5560,5568.7
2011-05-04,5541.3,5592.9,5510.65,5538.05
2011-05-05,5532.55,5573,5443.55,5458.4
2011-05-06,5474.9,5574.5,5468,5547.95
2011-05-09,5579.8,5584.1,5501.55,5558.65
2011-05-10,5557,5605,5517,5545.8
2011-05-11,5553.8,5577.9,5523.5,5564.65
2011-05-12,5539,5577.7,5470.5,5481.35
2011-05-13,5488,5622.8,5465.2,5558.9
2011-05-16,5534,5537.35,5477.35,5488.7
2011-05-17,5491,5521.6,5422.55,5450
2011-05-18,5459.85,5463.55,5397.6,5427
2011-05-19,5439.85,5451.8,5404.45,5433.95
2011-05-20,5440,5522.4,5428.8,5484.6
2011-05-23,5439,5439.9,5364.75,5383.45
2011-05-24,5386,5417.8,5360,5387.85
2011-05-25,5374.6,5374.6,5328.55,5349.45
2011-05-26,5367,5414,5353.9,5412.55
2011-05-27,5415,5482,5415,5466.35
2011-05-30,5497,5497,5441,5467
2011-05-31,5485.25,5563.45,5480.15,5554.9
2011-06-01,5556.2,5594,5545.95,5592.5
2011-06-02,5534,5576.65,5531,5558.45
2011-06-03,5563,5608.5,5509.3,5523.5
2011-06-06,5506,5546.9,5475.3,5536.5
2011-06-07,5510.15,5577.65,5508.6,5562.7
2011-06-08,5539.7,5559,5511.3,5529.85
2011-06-09,5519,5544.05,5493,5522
2011-06-10,5518,5519.7,5450.25,5484.15
2011-06-13,5469.6,5511.45,5437.55,5498.5
2011-06-14,5502.25,5535,5495.5,5515.8
2011-06-15,5505,5505,5438.15,5450.6
2011-06-16,5406,5459.3,5392.6,5402.4
2011-06-17,5419.9,5424.9,5361.1,5372.7
2011-06-20,5374.9,5379.4,5182.4,5265
2011-06-21,5371.5,5371.5,5256.05,5277.85
2011-06-22,5306,5312,5267.8,5283.25
2011-06-23,5271,5337,5263.2,5316.2
2011-06-24,5346,5490.8,5335.55,5484.05
2011-06-27,5444.4,5559,5444.4,5534.2
2011-06-28,5548.8,5558.35,5491.8,5549.05
2011-06-29,5565,5612.9,5564,5608
2011-06-30,5621.15,5653.8,5603.55,5647.4
2011-07-01,5700.2,5702,5616.25,5632.85
2011-07-04,5659.9,5690,5642.3,5665.85
2011-07-05,5668,5670,5628.25,5651.1
2011-07-06,5642.6,5667.5,5617.5,5636.65
2011-07-07,5649.8,5751.6,5641,5744.6
2011-07-08,5760,5760,5661,5672.3
2011-07-11,5652.15,5659,5605.1,5620.25
2011-07-12,5587.3,5593.45,5502.15,5526
2011-07-13,5551,5609.9,5550,5608.25
2011-07-14,5574.4,5667.05,5546.1,5585.1
2011-07-15,5606,5640,5563.5,5591.25
2011-07-18,5590,5609,5560.05,5572.75
2011-07-19,5662.1,5662.1,5561.65,5624.3
2011-07-20,5651.2,5658.9,5554.05,5569.55
2011-07-21,5559.8,5586,5532.5,5547.05
2011-07-22,5590.1,5652.8,5573.25,5645.55
2011-07-25,5630,5709.8,5616.1,5690.65
2011-07-26,5700,5708.9,5555.55,5577.3
2011-07-27,5588.8,5588.8,5518.25,5547.95
2011-07-28,5500,5517.05,5473,5487.75
2011-07-29,5479.9,5531.45,5456.1,5488.05
2011-08-01,5544.45,5557.1,5488,5532.95
2011-08-02,5498.7,5498.7,5433.15,5466.5
2011-08-03,5418,5436.6,5386.5,5424.4
2011-08-04,5424.5,5440,5325.25,5337.2
2011-08-05,5191,5233.7,5114.7,5220
2011-08-08,5120.2,5208,5057.3,5126.2
2011-08-09,4964,5172,4951,5083.4
2011-08-10,5223,5223,5118.1,5158.65
2011-08-11,5130,5186.8,5122,5128
2011-08-12,5175,5181,5052,5074.5
2011-08-16,5125,5139.85,5006.4,5040
2011-08-17,5039.6,5125.7,5014,5066.75
2011-08-18,5055.65,5075.65,4926.4,4931.1
2011-08-19,4870,4903.3,4801.1,4850.85
2011-08-22,4850,4921.75,4816.1,4914
2011-08-23,4927,4973.2,4865.1,4947.4
2011-08-24,4930,4961.95,4867.3,4869.3
2011-08-25,4901.05,4912,4831.1,4839.6
2011-08-26,4855.3,4887.9,4718,4747.6
2011-08-29,4805,4948,4802.3,4933.15
2011-08-30,4976,5021.55,4924,5003
2011-09-02,5040,5072.1,4988.8,5034.1
2011-09-05,4994.15,5023,4954,5013.5
2011-09-06,4987,5072.25,4931.9,5061.1
2011-09-07,5095,5149,5078.25,5117.2
2011-09-08,5126,5174,5088.35,5155
2011-09-09,5150,5154.85,5042.5,5052.5
2011-09-12,4969.85,4979.4,4901,4942.45
2011-09-13,4972,5040,4903.85,4941
2011-09-14,4948,5032.8,4908,5029
2011-09-15,5041,5100,4957.2,5081.2
2011-09-16,5124.7,5155,5071,5087.6
2011-09-19,5055,5063,5017.3,5037.15
2011-09-20,5039,5167.8,5035.35,5156.7
2011-09-21,5150,5173.9,5113,5141.3
2011-09-22,5010.1,5061.95,4898.15,4913.9
2011-09-23,4879,4935,4818.6,4865.25
2011-09-26,4869.8,4879,4756.1,4840.1
2011-09-27,4909,4989.1,4905.5,4977.85
2011-09-28,4989,4995,4906.2,4936.65
2011-09-29,4925.05,5036.25,4902.5,5015.45
2011-09-30,4999.8,5031,4920.1,4931
2011-10-03,4869.8,4879,4813,4857.75
2011-10-04,4823,4884.75,4725.55,4779
2011-10-05,4791,4844,4747,4774
2011-10-07,4880,4939,4872.55,4898.6
2011-10-10,4911,5004,4890,4993.3
2011-10-11,5028.9,5055,4970,4982.45
2011-10-12,5010,5118.95,5001,5114.85
2011-10-13,5135,5140,5066.1,5068.9
2011-10-14,5060,5153.7,5056,5141.5
2011-10-17,5161,5162,5081,5122
2011-10-18,5053,5063.6,5013.3,5044.9
2011-10-19,5070,5157.5,5070,5146.35
2011-10-20,5098,5111,5033.2,5102.85
2011-10-21,5102,5131.4,5038.6,5068
2011-10-24,5130.1,5157.35,5092.7,5105
2011-10-25,5129.7,5192.85,5086.65,5191.6
2011-10-28,5376.55,5402.75,5341.25,5385.5
2011-10-31,5369.7,5377.9,5333.65,5347.1
2011-11-01,5321.6,5335,5261,5291.4
2011-11-02,5247.9,5334.9,5243,5280.2
2011-11-03,5258.5,5315,5221.15,5295.85
2011-11-04,5346,5353.95,5283.55,5316.85
2011-11-08,5316.9,5333.75,5270.1,5315.55
2011-11-09,5311,5331.95,5226.1,5230
2011-11-11,5189.85,5216,5161.3,5191.75
2011-11-14,5243.5,5248.95,5148,5155.85
2011-11-15,5133,5175.65,5063.75,5078.2
2011-11-16,5047,5080,4997.5,5044.9
2011-11-17,5052,5052,4915,4925.3
2011-11-18,4908.9,4924.9,4845.25,4914.6
2011-11-21,4874.75,4879,4768.6,4787
2011-11-22,4795,4860,4780.95,4805.3
2011-11-23,4773,4774.5,4632.25,4703.8
2011-11-24,4691,4768,4633.2,4756.45
2011-11-25,4750,4778.4,4688.55,4707.3
2011-11-28,4750,4874.8,4750,4870.3
2011-11-29,4872,4885,4788,4816.75
2011-11-30,4800,4862,4756.1,4832.35
2011-12-01,4978.45,5015.05,4936,4963.75
2011-12-02,4939,5094,4939,5080.7
2011-12-05,5062,5085.9,5022.2,5065.6
2011-12-07,5069.8,5134.65,5055,5086.1
2011-12-08,5049,5073.85,4938.35,4956.6
2011-12-09,4879,4942.65,4850.1,4885.9
2011-12-12,4912,4915,4762,4773.7
2011-12-13,4744,4839.7,4731.2,4811.35
2011-12-14,4800,4848,4751.05,4764.2
2011-12-15,4729,4784,4671.1,4757.4
2011-12-16,4774.9,4839.9,4624.5,4643.15
2011-12-19,4602.35,4634.4,4561.25,4623.85
2011-12-20,4630,4640,4538,4554.5
2011-12-21,4654,4725,4613.6,4711.5
2011-12-22,4673.55,4758,4640,4748.9
2011-12-23,4764.1,4777.8,4696.55,4720.6
2011-12-26,4728.9,4803.5,4720,4787.7
2011-12-27,4764.95,4808,4725.1,4750.9
2011-12-28,4744.9,4757,4682.6,4711.1
2011-12-29,4690,4702.55,4638.7,4646.25
2011-12-30,4689.9,4708.9,4614,4634.4
2012-01-02,4637.8,4656,4592.4,4648.1
2012-01-03,4680.55,4794.4,4680.55,4783.2
2012-01-04,4775.2,4799,4737.6,4760.2
2012-01-05,4759,4791.85,4740.1,4758.1
2012-01-06,4745,4821,4692.6,4771.95
2012-01-09,4748.35,4778,4705.15,4751.8
2012-01-10,4780,4876.3,4779.5,4870.3
2012-01-11,4805,4889,4805,4872.35
2012-01-12,4848,4888,4818.25,4852.2
2012-01-13,4870,4917.8,4844.25,4878.2
2012-01-16,4850,4899.7,4835.25,4891.1
2012-01-17,4925,4988.4,4912.55,4977
2012-01-18,4983,4983,4933.7,4957.5
2012-01-19,4996,5027.2,4991,5022.05
2012-01-20,5050,5064.8,5006.35,5047.85
2012-01-23,5034,5062.3,5034,5051.05
2012-01-24,5071.05,5149.5,5048.6,5120.45
2012-01-25,5150,5177.25,5130,5158.3
2012-01-30,5185,5190,5101.1,5112.1
2012-01-31,5135.1,5234,5130,5223.35
2012-02-01,5210.55,5271.5,5178.5,5262.15
2012-02-02,5280,5299.9,5232.3,5274.35
2012-02-03,5281.3,5357.5,5264.05,5345.55
2012-02-06,5391.3,5398,5332.6,5366.85
2012-02-07,5400,5414.8,5340,5355.2
2012-02-08,5366.6,5424.75,5343.35,5388.5
2012-02-09,5371.9,5451.65,5350.2,5437.05
2012-02-10,5424.8,5443,5350.2,5397.65
2012-02-13,5395.25,5444.5,5368.65,5418
2012-02-14,5404,5454,5395.6,5440.35
2012-02-15,5481.1,5564.45,5475,5552.55
2012-02-16,5531.2,5546.85,5501.55,5537.8
2012-02-17,5700,5700,5565,5589.6
2012-02-21,5571,5634.7,5569.9,5622.15
2012-02-22,5617.55,5632.65,5502.15,5518.1
2012-02-23,5509.75,5541.8,5465.45,5483.3
2012-02-24,5532,5564.15,5456.25,5487.45
2012-02-27,5462.5,5478,5326.2,5338.6
2012-02-28,5357.3,5459,5355.25,5441.5
2012-02-29,5485.15,5515.95,5399.45,5439.5
2012-03-01,5413.65,5427,5341,5390.75
2012-03-02,5405,5438,5351.45,5391.5
2012-03-05,5377,5377.35,5295,5318.55
2012-03-06,5292,5428,5232,5250.4
2012-03-07,5219,5279.15,5201,5258.7
2012-03-09,5318,5373.8,5311.65,5364.15
2012-03-12,5434,5434,5345.3,5388.75
2012-03-13,5401,5476,5370,5468.4
2012-03-14,5531.15,5542,5472,5506.1
2012-03-15,5495,5508.4,5397.35,5419.1
2012-03-16,5414.1,5482,5330.65,5342.7
2012-03-19,5355.05,5359.9,5258.6,5277.3
2012-03-20,5267,5326.8,5251,5297
2012-03-21,5289,5405,5275.6,5394.5
2012-03-22,5376.6,5410,5220.5,5240.05
2012-03-23,5252.25,5328.8,5231.3,5285.35
2012-03-26,5279.8,5279.8,5181,5191.3
2012-03-27,5245,5295,5188.15,5251.75
2012-03-28,5235,5247.25,5171,5197.4
2012-03-29,5155,5187.45,5133.5,5178.85
2012-03-30,5246,5346.9,5239,5333.25
2012-04-02,5300,5372,5300,5350.65
2012-04-03,5377,5402,5367.8,5383.25
2012-04-04,5361,5361,5324.75,5344.55
2012-04-09,5294,5301.9,5245.05,5253
2012-04-10,5261.15,5277.5,5226,5266.15
2012-04-11,5224,5292.25,5203.15,5251.35
2012-04-12,5274.7,5308.4,5260,5290.65
2012-04-13,5303.9,5330,5195.2,5221.1
2012-04-16,5188.9,5258,5182,5248.45
2012-04-17,5249.7,5325.3,5221.15,5319.6
2012-04-18,5347,5364.45,5312.25,5322.7
2012-04-19,5330.05,5366.15,5312.85,5356.2
2012-04-20,5310,5353.55,5000,5302
2012-04-23,5297,5314.65,5182.25,5198.6
2012-04-24,5199.8,5238.9,5186.2,5224.35
2012-04-25,5220,5235.4,5153.4,5198.6
2012-04-26,5221.15,5221.15,5174.95,5189
2012-04-27,5200,5250,5168.5,5210.8
2012-04-30,5229,5288,5226.15,5267.85
2012-05-02,5281.3,5301.7,5236.05,5246.95
2012-05-03,5224,5233.95,5189,5199.8
2012-05-04,5171.1,5181.4,5082.55,5097.95
2012-05-07,5024.35,5139.5,5001,5125.95
2012-05-08,5120,5126,4987.05,5005.6
2012-05-09,4970,5027.95,4954.95,4983.95
2012-05-10,4987,5045.8,4945.55,4966.8
2012-05-11,4938,4976.65,4900.1,4931.35
2012-05-14,4930,4950,4865.05,4888.25
2012-05-15,4860,4954.75,4860,4942.25
2012-05-16,4869,4878.55,4827.3,4856.9
2012-05-17,4872,4911.45,4830,4852.3
2012-05-18,4778,4906.3,4767.45,4888.95
2012-05-21,4896.65,4931.95,4882.4,4893.9
2012-05-22,4938,4940,4830.45,4841.2
2012-05-23,4827.7,4838.35,4782.2,4814.55
2012-05-24,4830.1,4924.9,4812.2,4913.1
2012-05-25,4905.4,4933,4877.25,4918.85
2012-05-28,4929,4987.7,4925.2,4975.4
2012-05-29,5011.3,5011.3,4966.1,4981.65
2012-05-30,4949.95,4964,4926.1,4933.05
2012-05-31,4900,4926.55,4880.2,4924.25
2012-06-01,4908.5,4914.55,4815,4824.55
2012-06-04,4775,4852,4760.5,4840.5
2012-06-05,4856,4878.8,4822.1,4846.3
2012-06-06,4882.65,4987.8,4882.65,4978.6
2012-06-07,5025,5037.4,4981,5029.35
2012-06-08,5009,5079,4965,5059.4
2012-06-11,5101.2,5124,5034.5,5052.6
2012-06-12,5025,5138,5022,5126.45
2012-06-13,5120,5144.85,5090.65,5123
2012-06-14,5113.15,5138.75,5046.25,5054.1
2012-06-15,5075.15,5156,5072.8,5147.7
2012-06-18,5180.5,5191,5031.35,5058.8
2012-06-19,5058,5120.9,5047.15,5110.6
2012-06-20,5114.3,5143.9,5096.25,5122.45
2012-06-21,5109.95,5178.5,5092.05,5173.85
2012-06-22,5110.1,5167.05,5090.6,5151.15
2012-06-25,5148.9,5202.9,5098.2,5109.3
2012-06-26,5101.1,5141.5,5093.35,5125.7
2012-06-27,5151.85,5162.15,5124,5139.65
2012-06-28,5154,5159,5121,5149.15
2012-06-29,5215.3,5309.75,5215.3,5297.35
2012-07-02,5311.25,5324.9,5278.15,5295.6
2012-07-03,5321.65,5333.7,5271.5,5305.75
2012-07-04,5317.7,5331.85,5287.35,5322.65
2012-07-05,5311.35,5354.5,5307.5,5344.5
2012-07-06,5334.8,5340,5297.4,5327.2
2012-07-09,5310,5318,5263,5279.4
2012-07-10,5284.9,5363.7,5280,5358.15
2012-07-11,5326.3,5352.15,5312.6,5322.9
2012-07-12,5270,5279.95,5228.65,5251.4
2012-07-13,5256.85,5276.9,5228.8,5240.45
2012-07-16,5175.05,5261.05,5175.05,5206.85
2012-07-17,5245.25,5248,5188.2,5198.65
2012-07-18,5209,5237.25,5177.2,5223.55
2012-07-19,5260.6,5268.35,5242.5,5257
2012-07-20,5241.85,5248.5,5205.7,5216.6
2012-07-23,5173.25,5174,5111.55,5120.4
2012-07-24,5112,5152.95,5107.25,5135.35
2012-07-25,5124.65,5126,5078.25,5112.55
2012-07-26,5124,5124,5034.1,5043
2012-07-27,5144.45,5179.75,5095.5,5123.55
2012-07-30,5157,5224,5150.25,5216.7
2012-07-31,5242.65,5247,5168,5240.55
2012-08-01,5239,5266.8,5229,5256.3
2012-08-02,5248,5252.9,5222.1,5246.7
2012-08-03,5100,5246.75,5100,5241.05
2012-08-06,5287.15,5309.9,5278.1,5296.85
2012-08-07,5301,5366.8,5295.05,5347.7
2012-08-08,5355.05,5393.55,5345.5,5354.75
2012-08-09,5365,5384,5332,5350.05
2012-08-10,5341,5359.9,5320.1,5345.1
2012-08-13,5338,5377.7,5326.85,5371.9
2012-08-14,5369.9,5416.9,5355.55,5406.85
2012-08-16,5408,5410,5376.2,5382
2012-08-17,5385.05,5423.6,5351.55,5382.35
2012-08-21,5385,5447.05,5373.05,5441.9
2012-08-22,5405.65,5454.75,5405.65,5431.1
2012-08-23,5444,5462.95,5403.15,5427.15
2012-08-24,5412,5414,5381.05,5402.7
2012-08-27,5403.25,5406.45,5358.1,5362.4
2012-08-28,5361.65,5365.5,5320.95,5346.05
2012-08-29,5350,5350,5292.5,5296.6
2012-08-30,5280,5319,5258.7,5315.05
2012-08-31,5321,5328,5268.95,5291.65
2012-09-03,5301.2,5324.3,5272.3,5282.9
2012-09-04,5283.5,5304.8,5258.65,5299.4
2012-09-05,5275,5279.95,5240.9,5253.35
2012-09-06,5238,5285.9,5237,5261.1
2012-09-07,5329.95,5362.75,5326,5359.1
2012-09-10,5383.7,5386.7,5358.5,5371.65
2012-09-11,5359.7,5409,5335,5405.35
2012-09-12,5423.2,5452.9,5402.45,5446.95
2012-09-13,5450,5454.95,5435.35,5450.7
2012-09-14,5530.05,5597.7,5530.05,5584.9
2012-09-17,5670.1,5670.1,5593.5,5616.7
2012-09-18,5614,5631.65,5601.2,5612.25
2012-09-20,5552,5594.6,5551.25,5571
2012-09-21,5583.85,5735.55,5583.85,5707.05
2012-09-24,5728.9,5728.9,5675.5,5681.65
2012-09-25,5688.95,5708.85,5661.9,5683
2012-09-26,5663.9,5678.25,5643.6,5669.85
2012-09-27,5700,5700,5644,5649.5
2012-09-28,5714.9,5766.05,5711,5729.55
2012-10-01,5725.6,5759,5718,5754.15
2012-10-03,5763.7,5773,5741.75,5768.25
2012-10-04,5785,5842,5780,5825.7
2012-10-05,5855.6,5855.6,5732.4,5776.55
2012-10-08,5765,5775,5694.25,5701
2012-10-09,5732,5756.75,5696.8,5723.9
2012-10-10,5692.3,5710.75,5666.9,5672.45
2012-10-11,5669,5749,5656.3,5739.35
2012-10-12,5717.9,5742.7,5678,5686.55
2012-10-15,5687,5715,5664.4,5702.75
2012-10-16,5725,5732,5637.4,5651.55
2012-10-17,5686.15,5694.85,5645.55,5669.5
2012-10-18,5685.55,5743.95,5664.8,5736.45
2012-10-19,5717,5721.5,5665,5688.3
2012-10-22,5670,5730.55,5666.45,5724.75
2012-10-23,5715,5721.8,5683.4,5695.5
2012-10-25,5687,5717.95,5681.4,5705.3
2012-10-26,5711.1,5727.9,5673.45,5699.3
2012-10-29,5708,5729.85,5678.35,5702.1
2012-10-30,5694.8,5724.8,5619.15,5628
2012-10-31,5629,5651.8,5613.2,5646.1
2012-11-01,5637.7,5684.8,5628.9,5676
2012-11-02,5709.95,5747.95,5700,5739.55
2012-11-05,5759.95,5759.95,5710.95,5739.65
2012-11-06,5728,5774.8,5728,5766.65
2012-11-07,5760.05,5818.8,5742.5,5793.25
2012-11-08,5744.7,5776.8,5740,5765.2
2012-11-09,5756.2,5782.1,5702.6,5720.6
2012-11-12,5717.3,5733,5693.1,5711.1
2012-11-13,5698.8,5708,5671,5680.7
2012-11-15,5655,5661.5,5620,5649.15
2012-11-16,5648,5664,5568,5580.55
2012-11-19,5588,5603.6,5561.55,5589.65
2012-11-20,5611.1,5616.65,5555.55,5583.85
2012-11-21,5590.1,5628,5569.7,5622.1
2012-11-22,5627,5657.65,5614,5640.45
2012-11-23,5647.3,5647.5,5597.2,5633.35
2012-11-26,5651.1,5654.9,5629.75,5642.75
2012-11-27,5658,5738,5656.5,5732.05
2012-11-29,5734.6,5837.8,5734.6,5825
2012-11-30,5891.1,5926,5868.05,5909.05
2012-12-03,5915.35,5933,5888,5911.6
2012-12-04,5901,5928,5892,5923.65
2012-12-05,5945.3,5958.85,5928.1,5940.45
2012-12-06,5953,5984.65,5870.1,5970.65
2012-12-07,5979.95,5979.95,5921.75,5944.9
2012-12-10,5944,5955,5923.8,5942.45
2012-12-11,5957.35,6002.85,5897.55,5928.4
2012-12-12,5940.55,5963.2,5915.65,5928.25
2012-12-13,5937.45,5939,5865.35,5876.45
2012-12-14,5884.95,5922.8,5871.9,5914.9
2012-12-17,5902.7,5907.7,5881.1,5889.35
2012-12-18,5904,5950,5838.05,5928.9
2012-12-19,5951.1,5961.4,5935.1,5946.9
2012-12-20,5940.05,5949.7,5895.05,5931.15
2012-12-21,5900,5905,5847.4,5853.4
2012-12-24,5871.35,5877.55,5853.5,5865.55
2012-12-26,5871,5926.45,5864.5,5913.75
2012-12-27,5925.6,5931.55,5867.6,5870.5
2012-12-28,5932.5,5960,5930,5954.55
2012-12-31,5979,5979,5942.25,5951.75
2013-01-01,5958,6017.45,5958,6007.5
2013-01-02,6007.5,6049.9,6007.5,6035.65
2013-01-03,6058.15,6058.15,6026.6,6039.55
2013-01-04,6031.05,6052.5,6012.5,6048
2013-01-07,6052.5,6059,6013.65,6023.7
2013-01-08,6015.05,6050.4,5993,6043.3
2013-01-09,6040,6048.6,5981.35,5998.75
2013-01-10,6018,6034,5983.75,6003.6
2013-01-11,6027.25,6038,5969.15,5977.3
2013-01-14,5988,6067.25,5985.1,6057.5
2013-01-15,6059,6096,6036.55,6081.3
2013-01-16,6069.4,6075.55,6011.1,6019.25
2013-01-17,6025,6072.45,6000.1,6054.45
2013-01-18,6075,6094.5,6060.15,6074.85
2013-01-21,6089.85,6107.5,6070.5,6096.45
2013-01-22,6101.3,6109,6054.5,6061.55
2013-01-23,6068,6079.95,6028.2,6069.15
2013-01-24,6064.85,6068.45,6009.85,6019.75
2013-01-25,6028.25,6082.55,6014.9,6073.7
2013-01-28,6080.25,6091.3,6063.5,6077.2
2013-01-29,6071,6120,6041.2,6049.4
2013-01-30,6072,6076.15,6047.85,6060.3
2013-01-31,6067.8,6067.8,6027.4,6034.75
2013-02-01,6068.95,6078,6026.6,6036.1
2013-02-04,6050,6063.75,5990.3,5996.3
2013-02-05,5969.8,5993.1,5964.25,5974.45
2013-02-06,5988.25,5993.65,5966.2,5972.9
2013-02-07,5955,5992.45,5940.1,5961.1
2013-02-08,5960,5973.45,5900,5921.8
2013-02-11,5915,5937,5905,5921.35
2013-02-12,5911.55,5947.25,5903,5941.4
2013-02-13,5948,5979.25,5926.65,5936.55
2013-02-14,5941.9,5950.2,5889.05,5900.2
2013-02-15,5889.7,5909,5858.65,5892.65
2013-02-18,5895,5921.25,5884.15,5904.6
2013-02-19,5906.5,5961,5888.2,5953.4
2013-02-20,5970.25,5974.4,5948.1,5963.85
2013-02-21,5929,5939,5846.6,5853.45
2013-02-22,5825.55,5883.25,5825,5853.95
2013-02-25,5868.75,5899,5822,5857.8
2013-02-26,5832.6,5838,5755.25,5767
2013-02-27,5781.15,5817.45,5748.8,5797.9
2013-02-28,5839.7,5842.2,5673.9,5693.05
2013-03-01,5718.95,5757.4,5703.25,5729.95
2013-03-04,5718.4,5725,5678.1,5716.85
2013-03-05,5732.55,5808.4,5729.75,5802.8
2013-03-06,5821.55,5849.8,5813.65,5841.35
2013-03-07,5830,5903.35,5816.15,5889.4
2013-03-08,5908,5981.55,5901,5968.3
2013-03-11,5967.65,5990.1,5948,5957.4
2013-03-12,5962.4,5975,5914.1,5937.25
2013-03-13,5909.8,5916,5858,5867.75
2013-03-14,5861.6,5949.9,5805.05,5939.75
2013-03-15,5945,5967.4,5880,5897.1
2013-03-18,5844.7,5869.7,5834.9,5851.4
2013-03-19,5863,5869.45,5736.55,5751.9
2013-03-20,5735,5758.55,5701,5715.5
2013-03-21,5729.9,5772,5655.05,5664.45
2013-03-22,5660,5707.6,5641.95,5668.4
2013-03-25,5700,5717.2,5633.9,5645.05
2013-03-26,5624,5658.8,5619.55,5640.35
2013-03-28,5635.25,5684.55,5604,5682.55
2013-04-01,5716.35,5743,5696.1,5726.55
2013-04-02,5711,5773.35,5704.6,5766.6
2013-04-03,5746,5763.2,5666.4,5688.1
2013-04-04,5657.75,5658.5,5583.3,5593.2
2013-04-05,5586,5594,5552.8,5572.05
2013-04-08,5550,5587.2,5550,5559
2013-04-09,5584.9,5622.4,5494,5500.85
2013-04-10,5529,5577.65,5480.3,5563.85
2013-04-11,5595,5617.85,5542.2,5594.8
2013-04-12,5529,5563,5515.1,5535.2
2013-04-15,5510,5600.95,5503.15,5568.05
2013-04-16,5549,5708,5538.9,5696.35
2013-04-17,5709.95,5733.45,5666.2,5694.2
2013-04-18,5719.9,5796.7,5685.45,5783
2013-04-22,5816.3,5843.1,5791,5832.85
2013-04-23,5833.45,5852.45,5795.6,5843
2013-04-25,5898.4,5924.35,5861,5916.3
2013-04-26,5919,5920,5877.15,5887.75
2013-04-29,5894,5934.9,5884.65,5918.2
2013-04-30,5950,5965.9,5867,5929
2013-05-02,5936,6024.95,5930,6007.4
2013-05-03,6000.1,6006,5937.45,5948.25
2013-05-06,5960,5981.4,5930.2,5971.3
2013-05-07,5988.2,6057,5985.05,6050.3
2013-05-08,6067.2,6089.9,6025.3,6075.2
2013-05-09,6090,6090,6038.1,6048.95
2013-05-10,6053,6118,6045.45,6108.35
2013-05-13,6114.85,6119,5986.1,5994.45
2013-05-14,5994.5,6039.9,5980.5,6006
2013-05-15,6026.6,6168.9,6026.25,6161.5
2013-05-16,6159.95,6198,6143.55,6178.05
2013-05-17,6185.1,6209.2,6152.55,6196.1
2013-05-20,6206.1,6239,6154.35,6164.85
2013-05-21,6168.55,6189.6,6106,6116.9
2013-05-22,6134,6154,6081.3,6104.05
2013-05-23,6078,6079.9,5952.6,5966.1
2013-05-24,6000,6011.45,5936.1,5985.4
2013-05-27,5988.75,6100,5972.75,6083.45
2013-05-28,6071,6127,6048.1,6109.4
2013-05-29,6113.4,6113.4,6055.55,6090.25
2013-05-30,6052,6131,6052,6124.05
2013-05-31,6119,6119,5991,6000.05
2013-06-03,6020,6080.15,5925,5959.2
2013-06-04,5948.25,5994.9,5921,5932.35
2013-06-05,5920.55,5951.9,5896.25,5938.3
2013-06-06,5900,5969.25,5878.3,5936.85
2013-06-07,5933.5,5989.95,5883.1,5895.2
2013-06-10,5920.1,5939.7,5867.25,5893.35
2013-06-11,5868,5877.45,5793.6,5801.65
2013-06-12,5778.9,5808.8,5747.2,5771.9
2013-06-13,5720.25,5738.45,5692.25,5705.45
2013-06-14,5769,5823.45,5735,5805.95
2013-06-17,5818.5,5852,5770,5847.75
2013-06-18,5839.9,5867.4,5800.2,5812
2013-06-19,5802.65,5829.1,5776.15,5822.7
2013-06-20,5749.5,5750,5640.25,5648.45
2013-06-21,5629.9,5682,5613.9,5661.85
2013-06-24,5628,5628,5556.6,5588.3
2013-06-25,5603,5667.55,5568.55,5608.3
2013-06-26,5620,5630.6,5571,5581.1
2013-06-27,5639.4,5702.9,5627.05,5682.35
2013-06-28,5761.15,5852,5761.15,5841.45
2013-07-01,5829.9,5896.5,5825.05,5892.2
2013-07-02,5878,5889.8,5850.1,5859.05
2013-07-03,5816.4,5816.4,5755,5767.85
2013-07-04,5793.95,5854.6,5781,5840.1
2013-07-05,5870.1,5904.8,5858.4,5874.95
2013-07-08,5837.4,5844,5772.6,5829.25
2013-07-09,5850.55,5876.9,5842.2,5868.35
2013-07-10,5877,5887,5808,5822.05
2013-07-11,5898.15,5963,5893,5941.35
2013-07-12,6004.9,6021,5951,6007.25
2013-07-15,6005.6,6044.75,5984.45,6032.6
2013-07-16,6032,6032,5844.4,5969.7
2013-07-17,5982.85,5998.8,5932.05,5970.85
2013-07-18,5986.25,6066.2,5981.1,6052.4
2013-07-19,6054,6074.4,6034.05,6042.55
2013-07-22,6028.8,6072.9,6017.95,6043.55
2013-07-23,6077,6107.25,6069.6,6087
2013-07-24,6046.55,6059,5971.2,6002.7
2013-07-25,5980.2,5994.7,5899.05,5907.5
2013-07-26,5955,5974.25,5907.5,5925.25
2013-07-29,5915.55,5924,5871,5877.35
2013-07-30,5883.3,5905,5787.3,5797.55
2013-07-31,5780,5792.5,5715,5781.05
2013-08-01,5799,5841,5701,5762.05
2013-08-02,5779,5787.3,5681.6,5705.55
2013-08-05,5720,5762.7,5695.55,5723.6
2013-08-06,5687.85,5688.95,5546.05,5573.35
2013-08-07,5578,5603,5515.8,5554.15
2013-08-08,5552.15,5602,5541.5,5589.7
2013-08-12,5598.5,5658.95,5568.1,5621.75
2013-08-13,5607,5717,5589.15,5711.35
2013-08-14,5719.9,5759,5698.45,5748.3
2013-08-16,5716.6,5725,5493.35,5505
2013-08-19,5500,5500,5367.05,5416.75
2013-08-20,5404.9,5419.9,5200,5398.25
2013-08-21,5492,5498.7,5257.6,5291.6
2013-08-22,5260,5425,5250,5414.3
2013-08-23,5420,5467.95,5370.3,5460.7
2013-08-26,5482.5,5526.75,5442.4,5467.1
2013-08-27,5409.9,5424.8,5256.9,5284.8
2013-08-28,5218.7,5318.7,5108.25,5288.95
2013-08-29,5328,5427,5298.3,5409.05
2013-08-30,5400,5482.75,5356,5456.75
2013-09-02,5464.1,5568,5458.25,5554.6
2013-09-03,5555,5572,5323.2,5344.55
2013-09-04,5338,5475,5318.75,5458.05
2013-09-05,5551.6,5640.05,5545,5607.15
2013-09-06,5621,5706.9,5581.75,5697.8
2013-09-10,5772.25,5916.35,5771.15,5907.15
2013-09-11,5889,5954.7,5851.35,5939.65
2013-09-12,5954,5955,5825,5860.45
2013-09-13,5835.5,5908.75,5822.2,5875.9
2013-09-16,5976,6029,5814.2,5862.25
2013-09-17,5850,5888.15,5821,5880.5
2013-09-18,5890,5945.8,5865.1,5931.45
2013-09-19,6077.7,6174.8,6072,6145.75
2013-09-20,6130,6154.55,5950.2,6037.5
2013-09-23,5983.8,6011.15,5887.85,5914.4
2013-09-24,5899.9,5962.75,5875.4,5914.35
2013-09-25,5920,5923.9,5820.95,5889
2013-09-26,5893.9,5923.8,5867.2,5882.25
2013-09-27,5951.25,5959.65,5875,5888.15
2013-09-30,5846,5854.85,5774,5791.45
2013-10-01,5806.65,5837,5754.05,5828.45
2013-10-03,5860,5996,5846.1,5966.8
2013-10-04,5945.05,6008.95,5926.1,5950.9
2013-10-07,5937.7,5949.8,5856.5,5943.2
2013-10-08,6000,6021,5944.25,5959.45
2013-10-09,5918,6057.95,5905,6048.5
2013-10-10,6038,6073.8,6005.55,6059.8
2013-10-11,6139.9,6143.15,6072,6130.5
2013-10-14,6117.35,6154.9,6104.3,6143.35
2013-10-15,6175,6193.6,6077.6,6110.65
2013-10-17,6123,6139,6058.8,6071
2013-10-18,6090,6224,6088.25,6210.45
2013-10-21,6220,6239,6182.5,6226.15
2013-10-22,6210,6236,6197.3,6222.65
2013-10-23,6230.3,6230.3,6126.05,6190.3
2013-10-24,6180.25,6267.75,6147.25,6173.8
2013-10-25,6152.35,6188.4,6130.1,6151.55
2013-10-28,6170.15,6181,6097.7,6105.3
2013-10-29,6100,6237.7,6080,6228.95
2013-10-30,6245.15,6276,6222.85,6250.9
2013-10-31,6238,6302.6,6233.1,6299.15
2013-11-01,6315.05,6369.95,6312.2,6358.7
2013-11-05,6335.15,6356.25,6284.45,6298.8
2013-11-06,6303.95,6307.75,6252.85,6259.15
2013-11-07,6265,6338.65,6221.35,6227.3
2013-11-08,6217.35,6227,6165.25,6186.6
2013-11-11,6147,6189,6113.25,6126.85
2013-11-12,6138,6153.9,6063.6,6071.55
2013-11-13,6042.35,6088,6008.1,6033
2013-11-14,6080.25,6137.95,6071.3,6088.95
2013-11-18,6162.6,6227.7,6151.15,6217.05
2013-11-19,6215.1,6240,6182.5,6230.5
2013-11-20,6209.9,6234.45,6129.25,6149.05
2013-11-21,6109.7,6114.5,6003,6018.5
2013-11-22,6044.9,6067,5983,6015.25
2013-11-25,6060.1,6141.5,6050,6133.9
2013-11-26,6108.9,6122.25,6063.15,6071.95
2013-11-27,6062,6087.4,6038,6069.7
2013-11-28,6101,6120,6062.55,6091.85
2013-11-29,6162,6243.4,6148.8,6225.5
2013-12-02,6215,6274.15,6215,6263.75
2013-12-03,6239.4,6264.8,6223,6248.4
2013-12-04,6223.55,6253.2,6184.4,6199.15
2013-12-05,6301.55,6341.4,6267.1,6279.95
2013-12-06,6285.25,6319.7,6267.4,6303.75
2013-12-09,6425.65,6480,6375.5,6391.75
2013-12-10,6317.35,6417,6317.35,6369.5
2013-12-11,6350.15,6359,6311.8,6343.45
2013-12-12,6317.8,6318,6257,6264.95
2013-12-13,6224.7,6234.55,6189.55,6197.75
2013-12-16,6193.7,6203.7,6168.45,6179.7
2013-12-17,6216.25,6217.65,6153,6160.85
2013-12-18,6152.85,6263.85,6151.1,6249.65
2013-12-19,6284.9,6289.6,6161.1,6177.8
2013-12-20,6179.7,6301.6,6170,6292.35
2013-12-23,6309,6334,6289.3,6302.35
2013-12-24,6310.2,6312.95,6272,6281.7
2013-12-26,6283.3,6305.65,6266.1,6278.9
2013-12-27,6340,6383,6335,6372.05
2013-12-30,6385,6389.55,6322.05,6334.7
2013-12-31,6352,6380,6339,6354.7
2014-01-01,6364.95,6369.9,6345.2,6358.15
2014-01-02,6354.75,6408.7,6246.05,6257.75
2014-01-03,6224.8,6261,6201,6251.75
2014-01-06,6240,6249,6203,6229.2
2014-01-07,6248,6260,6172.65,6195.85
2014-01-08,6207,6217.85,6184.2,6197.5
2014-01-09,6197.55,6203.95,6161.65,6184.45
2014-01-10,6182.8,6269,6156,6178.25
2014-01-13,6201.25,6301.6,6201.25,6285.3
2014-01-14,6284,6289.5,6243.65,6256.5
2014-01-15,6270.8,6336,6267.4,6331.1
2014-01-16,6330,6351.7,6304.85,6329.85
2014-01-17,6305.05,6338.55,6247.05,6261.65
2014-01-20,6268.3,6332,6248,6320.15
2014-01-21,6328.45,6342,6305,6326.4
2014-01-22,6329,6366,6291.6,6353
2014-01-23,6334.8,6369.2,6322.05,6357.8
2014-01-24,6317.5,6338.65,6266.4,6276.15
2014-01-27,6195,6209.8,6142.5,6148.05
2014-01-28,6145,6171.8,6086.3,6139.4
2014-01-29,6165,6175.55,6107.1,6120.8
2014-01-30,6059.9,6078.1,6025.1,6073.7
2014-01-31,6115,6134.85,6090,6112
2014-02-03,6087.35,6102.7,6034,6039.7
2014-02-04,6000,6048.8,5957.25,6037.85
2014-02-05,6025.5,6055,5982.1,6048.95
2014-02-06,6052.65,6068.15,5975.2,6048.3
2014-02-07,6092.1,6099.6,6036.1,6075.05
2014-02-10,6088.25,6107,6054.45,6064.6
2014-02-11,6088,6095,6066,6072.75
2014-02-12,6102,6126,6088.7,6099.75
2014-02-13,6103.25,6108.55,5997,6005.45
2014-02-14,6022,6064.9,5992.35,6058
2014-02-17,6079.6,6098.95,6045,6091.2
2014-02-18,6087.65,6156.7,6082.1,6138.8
2014-02-19,6135.1,6167.4,6129.2,6159.05
2014-02-20,6131,6139.3,6102.85,6107.95
2014-02-21,6125,6169.85,6118,6163.95
2014-02-24,6155,6199.25,6142.35,6193.2
2014-02-25,6213.25,6223.3,6178.5,6209.05
2014-02-26,6206.15,6243.4,6206.15,6238.8
2014-03-03,6280,6292.9,6228,6239.45
2014-03-04,6250,6339.4,6245,6333.85
2014-03-05,6358.95,6361.65,6306.85,6352.3
2014-03-06,6372.6,6436.45,6358.3,6430.1
2014-03-07,6447,6562.95,6439.55,6549.7
2014-03-10,6525,6594.2,6520.15,6567.55
2014-03-11,6575,6587.65,6522,6545.3
2014-03-12,6528.25,6579.45,6515.05,6549.25
2014-03-13,6555,6588.8,6503.15,6519.6
2014-03-14,6479.95,6553.9,6461.4,6538.85
2014-03-18,6555.15,6602.8,6522.55,6547.5
2014-03-19,6563.9,6573.3,6531.1,6550.2
2014-03-20,6530,6549.9,6489.6,6502.55
2014-03-21,6530.05,6537,6506.4,6510.7
2014-03-24,6535.6,6611.65,6532.2,6598.85
2014-03-25,6597.9,6610.9,6581.55,6605.95
2014-03-26,6640.25,6641,6588.4,6612.55
2014-03-27,6610.05,6681.65,6603.6,6641.75
2014-03-28,6708.6,6735.8,6685.2,6728.65
2014-03-31,6759.95,6765.9,6706.95,6739.65
2014-04-01,6765,6767.65,6705.55,6756.25
2014-04-02,6773.25,6798.25,6753.55,6790.2
2014-04-03,6797.8,6799.65,6736,6768.45
2014-04-04,6765.5,6774.9,6731.5,6744.2
2014-04-07,6748.1,6769,6696.85,6736.7
2014-04-09,6773.1,6847,6748.05,6835.5
2014-04-10,6837,6861.25,6810.2,6825.05
2014-04-11,6775,6823.65,6775,6803.55
2014-04-15,6900,6900,6735.15,6753.95
2014-04-16,6745,6780,6688.5,6697.3
2014-04-17,6715,6805.95,6704.05,6799.95
2014-04-21,6810,6849.6,6801.2,6838.15
2014-04-22,6823.65,6848.95,6817.25,6829.6
2014-04-23,6829.85,6858.9,6824.2,6840.8
2014-04-25,6900,6902,6806,6826.3
2014-04-28,6808,6843.5,6795.1,6820
2014-04-29,6822.7,6822.7,6742.3,6760.3
2014-04-30,6781,6829.8,6692,6726.45
2014-05-02,6750,6778.55,6720.1,6726.7
2014-05-05,6720.05,6777.8,6711.05,6735.5
2014-05-06,6757.95,6774.7,6726.5,6746.7
2014-05-07,6744.85,6749,6671,6681.65
2014-05-08,6720,6720,6661.65,6680.95
2014-05-09,6679,6898,6670.9,6887.4
2014-05-12,6911.65,7052,6911.6,7043.05
2014-05-13,7121.35,7203,7078.8,7135.3
2014-05-14,7150,7171.5,7107.7,7141.05
2014-05-15,7139.9,7182.1,7111,7143.1
2014-05-16,7351.1,7625,7159.9,7244.4
2014-05-19,7303.35,7323.9,7216.5,7279.9
2014-05-20,7304.95,7347.6,7267,7300.6
2014-05-21,7265.1,7316.95,7235.25,7280
2014-05-22,7311,7337.4,7278.8,7293.7
2014-05-23,7329,7395,7306.6,7382.1
2014-05-26,7450.05,7513.95,7267,7361.8
2014-05-27,7361,7365.5,7281.5,7320.1
2014-05-28,7322.65,7344.4,7303.25,7332.1
2014-05-29,7325,7330.9,7230.1,7235.65
2014-05-30,7275.5,7294,7223.1,7233.65
2014-06-02,7255,7379,7239.65,7370.95
2014-06-03,7385.25,7433.95,7346,7421.4
2014-06-04,7422,7438.9,7402.75,7416.4
2014-06-05,7413.5,7498,7376.05,7486.75
2014-06-06,7549,7601.8,7512.15,7590.75
2014-06-09,7631.15,7689.45,7624.25,7669.75
2014-06-10,7677.5,7680,7588,7668.3
2014-06-11,7670,7715.55,7610,7637.15
2014-06-12,7640,7677,7610,7664.65
2014-06-13,7677,7682,7542.25,7560
2014-06-16,7552.5,7577.95,7513,7559.2
2014-06-17,7543,7665.1,7533.1,7657.4
2014-06-18,7655.5,7672.95,7523.4,7569.4
2014-06-19,7593.9,7617.15,7520.55,7560.1
2014-06-20,7556.7,7578.9,7511,7525.35
2014-06-23,7538.5,7550,7464.4,7505.75
2014-06-24,7530.15,7616.75,7525.6,7595.55
2014-06-25,7587,7597.7,7567,7574.9
2014-06-26,7568.6,7570.5,7487,7493.2
2014-06-27,7550,7569,7512.3,7543.9
2014-06-30,7556,7649.9,7555.05,7634.35
2014-07-01,7646.5,7678,7637.5,7662.65
2014-07-02,7709.95,7758.9,7702.65,7749.85
2014-07-03,7761.6,7773.9,7726.3,7736.05
2014-07-04,7754,7791.4,7676.75,7782.5
2014-07-07,7810,7812.7,7760.1,7798.6
2014-07-08,7810,7817.85,7620.85,7648.75
2014-07-09,7650,7669.7,7567.75,7598.65
2014-07-10,7611.25,7753.9,7486.05,7576.65
2014-07-11,7565.15,7638.8,7466.35,7480.15
2014-07-14,7488.2,7505.5,7445,7475.8
2014-07-15,7512,7548,7467,7538.6
2014-07-16,7566,7662.4,7535.5,7643.05
2014-07-17,7642,7674.7,7628.2,7658.75
2014-07-18,7623.7,7692,7587.8,7669.35
2014-07-21,7701.35,7719.1,7675.35,7686.2
2014-07-22,7715.25,7773.5,7706,7767.95
2014-07-23,7794.95,7806.95,7746.2,7791.55
2014-07-24,7788.9,7839,7762.9,7833.75
2014-07-25,7820.15,7832.8,7751.3,7785.7
2014-07-28,7788.6,7803,7721.8,7743.25
2014-07-30,7751.65,7794.5,7711.15,7788.3
2014-07-31,7776.8,7788.25,7715.2,7721.3
2014-08-01,7686.05,7744.9,7611.25,7622.6
2014-08-04,7661.15,7725.9,7646.3,7718.2
2014-08-05,7734.15,7788.6,7655.2,7772.85
2014-08-06,7747.7,7759,7676.7,7691.45
2014-08-07,7679.8,7750,7650,7669.65
2014-08-08,7604.5,7618.9,7560.55,7591.65
2014-08-11,7651,7651,7611,7641.4
2014-08-12,7699.7,7755.9,7663.5,7748.25
2014-08-13,7728.1,7776.65,7706.4,7746.35
2014-08-14,7762,7811.8,7748,7803.7
2014-08-18,7790.15,7886.9,7772.6,7877.7
2014-08-19,7896.95,7923.65,7888.5,7909.65
2014-08-20,7909,7915.5,7881.15,7890.7
2014-08-21,7886.9,7937.05,7867.55,7903.15
2014-08-22,7912.2,7939.8,7906.3,7927.55
2014-08-25,7926,7979,7906.3,7915.45
2014-08-26,7895,7918,7871.55,7906.5
2014-08-27,7930,7948.05,7911.15,7931.6
2014-08-28,7952,7967.15,7935.25,7954.35
2014-09-01,8021.2,8075,8016.35,8069.45
2014-09-02,8054.25,8139,8054.25,8121.45
2014-09-03,8140,8173.9,8118,8140.45
2014-09-04,8125.15,8138.85,8092.2,8132.4
2014-09-05,8132.6,8150.25,8072.1,8116.7
2014-09-08,8141.25,8197.55,8138.05,8193.1
2014-09-09,8200,8200,8158,8182.2
2014-09-10,8155.15,8157,8107.25,8130.7
2014-09-11,8135.25,8148.6,8072.25,8119.4
2014-09-12,8111.05,8148,8096.1,8137.85
2014-09-15,8100.15,8100.15,8048.5,8062.55
2014-09-16,8051.25,8056.5,7952.5,7960.85
2014-09-17,7994.9,8010.5,7962.5,7992.85
2014-09-18,7964.7,8143.75,7956,8136.7
2014-09-19,8135,8166.4,8111.2,8131
2014-09-22,8084,8176.95,8067.9,8158.45
2014-09-23,8143.7,8164.3,8025.1,8032.2
2014-09-24,8024,8049.8,7959.2,8015.2
2014-09-25,8022.4,8024.3,7884,7911.85
2014-09-26,7956,8057.6,7897.4,8031.9
2014-09-29,8015,8038.5,7970,7993.9
2014-09-30,7981,8084,7962.5,7999.15
2014-10-01,7990,8015,7971.45,7983.65
2014-10-07,7929.95,7970,7883.25,7890.9
2014-10-08,7870,7919,7855,7895.5
2014-10-09,7936,8008.55,7922.3,7990.35
2014-10-10,7927,7948,7870.2,7886.8
2014-10-13,7835,7929.9,7817.35,7911.4
2014-10-14,7952,7952,7845.55,7895.25
2014-10-16,7869.95,7919.2,7757.1,7778.1
2014-10-17,7804,7872.65,7752.2,7817.05
2014-10-20,7920,7940.15,7882.05,7897.25
2014-10-21,7915.5,7959,7890.65,7946.4
2014-10-22,8010.1,8022.55,7992.1,8013.8
2014-10-23,8036.15,8039.5,8014.95,8023.85
2014-10-27,8061.5,8061.5,7993,7998
2014-10-28,8010.05,8051.4,8003.1,8040.35
2014-10-29,8081.25,8095,8057,8089.15
2014-10-30,8082.75,8172.25,8082.7,8169.2
2014-10-31,8234.95,8358.3,8224.95,8352.7
2014-11-03,8374.9,8388.7,8346.7,8361.05
2014-11-05,8383,8412.85,8361.1,8380.15
2014-11-07,8385,8395,8325.9,8381.65
2014-11-10,8398,8416.55,8337.3,8379.5
2014-11-11,8393,8407.45,8352.65,8395.85
2014-11-12,8409.65,8447.9,8402,8418.8
2014-11-13,8430.5,8431,8350.05,8380.1
2014-11-14,8388,8428.8,8368.25,8416.65
2014-11-17,8406.3,8464.9,8371,8452.95
2014-11-18,8451,8469.4,8432.1,8451.9
2014-11-19,8465.45,8469.9,8386,8409.55
2014-11-20,8420.15,8428.9,8371.1,8420.35
2014-11-21,8420.5,8512.9,8412,8492.4
2014-11-24,8528.65,8539.9,8505.7,8535.5
2014-11-25,8539,8540,8437.05,8466.5
2014-11-26,8460.05,8513.4,8443.9,8479.4
2014-11-27,8484,8499,8456.8,8494.2
2014-11-28,8576.1,8668,8575,8638.35
2014-12-01,8630,8659.95,8588.6,8595.9
2014-12-02,8583.95,8601.75,8540,8575.35
2014-12-03,8574.95,8594,8545,8578.75
2014-12-04,8619.75,8628.85,8560.7,8605.75
2014-12-05,8619.8,8622,8567.9,8582.55
2014-12-08,8575,8589,8483.25,8489.75
2014-12-09,8459,8477.5,8383,8393.45
2014-12-10,8368.8,8429.9,8367.7,8406.8
2014-12-11,8370,8394.4,8316,8342.1
2014-12-12,8346.95,8363,8266.9,8276.9
2014-12-15,8232,8288,8230.05,8267.2
2014-12-16,8218.8,8227.95,8101.1,8116
2014-12-17,8095.15,8120,8007.85,8060.85
2014-12-18,8145,8196.7,8103.9,8180.8
2014-12-19,8237,8277,8226,8239.85
2014-12-22,8261,8345.5,8237.35,8334.2
2014-12-23,8335,8370.95,8256.75,8271.55
2014-12-24,8275,8286.8,8165.1,8174.1
2014-12-26,8274.9,8319,8212.5,8273.75
2014-12-29,8285,8356.85,8285,8316.45
2014-12-30,8324,8331.5,8281.75,8317.95
2014-12-31,8326.6,8356.35,8313.25,8337.85
2015-01-01,8320,8356,8295.2,8343.8
2015-01-02,8352.25,8470.9,8352.25,8458.4
2015-01-05,8452.35,8492,8406,8422.85
2015-01-06,8422,8422,8000,8157.9
2015-01-07,8150,8184,8096,8141.85
2015-01-08,8209,8274.9,8193.1,8257.25
2015-01-09,8306.35,8334,8205,8315.5
2015-01-12,8304,8368,8271.35,8360.55
2015-01-13,8385,8388.9,8279.45,8316.5
2015-01-14,8337.5,8348.15,8244,8307.35
2015-01-15,8470,8564.15,8427.6,8515.05
2015-01-16,8500,8554.9,8473.2,8535.05
2015-01-19,8566.25,8588,8543,8574.1
2015-01-20,8591.25,8731,8591.25,8717.15
2015-01-21,8741.15,8760,8707.45,8738.5
2015-01-22,8766,8790,8750.1,8779.15
2015-01-23,8849.4,8875.85,8810.5,8844.4
2015-01-27,8870,8938.8,8837.55,8922.65
2015-01-28,8908.7,8994,8868.5,8904.65
2015-01-29,8891,8963.85,8862.3,8952.35
2015-01-30,9005,9029.5,8827.4,8872.65
2015-02-02,8849.7,8925,8805.45,8859.65
2015-02-03,8895,8908.8,8780,8809.9
2015-02-04,8846.1,8854,8755,8776.35
2015-02-05,8764.9,8891.9,8718.25,8751.3
2015-02-06,8738,8763.85,8695.5,8711.9
2015-02-09,8639.95,8644,8553.25,8562.9
2015-02-10,8499.95,8683.5,8498.1,8611.4
2015-02-11,8655.15,8698,8610.75,8670.9
2015-02-12,8720,8770,8626,8752.2
2015-02-13,8785,8870.65,8762.7,8841.55
2015-02-16,8868.65,8904.95,8829.1,8845.05
2015-02-18,8848,8927.7,8837.55,8891.3
2015-02-19,8900,8939,8802.55,8916.15
2015-02-20,8905.25,8920,8830.2,8849.45
2015-02-23,8945,8945,8735.2,8753.45
2015-02-24,8760,8814,8726,8773.3
2015-02-25,8825,8847.9,8750.1,8767.15
2015-02-26,8781.1,8781.1,8671.15,8683.85
2015-02-27,8769,8900,8752.3,8889.95
2015-02-28,8960.55,8993.25,8791,8964.65
2015-03-02,9025.15,9033,8944.1,9000.7
2015-03-03,9000,9063.7,8971,9054.85
2015-03-04,9148,9191,8926,8956.35
2015-03-05,8957.1,9012.4,8882,8988.75
2015-03-09,8855.25,8934.7,8768.3,8784.85
2015-03-10,8785.05,8815.2,8712.8,8760.3
2015-03-11,8760,8809.9,8727,8752.15
2015-03-12,8800.05,8824.4,8772.15,8813.05
2015-03-13,8873.9,8873.9,8652.15,8674.4
2015-03-16,8670,8694,8640.05,8665.6
2015-03-17,8714.9,8764.9,8645.15,8740.2
2015-03-18,8775,8775,8686.8,8704.7
2015-03-19,8765.5,8815,8612.15,8635.85
2015-03-20,8630.05,8647,8578.3,8602.05
2015-03-23,8619.95,8625,8552.75,8565
2015-03-24,8551.25,8653.35,8548,8573.85
2015-03-25,8580.1,8587.7,8522.45,8535
2015-03-26,8489,8499.9,8328.75,8342.15
2015-03-27,8465.25,8484.85,8357,8434.9
2015-03-30,8474.75,8570,8452.35,8557.5
2015-03-31,8582.35,8605.05,8498.25,8534.75
2015-04-01,8531.1,8645.55,8512,8633.1
2015-04-06,8662.35,8696.9,8607,8689.8
2015-04-07,8711.65,8733,8616.9,8711.3
2015-04-08,8749.6,8778.65,8716.1,8762.65
2015-04-09,8797.9,8820,8716.25,8811.1
2015-04-10,8801.2,8823,8771,8811.45
2015-04-13,8820.05,8872.2,8790.3,8855.45
2015-04-15,8847.9,8873.65,8757.8,8786.15
2015-04-16,8780,8788,8671.5,8726.15
2015-04-17,8704.7,8724.95,8627,8638.85
2015-04-20,8638,8643,8446.35,8469.9
2015-04-21,8439.9,8501,8376,8400.45
2015-04-22,8428.9,8483.95,8298.3,8461.2
2015-04-23,8500,8529.95,8364.5,8405.35
2015-04-24,8406.95,8409,8280.9,8318.8
2015-04-27,8340.1,8347.9,8211,8223
2015-04-28,8210,8324.05,8193,8292.4
2015-04-29,8222.3,8319.3,8220.1,8238.25
2015-04-30,8214.95,8225,8136.8,8181.5
2015-05-04,8252.1,8387.7,8250.2,8372.25
2015-05-05,8350.1,8397.5,8309.15,8361.7
2015-05-06,8344.7,8345.05,8111.3,8121.75
2015-05-07,8087.7,8148.7,8020.55,8082.15
2015-05-08,8144.7,8247,8134.7,8210.55
2015-05-11,8256.35,8356.85,8242.6,8342.15
2015-05-12,8329,8332,8118.9,8131.25
2015-05-13,8180,8279.9,8096.05,8250.75
2015-05-14,8245.1,8255,8143,8237.8
2015-05-15,8255.55,8296,8215,8261.2
2015-05-18,8283,8384.95,8265.25,8372.8
2015-05-19,8301.2,8437,8264.7,8366.3
2015-05-20,8387.65,8449.75,8376.3,8424.3
2015-05-21,8436.35,8444,8380.55,8419.1
2015-05-22,8401.15,8488.6,8401.15,8452.05
2015-05-25,8439.8,8443,8351.15,8368.45
2015-05-26,8371.95,8371.95,8310.25,8337.9
2015-05-27,8294,8344.95,8272.4,8331.75
2015-05-28,8348,8365.5,8260.1,8319
2015-05-29,8324,8472,8308.5,8458.65
2015-06-01,8450,8484.8,8421,8431.65
2015-06-02,8436,8438.9,8210.95,8225.35
2015-06-03,8204.7,8222,8098.7,8136.35
2015-06-04,8137,8164.75,8055.25,8141.6
2015-06-05,8113.9,8200,8101.45,8114.25
2015-06-08,8113,8127.75,8031.35,8044.2
2015-06-09,8024.7,8064,8001.1,8030.6
2015-06-10,8025.3,8154,8011,8120.05
2015-06-11,8151.35,8156,7950,7959.2
2015-06-12,7949,7994,7931,7978.7
2015-06-15,7968,8065,7944,8009.2
2015-06-16,7988,8063.8,7946.25,8047
2015-06-17,8095.15,8127,8042.1,8079.05
2015-06-18,8099,8178.7,8089.45,8157.55
2015-06-19,8181,8250.25,8181,8237.6
2015-06-22,8265.55,8375,8251,8353.15
2015-06-23,8364,8397.9,8330.15,8377.4
2015-06-24,8386.25,8418.85,8322.25,8350.3
2015-06-25,8340,8433,8332.15,8398
2015-06-26,8361,8414,8340,8381.65
2015-06-29,8262.25,8334,8191.4,8319.15
2015-06-30,8319,8388,8293.05,8377.8
2015-07-01,8370,8480,8360.25,8455.2
2015-07-02,8474.9,8477.9,8426,8438.3
2015-07-03,8440,8497,8405.65,8488
2015-07-06,8418,8547.7,8389.2,8537.75
2015-07-07,8536,8561.05,8481.1,8516.6
2015-07-08,8449,8464,8342.4,8378
2015-07-09,8390,8416,8332,8346.1
2015-07-10,8380.15,8402.75,8326.05,8385.55
2015-07-13,8401.65,8493.9,8360.55,8481.95
2015-07-14,8489.8,8503.55,8440,8465.9
2015-07-15,8464,8549.75,8464,8542.05
2015-07-16,8560.25,8633.9,8541,8626.65
2015-07-17,8640,8652.8,8610,8625.05
2015-07-20,8625.5,8647.7,8576.65,8628.25
2015-07-21,8621.55,8649.85,8532.3,8545
2015-07-22,8500.2,8664.75,8491,8648.4
2015-07-23,8650,8667,8580.55,8603.7
2015-07-24,8598.25,8598.25,8524.15,8534.35
2015-07-27,8504.9,8504.9,8365,8372.8
2015-07-28,8373.25,8411,8331,8350.95
2015-07-29,8385.5,8388,8336.85,8377.65
2015-07-30,8401,8459.95,8401,8421.8
2015-07-31,8483.4,8579.95,8477.65,8569.65
2015-08-03,8558,8590,8550,8561.7
2015-08-04,8570,8577.8,8450,8547.55
2015-08-05,8556,8618,8551,8592.65
2015-08-06,8594.4,8641.05,8566.5,8615
2015-08-07,8599,8619,8575.2,8594.1
2015-08-10,8588.9,8647.9,8503,8544.3
2015-08-11,8545.3,8560,8461.5,8490.8
2015-08-12,8452.3,8457,8355,8365.45
2015-08-13,8405.05,8445,8357,8381
2015-08-14,8444.9,8553,8402.1,8542.7
2015-08-17,8529.15,8540.55,8411,8488.05
2015-08-18,8504.95,8531.95,8437.25,8481.7
2015-08-19,8460,8534.65,8426.75,8505.4
2015-08-20,8468,8506.35,8358.4,8380.05
2015-08-21,8280,8324.9,8222,8306.35
2015-08-24,8010.1,8074,7771,7806.35
2015-08-25,7894.75,7926.25,7665,7896.2
2015-08-26,7860,7939,7785.1,7800.7
2015-08-27,7891.35,7963.25,7856.15,7948.95
2015-08-28,8101.1,8125,7983.15,8022.7
2015-08-31,7993,8068.4,7961,8000.05
2015-09-01,7926.25,7946.5,7751.4,7798.8
2015-09-02,7860,7874.1,7721.3,7742.15
2015-09-03,7794.9,7869.45,7759,7842.55
2015-09-04,7799.7,7800,7632.2,7664.35
2015-09-07,7677.75,7725.7,7560.1,7574.5
2015-09-08,7592,7752.9,7558.1,7719.4
2015-09-09,7838,7865,7783.1,7826.7
2015-09-10,7735,7838,7690.05,7808.25
2015-09-11,7842.2,7878,7760,7789.35
2015-09-14,7798.7,7888.8,7765.5,7875.2
2015-09-15,7869,7887.9,7801,7828.55
2015-09-16,7897,7919,7852.45,7896.3
2015-09-18,7965,8059,7954.4,7982.55
2015-09-21,7912.5,7992,7902,7980.05
2015-09-22,8011.35,8013.9,7776.4,7797.1
2015-09-23,7718,7889,7713.95,7855.45
2015-09-24,7826.5,7896,7797.15,7868.5
2015-09-28,7890.15,7929.8,7817.8,7825.5
2015-09-29,7720,7969.9,7705,7875.85
2015-09-30,7929,7989.8,7894,7980.35
2015-10-01,8034,8037,7952.1,7976.95
2015-10-05,8034.95,8145,8030.55,8132.8
2015-10-06,8190.2,8190.2,8105.05,8160.55
2015-10-07,8163,8204.7,8142.15,8194.65
2015-10-08,8199,8199,8127.35,8157.25
2015-10-09,8207.7,8248.9,8152.55,8205.35
2015-10-12,8226.65,8247,8136.5,8149.6
2015-10-13,8146.6,8162.45,8093.6,8138.8
2015-10-14,8110,8148,8107.15,8121.4
2015-10-15,8164,8206.9,8141,8187
2015-10-16,8191.55,8266.85,8151,8259.45
2015-10-19,8260,8282.6,8242.25,8270.75
2015-10-20,8273.55,8288.5,8226.1,8253.9
2015-10-21,8254.9,8298,8215.5,8262.3
2015-10-23,8321.55,8339.95,8286.2,8304.15
2015-10-26,8400,8723.85,8257.1,8263.6
2015-10-27,8237,8254.7,8225,8244.25
2015-10-28,8204,8225,8140.75,8173.6
2015-10-29,8166,8168.95,8106.4,8111.75
2015-10-30,8142.05,8182,8066.2,8094.7
2015-11-02,8073,8088,8022.25,8076.15
2015-11-03,8105.15,8129.7,8055.7,8087.25
2015-11-04,8132.55,8145,8057.65,8070.05
2015-11-05,8053.2,8055,7975.1,7989.4
2015-11-06,7985.05,8026,7946.95,7977.4
2015-11-09,7820,7954.9,7790,7936.05
2015-11-10,7895.35,7908,7791.15,7802.5
2015-11-11,7860,7860,7812,7825.05
2015-11-13,7765.9,7797.4,7742.55,7774.3
2015-11-16,7738,7857.7,7725.75,7827.25
2015-11-17,7858.9,7880.65,7801.1,7852.6
2015-11-18,7838.35,7854.95,7725,7731.95
2015-11-19,7791.1,7871.3,7771,7858.35
2015-11-20,7854,7924,7822,7851.6
2015-11-23,7872.85,7879.65,7822.2,7851.25
2015-11-24,7826,7875.2,7806.4,7832.25
2015-11-26,7838.55,7898.9,7838.55,7883.8
2015-11-27,7929.05,7985,7914,7972.2
2015-11-30,7954.5,7994.5,7952.4,7980.1
2015-12-01,7991.15,8005.8,7961,7987.75
2015-12-02,8003,8003,7935.2,7962.9
2015-12-03,7929,7949,7878.55,7890.8
2015-12-04,7835,7856.85,7810.05,7820.5
2015-12-07,7860.2,7860.2,7790.25,7808.8
2015-12-08,7772,7803.6,7711.55,7728.6
2015-12-09,7707.35,7728,7627.2,7644.35
2015-12-10,7667.65,7722,7640.05,7710.75
2015-12-11,7712,7719.9,7586.25,7627.9
2015-12-14,7579.35,7695.85,7579.35,7668
2015-12-15,7663.15,7717,7636,7709.4
2015-12-16,7740,7789.25,7729.5,7758.2
2015-12-17,7805,7864,7745.4,7856.4
2015-12-18,7828,7849.4,7780.3,7790.1
2015-12-21,7774.5,7854.85,7763.65,7841.45
2015-12-22,7836,7859,7770.75,7785.1
2015-12-23,7822.25,7879,7822.25,7864
2015-12-24,7884.9,7887,7828.2,7871.75
2015-12-28,7865.15,7921,7862.25,7908.55
2015-12-29,7922,7939,7897,7932.05
2015-12-30,7941.15,7941.15,7892.85,7901.9
2015-12-31,7904.5,7948.9,7891.15,7946.35
2016-01-01,7942,7994,7922.5,7982
2016-01-04,7934.9,7947.75,7792.6,7809.8
2016-01-05,7831,7839,7781,7802.75
2016-01-06,7789,7824.5,7730.3,7750.05
2016-01-07,7678,7687.9,7570.4,7582.05
2016-01-08,7615,7644,7593.1,7605.2
2016-01-11,7542.7,7619,7505.4,7583.75
2016-01-12,7599.9,7600,7501.3,7534.05
2016-01-13,7575,7603.4,7428,7574.55
2016-01-14,7475,7617.1,7454.35,7540.55
2016-01-15,7545.5,7560.4,7432.6,7446.25
2016-01-18,7456.25,7468.5,7354.85,7372.25
2016-01-19,7394.7,7474.55,7376.55,7438.1
2016-01-20,7358,7360,7233.8,7306.95
2016-01-21,7364.1,7401.1,7253.1,7290.85
2016-01-22,7350,7438.8,7334.6,7430.7
2016-01-25,7471.1,7484,7412,7435.45
2016-01-27,7434,7473,7415,7433.4
2016-01-28,7431,7465,7411,7424.65
2016-01-29,7414.45,7580,7404.6,7568.05
2016-02-01,7593.5,7606.8,7551,7565.35
2016-02-02,7566.2,7594.45,7448,7474.95
2016-02-03,7408,7433,7375,7383.5
2016-02-04,7421.1,7478.7,7377.5,7422.65
2016-02-05,7431.25,7529,7425.55,7519.2
2016-02-08,7495,7534.5,7369.6,7393.45
2016-02-09,7305,7353.9,7295.55,7325.05
2016-02-10,7268,7293.35,7194.1,7246.55
2016-02-11,7205,7214.95,6970.2,6993.45
2016-02-12,7030,7043,6875.55,6990
2016-02-15,7064.75,7194.8,7059,7161.45
2016-02-16,7202.25,7208.5,7042.5,7054.1
2016-02-17,7059.75,7134.3,6967.3,7120.9
2016-02-18,7186.1,7225,7126.5,7190.85
2016-02-19,7174.5,7236.9,7151,7212.45
2016-02-22,7221,7257.7,7211.1,7240.7
2016-02-23,7237.75,7237.75,7096.5,7113.1
2016-02-24,7135.75,7135.75,7008.3,7019.05
2016-02-25,7015,7030,6961.3,6970.6
2016-02-26,7061.15,7087,7006.1,7055.15
2016-02-29,7052.55,7127.95,6833.65,7008.95
2016-03-01,7051.25,7240.5,7046.15,7229.05
2016-03-02,7328,7370,7302.75,7361.55
2016-03-03,7401.1,7461.5,7365.2,7449.55
2016-03-04,7469.9,7480,7405.05,7460.35
2016-03-08,7473.2,7498,7414,7452.65
2016-03-09,7433.25,7540,7407.55,7535.05
2016-03-10,7583.4,7583.4,7435.25,7483.7
2016-03-11,7485.1,7544,7447,7512.2
2016-03-14,7550,7594,7528.05,7546.85
2016-03-15,7545,7555.95,7470.2,7485.4
2016-03-16,7485.2,7536,7430,7527
2016-03-17,7588,7601.95,7487.1,7512.75
2016-03-18,7536,7615,7527.15,7605.3
2016-03-21,7623.5,7723.2,7615.2,7713.35
2016-03-22,7705.25,7737,7657.2,7726.25
2016-03-23,7696.65,7746.55,7678.2,7736.3
2016-03-28,7715.25,7730.45,7611.5,7638.6
2016-03-29,7629,7674.9,7597.5,7620.05
2016-03-30,7674.45,7749,7651.1,7741
2016-03-31,7734.95,7778.95,7718.3,7738.4
2016-04-01,7754.85,7772.6,7704.1,7748.75
2016-04-04,7778,7809.9,7737,7790.75
2016-04-05,7735,7759.5,7609.95,7623.5
2016-04-06,7645.2,7653.8,7603.45,7634.7
2016-04-07,7629,7634.8,7555,7565.05
2016-04-08,7540,7595.85,7540,7578.1
2016-04-11,7580.25,7712.85,7533,7702.1
2016-04-12,7694,7738,7685.4,7732.8
2016-04-13,7792.5,7893.45,7791.1,7867.85
2016-04-18,7904.5,7927.7,7851.6,7920.3
2016-04-20,7945.1,7959.75,7891.95,7929.85
2016-04-21,7972.2,7984.5,7885.1,7913.35
2016-04-22,7895,7941.9,7881.45,7911.15
2016-04-25,7905,7908.8,7831.1,7865
2016-04-26,7834.5,7992.45,7832.7,7979.15
2016-04-27,7952.3,7997.95,7949.5,7990.35
2016-04-28,7970.5,8000,7843,7847.25
2016-04-29,7887,7950,7831.1,7894.8
2016-05-02,7858.2,7874.45,7805.1,7840.1
2016-05-03,7848.75,7949.95,7770.1,7783.8
2016-05-04,7755,7789,7725,7732.75
2016-05-05,7741,7817.5,7733,7773.1
2016-05-06,7733.7,7770.6,7700.95,7760.25
2016-05-09,7794.9,7912.2,7775,7904.3
2016-05-10,7894,7933.55,7867.15,7919.75
2016-05-11,7810.35,7909.9,7798.2,7865.85
2016-05-12,7886,7939.4,7860.4,7928.2
2016-05-13,7891.2,7891.8,7787.3,7830.55
2016-05-16,7840,7898.1,7780.1,7887.2
2016-05-17,7920,7957.8,7896,7907.6
2016-05-18,7856.75,7927,7811.4,7879.3
2016-05-19,7864.95,7872.55,7775.25,7785.1
2016-05-20,7790.3,7828,7753.35,7763.35
2016-05-23,7782.55,7816,7736.65,7744.85
2016-05-24,7736,7769.5,7722.8,7759.3
2016-05-25,7802.65,7949.9,7802.65,7943
2016-05-26,7965.25,8074.65,7951.05,8069.65
2016-05-27,8091.1,8181.7,8087.1,8172.45
2016-05-30,8211.5,8222.75,8172.4,8194.3
2016-05-31,8225,8229.45,8156.3,8190.9
2016-06-01,8200,8224.9,8178.3,8194.55
2016-06-02,8187.75,8254,8161.35,8243.25
2016-06-03,8261.1,8276.95,8226.05,8238.9
2016-06-06,8248,8256.65,8205.8,8229.8
2016-06-07,8266,8318.9,8230.05,8283.15
2016-06-08,8290.05,8299,8262.05,8284.2
2016-06-09,8285.1,8291,8200.05,8229.35
2016-06-10,8202.2,8299,8171.1,8190.4
2016-06-13,8124,8147,8082.2,8130.65
2016-06-14,8130.55,8138.45,8076,8120.55
2016-06-15,8105.1,8232.4,8105.1,8221.35
2016-06-16,8185.35,8194,8085,8158.75
2016-06-17,8200,8221.2,8151.3,8174.4
2016-06-20,8106,8262,8106,8251.9
2016-06-21,8251.15,8253,8205.8,8225.1
2016-06-22,8226.85,8253.25,8154,8205.05
2016-06-23,8206.1,8307.15,8190.15,8282.25
2016-06-24,8125,8125,7927.1,8086.9
2016-06-27,8050.1,8130,8048,8104.6
2016-06-28,8090,8158.9,8085,8136.05
2016-06-29,8162.5,8214.8,8155.75,8204.5
2016-06-30,8255,8310,8238.2,8287.75
2016-07-01,8310,8378,8310,8355.15
2016-07-04,8385.1,8415,8376,8387.35
2016-07-05,8381,8382.5,8342,8354
2016-07-07,8347.7,8392,8330.05,8358.3
2016-07-08,8350,8353,8295.05,8336.45
2016-07-11,8432.75,8496,8422.35,8489.4
2016-07-12,8512.1,8534.55,8492,8528.75
2016-07-13,8539.95,8545,8501.1,8520.05
2016-07-14,8521,8584,8509.55,8576.55
2016-07-15,8589.9,8605,8525,8554.85
2016-07-18,8571.5,8604,8510,8520.5
2016-07-19,8525,8555,8485.6,8540.45
2016-07-20,8549.9,8591.65,8542.5,8584.15
2016-07-21,8888,8888,8511.7,8519.75
2016-07-22,8527.15,8563.9,8500.5,8554.3
2016-07-25,8545,8645.6,8530.75,8639.7
2016-07-26,8602.1,8652.05,8576.55,8592.85
2016-07-27,8602.1,8667.5,8566.05,8614.75
2016-07-28,8625.5,8667.9,8615.05,8666.3
2016-07-29,8708,8744.7,8668.5,8686.6
2016-08-01,8702.2,8747,8624.45,8682
2016-08-02,8676,8736.05,8638,8660.3
2016-08-03,8641,8649.25,8568,8582.55
2016-08-04,8625.25,8631,8547.6,8594.4
2016-08-05,8632.65,8717,8631.6,8708.2
2016-08-08,8748.5,8760,8726.45,8742.3
2016-08-09,8739.8,8751.7,8661.7,8702.55
2016-08-10,8717.15,8724,8590,8598.05
2016-08-11,8595,8630,8565,8612.45
2016-08-12,8614,8702.5,8613.95,8678.4
2016-08-16,8695.35,8706.25,8601,8659.9
2016-08-17,8650.25,8689.55,8610.5,8631.4
2016-08-18,8655.2,8713.95,8655.2,8685.1
2016-08-19,8692.4,8703,8650,8677.25
2016-08-22,8680.5,8693.8,8616,8633.2
2016-08-23,8621.25,8655,8591.25,8641.75
2016-08-24,8640.25,8682.95,8617.1,8654.65
2016-08-25,8679.95,8685,8585.95,8592.2
2016-08-26,8645.05,8664.95,8596.2,8625
2016-08-29,8609.9,8669.8,8578,8649.75
2016-08-30,8680,8804.45,8668,8794.6
2016-08-31,8791,8863.7,8789.45,8836.15
2016-09-01,8833.5,8854.7,8790.95,8808.35
2016-09-02,8811.8,8847.1,8793.6,8840.15
2016-09-06,8891,8969.1,8886.25,8961.2
2016-09-07,8975.6,8989.5,8942.1,8952.1
2016-09-08,8953.1,8994.5,8933.8,8982.55
2016-09-09,8962,8962,8890.5,8903.75
2016-09-12,8805.25,8805.25,8727,8742.35
2016-09-14,8736.3,8779.8,8717.3,8768.55
2016-09-15,8764.1,8784,8728,8773.5
2016-09-16,8808,8878.8,8769.5,8808.2
2016-09-19,8811.9,8848.4,8798.85,8832.1
2016-09-20,8806.65,8820,8786.1,8807.2
2016-09-21,8814,8856.6,8784.9,8806.95
2016-09-22,8880.25,8918,8861.05,8884.45
2016-09-23,8885.25,8889.35,8830.1,8843.65
2016-09-26,8813.8,8821.6,8726.7,8735.15
2016-09-27,8765,8776.35,8697.9,8716.55
2016-09-28,8710,8783.9,8706,8758.45
2016-09-29,8801.25,8801.95,8562.05,8591.25
2016-09-30,8607.8,8669.35,8593.3,8640.65
2016-10-03,8682,8788,8656.25,8779.1
2016-10-04,8790.1,8820,8765,8799.7
2016-10-05,8815.2,8837.75,8750,8775.35
2016-10-06,8797,8815,8711,8731.35
2016-10-07,8737.5,8747.75,8691.3,8722.75
2016-10-10,8746.4,8775.9,8732.15,8739.95
2016-10-13,8677.75,8677.75,8551,8580.45
2016-10-14,8590,8613.85,8565.05,8605.1
2016-10-17,8608,8612,8507.35,8523.9
2016-10-18,8561,8687,8560.05,8679.85
2016-10-19,8690,8696.5,8640.5,8665.25
2016-10-20,8695.25,8728.2,8675.75,8705.15
2016-10-21,8700,8710.3,8655,8700.35
2016-10-24,8718,8748,8690.1,8720.25
2016-10-25,8715.6,8715.6,8661,8700.35
2016-10-26,8662.25,8669,8585.55,8616.75
2016-10-27,8587.35,8623.55,8546.85,8615.25
2016-10-28,8626,8682,8605,8667.4
2016-11-01,8639,8704.6,8633.25,8650
2016-11-02,8568,8579,8531.3,8549.35
2016-11-03,8519,8565.95,8505.35,8517.9
2016-11-04,8496.55,8530,8425.55,8458.2
2016-11-07,8519,8560,8503.5,8520
2016-11-08,8542.25,8589,8507.5,8566.55
2016-11-09,8102.25,8493.5,8076,8462.7
2016-11-10,8515.55,8614,8515.55,8553.35
2016-11-11,8430,8475.5,8315.85,8327.95
2016-11-15,8279,8287.75,8124,8139.55
2016-11-16,8205.15,8225,8095.25,8118.55
2016-11-17,8075.25,8168,8040.1,8088.35
2016-11-18,8097.85,8139,8055.4,8074.7
2016-11-21,8100,8109,7921,7939.2
2016-11-22,7996.35,8022,7940,8006.8
2016-11-23,8050.05,8058,7972.2,8024.85
2016-11-24,7987,8018.65,7947.25,7965.5
2016-11-25,8033.95,8138.7,8006,8126.35
2016-11-28,8088.25,8168.45,8078.25,8150.6
2016-11-29,8155,8219.9,8147,8172.05
2016-11-30,8186.55,8270.75,8166.4,8260.35
2016-12-01,8259,8272.5,8205.05,8212
2016-12-02,8164.8,8190,8092,8108.9
2016-12-05,8092.1,8175,8076.1,8164.9
2016-12-06,8173,8219,8157.1,8169.05
2016-12-07,8188.25,8218.8,8095,8123.35
2016-12-08,8176,8267.75,8176,8255.65
2016-12-09,8275.15,8294,8255.65,8277
2016-12-12,8250,8250.9,8164.05,8183.4
2016-12-13,8189.95,8243.85,8172.3,8227.45
2016-12-14,8229,8229,8172,8197.65
2016-12-15,8129,8264,8123.6,8173.05
2016-12-16,8189,8189,8135,8146.5
2016-12-19,8132.25,8148.7,8112.55,8124.15
2016-12-20,8125,8134.4,8072,8099.9
2016-12-21,8120.5,8124.5,8073.05,8080.65
2016-12-22,8054.1,8066.95,7975.15,7996.85
2016-12-23,7975,8037.35,7953,7995
2016-12-26,7970,7970,7896.35,7911.3
2016-12-27,7920,8045.45,7906.6,8031.35
2016-12-28,8044,8100,8024,8031.35
2016-12-29,8028,8109,8025,8103.6
2016-12-30,8136.6,8207.1,8130,8187.4
2017-01-02,8215.05,8218.8,8151,8192.1
2017-01-03,8200,8228,8159,8196.5
2017-01-04,8202.25,8223.4,8187.3,8204.05
2017-01-05,8254.7,8298.7,8236.15,8288.2
2017-01-06,8305.55,8329.6,8256.5,8267.65
2017-01-09,8266,8272.4,8241.1,8249.9
2017-01-10,8274.8,8298.75,8260,8296.95
2017-01-11,8335,8399.8,8324,8387.2
2017-01-12,8403.2,8424,8386.05,8418
2017-01-13,8454.9,8457,8388.2,8417.7
2017-01-16,8404,8444,8385.05,8431.7
2017-01-17,8433.9,8448,8392.5,8408.5
2017-01-18,8426,8468.95,8406.05,8429.35
2017-01-19,8422,8454,8409,8442.95
2017-01-20,8400,8434,8352.2,8362.65
2017-01-23,8343.5,8418,8333.4,8402.4
2017-01-24,8421.4,8488,8416,8480.5
2017-01-25,8504.9,8606.4,8496.3,8602.75
2017-01-27,8649.95,8698.15,8641.1,8671.1
2017-01-30,8645,8681.95,8636.35,8655.35
2017-01-31,8639.8,8639.8,8576.25,8584.3
2017-02-01,8600.15,8747.45,8555,8737.9
2017-02-02,8730,8773.8,8697.3,8743.95
2017-02-03,8744.95,8763.9,8725.25,8754.35
2017-02-06,8808,8834.4,8781.8,8816.6
2017-02-07,8800.45,8811.9,8758.7,8785.55
2017-02-08,8785.6,8813.95,8732.5,8796.35
2017-02-09,8816.3,8843.8,8733,8796.85
2017-02-10,8829.9,8839.9,8786.55,8809.35
2017-02-13,8836.65,8846,8765.5,8815.35
2017-02-14,8824,8830,8786.1,8814.85
2017-02-15,8826.1,8827.2,8727,8743.1
2017-02-16,8760,8796.15,8734,8787.6
2017-02-17,8869.75,8872.45,8800.1,8827
2017-02-20,8828.2,8881.3,8810,8873.85
2017-02-21,8880.05,8924.5,8858.85,8910.35
2017-02-22,8918.95,8957.6,8901.55,8920.1
2017-02-23,8934.25,8982.9,8925.95,8939.5
2017-02-27,8939.95,8957.1,8909,8915.75
2017-02-28,8921.5,8938.45,8884.15,8909.35
2017-03-01,8924,8994,8921.7,8976.05
2017-03-02,9001,9018.3,8898.25,8917.2
2017-03-03,8884,8933,8872.7,8922.8
2017-03-06,8935,8985,8928.45,8979.15
2017-03-07,8986.9,8988.9,8960.05,8974.1
2017-03-08,8974,8980,8907.65,8952.1
2017-03-09,8923,8977.8,8912.65,8954.5
2017-03-10,8975,9002.9,8916.4,8958.7
2017-03-14,9145,9158,9077.6,9103
2017-03-15,9116.2,9130,9101.5,9109.3
2017-03-16,9156,9181.25,9152.1,9176.15
2017-03-17,9212.85,9212.85,9165.3,9171.75
2017-03-20,9164.95,9164.95,9142,9153.55
2017-03-21,9165.15,9171.85,9113.65,9143
2017-03-22,9081,9130,9045,9050.4
2017-03-23,9068.25,9121.4,9061.05,9107.65
2017-03-24,9117.85,9146.6,9099.5,9118.3
2017-03-27,9109,9111.05,9035.25,9067.95
2017-03-28,9095.15,9123.8,9085.4,9109.6
2017-03-29,9140.55,9151.4,9118.8,9142.85
2017-03-30,9150.35,9178,9140.05,9173.75
2017-03-31,9185.25,9208.4,9176,9197.75
2017-04-03,9221.65,9274,9203.5,9263.25
2017-04-05,9280,9294.85,9247.85,9286.55
2017-04-06,9254.8,9283,9231,9272.25
2017-04-07,9234.8,9269.75,9200.4,9211.45
2017-04-10,9225.6,9248.3,9194,9209.35
2017-04-11,9194.85,9269.95,9187.55,9264.45
2017-04-12,9251.9,9262,9170.1,9223.2
2017-04-13,9205.75,9222,9177.5,9182.25
2017-04-17,9172.25,9182.4,9142.25,9168.35
2017-04-18,9171.35,9246.65,9115.2,9123.35
2017-04-19,9119.95,9147,9096.55,9135
2017-04-20,9125.55,9170,9120.6,9162.6
2017-04-21,9207.55,9207.55,9090.5,9127
2017-04-24,9140.15,9234.5,9129.8,9224.45
2017-04-25,9264.8,9297.95,9244.15,9293.9
2017-04-26,9308.25,9357.45,9297.6,9342.1
2017-04-27,9344.7,9366,9325,9342.15
2017-04-28,9353.15,9358.7,9313,9333.7
2017-05-02,9337,9372,9281,9339.3
2017-05-03,9342.05,9366,9315.1,9340.25
2017-05-04,9358.25,9384,9332.8,9376.95
2017-05-05,9359.8,9359.8,9297,9316.7
2017-05-08,9336.1,9363.45,9322.15,9343.6
2017-05-09,9350.25,9372.65,9331.95,9350.4
2017-05-10,9359.35,9424.5,9357.95,9419.2
2017-05-11,9431.6,9464,9431.6,9439.85
2017-05-12,9428.25,9443.1,9389.05,9414.8
2017-05-15,9448,9458,9437,9453.3
2017-05-16,9462.2,9532.5,9458,9522.15
2017-05-17,9518.75,9537.75,9493.6,9533.75
2017-05-18,9476.05,9503,9433.3,9440.7
2017-05-19,9463.45,9512.4,9401.55,9445.75
2017-05-22,9480,9492.05,9426.9,9443.65
2017-05-23,9458.65,9464,9371,9390.45
2017-05-24,9401.25,9439.9,9340,9364.85
2017-05-25,9384.95,9517.9,9378.5,9509.75
2017-05-26,9490.1,9586.5,9475,9575.8
2017-05-29,9560,9639.85,9543.55,9605.7
2017-05-30,9590.25,9633.35,9582.4,9619.85
2017-05-31,9616.6,9641.7,9607.2,9626.05
2017-06-01,9626,9644.95,9595.95,9630.1
2017-06-02,9660.15,9672,9643.2,9652.6
2017-06-05,9655.15,9699,9653,9685.5
2017-06-06,9700,9704,9658.7,9665.75
2017-06-07,9672.1,9698.4,9650.65,9679.9
2017-06-08,9690.5,9705,9660.25,9669.7
2017-06-09,9668.85,9693.85,9619.95,9682.9
2017-06-12,9626.6,9642.5,9602,9620.15
2017-06-13,9637.6,9660.6,9608.25,9615.1
2017-06-14,9618.6,9647,9598.25,9637.6
2017-06-15,9618.55,9626.35,9584.25,9600.9
2017-06-16,9607.75,9626.9,9585,9597.25
2017-06-19,9626,9697,9625.5,9675.25
2017-06-20,9684,9689.6,9662,9674.45
2017-06-21,9644.9,9668,9615.8,9655.25
2017-06-22,9680.15,9716,9616.65,9633.1
2017-06-23,9639.95,9640,9574.2,9590.05
2017-06-27,9615,9616.9,9480.05,9513
2017-06-28,9503.35,9524,9472,9495.6
2017-06-29,9525.25,9584.9,9497.4,9504.1
2017-06-30,9493.25,9529.05,9451.5,9517.4
2017-07-03,9547.7,9634.65,9538.75,9621.8
2017-07-04,9623.4,9643.55,9595.1,9624.05
2017-07-05,9636.15,9651,9615,9645.3
2017-07-06,9653,9702.9,9642.55,9673.35
2017-07-07,9654,9682.05,9644.25,9667.5
2017-07-10,9700.15,9793.5,9688.25,9776.95
2017-07-11,9801.65,9829,9780.6,9787.25
2017-07-12,9802,9830,9786.2,9822.35
2017-07-13,9872.15,9892.9,9857.5,9887.5
2017-07-14,9907,9907,9858.1,9899.55
2017-07-17,9926.15,9942.95,9906.1,9933.15
2017-07-18,9873.2,9905.2,9832,9846.3
2017-07-19,9875.25,9925,9865.4,9919.15
2017-07-20,9927.75,9929,9866.3,9888.05
2017-07-21,9900.05,9919.75,9833.3,9910.55
2017-07-24,9924.9,9973.8,9914.15,9955.8
2017-07-25,9985.4,9994.85,9950.85,9973.8
2017-07-26,9975.25,10032,9964.2,10023.05
2017-07-27,10042.4,10117.9,10010,10020.55
2017-07-28,10011.5,10053.3,9990,10042.25
2017-07-31,10038.25,10114.2,10038.25,10103
2017-08-01,10115,10149.9,10105,10138.45
2017-08-02,10149,10149,10081,10101.1
2017-08-03,10081.1,10087.9,10024,10043
2017-08-04,10028.45,10124,10018.25,10108.55
2017-08-07,10099,10119,10079.5,10091.75
2017-08-08,10081.1,10104.9,9958.5,9999.45
2017-08-09,9977.75,9989,9912.2,9926.7
2017-08-10,9895,9919.9,9803.55,9854.75
2017-08-11,9776.75,9800,9710.1,9741.05
2017-08-14,9778.25,9837.8,9776.7,9815.6
2017-08-16,9829.4,9910,9778.2,9904.95
2017-08-17,9927.9,9940,9881.6,9909.45
2017-08-18,9869,9869,9794.2,9854.4
2017-08-21,9869.95,9884,9755,9768.6
2017-08-22,9810.5,9837.45,9769.8,9784.65
2017-08-23,9811,9874.25,9797,9862.3
2017-08-24,9872,9889.5,9852.15,9873.25
2017-08-28,9905.75,9939.35,9884.3,9917.05
2017-08-29,9879,9879,9782.7,9799
2017-08-30,9850.25,9918.8,9846.5,9883.6
2017-08-31,9871,9922.05,9855.2,9917.9
2017-09-01,9945.3,10017.85,9937.55,10007.3
2017-09-04,10009,10009,9887,9927.65
2017-09-05,9945,9982,9915.25,9971.6
2017-09-06,9925.55,9954.75,9909.95,9935.35
2017-09-07,9958.25,9982,9947,9954.7
2017-09-08,9973.7,9978,9920.95,9950
2017-09-11,9995.55,10049.5,9985.25,10025.9
2017-09-12,10055,10114.35,10036.7,10107.9
2017-09-13,10105,10144.7,10078,10091.45
2017-09-14,10087.35,10143.45,10087.35,10114.45
2017-09-15,10080.05,10132.4,10065,10101.95
2017-09-18,10142,10188.8,10140,10175.3
2017-09-19,10175.6,10179,10148.05,10168.85
2017-09-20,10170,10181.65,10155,10167.55
2017-09-21,10151.75,10174.5,10072.65,10138.85
2017-09-22,10085.15,10099,9973.7,9982.95
2017-09-25,9965,9969.25,9841.1,9878.65
2017-09-26,9861.95,9904.4,9825,9866.95
2017-09-27,9898.25,9900.6,9718.25,9739.65
2017-09-28,9723.15,9777.45,9695,9768.95
2017-09-29,9802.35,9881,9788,9800.55
2017-10-03,9895,9896,9838.2,9868.45
2017-10-04,9866.3,9954,9860.4,9930.45
2017-10-05,9931,9965,9899.05,9908.7
2017-10-06,9930.1,10017.85,9928.05,10003.4
2017-10-09,9991.3,10033,9983.65,10016.55
2017-10-10,10029.2,10047.9,10012.5,10035.7
2017-10-11,10052,10084,9969.5,9992.5
2017-10-12,10018,10117.4,9995.05,10111.4
2017-10-13,10130,10219.2,10117,10192.4
2017-10-16,10220,10260.95,10197,10255.95
2017-10-17,10240.65,10271.4,10228,10253.7
2017-10-18,10229,10251.95,10195.25,10237.5
2017-10-19,10211.75,10211.75,10107.1,10146.15
2017-10-23,10175,10226.65,10119.6,10189.7
2017-10-24,10203.05,10244,10187.75,10219.3
2017-10-25,10335,10351,10247.7,10289.9
2017-10-26,10279.8,10354.3,10267.5,10343.8
2017-10-27,10371,10390,10346,10356.85
2017-10-30,10380.25,10404.9,10368.1,10388.45
2017-10-31,10375.15,10388.8,10350,10368.5
2017-11-01,10402.65,10489.45,10402.65,10477.3
2017-11-02,10459,10472.75,10433,10455
2017-11-03,10469.7,10492.9,10425.05,10486.8
2017-11-06,10452.6,10530,10441.5,10489.55
2017-11-07,10505.1,10515,10381.1,10409.9
2017-11-08,10410.05,10422.65,10333.3,10354.9
2017-11-09,10385.65,10399.95,10303,10361.8
2017-11-10,10341.25,10379.5,10284,10334
2017-11-13,10342.5,10354,10259.05,10269.4
2017-11-14,10259.75,10278,10225.1,10233.6
2017-11-15,10199.9,10207.75,10125.4,10154.35
2017-11-16,10174,10265,10162,10250.9
2017-11-17,10344.8,10373.25,10292.75,10308.85
2017-11-20,10297.65,10342,10276.8,10320.05
2017-11-21,10348.8,10389.45,10337.45,10351.9
2017-11-22,10383.3,10388,10321,10357.95
2017-11-23,10368.4,10389,10310.1,10366.65
2017-11-24,10366.25,10424,10366.25,10409.35
2017-11-27,10380.05,10425.5,10353,10418.5
2017-11-28,10391,10428,10360.2,10377.55
2017-11-29,10398.4,10410.4,10340.35,10360.7
2017-11-30,10321.2,10324,10216.5,10226.55
2017-12-01,10289,10308.45,10138.05,10154.25
2017-12-04,10167.75,10198,10126.55,10159.25
2017-12-05,10126.35,10179.75,10091.45,10146.7
2017-12-06,10111.4,10126.85,10052.65,10068.65
2017-12-07,10080,10218.15,10079,10202.95
2017-12-08,10220.5,10297.95,10211.25,10291.65
2017-12-11,10317.9,10354.35,10302.2,10346.4
2017-12-12,10332.9,10337.45,10254.15,10264.5
2017-12-13,10240.9,10332.75,10190.1,10215.2
2017-12-14,10259.8,10296.95,10163.3,10276.1
2017-12-15,10363.85,10400,10343,10359.5
2017-12-18,10201.25,10459.85,10060,10404.35
2017-12-19,10425.05,10476,10412.25,10470.95
2017-12-20,10472,10504.55,10447.65,10470.15
2017-12-21,10470.4,10485,10442.95,10462.45
2017-12-22,10460.1,10514.7,10456,10505.45
2017-12-26,10506.05,10537.85,10496.6,10525.95
2017-12-27,10529,10566,10476.3,10500.2
2017-12-28,10509,10540.45,10474.1,10477.9
2017-12-29,10501.65,10568,10469,10556.9
2018-01-01,10540,10556.5,10483.35,10498.7
2018-01-02,10521.15,10524,10436.5,10472.2
2018-01-03,10490.25,10543.4,10456.55,10469.4
2018-01-04,10498.25,10536.75,10463.35,10526.2
2018-01-05,10550,10582,10536.5,10573.2
2018-01-08,10623.15,10639.9,10604.45,10631.4
2018-01-09,10645.15,10656.95,10612.25,10646.9
2018-01-10,10643.95,10648,10596.6,10637.05
2018-01-11,10629.95,10682.35,10615.5,10654.05
2018-01-12,10689.65,10695,10602.3,10686.35
2018-01-15,10720,10774,10711.25,10743.3
2018-01-16,10754,10759,10691.05,10709.55
2018-01-17,10704.75,10805.25,10665.35,10791.8
2018-01-18,10865.5,10873.45,10774.05,10810.8
2018-01-19,10820,10918.15,10792.15,10901.05
2018-01-22,10914.5,10982.4,10883.5,10968
2018-01-23,10988.25,11094.9,10988.25,11085.45
2018-01-24,11079,11114.9,11043.15,11083.2
2018-01-25,11101,11101,11011.05,11069.65
2018-01-29,11141.25,11185.6,11080,11137.65
2018-01-30,11097.15,11121,11053.15,11072.1
2018-01-31,11039,11077.7,11007.35,11055.4
2018-02-01,11064.25,11139.4,10880.7,11031.3
2018-02-02,10928,10950,10735.05,10755.85
2018-02-05,10629,10722,10606,10684.6
2018-02-06,10318.8,10613.6,10300,10513.3
2018-02-07,10595,10624.9,10442.55,10465.55
2018-02-08,10501,10640,10469.6,10572.25
2018-02-09,10378.8,10495,10375,10469.7
2018-02-12,10519,10559.85,10482.1,10543.1
2018-02-14,10569,10587,10456.1,10495.2
2018-02-15,10534.65,10630.25,10505.25,10551.2
2018-02-16,10596.4,10615,10430.2,10453.35
2018-02-19,10470,10485,10290.1,10378.55
2018-02-20,10394,10425.85,10332.3,10343.75
2018-02-21,10405.65,10409.85,10341.4,10392.9
2018-02-22,10345,10396,10330.05,10382.7
2018-02-23,10400,10515.95,10386.25,10504.55
2018-02-26,10541,10614.7,10536.1,10600.45
2018-02-27,10616.15,10639.7,10540.55,10564.05
2018-02-28,10495,10555,10466,10519.4
2018-03-01,10498,10530,10439.2,10456.55
2018-03-05,10369.85,10394.9,10320,10365.6
2018-03-06,10404.15,10437,10223,10248.55
2018-03-07,10200,10254,10155,10171.55
2018-03-08,10217.85,10277,10155.8,10242.95
2018-03-09,10270.65,10300,10193.35,10216.45
2018-03-12,10331.15,10443.4,10295.2,10432.8
2018-03-13,10401.3,10490,10374.5,10426.4
2018-03-14,10391.35,10438,10342.05,10425.35
2018-03-15,10396.9,10429.3,10359.1,10372.3
2018-03-16,10344,10344,10197,10232.5
2018-03-19,10230,10235.95,10102,10122.8
2018-03-20,10094,10185,10078.3,10143.2
2018-03-21,10188.9,10265.95,10148,10180.15
2018-03-22,10195.85,10237.85,10110,10127.85
2018-03-23,9999.6,10043.9,9960,10003.9
2018-03-26,9989.85,10161.3,9976.35,10146.2
2018-03-27,10190.65,10210.9,10147,10178.95
2018-03-28,10135.1,10159.7,10105.8,10113.7
2018-04-02,10198.5,10274.9,10163.65,10264
2018-04-03,10212.25,10297,10206,10285
2018-04-04,10294,10304,10121,10146.6
2018-04-05,10255.65,10359.35,10253.05,10352.2
2018-04-06,10341,10376.05,10312,10352.85
2018-04-09,10354.7,10414.9,10347.9,10393.9
2018-04-10,10424.4,10439,10392,10421.5
2018-04-11,10416.35,10440,10363,10425
2018-04-12,10415.05,10478.8,10397.85,10465
2018-04-13,10481.1,10527.05,10456.25,10490.4
2018-04-16,10441.35,10549,10431,10542.9
2018-04-17,10563.7,10568,10501.1,10551.2
2018-04-18,10580,10596.55,10520.2,10538.85
2018-04-19,10581.15,10585.55,10550,10578.1
2018-04-20,10563.3,10597,10531.1,10585.5
2018-04-23,10579.65,10623.1,10551.3,10585.45
2018-04-24,10582.2,10635,10568.1,10617.9
2018-04-25,10598.75,10613,10531.8,10569.05
2018-04-26,10564.65,10621.85,10556.15,10617.8
2018-04-27,10667.75,10744,10640,10723.8
2018-04-30,10727.5,10787.95,10727.5,10780.3
2018-05-02,10779,10785.95,10706,10739.4
2018-05-03,10720.35,10738,10665.2,10706.5
2018-05-04,10675.05,10687.7,10640,10658.75
2018-05-07,10679.95,10746.7,10645.1,10739.85
2018-05-08,10755.1,10766.85,10680,10735.05
2018-05-09,10715.05,10787.85,10712.65,10769.3
2018-05-10,10772.5,10794.55,10715,10724.9
2018-05-11,10752.55,10827.2,10736.75,10820.1
2018-05-14,10810.85,10848.7,10781.3,10814.7
2018-05-15,10814.75,10947.9,10787,10818.6
2018-05-16,10770.25,10814,10721.5,10761.25
2018-05-17,10764,10786.95,10680.55,10696.2
2018-05-18,10693.3,10693.3,10586.05,10597.05
2018-05-21,10630,10630,10521.3,10538.75
2018-05-22,10533.05,10572,10507,10552.85
2018-05-23,10525,10539.75,10413.55,10426.6
2018-05-24,10450,10523.7,10408.55,10505.2
2018-05-25,10527.75,10637.45,10518.25,10602.4
2018-05-28,10629,10698.95,10629,10678.85
2018-05-29,10664.95,10704,10596.05,10615.55
2018-05-30,10569.9,10648.5,10539.9,10604.5
2018-05-31,10661.25,10750.75,10617.65,10736.15
2018-06-01,10725,10744,10669.95,10683.9
2018-06-04,10732.2,10732.2,10587.65,10598.7
2018-06-05,10598.7,10630,10552,10596.45
2018-06-06,10604.75,10701,10575,10686.25
2018-06-07,10725.25,10814.05,10725.25,10765.2
2018-06-08,10724.45,10759.4,10691,10748.1
2018-06-11,10768.25,10835,10761.25,10785.8
2018-06-12,10797.95,10849.9,10780.25,10839.05
2018-06-13,10860.05,10873.5,10831.5,10844.85
2018-06-14,10823.95,10834.05,10770.5,10813.9
2018-06-15,10798.95,10837.95,10735.5,10814.65
2018-06-18,10809.95,10817.3,10781,10789.6
2018-06-19,10760,10760,10704.55,10719.85
2018-06-20,10725.2,10796.9,10725.2,10790.65
2018-06-21,10799.8,10805.95,10716.65,10737.15
2018-06-22,10730.05,10849,10712.1,10833.95
2018-06-25,10784.95,10819.9,10746.55,10757.65
2018-06-26,10733.95,10806.65,10726.4,10766.9
2018-06-27,10811.85,10811.85,10651.5,10673.45
2018-06-28,10660,10677.55,10556.95,10589.1
2018-06-29,10591.05,10706.75,10591.05,10694.8
2018-07-02,10698.75,10705,10595,10658.25
2018-07-03,10645,10733.1,10630.4,10723.95
2018-07-04,10716.1,10776.9,10671,10771.35
2018-07-05,10759.95,10791,10731.2,10751.75
2018-07-06,10728,10816.7,10718.25,10778.4
2018-07-09,10812.25,10866,10801.25,10859.85
2018-07-10,10886.65,10959.2,10881.5,10948
2018-07-11,10936.9,10967,10918,10938.6
2018-07-12,10981,11069,10976,11016.25
2018-07-13,11048,11056.3,10993.25,11020
2018-07-16,11020.05,11020.1,10931.95,10944.25
2018-07-17,10947.05,11035.4,10938,11023.75
2018-07-18,11055.15,11073.75,10955,10978.6
2018-07-19,11002.15,11010,10942.2,10973.55
2018-07-20,10965.5,11043.1,10956.4,11024.85
2018-07-23,11022,11109,11008.6,11099.4
2018-07-24,11109,11152.05,11098.2,11142
2018-07-25,11158,11170,11118.85,11136.4
2018-07-26,11149.3,11181,11126.55,11167.3
2018-07-27,11234.3,11312.85,11225.25,11306.7
2018-07-30,11325.15,11345.2,11285,11338.5
2018-07-31,11330,11379.5,11290.6,11371.6
2018-08-01,11379.95,11402.75,11341,11374.3
2018-08-02,11343.9,11343.9,11274,11282.3
2018-08-03,11306,11406.9,11302.2,11395.75
2018-08-06,11420.15,11447.4,11386.55,11414.25
2018-08-07,11432.25,11445.05,11376.2,11418.35
2018-08-08,11428.25,11476.6,11398.95,11467.65
2018-08-09,11498,11504.7,11467,11487.55
2018-08-10,11465,11485.45,11430.2,11439.25
2018-08-13,11374,11427.7,11354.05,11381.15
2018-08-14,11394.75,11478.15,11390.2,11463.45
2018-08-16,11419.9,11460,11377,11410.9
2018-08-17,11439.75,11507.45,11420,11488.45
2018-08-20,11518.95,11585.35,11510.05,11578.95
2018-08-21,11578.95,11592.35,11553,11586.55
2018-08-23,11614.95,11622,11553.3,11595.4
2018-08-24,11580,11605.75,11541,11571.6
2018-08-27,11616.2,11712.9,11614,11705.35
2018-08-28,11735,11761.7,11715.05,11752.45
2018-08-29,11751.95,11763.85,11693.3,11707.1
2018-08-30,11715,11715,11642.1,11676.8
2018-08-31,11709,11793,11686.35,11735.3
2018-09-03,11755.15,11775.05,11620,11641.75
2018-09-04,11633.15,11649.6,11550,11573.1
2018-09-05,11554.95,11579,11437,11518.25
2018-09-06,11547.85,11603,11470.25,11567.15
2018-09-07,11550,11648.55,11512.6,11632.95
2018-09-10,11594.4,11598.8,11482.55,11492.7
2018-09-11,11498.75,11504.95,11322.8,11336.25
2018-09-12,11331.3,11430,11297.45,11417.35
2018-09-14,11482.5,11559,11466,11547.3
2018-09-17,11485,11490,11392.65,11407.7
2018-09-18,11388.05,11438,11298.1,11310.2
2018-09-19,11348.95,11373.9,11244.45,11272.8
2018-09-21,11304.95,11385,11005.55,11166.35
2018-09-24,11174.5,11185,10969.45,10997.95
2018-09-25,10970.1,11103.8,10909.05,11086.7
2018-09-26,11135.1,11149,11001.1,11062.45
2018-09-27,11073.5,11088,10944.55,10977.55
2018-09-28,11070,11099.9,10892.15,10954.3
2018-10-01,10931,11090,10857.55,11061.8
2018-10-03,11011.25,11025,10880,10893.6
2018-10-04,10752,10799.5,10593.25,10631.25
2018-10-05,10552,10588.9,10292,10347.15
2018-10-08,10273.9,10417.95,10212.35,10379
2018-10-09,10389.95,10424,10291.1,10314.4
2018-10-10,10333.35,10489.9,10324.15,10465.75
2018-10-11,10208.75,10370,10155.55,10252.05
2018-10-12,10329.65,10508.9,10321.9,10486.55
2018-10-15,10500.55,10531.95,10405.55,10517.45
2018-10-16,10531.05,10599,10516.25,10589.85
2018-10-17,10690,10699.95,10423.9,10443.95
2018-10-19,10337,10388.45,10246.35,10303.2
2018-10-22,10405,10405,10206,10231.95
2018-10-23,10160,10216.2,10092.55,10147.9
2018-10-24,10262.5,10277.95,10115.8,10228.55
2018-10-25,10140,10175.2,10073,10124.9
2018-10-26,10118.2,10177,10030.1,10054.1
2018-10-29,10089.75,10306.4,10055.55,10283.95
2018-10-30,10264.4,10315,10195.3,10229.25
2018-10-31,10231.1,10419.85,10111.35,10398.4
2018-11-01,10440.15,10447,10346,10413.45
2018-11-02,10490,10632,10478.25,10577.05
2018-11-05,10547.75,10570,10505,10550.95
2018-11-06,10574.95,10620,10512,10554.85
2018-11-07,10619.5,10648.1,10596.9,10614.55
2018-11-09,10601,10643.95,10571.1,10623.75
2018-11-12,10601.1,10664.6,10490.25,10503.85
2018-11-13,10467.95,10632,10460,10615.95
2018-11-14,10655,10680,10551,10605
2018-11-15,10607.15,10680,10586.05,10630.55
2018-11-16,10657.95,10709,10636,10687.25
2018-11-19,10735,10779.4,10693.7,10768.15
2018-11-20,10749,10749,10651.2,10671.95
2018-11-21,10671.15,10684.2,10577,10621.6
2018-11-22,10617.95,10647,10511.95,10524.7
2018-11-26,10573.1,10650,10492.4,10639.2
2018-11-27,10610.9,10695,10585,10684.85
2018-11-28,10699.95,10747.2,10699.95,10717.9
2018-11-29,10786.05,10882.9,10777.1,10858.7
2018-11-30,10927,10949.75,10855,10900.65
2018-12-03,10961.15,10974,10871.3,10924
2018-12-04,10917.75,10929.95,10872,10907.75
2018-12-05,10850.35,10868,10786.75,10827.65
2018-12-06,10750.15,10754.4,10611.7,10626.3
2018-12-07,10665.25,10747.95,10637.1,10735.15
2018-12-10,10582.25,10597.7,10500.05,10514.7
2018-12-11,10355,10607,10352.1,10581.1
2018-12-12,10610,10798.9,10588.5,10783.65
2018-12-13,10834.25,10882.2,10777.3,10824.95
2018-12-14,10806.95,10837,10771.3,10820.3
2018-12-17,10855.15,10924,10855.15,10910.5
2018-12-18,10862,10940,10835.2,10935.05
2018-12-19,10959.95,11006.25,10946.45,10986.5
2018-12-20,10905.5,10991,10891.3,10978.2
2018-12-21,10960,10981.65,10755,10767.5
2018-12-24,10758.55,10789.95,10660.25,10681.9
2018-12-26,10637.65,10760.65,10536.4,10748.5
2018-12-27,10801,10834.4,10763.75,10779.8
2018-12-28,10850.05,10946,10850,10907.75
2018-12-31,10960,10984.8,10902,10916.85
2019-01-01,10909.95,10967.5,10843.2,10960.55
2019-01-02,10911.55,10938,10757,10830.85
2019-01-03,10833.95,10859.95,10710.05,10718.5
2019-01-04,10739.95,10793.45,10678,10777.6
2019-01-07,10861,10895.05,10778,10803.45
2019-01-08,10790,10872.75,10758,10844.65
2019-01-09,10892.6,10904,10764.95,10877.7
2019-01-10,10873,10898.2,10830,10857.75
2019-01-11,10873.95,10886.75,10772.55,10827.6
2019-01-14,10812.95,10820,10720.6,10769.8
2019-01-15,10805.15,10940,10792.35,10928.4
2019-01-16,10930,10963,10907.2,10921.65
2019-01-17,10942.95,10958.4,10855,10925.85
2019-01-18,10960,10964,10875,10927.15
2019-01-21,10930.05,11003.45,10902.15,10969.7
2019-01-22,10950,10954,10880,10936.2
2019-01-23,10921.35,10962,10835,10854.9
2019-01-24,10855.05,10885,10811.4,10868.6
2019-01-25,10899.95,10955,10761.65,10785.95
2019-01-28,10784.9,10821.85,10642.65,10676.8
2019-01-29,10679.05,10706,10597.7,10668.05
2019-01-30,10709,10714,10606,10642.9
2019-01-31,10688.95,10844.15,10676.1,10830.95
2019-02-01,10870,11023.2,10835.1,10914.05
2019-02-04,10887,10954,10830.05,10937.5
2019-02-05,10938,10970.05,10911,10951.7
2019-02-06,10986.65,11100,10986.35,11090.3
2019-02-07,11080.05,11142.85,11060.2,11093.8
2019-02-08,11049.95,11065,10935,10957.25
2019-02-11,10920,10945.9,10870.1,10909.6
2019-02-12,10914,10931.6,10850.15,10860.45
2019-02-13,10886.35,10905,10802.25,10823.4
2019-02-14,10801.2,10812.4,10741.3,10779.8
2019-02-15,10819.9,10819.9,10641,10746.55
2019-02-18,10809.9,10809.9,10653.3,10662.25
2019-02-19,10651.55,10756.6,10602,10617.15
2019-02-20,10660.25,10770,10649.95,10751.85
2019-02-21,10749.95,10833,10736.6,10804.45
2019-02-22,10790,10823.9,10772.5,10808.8
2019-02-25,10825.3,10896.9,10802.3,10887.05
2019-02-26,10794,10893.1,10725.15,10827.8
2019-02-27,10855.25,10942.25,10746,10809.45
2019-02-28,10863,10863,10786.75,10792.5
2019-03-01,10897.7,10929.45,10870.6,10917.05
2019-03-05,10859.9,11040,10843.05,11032.7
2019-03-06,11053.95,11094.5,11033.05,11086.8
2019-03-07,11114.9,11129.7,11064,11098.2
2019-03-08,11067.75,11083.85,11033.2,11076.05
2019-03-11,11073.9,11213.55,11065.3,11202.15
2019-03-12,11256.05,11352.55,11252.6,11336.85
2019-03-13,11202,11388.8,11101.05,11366.65
2019-03-14,11367.15,11399,11333.75,11381.75
2019-03-15,11390,11532.5,11390,11470.45
2019-03-18,11505.25,11554.35,11436,11494.5
2019-03-19,11525.05,11581,11475,11570.75
2019-03-20,11570.05,11580,11533.6,11553.2
2019-03-22,11569.95,11595.75,11451,11472.4
2019-03-25,11419.9,11419.9,11337.7,11370.05
2019-03-26,11370,11523.8,11363.25,11510.7
2019-03-27,11521.05,11573.7,11421.05,11458.1
2019-03-28,11458.65,11578,11448.9,11570
2019-03-29,11689,11718.5,11641,11679.9
2019-04-01,11719.2,11822.75,11708.25,11748.4
2019-04-02,11763.95,11794.7,11712.2,11779.5
2019-04-03,11788.3,11834.15,11715,11729.65
2019-04-04,11729.95,11754,11641.45,11679.55
2019-04-05,11700,11783.15,11680.05,11760.75
2019-04-08,11760.75,11780.05,11622.25,11674.9
2019-04-09,11707.75,11750.05,11632,11742.3
2019-04-10,11720,11744,11642.55,11652.9
2019-04-11,11648.55,11677.85,11605.2,11668.9
2019-04-12,11645,11727,11626.05,11703.85
2019-04-15,11689.95,11739.7,11682.7,11727.75
2019-04-16,11758.25,11847.1,11758.25,11824.45
2019-04-18,11859,11859,11752.05,11771.1
2019-04-22,11716.3,11749.9,11609.2,11618.9
2019-04-23,11631.15,11664.6,11573.5,11586.4
2019-04-24,11602.3,11756,11579.05,11738.25
2019-04-25,11713.75,11797.85,11630.55,11641.8
2019-04-26,11769.95,11827.9,11725,11813.5
2019-04-30,11805,11838.5,11712.05,11791.55
2019-05-02,11751.1,11834.4,11735,11765.4
2019-05-03,11735,11824.45,11734.95,11764.3
2019-05-06,11671.1,11695,11626.85,11656.35
2019-05-07,11685,11692,11531.35,11541.9
2019-05-08,11509.9,11519.95,11403.4,11418.6
2019-05-09,11378.5,11397.4,11291.1,11334.8
2019-05-10,11329,11376,11283.7,11307.2
2019-05-13,11270.1,11328,11153.65,11181.55
2019-05-14,11170.1,11338.1,11138,11241.65
2019-05-15,11275.6,11300,11157,11177.45
2019-05-16,11189.95,11309.9,11152.25,11285.25
2019-05-17,11284.95,11447.7,11267.05,11425.8
2019-05-20,11651.1,11877.3,11601.1,11859.45
2019-05-21,11885,11895,11687.5,11715.15
2019-05-22,11740.2,11833.25,11710,11781.65
2019-05-23,11888,12070,11640.15,11692.4
2019-05-24,11765.1,11890,11678.1,11869.4
2019-05-27,11858.9,11960,11833.15,11918.5
2019-05-28,11959,11965,11856.5,11940.75
2019-05-29,11916.7,11934.95,11836.3,11862.25
2019-05-30,11865,11964.9,11856.9,11945.9
2019-05-31,12001,12047,11828.65,11916.5
2019-06-03,11941.65,12118,11915.05,12104.45
2019-06-04,12081.15,12111.8,12036,12056.15
2019-06-06,12044.7,12059,11866.25,11884.05
2019-06-07,11880.2,11933,11801.2,11900.75
2019-06-10,11950.05,11994,11875.15,11933.8
2019-06-11,11975,12022.85,11917,11976.95
2019-06-12,11960.05,11965.9,11877.35,11916.7
2019-06-13,11885.35,11950,11836.25,11928.3
2019-06-14,11900.05,11916.55,11811.6,11838.05
2019-06-17,11824.95,11830,11685,11697.55
2019-06-18,11701,11752,11657.1,11700.5
2019-06-19,11748.65,11815,11630.3,11708.6
2019-06-20,11670,11863.35,11668.05,11849.45
2019-06-21,11839.05,11842.6,11726.4,11753.45
2019-06-24,11730.2,11782,11681,11717.15
2019-06-25,11684.05,11834,11666.6,11810.3
2019-06-26,11774.9,11890,11767.1,11864.4
2019-06-27,11876.75,11914.7,11827,11841.55
2019-06-28,11907.7,11916,11828,11841.5
2019-07-01,11888.05,11924.95,11863.55,11903.65
2019-07-02,11910.4,11948,11840.2,11942.35
2019-07-03,11953,11976,11927.5,11949.2
2019-07-04,11947.15,11999,11942.65,11979.65
2019-07-05,11993.95,11998.95,11808,11820.95
2019-07-08,11769.9,11770,11527.35,11566.3
2019-07-09,11543.35,11594.1,11486.55,11552.6
2019-07-10,11549.5,11593,11467.55,11492.25
2019-07-11,11550.25,11606,11528.15,11582.05
2019-07-12,11580,11642.45,11530,11544.35
2019-07-15,11583.95,11599.9,11515,11579.2
2019-07-16,11585.25,11672.15,11570.1,11657.85
2019-07-17,11648.3,11693.55,11643.2,11675.8
2019-07-18,11642.1,11665.3,11590.1,11604.35
2019-07-19,11635.05,11643.45,11402,11421.85
2019-07-22,11407.75,11407.75,11311.55,11360.25
2019-07-23,11368.95,11406.4,11305.65,11333.8
2019-07-24,11319.95,11355.9,11226.9,11277.8
2019-07-25,11290.05,11354.85,11230.05,11252.15
2019-07-26,11300.15,11345,11247.15,11327
2019-07-29,11310,11325,11175.25,11215.05
2019-07-30,11250,11289.95,11080,11095.2
2019-07-31,11058.55,11165,11031.5,11132.2
2019-08-01,11098.4,11098.4,10901.1,11015.35
2019-08-02,10940,11125.4,10886.05,11024.05
2019-08-05,10835.5,11054,10831.2,10896.8
2019-08-06,10835.5,11054,10831.2,10978.65
2019-08-07,10950,10993.95,10862.1,10874.25
2019-08-08,10896.9,11088,10866.55,11063.95
2019-08-09,11108,11186.8,11068.25,11122.95
2019-08-13,11129,11145.05,10910,10925.15
2019-08-14,10999.1,11099.95,10935.65,11028.15
2019-08-16,10960,11094,10926.05,11064.65
2019-08-19,11082.9,11151.65,11032,11058.1
2019-08-20,11059.9,11083.5,10977.5,11028.1
2019-08-21,11013.5,11039.75,10901.6,10932.65
2019-08-22,10910.4,10917.85,10708.8,10732.1
2019-08-23,10706.9,10879.9,10646.75,10842.7
2019-08-26,10948.4,11072.35,10745,11054.2
2019-08-27,11090,11132.95,11034,11103.9
2019-08-28,11102.7,11132,10983.25,11049.25
2019-08-29,10805.55,11019,10805.55,10948.3
2019-08-30,11006.9,11077,10890,11058.9
2019-09-03,10936.9,10970,10813.45,10836.4
2019-09-04,10829,10904.75,10785.15,10886.3
2019-09-05,10881.4,10960.1,10843.3,10881.6
2019-09-06,10900,10984,10900,10973.65
2019-09-09,10949.4,11058,10915.95,11025.25
2019-09-11,11026.9,11088.45,11026.85,11060.8
2019-09-12,11077.15,11098.85,10982,10996.45
2019-09-13,10990,11118,10962.15,11105.55
2019-09-16,11006.4,11078.9,10982.4,11017.2
2019-09-17,10991.95,11005.85,10807.85,10833.5
2019-09-18,10889.85,10899.95,10826.1,10855.45
2019-09-19,10831.9,10841.9,10678.6,10711.3
2019-09-20,10737.7,11405.9,10705,11295.5
2019-09-23,11499.9,11682.4,11441,11607.3
2019-09-24,11632.65,11660,11557.6,11613.85
2019-09-25,11596.45,11596.45,11442.4,11469.1
2019-09-26,11504.65,11631.55,11487.35,11571.2
2019-09-27,11599,11646.4,11565.75,11579.5
2019-09-30,11549,11579.5,11445,11534.6
2019-10-01,11564,11607.5,11310.2,11429.85
2019-10-03,11353.4,11418,11312.3,11361.8
2019-10-04,11419.8,11430,11201.05,11215.15
2019-10-07,11224.85,11262,11148,11162
2019-10-09,11137.4,11363.25,11113.75,11347.7
2019-10-10,11276.9,11313.95,11215,11254.25
2019-10-11,11289.65,11385,11185.85,11311.7
2019-10-14,11331,11433.95,11293.15,11336.3
2019-10-15,11365.2,11473.45,11350,11439.4
2019-10-16,11458.4,11484.9,11420.1,11475.55
2019-10-17,11480.45,11619,11458,11600.65
2019-10-18,11569.2,11695.65,11551.05,11670
2019-10-22,11647.55,11715,11604.25,11624.35
2019-10-23,11610.25,11684.4,11575,11624.7
2019-10-24,11669.65,11689,11557.25,11611.15
2019-10-25,11616.4,11675,11502.6,11625
2019-10-29,11670.65,11823.9,11637.05,11795.45
2019-10-30,11852.3,11877.6,11785.25,11840.2
2019-10-31,11880.05,11947.4,11858.25,11877.45
2019-11-01,11925,11944.9,11878,11928.25
2019-11-04,11959.95,12012.8,11936.15,11979.7
2019-11-05,11980.2,11996.75,11901,11956
2019-11-06,11941,12049.9,11885.1,12008.05
2019-11-07,12029.05,12058,11972.3,12047.95
2019-11-08,12002.9,12069,11933.35,11945.35
2019-11-11,11908.4,11968.35,11866,11943.7
2019-11-13,11919.95,11956.75,11846.65,11863.25
2019-11-14,11875.2,11924.4,11825.45,11899.65
2019-11-15,11913,12008.65,11913,11942.6
2019-11-18,11935.45,11958,11890.15,11920.9
2019-11-19,11918,11988.35,11901.5,11969.15
2019-11-20,11979.4,12066,11972.65,12018.15
2019-11-21,12007.35,12030.05,11962.2,11974.55
2019-11-22,11973.6,11977.4,11884.1,11914.5
2019-11-25,11928.2,12107,11917.6,12096.3
2019-11-26,12121.05,12137.6,12017.65,12075.2
2019-11-27,12098.55,12124.95,12072.9,12108.55
2019-11-28,12119.85,12157.9,12096.25,12151.15
2019-11-29,12174.85,12174.9,12051,12099.85
2019-12-02,12133.85,12137.95,12052.15,12091.45
2019-12-03,12097,12097,11991.15,12046.45
2019-12-04,12009.9,12098,11977.2,12089.8
2019-12-05,12082.4,12116,12026.85,12047.7
2019-12-06,12065.2,12082,11931,11955.7
2019-12-09,11855.3,12011.8,11855.3,11966.7
2019-12-10,11972.2,11976.1,11884.35,11898.2
2019-12-11,11907.95,11953.9,11872.3,11938.15
2019-12-12,11998.95,12054.95,11966.3,12028.65
2019-12-13,12060.35,12152,12054.95,12142.35
2019-12-16,12152.15,12152.15,12073.9,12082.55
2019-12-17,12099.7,12200,12094,12187.15
2019-12-18,12208,12253.1,12171.65,12243.15
2019-12-19,12228.4,12276.95,12207.6,12268.95
2019-12-20,12270.2,12298.95,12255.5,12290
2019-12-23,12265.35,12291.65,12226.1,12276.45
2019-12-24,12259.95,12314.9,12228,12238.45
2019-12-26,12120,12229.9,12120,12126.55
2019-12-27,12228.7,12330,12209,12319.25
2019-12-30,12326.75,12348,12276,12329.3
2019-12-31,12296.4,12312.6,12230.15,12246.25
2020-01-01,12253.95,12269.6,12226.05,12243.8
2020-01-02,12252.1,12344.5,12245.5,12339.3
2020-01-03,12294.4,12304.4,12222.95,12256.45
2020-01-06,12201.9,12217.85,12025,12043.7
2020-01-07,12128.65,12181.85,12049.1,12106.7
2020-01-08,11996.9,12090.5,11976.6,12063.5
2020-01-09,12181.15,12279.3,12168.25,12269.75
2020-01-10,12294.65,12357,12255.2,12290
2020-01-13,12330.7,12369.6,12323,12362.15
2020-01-14,12359.9,12412.5,12331.2,12397
2020-01-15,12363.4,12391.95,12319.05,12378.05
2020-01-16,12359.4,12409.4,12339.2,12374.35
2020-01-17,12345,12407.5,12335,12384.65
2020-01-20,12413.4,12419.2,12252,12263.15
2020-01-21,12212.9,12244,12181.25,12203.1
2020-01-22,12245.65,12249.75,12110,12145.25
2020-01-23,12138.85,12220,12110.15,12201
2020-01-24,12204.75,12292.7,12157,12271.6
2020-01-27,12168.85,12209.6,12117.5,12125.7
2020-01-28,12124.9,12162.45,12038,12068
2020-01-29,12114.4,12182.45,12095.6,12121.55
2020-01-30,12115.6,12117.9,12006.3,12035.8
2020-01-31,12103.4,12124,11973,11994.3
2020-02-01,11948.9,12020.2,11625.05,11654.9
2020-02-03,11598,11747,11598,11703.15
2020-02-04,11761,11975,11750.25,11964.25
2020-02-05,11963.35,12104,11942,12086.3
2020-02-06,12096.9,12167,12087.2,12136.35
2020-02-07,12132.35,12132.4,12068,12095.9
2020-02-10,12081.65,12088.9,11985,12040.05
2020-02-11,12105.65,12185,12095.2,12126.85
2020-02-12,12169.75,12247.7,12157.7,12228.45
2020-02-13,12219.9,12219.9,12145.5,12174.6
2020-02-14,12198.9,12260.4,12101,12129.65
2020-02-17,12140.65,12158.6,12052.35,12074.45
2020-02-18,12025.4,12047,11923.3,12006.1
2020-02-19,12110,12150.55,12047.65,12142.7
2020-02-20,12102.9,12163,12065,12079
2020-02-24,11950.65,11969.75,11814.05,11827.55
2020-02-25,11878.65,11888.7,11791,11816.55
2020-02-26,11739.65,11787.7,11635.3,11695.65
2020-02-27,11665.35,11665.6,11540.15,11633.3
2020-02-28,11380,11400.05,11116.65,11149.15
2020-03-02,11283,11418,11023.95,11123.7
2020-03-03,11179.9,11326.75,11120.1,11294.75
2020-03-04,11298.4,11337.9,11061.2,11247.1
2020-03-05,11294.65,11382,11230.5,11255.35
2020-03-06,10906.95,10998.9,10830.1,10939.9
2020-03-09,10634.4,10689.95,10266,10462.35
2020-03-11,10382.85,10512.95,10335.35,10450.75
2020-03-12,9941.4,10034.9,9412.85,9546.6
2020-03-13,8939.85,10129.75,8299,9897.7
2020-03-16,9514.4,9570.15,9055,9118.45
2020-03-17,9224.95,9357.8,8851.3,8915.6
2020-03-18,9040.7,9070.9,8380.05,8433.7
2020-03-19,8111.05,8531,7816.45,8205.9
2020-03-20,8234.9,8854.6,8130.1,8723.1
2020-03-23,7850.8,8189,7551,7581.55
2020-03-24,7879.15,8008.3,7526,7849.9
2020-03-25,7741.9,8423.5,7681.35,8362.2
2020-03-26,8389.75,8750.05,8293.5,8641.45
2020-03-27,8938.65,9044.25,8525,8651.4
2020-03-30,8440,8640,8248.65,8290.15
2020-03-31,8499.5,8715,8357,8620.95
2020-04-01,8558,8569,8181,8257.3
2020-04-03,8259.7,8330,8045,8084.5
2020-04-07,8450.85,8892.95,8372,8875.85
2020-04-08,8748,9144.7,8685.75,8750.55
2020-04-09,8910,9111.6,8891,9086.7
2020-04-13,9010,9106.6,8903,9011.1
2020-04-15,9189.95,9282.35,8846.7,8930.3
2020-04-16,8947.75,9089,8835.15,9035.45
2020-04-17,9345,9350,9105,9311.3
2020-04-20,9332.05,9384.75,9215,9260.5
2020-04-21,9031.05,9066.9,8909.4,8971.6
2020-04-22,9001,9219.9,8933.25,9188.3
2020-04-23,9200,9327.8,9158.45,9296.75
2020-04-24,9165,9260,9115,9138.25
2020-04-27,9230.55,9373.75,9230.55,9295.15
2020-04-28,9379,9421,9257.15,9397.75
2020-04-29,9425,9595.2,9399.5,9549.15
2020-04-30,9705.35,9877.95,9693.65,9859.9
2020-05-04,9418.5,9477.5,9245.3,9285.9
2020-05-05,9411,9420,9190.05,9208.6
2020-05-06,9214.95,9373,9125,9280.7
2020-05-07,9157.4,9264.4,9152.85,9204.25
2020-05-08,9348.9,9369,9215,9236.65
2020-05-11,9335.85,9442.7,9202.1,9225.15
2020-05-12,9138,9264.45,9037.35,9212.35
2020-05-13,9530.9,9557,9356.6,9393.55
2020-05-14,9242.4,9282.55,9110,9143.9
2020-05-15,9163.95,9180,9051,9137.1
2020-05-18,9108,9138.7,8811.05,8825.85
2020-05-19,8971,9034.8,8852.6,8884.1
2020-05-20,8903.15,9097.7,8879,9066.65
2020-05-21,9068.9,9169.7,9046.15,9075.1
2020-05-22,9001.4,9123.6,8940,9027.8
2020-05-26,9122.65,9162.55,8976.3,9034
2020-05-27,9078.95,9341.1,8988,9309.4
2020-05-28,9328.3,9495,9319.5,9490.1
2020-05-29,9398.7,9509,9361.05,9494.1
2020-06-01,9660.15,9911.65,9640.5,9791
2020-06-02,9830.85,9987.9,9780,9962.95
2020-06-03,10080.85,10193.15,10036.6,10071.8
2020-06-04,10060.2,10110,9932.3,10017.65
2020-06-05,10066.65,10184,10040,10145.5
2020-06-08,10293.9,10318.7,10113,10165.35
2020-06-09,10192.15,10295,10006.25,10034
2020-06-10,10076.55,10153.75,10037.45,10118.7
2020-06-11,10061.9,10099,9876.3,9894.55
2020-06-12,9599.4,9982.15,9581.95,9955.35
2020-06-15,9875.9,9904.95,9682.25,9813.75
2020-06-16,10018.15,10044.7,9703.9,9897.85
2020-06-17,9867.65,9988.95,9810.05,9854.55
2020-06-18,9845.65,10103.9,9825,10071.9
2020-06-19,10057.4,10252,10051,10235.55
2020-06-22,10248,10374.75,10236,10288.2
2020-06-23,10328.05,10480,10282.1,10467.7
2020-06-24,10499.3,10536.1,10274.25,10295.65
2020-06-25,10196,10362.75,10181,10290.4
2020-06-26,10297.65,10348.7,10235.25,10318
2020-06-29,10241.9,10282.3,10156.3,10255.8
2020-06-30,10315,10343.9,10185.2,10240.25
2020-07-01,10266.35,10430.55,10244.1,10408.3
2020-07-02,10451.05,10581.65,10440,10539.7
2020-07-03,10597.65,10605.7,10533,10572.45
2020-07-06,10700.65,10785,10661.05,10754.85
2020-07-07,10761.9,10784.7,10657.7,10766.65
2020-07-08,10799.65,10828.7,10675,10696.3
2020-07-09,10725.95,10844.95,10712.8,10823.55
2020-07-10,10772.4,10805,10696.45,10766.65
2020-07-13,10834.7,10879.4,10749.05,10807.55
2020-07-14,10752.9,10763.95,10553,10613.85
2020-07-15,10682,10823,10591,10628.25
2020-07-16,10652.9,10738,10580.9,10713.85
2020-07-17,10751.3,10935.95,10736,10905.05
2020-07-20,10955,11022.65,10921,11008.6
2020-07-21,11122.65,11184.9,11097.1,11170.55
2020-07-22,11186.7,11203.2,10805.2,11110.55
2020-07-23,11121.35,11228,11097.3,11207.55
2020-07-24,11093.9,11198.95,11062,11170.25
2020-07-27,11201.65,11225,11070.1,11122.45
2020-07-28,11134.7,11323,11128.55,11306.15
2020-07-29,11291.7,11343.4,11170,11222.45
2020-07-30,11253.65,11290.95,11078.2,11102.15
2020-07-31,11123.65,11150,11025,11095.85
2020-08-03,10993.7,11029,10883.4,10913.4
2020-08-04,10940,11114.25,10912.35,11102.05
2020-08-05,11131.9,11226.05,11063.35,11118
2020-08-06,11140.65,11277.25,11120.1,11199.5
2020-08-07,11161.9,11250,11142,11226.2
2020-08-10,11274.95,11334.75,11242.05,11293.35
2020-08-11,11349.65,11376.75,11302.4,11344.35
2020-08-12,11237.4,11337.85,11231,11317.8
2020-08-13,11338.2,11366.7,11266.85,11317.35
2020-08-14,11341.95,11397.7,11111,11186.7
2020-08-17,11272.65,11282,11155.35,11268.2
2020-08-18,11276.9,11417.45,11261.8,11398.55
2020-08-19,11436.65,11466.4,11404.4,11420.8
2020-08-20,11298,11360,11260,11305.4
2020-08-21,11394.65,11430.25,11361,11377.2
2020-08-24,11410.05,11516.6,11410,11474.15
2020-08-25,11513.95,11519.45,11416.55,11471.65
2020-08-26,11480.8,11557.6,11456.1,11548.2
2020-08-27,11590.1,11608.1,11547,11559.25
2020-08-28,11633.6,11698,11602,11675.25
2020-08-31,11764.9,11794.45,11350.5,11401.95
2020-09-01,11449.65,11589.7,11373,11510.95
2020-09-02,11480.4,11576,11445.4,11561.5
2020-09-03,11578.95,11594.7,11511,11542.8
2020-09-04,11383.35,11473.3,11309.8,11351.75
2020-09-07,11351.1,11393.25,11266,11365.9
2020-09-08,11348,11447.25,11301,11319.85
2020-09-09,11245,11324,11202,11306.9
2020-09-10,11341.15,11468,11331.35,11455.35
2020-09-11,11430.4,11487.4,11415.25,11467.1
2020-09-14,11518.55,11568.95,11395,11451.95
2020-09-15,11472.95,11542.25,11451.9,11527.4
2020-09-16,11518.9,11626.9,11511.05,11616.4
2020-09-17,11521,11578,11483.05,11522.4
2020-09-18,11575.6,11599,11455.5,11515.25
2020-09-21,11491.05,11527,11225.45,11256.1
2020-09-22,11282.3,11291.85,11103,11162.05
2020-09-23,11237.9,11245,11028.3,11147.65
2020-09-24,11012.9,11020,10800,10805.55
2020-09-25,10906.65,11077.45,10857.35,11042.2
2020-09-28,11123.9,11249,11090,11238
2020-09-29,11272,11298,11186,11234.7
2020-09-30,11249.95,11294.8,11195,11256.85
2020-10-01,11356.7,11447,11344.35,11435.55
2020-10-05,11460.05,11587.9,11450.15,11517.65
2020-10-06,11582.3,11683.75,11566.25,11669.65
2020-10-07,11676.15,11779,11638.3,11750.9
2020-10-08,11823.2,11914.5,11795,11831.8
2020-10-09,11864.6,11949.95,11815.8,11929.8
2020-10-12,11950,12014.3,11867.5,11938.35
2020-10-13,11921.65,11988.8,11884.4,11946.1
2020-10-14,11902.7,12003,11817.15,11982.25
2020-10-15,11983.9,11999.35,11663.2,11685.55
2020-10-16,11721.15,11798,11673.25,11765.15
2020-10-19,11850.25,11898.9,11818.5,11889.4
2020-10-20,11855.4,11945,11831.05,11895.9
2020-10-21,11951.25,12016.8,11766.75,11927.45
2020-10-22,11889.4,11935,11827.6,11898.65
2020-10-23,11934,11979.85,11907.75,11934.35
2020-10-26,11933.05,11950.35,11712,11778.4
2020-10-27,11810.9,11893.7,11723,11879.05
2020-10-28,11881.4,11917.6,11675.1,11721.5
2020-10-29,11630,11741.6,11597,11670.8
2020-10-30,11649.95,11746,11514.75,11638.4
2020-11-02,11683.15,11734.95,11560.1,11681.55
2020-11-03,11749.65,11844,11731.2,11824.95
2020-11-04,11823.65,11945.05,11744,11922.85
2020-11-05,12089.65,12155.9,12031.35,12143.3
2020-11-06,12159.9,12279,12135.7,12261.45
2020-11-09,12393.65,12484.7,12376.65,12467.25
2020-11-10,12582.65,12667.55,12482.6,12659.1
2020-11-11,12692,12774.75,12577.75,12755.05
2020-11-12,12710.05,12748.85,12638,12706
2020-11-13,12625.1,12765.4,12612.1,12753.4
2020-11-14,12805,12808,12760,12788.9
2020-11-17,12897.7,12906.8,12801,12881.85
2020-11-18,12863.65,12965.8,12833,12957.25
2020-11-19,12857.7,12976.25,12753,12793.5
2020-11-20,12795.05,12909.5,12744.5,12871.3
2020-11-23,12935.95,12978.4,12825,12934.35
2020-11-24,12977.2,13081.6,12964.8,13062.45
2020-11-25,13130.15,13137.75,12844.25,12859.15
2020-11-26,12920.65,12998,12785.7,12987
2020-11-27,13043,13094,12966,13017.4
2020-12-01,13031,13168.35,12992.85,13143.4
2020-12-02,13144.4,13177,13017.95,13162.45
2020-12-03,13210.2,13228.4,13153.05,13191.85
2020-12-04,13220.2,13326.6,13202.35,13311.6
2020-12-07,13268.2,13398,13265.7,13387.6
2020-12-08,13401.05,13469,13352.05,13428.15
2020-12-09,13457.7,13588,13456.15,13567.7
2020-12-10,13504.2,13544,13425,13524.35
2020-12-11,13530.1,13599,13414.45,13518.35
2020-12-14,13550,13612.95,13490,13571.6
2020-12-15,13530.05,13602.8,13454.2,13584.95
2020-12-16,13652,13712.1,13619.8,13699.45
2020-12-17,13710.15,13794.75,13686.9,13754.4
2020-12-18,13759.9,13799.1,13681,13774.05
2020-12-21,13732.15,13784.75,13155.55,13329.75
2020-12-22,13339.9,13508,13222.35,13487.5
2020-12-23,13479.85,13627.5,13448,13612.45
2020-12-24,13675.05,13784,13641,13763.75
2020-12-28,13845,13903.65,13802.15,13890.55
2020-12-29,13949.7,13965.45,13868,13935.05
2020-12-30,13979,13985.05,13870.95,13977.45
2020-12-31,13968.1,14026.9,13930.95,13981.75
2021-01-01,14002.1,14073.95,13997.05,14053.85
2021-01-04,14100,14179.45,13970.05,14165.3
2021-01-05,14110.2,14227.75,14077,14217.95
2021-01-06,14249.95,14252.55,14078.1,14189.45
2021-01-07,14200.1,14283,14175,14191.1
2021-01-08,14281,14379.3,14249,14370.9
2021-01-11,14453,14498.65,14400.95,14489.25
2021-01-12,14478,14624,14454.45,14599.9
2021-01-13,14653.85,14660,14476,14606.15
2021-01-14,14580,14643.75,14504.6,14628.1
2021-01-15,14605,14623.55,14375.1,14458.5
2021-01-18,14458.5,14458.95,14250,14287.25
2021-01-19,14380.5,14586.3,14364.25,14570
2021-01-20,14581,14670.45,14524.1,14645.15
2021-01-21,14711.05,14765.45,14508.3,14598.65
2021-01-22,14593,14625.9,14356,14380.15
2021-01-25,14475,14497.75,14233.6,14253.15
2021-01-27,14199,14208,13933.1,13982.55
2021-01-28,13849.95,13896.9,13706.3,13817.55
2021-01-29,13925,13984,13666.6,13709.1
2021-02-01,13785,14398.95,13696.55,14351.25
2021-02-02,14519,14767.25,14480,14696
2021-02-03,14770,14903.9,14611,14820.55
2021-02-04,14765,14938,14731,14895.35
2021-02-05,14949.95,15008,14866,14930.65
2021-02-08,15068,15167,15031,15126.5
2021-02-09,15153,15266,15062.4,15105.75
2021-02-10,15105,15170,14984,15119.55
2021-02-11,15090,15201.95,15075,15184.95
2021-02-12,15172.05,15236,15071.05,15161.45
2021-02-15,15249,15357,15240,15332.2
2021-02-16,15373.95,15430,15246.1,15330.25
2021-02-17,15279,15323.85,15165.05,15207.05
2021-02-18,15221.1,15255.3,15065.1,15116.1
2021-02-19,15062.2,15145,14900.05,14987
2021-02-22,14982,15002.85,14639.75,14672.65
2021-02-23,14755.25,14871,14662.55,14711.55
2021-02-24,14755.15,15024.05,14714.5,14993.75
2021-02-25,15078,15180.9,15050.35,15097.35
2021-02-26,14948,14949.95,14521.65,14578.45
2021-03-01,14709.95,14839.45,14658.5,14797.75
2021-03-02,14845,14989.75,14776.2,14958.15
2021-03-03,15062,15318,15034.55,15298.85
2021-03-04,15047.95,15235,14992.1,15106.25
2021-03-05,14970,15098.1,14861.85,14953.05
2021-03-08,15001.2,15140,14927.15,14969
2021-03-09,15075.2,15179.85,14953.25,15134.75
2021-03-10,15251.1,15262.15,15131.05,15209.3
2021-03-12,15362.1,15375,14961.55,15051.4
2021-03-15,15050,15068.95,14771,14968.75
2021-03-16,15008,15082.2,14915.2,14959.7
2021-03-17,14968,14981.15,14741.2,14771.3
2021-03-18,14868.25,14900.25,14506.5,14577.05
2021-03-19,14499.8,14805,14371.3,14756.45
2021-03-22,14741.05,14779.9,14600,14741.6
2021-03-23,14752.1,14900,14713.55,14832.9
2021-03-24,14733.75,14762.7,14535,14555.3
2021-03-25,14560,14560,14261.25,14324.9
2021-03-26,14555,14675,14501,14608.5
2021-03-30,14700,14949,14687,14913.55
2021-03-31,14871.05,14876,14720.7,14752.3
2021-04-01,14823.1,14975,14760.1,14953.35
2021-04-05,14890,14899.85,14490,14698.45
2021-04-06,14750.1,14849,14616,14751.45
2021-04-07,14750,14950,14701,14888
2021-04-08,14939.8,15044.7,14873.25,14924.4
2021-04-09,14901.1,14967.45,14810,14889.4
2021-04-12,14689.7,14689.7,14282,14343.25
2021-04-13,14388.5,14563,14304.1,14541.15
2021-04-15,14574,14615.5,14374.25,14592
2021-04-16,14605.65,14733.35,14582.25,14645.7
2021-04-19,14399,14408.85,14213,14374.15
2021-04-20,14502.3,14535.5,14225.55,14296.2
2021-04-22,14200,14434,14155,14403.6
2021-04-23,14335.05,14468.55,14263.55,14338.6
2021-04-26,14442.35,14552.45,14423.4,14486.2
2021-04-27,14500,14658.75,14476,14644.7
2021-04-28,14702.25,14890.8,14685,14855.3
2021-04-29,15010,15035,14812.3,14894.9
2021-04-30,14802,14890,14660.3,14690.8
2021-05-03,14541.65,14744.8,14461.9,14685.8
2021-05-04,14708.25,14765,14510.75,14549.3
2021-05-05,14625.05,14698.1,14549.3,14679.1
2021-05-06,14717.95,14788,14657.45,14769.95
2021-05-07,14835,14908,14803.1,14869.55
2021-05-10,14968.25,15023.35,14939.05,14984.65
2021-05-11,14798,14939.5,14785,14878.25
2021-05-12,14842.1,14842.1,14662.95,14710.05
2021-05-14,14710,14755.95,14620,14714.95
2021-05-17,14762.3,14960,14744.05,14952.1
2021-05-18,15080.3,15175,15072.2,15144.85
2021-05-19,15081.6,15157.8,15035.2,15059.45
2021-05-20,15040,15084.85,14911.65,14933.25
2021-05-21,15011,15224.75,14992,15206.2
2021-05-24,15230.05,15258.9,15150,15202.65
2021-05-25,15281.05,15299.4,15160,15218
2021-05-26,15255.2,15324,15197.2,15303
2021-05-27,15329,15365.4,15274.2,15337.85
2021-05-28,15435.05,15500,15420,15463.85
2021-05-31,15458,15599.7,15410.1,15583.2
2021-06-01,15612.5,15660,15546.1,15618.15
2021-06-02,15584,15632.6,15502.4,15616.75
2021-06-03,15689.9,15719.95,15635.7,15712.4
2021-06-04,15714.95,15756,15654,15700.85
2021-06-07,15769,15807.85,15705.9,15784.85
2021-06-08,15787,15790,15701.1,15768.6
2021-06-09,15778.2,15814.65,15594.05,15660.25
2021-06-10,15682.2,15767.8,15656.95,15751.25
2021-06-11,15809,15855.8,15760.1,15817.3
2021-06-14,15728,15848.1,15630.65,15832.65
2021-06-15,15866.6,15909,15853.95,15879
2021-06-16,15859,15885,15766.15,15790.2
2021-06-17,15671.05,15777.6,15626,15692.15
2021-06-18,15758,15774,15465.1,15696.7
2021-06-21,15548,15760.2,15509.5,15743.8
2021-06-22,15810,15876.35,15751.1,15773.25
2021-06-23,15792.2,15864.6,15677,15695.9
2021-06-24,15722.5,15819.55,15687.25,15790.45
2021-06-25,15852.2,15900,15802.2,15888
2021-06-28,15921.15,15930,15825.45,15854.95
2021-06-29,15843.1,15860,15758.7,15785.6
2021-06-30,15816.05,15876.2,15737.05,15752.15
2021-07-01,15765.1,15775.05,15696,15710.6
2021-07-02,15743.95,15754.95,15659.1,15741.55
2021-07-05,15757,16546.5,15757,15858.1
2021-07-06,15829.95,15930.6,15815.25,15837.45
2021-07-07,15826,15900.6,15788.8,15886.4
2021-07-08,15852.1,15889.9,15694.05,15735.4
2021-07-09,15700.05,15755,15641.05,15722.45
2021-07-12,15777,15811.9,15657.5,15711.95
2021-07-13,15798.25,15842.55,15758.25,15833.8
2021-07-14,15805.1,15893.25,15777.05,15869.05
2021-07-15,15879,15967.5,15866.55,15937.3
2021-07-16,15911.1,15970,15890,15936
2021-07-19,15770,15836.45,15705.95,15752.4
2021-07-20,15711,15741,15586,15637.2
2021-07-22,15700.05,15828.8,15700.05,15816.9
2021-07-23,15850,15897.6,15763.2,15853.1
2021-07-26,15781.5,15880,15781,15820.45
2021-07-27,15840.05,15869.95,15693.05,15734.65
2021-07-28,15774.95,15774.95,15510,15709.1
2021-07-29,15741.05,15812.4,15730.5,15778.45
2021-07-30,15735.2,15872.3,15735.2,15777.25
2021-08-02,15885,15918.2,15841,15909
2021-08-03,15947,16162.9,15912.55,16146.5
2021-08-04,16200,16294.7,16188,16260.8
2021-08-05,16280,16350,16220,16300.65
2021-08-06,16281.05,16333,16233.55,16251.7
2021-08-09,16274.65,16325,16181.8,16262.95
2021-08-10,16259.9,16359,16209.5,16276.95
2021-08-11,16308,16324.95,16185.65,16283.35
2021-08-12,16308.25,16369,16287.55,16358.6
2021-08-13,16365.05,16534.85,16360.05,16517.35
2021-08-16,16499,16588,16461.85,16559.45
2021-08-17,16543.1,16610,16483.7,16595.85
2021-08-18,16668,16688.95,16547.5,16572.3
2021-08-20,16400,16504,16342,16433.7
2021-08-23,16560.25,16565.95,16392,16494.25
2021-08-24,16555.4,16643.3,16495.05,16620.25
2021-08-25,16652,16713.75,16615.05,16632.35
2021-08-26,16612.1,16671.9,16572.3,16636.9
2021-08-27,16639.7,16730,16574.05,16718.15
2021-08-30,16745,16960,16745,16942.4
2021-08-31,16892,17143.9,16892,17122.25
2021-09-01,17150,17228.75,17083,17096.95
2021-09-02,17138.9,17262.7,17072.1,17247.25
2021-09-03,17261.55,17342.45,17211,17329.35
2021-09-06,17379,17429.1,17361,17404.65
2021-09-07,17372.1,17449.95,17300,17375.8
2021-09-08,17397.9,17401.1,17276.25,17370.9
2021-09-09,17330,17373.6,17301,17364.3
2021-09-13,17355.25,17393.1,17264,17359.3
2021-09-14,17410,17434.7,17368.7,17384.95
2021-09-15,17405.1,17545.35,17380.9,17535.45
2021-09-16,17541,17635,17501,17611.25
2021-09-17,17670,17800,17558,17603.15
2021-09-20,17460.25,17618.2,17355,17386.65
2021-09-21,17378,17569.55,17335.5,17559.3
2021-09-22,17554,17618.45,17521,17568.5
2021-09-23,17661.35,17845.45,17635.1,17833.1
2021-09-24,17894.95,17935,17820,17853.6
2021-09-27,18088.3,18088.3,17806,17856.75
2021-09-28,17880.05,17903.9,17586.25,17748.2
2021-09-29,17669,17794.05,17613.05,17708
2021-09-30,17697.3,17740.2,17580.5,17618.15
2021-10-01,17523.7,17562.3,17433,17530.2
2021-10-04,17571,17745,17560.05,17706.25
2021-10-05,17645,17840,17631,17829.75
2021-10-06,17838.7,17865,17603,17627.2
2021-10-07,17772.55,17884,17753.15,17808.15
2021-10-08,17883.8,17940,17835.3,17900.1
2021-10-11,17898.5,18059.6,17860,17973.05
2021-10-12,17919,18015,17862.6,18002.55
2021-10-13,18050,18207.95,18042,18172.75
2021-10-14,18260,18365.9,18240,18355
2021-10-18,18456.25,18543.25,18436.1,18495.4
2021-10-19,18578.9,18594,18395.1,18432.45
2021-10-20,18430.1,18466.8,18251.15,18316.7
2021-10-21,18365.5,18366,18077.5,18202.9
2021-10-22,18247.8,18318,18051.1,18144.55
2021-10-25,18220,18234.35,17986.6,18145.45
2021-10-26,18180.05,18350,18108.1,18314.15
2021-10-27,18308,18350,18181,18215.25
2021-10-28,18194.7,18205.9,17849.3,17857.25
2021-10-29,17860.7,17944,17659.25,17715.3
2021-11-01,17748,18037.75,17730.05,18008.45
2021-11-02,18010.05,18038,17861,17916.25
2021-11-03,17961.05,18019.8,17770,17847.15
2021-11-04,17900,17942,17900,17916.7
2021-11-08,17947.85,18153,17852,18122.75
2021-11-09,18130,18140.8,17993.7,18070.4
2021-11-10,17989.65,18086,17925.2,18022.95
2021-11-11,17985,17985,17807.1,17896.85
2021-11-12,17737.65,18160,17737.65,18133.45
2021-11-15,18239.9,18410,18082,18141
2021-11-16,18120,18159.95,17978.4,18004
2021-11-17,17934,18028.8,17894.35,17909.15
2021-11-18,17890,17944,17692.1,17792.9
2021-11-22,17797.75,17805,17301.55,17435.05
2021-11-23,17325,17550,17250,17495.25
2021-11-24,17547.8,17605,17360,17408.1
2021-11-25,17320.5,17558,17320.5,17536.25
2021-11-26,17415.5,17427.95,17015.05,17052.15
2021-11-29,17094.75,17207.85,16850.1,17094.9
2021-11-30,17089.75,17347,17000,17033.6
2021-12-01,17118.9,17250,17100.5,17221.9
2021-12-02,17205,17444.45,17170,17432.65
2021-12-03,17468.7,17515,17220,17239
2021-12-06,17247.7,17255.55,16942.05,16957.15
2021-12-07,17053.8,17308.95,17016.6,17225.4
2021-12-08,17343,17527.45,17327,17513.65
2021-12-09,17545,17590.9,17416.6,17561.4
2021-12-10,17532,17585,17435.45,17559.35
2021-12-13,17637.65,17688,17404.25,17446.85
2021-12-14,17340,17424,17230,17355.05
2021-12-15,17325,17379.5,17217,17260.8
2021-12-16,17390,17400,17233,17317.5
2021-12-17,17310.05,17310.05,17000,17023.5
2021-12-20,16848.7,16918.7,16431.3,16635.05
2021-12-21,16751,16955,16708.5,16800.95
2021-12-22,16877,16985,16832.2,16973.35
2021-12-23,17075,17150,17040.55,17078.45
2021-12-24,17150,17160,16920,17003.8
2021-12-27,16950,17129,16842.4,17103.4
2021-12-28,17175,17258.8,17160.5,17246.75
2021-12-29,17238,17287,17186.05,17215.9
2021-12-30,17189.9,17258.9,17151.6,17203.95
2021-12-31,17268,17448,17265.1,17409.95
2022-01-03,17443,17692.35,17410.05,17677.95
2022-01-04,17730,17870.8,17632.4,17846.75
2022-01-05,17840,17985,17786,17960.95
2022-01-06,17830,17845.5,17685.65,17788.65
2022-01-07,17831.1,17949,17736,17854.3
2022-01-10,17925,18058.3,17905.2,18048.2
2022-01-11,18026.65,18121,17994.75,18083.55
2022-01-12,18199,18254.9,18165.5,18241.2
2022-01-13,18266,18303.4,18197.15,18287.25
2022-01-14,18220.6,18320,18146.2,18295
2022-01-17,18248,18350,18234.5,18336.6
2022-01-18,18354,18363.5,18100,18124.35
2022-01-19,18094,18110,17906.55,17974.1
2022-01-20,17950,17968.7,17694.4,17804.1
2022-01-21,17670.05,17723.15,17502.5,17617.8
2022-01-24,17550,17602.95,17011.75,17151.65
2022-01-25,17000,17309,16851.15,17283.45
2022-01-27,16995,17174,16862,17110.15
2022-01-28,17200,17395,17095,17125.65
2022-01-31,17300,17424.95,17271,17361.95
2022-02-01,17524.95,17634,17231.25,17589
2022-02-02,17705.25,17809.8,17680.05,17795.9
2022-02-03,17780.05,17784,17500,17547.1
2022-02-04,17521,17632,17475,17529.65
2022-02-07,17458.55,17532.55,17125,17218.3
2022-02-08,17265,17304,17048.2,17273
2022-02-09,17351.4,17490,17330.3,17480.15
2022-02-10,17525,17650,17440.5,17617.65
2022-02-11,17448,17473.25,17282.3,17355.8
2022-02-14,17129,17129,16801,16837.85
2022-02-15,16894,17382.9,16837,17360.65
2022-02-16,17390,17495,17240.15,17317.35
2022-02-17,17374.9,17436.9,17217.35,17290.2
2022-02-18,17248,17388,17218.7,17278.05
2022-02-21,17206.2,17354,17081,17205.2
2022-02-22,16899.7,17145,16851,17073.6
2022-02-23,17170,17218.65,17043.3,17080.65
2022-02-24,16600,16763.95,16230.1,16247.95
2022-02-25,16449.85,16763.75,16449.85,16656.05
2022-02-28,16525,16825,16366.85,16794.25
2022-03-02,16595,16678,16468,16613.45
2022-03-03,16741,16769.75,16445.1,16505.6
2022-03-04,16305.1,16479.35,16152,16258.95
2022-03-07,15900,15958.1,15711.15,15872.2
2022-03-08,15770,16033,15676.35,16010.9
2022-03-09,16065,16422.35,15961,16365.7
2022-03-10,16730,16753.5,16450,16611.9
2022-03-11,16510,16707.8,16475.05,16647.75
2022-03-14,16624.95,16912.6,16610.15,16885.4
2022-03-15,16890,16928.9,16556.7,16669
2022-03-16,16870,17028.7,16856,17008.75
2022-03-17,17218,17385.85,17188.15,17322.05
2022-03-21,17332.2,17392.1,17130.65,17158.65
2022-03-22,17141,17383.75,17051,17362.8
2022-03-23,17447,17464.4,17220.05,17272.25
2022-03-24,17111,17339,17111,17242.8
2022-03-25,17260,17296,17096.4,17194.05
2022-03-28,17220.6,17283,17025.35,17268.95
2022-03-29,17350,17390,17269.4,17368.05
2022-03-30,17501.3,17539.95,17425,17515.4
2022-03-31,17519.55,17555.8,17436.75,17464.75
2022-04-01,17453,17740,17423,17713
2022-04-04,17810,18121.25,17765.1,18098.2
2022-04-05,18161.1,18173.8,17990.1,18017.5
2022-04-06,17897,17964.8,17837,17867.45
2022-04-07,17768,17866.3,17693.25,17730.35
2022-04-08,17745,17944.8,17656.3,17894.95
2022-04-11,17781.5,17829.95,17690.35,17723.95
2022-04-12,17600.1,17634.2,17482,17576.8
2022-04-13,17615.75,17704.8,17488.4,17519.25
2022-04-18,17221.15,17286.7,17109.95,17229.6
2022-04-19,17275,17314,16843.3,16969.35
2022-04-20,17040,17219.7,16996.85,17162.7
2022-04-21,17239.95,17439,17222,17410.15
2022-04-22,17225.1,17321,17156.5,17177.75
2022-04-25,17005,17050.15,16875,16958.35
2022-04-26,17125,17228.8,17068.2,17204
2022-04-27,17078,17114.5,16957.85,17053.8
2022-04-28,17149,17321.05,17072.65,17245.05
2022-04-29,17307,17399,17085.65,17135.25
2022-05-02,16925,17118,16925,17084.25
2022-05-04,17115.1,17137.75,16643.2,16702.5
2022-05-05,16855.3,16980.35,16660.55,16694.3
2022-05-06,16451.25,16494.8,16346.75,16419.4
2022-05-09,16255.55,16417.95,16153,16298.85
2022-05-10,16263.3,16410.15,16209,16247.1
2022-05-11,16256.7,16314.7,15993,16177.95
2022-05-12,16020,16038.85,15733,15810.75
2022-05-13,15968.9,16091,15744.1,15786.6
2022-05-16,15832.3,15979.75,15752,15842.6
2022-05-17,15901.05,16275.05,15885.05,16254.95
2022-05-18,16309.9,16363.35,16167.8,16226.05
2022-05-19,15981.3,15981.3,15740,15769.45
2022-05-20,15988.5,16275,15968.5,16253.25
2022-05-23,16270,16398,16152,16183.35
2022-05-24,16150,16236,16034.05,16104.7
2022-05-25,16168.05,16221.35,15982,16013.8
2022-05-26,16091.6,16178.7,15885.1,16170.15
2022-05-27,16300.05,16349.1,16201.05,16326.9
2022-05-30,16461.05,16674,16461.05,16643.45
2022-05-31,16589,16691.85,16528.05,16577.6
2022-06-01,16550,16640,16425.1,16508.1
2022-06-02,16448,16645,16430,16621.2
2022-06-03,16761.5,16790,16578,16604.65
2022-06-06,16550,16621.75,16460,16581.25
2022-06-07,16487,16490,16354,16429.25
2022-06-08,16471.1,16548,16310,16364.8
2022-06-09,16278,16496.8,16268.6,16475.45
2022-06-10,16284.4,16321,16185,16219.35
2022-06-13,15900.1,15948,15673.5,15766.25
2022-06-14,15715.6,15877,15666,15737.45
2022-06-15,15739.75,15799,15691,15708.65
2022-06-16,15820.25,15865,15328,15348.55
2022-06-17,15305.1,15427.65,15211.65,15319.25
2022-06-20,15340,15384,15202.3,15347.65
2022-06-21,15440,15716.75,15434.95,15638.4
2022-06-22,15551,15558,15357.25,15403.4
2022-06-23,15431,15629,15360,15572.95
2022-06-24,15650.1,15748,15611,15712.3
2022-06-27,15899.95,15930.4,15819.1,15835.55
2022-06-28,15779.7,15861.95,15712.35,15847.7
2022-06-29,15701.1,15852.15,15678,15779.9
2022-06-30,15765,15876.6,15712,15780.25
2022-07-01,15704,15787.25,15513.9,15754.25
2022-07-04,15735,15853.45,15651.9,15836.95
2022-07-05,15880,16014.6,15752.5,15776.05
2022-07-06,15796.85,16020,15781.05,15990.45
2022-07-07,16109.8,16165,16042,16148.15
2022-07-08,16248,16250,16160,16225.2
2022-07-11,16152,16253.2,16106.45,16203.5
2022-07-12,16126.55,16149.75,16026,16044.25
2022-07-13,16097.85,16142.45,15962.7,15979.9
2022-07-14,15980,16079,15860,15932.55
2022-07-15,15989.95,16083.9,15930.3,16068.3
2022-07-18,16199,16520,16170.45,16300.25
2022-07-19,16199.5,16364.5,16198.95,16346.95
2022-07-20,16521.3,16577.6,16492,16519.6
2022-07-21,16524.1,16618,16489.5,16597.5
2022-07-22,16631.1,16757.5,16611,16722.6
2022-07-25,16680,16705,16561.5,16632.1
2022-07-26,16635.1,16635.1,16475.15,16491.3
2022-07-27,16488,16668,16438,16653.3
2022-07-28,16769.2,16934.85,16743.55,16929.6
2022-07-29,17095,17222.95,17055.9,17201.85
2022-08-01,17262.2,17396.6,17192.65,17378.3
2022-08-02,17336,17420,17241.1,17346.3
2022-08-03,17360,17426,17243.85,17407.15
2022-08-04,17456,17505.3,17178,17387.85
2022-08-05,17422.9,17514.35,17363.85,17416.15
2022-08-08,17410,17583.9,17377.15,17557.75
2022-08-10,17580.25,17585.6,17455.3,17558.25
2022-08-11,17711,17736.15,17657.5,17684.95
2022-08-12,17675,17753.6,17621,17713.05
2022-08-16,17895,17895,17780.2,17850.65
2022-08-17,17898.4,17992.3,17867.9,17974.1
2022-08-18,17936.15,18004.7,17858.85,17980.35
2022-08-19,17980,17989.95,17712.6,17759.5
2022-08-22,17688,17689.9,17471.1,17492.25
2022-08-23,17401.1,17643.95,17383.6,17585.55
2022-08-24,17552.1,17635.3,17495,17617.25
2022-08-25,17684.4,17739.35,17501,17522.45
2022-08-26,17677.3,17765,17602.05,17653.75
2022-08-29,17290,17440,17250.05,17370.25
2022-08-30,17451,17844.75,17442.2,17827.5
2022-09-01,17552,17734.9,17482,17592.4
2022-09-02,17592,17661.5,17491.35,17562.75
2022-09-05,17540,17727.55,17540,17710
2022-09-06,17730,17788.55,17600,17682.95
2022-09-07,17543.35,17680,17521.25,17651.05
2022-09-08,17750,17837.75,17695,17824.35
2022-09-09,17927.1,17949.65,17804.95,17866.45
2022-09-12,17900,18024.4,17872.1,17964.35
2022-09-13,18045.1,18123.35,18032.65,18105.5
2022-09-14,17826.65,18110,17819,18020.4
2022-09-15,18045,18099,17866.5,17891.8
2022-09-16,17805.55,17825,17526,17566.15
2022-09-19,17559.9,17690,17456.25,17628
2022-09-20,17775,17943.1,17756,17825.65
2022-09-21,17776.35,17844.35,17664.45,17731.45
2022-09-22,17626,17747.4,17542.35,17647.6
2022-09-23,17587.95,17638.3,17291.15,17335.85
2022-09-26,17175,17211.85,16981.1,17028.75
2022-09-27,17099.85,17174.9,16946,17018.65
2022-09-28,16863.05,17033,16833.7,16858.7
2022-09-29,16994.85,17058.9,16800,16833.3
2022-09-30,16815,17209.6,16764.25,17103.2
2022-10-03,17021,17105,16858,16895.65
2022-10-04,17140,17309,17125,17293
2022-10-06,17421.2,17444,17313,17325.45
2022-10-07,17301.1,17353.95,17220.3,17328.85
2022-10-10,17100,17278.85,17050,17227.45
2022-10-11,17220,17239,16951,16978.2
2022-10-12,17011,17133.9,16951.05,17114.8
2022-10-13,17085.25,17086.8,16927,17010.85
2022-10-14,17299.75,17367,17175,17195.5
2022-10-17,17155,17324,17100,17300.3
2022-10-18,17443,17538.65,17432,17502
2022-10-19,17535.1,17599.35,17457,17494.65
2022-10-20,17408,17560,17385.3,17540.7
2022-10-21,17588,17665.5,17495,17564.45
2022-10-24,17730,17807.05,17716.55,17732.55
2022-10-25,17772.1,17790,17642.6,17654.95
2022-10-27,17795.1,17818.55,17655,17736.95
2022-10-28,17781,17887.1,17773.3,17830.2
2022-10-31,17948,18061.75,17926.1,18051.05
2022-11-01,18161.1,18225,18112,18211.2
2022-11-02,18227,18229.45,18117.05,18146.75
2022-11-03,18046.9,18158.85,18008,18118.8
2022-11-04,18135,18220.8,18069.85,18194
2022-11-07,18294.9,18308.5,18119.5,18264.15
2022-11-09,18345,18375.25,18183.3,18216.8
2022-11-10,18110,18149.9,18030,18092.65
2022-11-11,18332.55,18439.95,18320,18424
2022-11-14,18432.7,18455,18362.65,18379.2
2022-11-15,18439,18488.8,18342.2,18462.05
2022-11-16,18462,18493.15,18387.5,18451.85
2022-11-17,18400,18473.6,18346.1,18378.4
2022-11-18,18396,18417,18256.5,18355.9
2022-11-21,18306.1,18306.1,18155.3,18192.2
2022-11-22,18221.3,18293.9,18171.55,18281
2022-11-23,18355,18358,18264.9,18286.75
2022-11-24,18310,18487.75,18297.15,18484.1
2022-11-25,18631.2,18668.2,18581.15,18646.1
2022-11-28,18585,18742.3,18566.15,18694.1
2022-11-29,18692,18797.65,18670.15,18733.6
2022-11-30,18736,18905.05,18721.2,18874.5
2022-12-01,18957.7,18998.85,18890,18948.3
2022-12-02,18948.95,18948.95,18760.05,18812.55
2022-12-05,18798.9,18856.4,18710.45,18817.75
2022-12-06,18731.3,18790,18682.4,18771.35
2022-12-07,18680.15,18774.65,18650.4,18670.25
2022-12-08,18675,18740.9,18637.3,18720.15
2022-12-09,18760,18776.95,18515,18583.65
2022-12-12,18520,18638.65,18456.15,18605.2
2022-12-13,18630,18717.95,18575.6,18703.85
2022-12-14,18775.55,18807.55,18720.05,18748.9
2022-12-15,18705.6,18742.4,18437.55,18467
2022-12-16,18367,18488.85,18313.2,18328.65
2022-12-19,18340,18519,18308.6,18499.3
2022-12-20,18420,18449,18231.9,18423.95
2022-12-21,18470.1,18514.9,18223,18275.9
2022-12-22,18327,18356.9,18112,18170.35
2022-12-23,18055.05,18115,17831.2,17863.9
2022-12-26,17890.05,18106,17835.55,18027.3
2022-12-27,18082.2,18152.05,17969,18138
2022-12-28,18097.75,18178.4,18073.85,18122.35
2022-12-29,18122,18198,17985,18191
2022-12-30,18338,18374,18172.35,18206.85
2023-01-02,18209,18294.4,18164.7,18275.85
2023-01-03,18234.9,18333.9,18210.05,18317.3
2023-01-04,18299,18303.3,18083.2,18103.05
2023-01-05,18155,18190,17964.4,18066
2023-01-06,18073.6,18132,17872.05,17943.2
2023-01-09,18028,18228,18018.9,18173.2
2023-01-10,18173.2,18178,17925.15,17986.25
2023-01-11,18000,18065,17890.45,17962.95
2023-01-12,17982.5,18019.95,17820.05,17918.65
2023-01-13,17940,18088.15,17835.55,18025.25
2023-01-16,18051.1,18097,17886.95,17941.75
2023-01-17,17916.25,18103.9,17916.25,18088.8
2023-01-18,18112,18224.6,18071.1,18199.15
2023-01-19,18151,18177.75,18081,18113.15
2023-01-20,18150,18170.8,18036,18055.8
2023-01-23,18120,18193.95,18090.95,18148.15
2023-01-24,18210,18218.45,18100.05,18128.25
2023-01-25,18109.8,18109.85,17845.3,17891.95
2023-01-27,17988,17995,17576.8,17687.15
2023-01-30,17639.95,17829,17522.25,17741.75
2023-01-31,17785,17836.3,17636.25,17798.65
2023-02-01,17925,18063.95,17472.35,17677.25
2023-02-02,17597.85,17739.95,17522.9,17685.25
2023-02-03,17758,17927,17635.65,17902.15
2023-02-06,17840,17867.5,17744.3,17805.95
2023-02-07,17840,17864.8,17703,17782.65
2023-02-08,17802.05,17939.35,17786.05,17909.25
2023-02-09,17900.05,17974.95,17820.9,17945.85
2023-02-10,17851,17899.9,17799,17877.1
2023-02-13,17852.05,17900.5,17745,17801.85
2023-02-14,17830,17969.9,17812.85,17945.15
2023-02-15,17899.8,18049,17872.35,18035.15
2023-02-16,18090,18150,18047.8,18062.85
2023-02-17,17986.2,18045,17893.55,17951
2023-02-20,17965.75,18014.7,17835.6,17862.65
2023-02-21,17883.6,17932,17801,17840.1
2023-02-22,17790,17794.95,17532.55,17566.9
2023-02-23,17575,17628.7,17461.15,17511.25
2023-02-24,17637.9,17700,17510,17559.25
2023-02-27,17505,17554.75,17392.2,17497.95
2023-02-28,17493.05,17534,17345,17403.4
2023-03-01,17433.05,17550,17417.35,17532.7
2023-03-02,17495,17518,17380,17399.4
2023-03-03,17490.2,17725.05,17475,17671.55
2023-03-06,17730,17863.9,17724,17774.95
2023-03-08,17715.1,17805.75,17654,17794.55
2023-03-09,17789.95,17818.9,17635,17645.1
2023-03-10,17489.8,17489.9,17367,17452.55
2023-03-13,17460,17573.95,17159.05,17205.8
2023-03-14,17190,17278,17071.1,17125.75
2023-03-15,17224.95,17263.4,17010.9,17037.35
2023-03-16,17019.9,17130,16918.5,17047.3
2023-03-17,17165,17208.75,17020.05,17178.15
2023-03-20,17099.8,17109.8,16866,17028.9
2023-03-21,17090,17183.65,17052.25,17160.15
2023-03-22,17211,17238,17142.1,17185
2023-03-23,17124.9,17239.55,17066.95,17087.5
2023-03-24,17079.95,17119.9,16931.95,16955.05
2023-03-27,16995.25,17124.55,16940.8,17037.4
2023-03-28,17065,17088.25,16927.45,16970.6
2023-03-29,16983,17090.6,16942,17080.7
2023-03-31,17271,17466,17271,17442.65
2023-04-03,17470,17489,17383.85,17474
2023-04-05,17500,17630,17486.8,17622
2023-04-06,17599.8,17715.95,17557.1,17644.2
2023-04-10,17671,17754,17653.6,17681.5
2023-04-11,17730,17809.35,17715.75,17788.2
2023-04-12,17806.15,17879.7,17778.3,17858.25
2023-04-13,17850,17889.9,17775,17879.65
2023-04-17,17820.1,17854,17640,17760.1
2023-04-18,17775,17780,17652.85,17712.35
2023-04-19,17700,17710.8,17622,17649.65
2023-04-20,17681.1,17725,17610.95,17655.8
2023-04-21,17650,17690,17583,17657.3
2023-04-24,17715,17772,17633.2,17763.9
2023-04-25,17776.1,17822.7,17732.3,17782.3
2023-04-26,17754.9,17830,17722,17814.9
2023-04-27,17791,17920.05,17791,17915.05
2023-04-28,18030.25,18128.5,17965,18111.15
2023-05-02,18180.45,18247.25,18180.45,18213.15
2023-05-03,18154.9,18180,18100.3,18149.95
2023-05-04,18119.85,18315.9,18113.1,18294.65
2023-05-05,18180,18267.75,18115,18129.7
2023-05-08,18160,18344.7,18147,18310.4
2023-05-09,18335.6,18388.85,18270.15,18306.4
2023-05-10,18325,18358.5,18255.55,18345.5
2023-05-11,18375.1,18390.55,18316,18353.4
2023-05-12,18298.95,18365,18215.45,18333.4
2023-05-15,18300,18473.1,18288,18417.55
2023-05-16,18439,18445.75,18312,18328.4
2023-05-17,18315.6,18328.35,18157.6,18224.5
2023-05-18,18290,18324.55,18150.8,18175.45
2023-05-19,18210,18242,18084.05,18225.4
2023-05-22,18215,18350,18195.1,18331.35
2023-05-23,18361.1,18429,18347.75,18365.8
2023-05-24,18301,18394.5,18265.2,18295.9
2023-05-25,18270,18333.05,18202.75,18321.15
2023-05-26,18440.35,18590,18419,18573.3
2023-05-29,18697.15,18717.5,18648.2,18673.7
2023-05-30,18660,18742.4,18654.05,18713
2023-05-31,18680.6,18680.6,18566,18629.55
2023-06-01,18624.95,18659,18550,18570
2023-06-02,18618.65,18675.5,18556.35,18635.95
2023-06-05,18700.2,18729,18676.6,18696.65
2023-06-06,18675,18700.75,18605.55,18672.95
2023-06-07,18715.5,18807.65,18706.6,18798.4
2023-06-08,18811.1,18842,18693.5,18709.95
2023-06-09,18724.95,18739.95,18618.35,18631.55
2023-06-12,18649.95,18705.6,18624.1,18683
2023-06-13,18735.35,18783,18721,18776.85
2023-06-14,18750.05,18832,18750,18818.25
2023-06-15,18818.25,18867.5,18734.4,18745.45
2023-06-16,18774.95,18955,18771.05,18899.15
2023-06-19,18920,18923.45,18789.15,18840.2
2023-06-20,18819.75,18883,18712.3,18864.7
2023-06-21,18872.9,18909,18828.45,18896.75
2023-06-22,18871.35,18920.65,18801.95,18830.05
2023-06-23,18789,18808.25,18690,18705.9
2023-06-26,18720,18744.45,18665,18717.2
2023-06-27,18741,18822.4,18730,18811.2
2023-06-28,18850.5,19009.95,18845.35,18972.1
2023-06-30,19082,19273.15,19082,19261.25
2023-07-03,19321,19419.9,19302.55,19404.95
2023-07-04,19421,19500,19376.3,19458.4
2023-07-05,19401,19486,19400,19466.85
2023-07-06,19441.3,19555,19435.1,19536.1
2023-07-07,19485,19567.25,19380.1,19398.5
2023-07-10,19422.2,19481.25,19375.15,19409.55
2023-07-11,19452.2,19562.5,19436.25,19500.85
2023-07-12,19535,19543.9,19450.05,19461.3
2023-07-13,19535.6,19614.2,19452.1,19474.8
2023-07-14,19522.2,19627.8,19475,19598.85
2023-07-17,19622.15,19739,19597.25,19721.2
2023-07-18,19755.6,19824.9,19707,19770.55
2023-07-19,19801,19870,19747,19847.1
2023-07-20,19845,19981.55,19796.15,19970.2
2023-07-21,19860,19899.9,19730,19776.4
2023-07-24,19771.8,19808,19680,19692.7
2023-07-25,19744.1,19744.1,19632,19691.15
2023-07-26,19722.1,19828.2,19707.1,19774
2023-07-27,19840.2,19872.35,19600,19659.9
2023-07-28,19779.9,19795,19678,19751.8
2023-07-31,19771.5,19859.95,19708.25,19843.95
2023-08-01,19862,19869,19785.75,19812.55
2023-08-02,19755.65,19760,19514,19596.55
2023-08-03,19540,19647,19390,19468.15
2023-08-04,19501.1,19596.65,19486.1,19576.25
2023-08-07,19600,19684.05,19577,19661.05
2023-08-08,19682,19682,19585,19611.25
2023-08-09,19611.2,19701.9,19512.25,19689.6
2023-08-10,19639.9,19669,19535,19596.8
2023-08-11,19599,19600,19488.6,19504.35
2023-08-14,19449.8,19506.25,19316.85,19478.35
2023-08-16,19400.4,19505.4,19352.55,19484.55
2023-08-17,19425,19463.15,19360,19393.9
2023-08-18,19329.8,19380,19275,19331.5
2023-08-21,19325.6,19432,19310.05,19399.55
2023-08-22,19411.05,19430,19365.6,19386.3
2023-08-23,19395,19456.75,19352.25,19430.9
2023-08-24,19500,19575,19376,19395.6
2023-08-25,19329.95,19340,19218,19250.3
2023-08-28,19278.3,19361.2,19247.1,19321.3
2023-08-29,19351.2,19366.95,19306,19337.1
2023-08-30,19409.7,19444.05,19329,19342.5
2023-08-31,19354.35,19383,19235.6,19253.8
2023-09-01,19409.5,19528.95,19377,19512.1
2023-09-04,19562.65,19621,19508,19608.8
2023-09-05,19625.3,19664,19590,19653.55
2023-09-06,19650,19673,19556.1,19658.85
2023-09-07,19625.65,19788.9,19601.5,19768.7
2023-09-08,19800,19916,19772.3,19872.45
2023-09-11,19912.1,20051,19892,20036.7
2023-09-12,20112.55,20133,19970.35,20046.3
2023-09-13,20020.05,20150,20001.15,20125.15
2023-09-14,20150,20204.95,20095,20172
2023-09-15,20205.6,20270,20191,20249.6
2023-09-18,20205,20234.5,20162.3,20178.85
2023-09-20,20050,20160,19931,19972.05
2023-09-21,19895,19895,19745,19778.7
2023-09-22,19750.85,19825,19690.55,19708.25
2023-09-25,19722.25,19763,19626.25,19700.5
2023-09-26,19679,19719.8,19640.95,19677.05
2023-09-27,19634.9,19743,19543.1,19719.05
2023-09-28,19742.5,19747.05,19501,19523.55
2023-09-29,19675,19794,19638,19709
2023-10-03,19650,19658.95,19539.3,19571.5
2023-10-04,19474.1,19481,19362.8,19469.25
2023-10-05,19535,19616.45,19514.5,19568
2023-10-06,19610,19691.95,19601.1,19678.5
2023-10-09,19590.1,19616.8,19505.9,19539.15
2023-10-10,19599.9,19749,19585.1,19738.1
2023-10-11,19780,19874.9,19780,19850.1
2023-10-12,19862.3,19884,19802.5,19843.5
2023-10-13,19698.35,19816.9,19685.05,19742.05
2023-10-16,19731.65,19794,19693.05,19740.4
2023-10-17,19834,19852.95,19764.95,19811.1
2023-10-18,19825,19845,19665.1,19683.35
2023-10-19,19575,19669.95,19527,19618.75
2023-10-20,19549.6,19576.4,19508.3,19527.85
2023-10-23,19520,19543.05,19241.15,19269.2
2023-10-25,19306,19350,19068.7,19128
2023-10-26,19040,19064.4,18840.55,18857.25
2023-10-27,18999.6,19160,18990.75,19131.35
2023-10-30,19069.5,19234.25,19014.6,19220.9
2023-10-31,19275,19279,19120,19158.2
2023-11-01,19144.05,19174.4,19050.4,19060.25
2023-11-02,19200.2,19451.05,19140.2,19238.85
2023-11-03,19340,19413.4,19280,19303.6
2023-11-06,19429,19492.5,19385,19486.5
2023-11-07,19461.1,19493.9,19415,19476.9
2023-11-08,19512.6,19524.35,19467,19490.85
2023-11-09,19503.6,19526.4,19471.1,19484.6
2023-11-10,19424,19506,19375,19482.65
2023-11-12,19650,19650,19503.3,19536.5
2023-11-13,19521.15,19535.1,19469.65,19497.15
2023-11-15,19700.2,19763.65,19637,19723.3
2023-11-16,19738,19934,19695.85,19829.7
2023-11-17,19871.1,19871.1,19750.55,19806.5
2023-11-20,19798.9,19848,19718,19751.2
2023-11-21,19809.95,19898,19801,19841.3
2023-11-22,19839.95,19894.4,19755.6,19884.1
2023-11-23,19903.05,19922,19838.05,19868.75
2023-11-24,19869.95,19885.5,19800,19826.95
2023-11-28,19889.95,19955,19827.9,19936.7
2023-11-29,20000.7,20144,19980.2,20131.45
2023-11-30,20146.65,20152.5,20006.85,20133.15
2023-12-01,20292.9,20410,20292.9,20375.15
2023-12-04,20640,20828.3,20615.5,20798.9
2023-12-05,20855.05,20954.95,20802,20942.6
2023-12-06,21038.8,21080,20941.25,21039.3
2023-12-07,21019.9,21048,20956.25,21030.8
2023-12-08,21085,21107.45,20949,21075
2023-12-11,21086.55,21119.4,21032,21084.45
2023-12-12,21112.2,21129.95,20991,21022.95
2023-12-13,21039.95,21048.95,20900.1,21033.95
2023-12-14,21212.6,21355,21177.25,21327.65
2023-12-15,21400,21589.9,21354.05,21557.1
2023-12-18,21509,21547.1,21458.3,21477.25
2023-12-19,21481.1,21594.7,21415,21527.75
2023-12-20,21595.1,21680,21164.15,21217.05
2023-12-21,21100,21379.7,21060,21350.4
2023-12-22,21401.55,21474,21285,21402.35
2023-12-26,21409,21531.9,21362.6,21472.3
2023-12-27,21510,21708.35,21507.65,21681.8
2023-12-28,21722.1,21791,21687.7,21778.7
2023-12-29,21924.95,21939.9,21830,21885.95
2024-01-01,21849.8,22025,21811.2,21888.9
2024-01-02,21820,21869.95,21674,21756.75
2024-01-03,21729.9,21729.9,21579,21600
2024-01-04,21640,21810,21616.1,21785.95
2024-01-05,21779.8,21831,21677,21793.85
2024-01-08,21789.5,21810.9,21562.75,21579.55
2024-01-09,21680.2,21807.8,21592.4,21616.85
2024-01-10,21579.8,21737,21501,21709.1
2024-01-11,21758.1,21773.8,21627,21678.45
2024-01-12,21745,21995,21731,21947
2024-01-15,22050.2,22149.9,21995,22133.3
2024-01-16,22089.9,22138,21964.7,22029.5
2024-01-17,21743.7,21854.75,21563.3,21589.55
2024-01-18,21461.95,21574,21316.8,21527.45
2024-01-19,21627,21708,21579.3,21672.15
2024-01-20,21741,21759.6,21566,21620
2024-01-23,21760.2,21783,21153.2,21194.25
2024-01-24,21160,21505,21141,21477.6
2024-01-25,21455,21474.15,21243,21352.6
2024-01-29,21591,21885,21575,21855.25
2024-01-30,21900.2,21938.8,21607,21630.5
2024-01-31,21614.95,21840,21570,21808.6
2024-02-01,21800.15,21920,21725,21751.45
2024-02-02,21880.2,22198.85,21877.05,21951.4
2024-02-05,21925,22036.3,21765,21803.45
2024-02-06,21836.6,22015,21790.05,21979.55
2024-02-07,22090.2,22109.85,21901.3,22003.7
2024-02-08,22055,22087,21768,21814.6
2024-02-09,21809.9,21867.4,21674.2,21842.6
2024-02-12,21905.6,22088.65,21662,21697.85
2024-02-13,21720.2,21844.25,21626.55,21823.75
2024-02-14,21675,21951,21600.85,21916.85
2024-02-15,21970.2,22027.95,21846,22005.05
2024-02-16,22060.2,22139.95,22039.45,22097.8
2024-02-19,22142.2,22259.95,22055,22171.4
2024-02-20,22140,22234,22076,22217.2
2024-02-21,22245.15,22272,22022.85,22070.15
2024-02-22,22119.8,22269.9,21943,22243.25
2024-02-23,22285.1,22344.45,22207,22228.85
2024-02-26,22195,22230.6,22088,22141.65
2024-02-27,22120,22229.3,22095.1,22203.05
2024-02-28,22196.85,22225,21890,21921.35
2024-02-29,21902,22029.95,21843,21982.8
2024-03-01,22203,22453.45,22180.2,22443.2
2024-03-02,22502.45,22547,22443.5,22507
2024-03-04,22510,22544.95,22466,22497.95
2024-03-05,22500,22517.25,22352,22433.25
2024-03-06,22398,22605,22322,22593.05
2024-03-07,22602.05,22619.9,22526.3,22552.35
2024-03-11,22608,22608,22392.5,22421.35
2024-03-12,22447.9,22537.9,22378,22447.05
2024-03-13,22505,22515,22025,22103.25
2024-03-14,22080,22329.6,22034.8,22264.55
2024-03-15,22185.65,22192.75,22000,22133.2
2024-03-18,22143.95,22219.65,22018.25,22135.45
2024-03-19,22070,22094,21868,21886.5
2024-03-20,21900,21988.8,21798.05,21910.05
2024-03-21,22070,22149,22020,22102.5
2024-03-22,22060,22258,21953.85,22165.45
2024-03-26,22026.25,22150,21850,22088.55
2024-03-27,22099,22210,22081.55,22167.05
2024-03-28,22194.35,22528.8,22183.95,22326.9
2024-04-01,22539.95,22647,22515.1,22602.6
2024-04-02,22580,22611.55,22507.1,22577.5
2024-04-03,22486,22630.75,22450,22542.6
2024-04-04,22640.05,22669,22420.05,22612.25
2024-04-05,22570,22618,22505.1,22595.5
2024-04-08,22653,22773.3,22625.1,22748.5
2024-04-09,22820,22845,22702.15,22735.35
2024-04-10,22785.9,22829,22753,22812.4
2024-04-12,22738.05,22767.4,22590,22601.45
2024-04-15,22420,22517.7,22342,22357.3
2024-04-16,22176.55,22249.8,22113.85,22200.75
2024-04-18,22229.9,22342.9,22027.55,22055.2
2024-04-19,21989.9,22168.9,21813.6,22128.7
2024-04-22,22261.25,22399,22186,22358.2
2024-04-23,22448,22448,22345,22371.05
2024-04-24,22440,22488,22382,22414.7
2024-04-25,22370,22647.15,22317,22570.35
2024-04-26,22684,22705,22530,22556
2024-04-29,22610,22764.8,22564,22750.55
2024-04-30,22773.45,22850,22698,22718.3
2024-05-02,22702.05,22808.4,22688.05,22773.95
2024-05-03,22850,22888.35,22470,22575.2
2024-05-06,22648.7,22686.4,22510,22550.15
2024-05-07,22545,22590.95,22312.6,22381.8
2024-05-08,22344,22490,22286.15,22393.85
2024-05-09,22342,22388,22051.35,22075.8
2024-05-10,22100.2,22230,22050.85,22140.6
2024-05-13,22100,22225,21900,22201.1
2024-05-14,22214,22364.55,22160,22308.7
2024-05-15,22342.35,22375.45,22211,22287.05
2024-05-16,22384.1,22485,22154.05,22452.35
2024-05-17,22481.2,22546,22407.7,22497.7
2024-05-18,22530.25,22549.7,22502.1,22543.9
2024-05-21,22510.25,22677,22510.2,22605.9
2024-05-22,22625,22683,22548.8,22657.95
2024-05-23,22650,23023,22650,23002.7
2024-05-24,23000,23089.9,22953,23019.6
2024-05-27,23070,23177,22921,22981.5
2024-05-28,23030,23037.95,22915.25,22937.25
2024-05-29,22845,22874,22721.75,22743.8
2024-05-30,22679.95,22698.85,22414.15,22488.65
2024-05-31,22679,22789.2,22610,22700.7
2024-06-03,23501.65,23844,23161.3,23407.9
2024-06-04,23000,23169,21265,21908.15
2024-06-05,21866.25,22710,21824.1,22642.9
2024-06-06,22730.05,22974,22692.05,22899.5
2024-06-07,22900.5,23341.5,22852.1,23325.15
2024-06-10,23301,23410,23223,23247.15
2024-06-11,23253.65,23447,23220.2,23309.8
2024-06-12,23321.65,23474,23303.3,23355.1
2024-06-13,23461.05,23482,23371.35,23399.25
2024-06-14,23421.7,23489.85,23350.8,23466.65
2024-06-18,23511.15,23610,23511.15,23568.1
2024-06-19,23611.25,23669.75,23432.65,23503.6
2024-06-20,23526,23629.8,23445.9,23582.5
2024-06-21,23625,23633.15,23415.2,23487.3
2024-06-24,23375,23565.35,23335,23543.2
2024-06-25,23568.05,23746.1,23550.55,23731.25
2024-06-26,23731.25,23906.8,23676,23867.95
2024-06-27,23812.05,24061.75,23792.6,24044.5
2024-06-28,24151,24240,24102.1,24132.25
2024-07-01,24125,24225.2,24082,24206.25
2024-07-02,24241,24280,24122,24203.15
2024-07-03,24301,24376.4,24276.25,24350.4
2024-07-04,24422.2,24454.9,24335,24359.45
2024-07-05,24306.9,24419.2,24240,24379.4
2024-07-08,24379.4,24399,24286.5,24375.6
2024-07-09,24342,24510.45,24306.25,24485.65
2024-07-10,24498.95,24503,24212,24355.05
2024-07-11,24385,24419.55,24241,24382.65
2024-07-12,24422.2,24593.7,24383,24521.6
2024-07-15,24599.95,24639.9,24543,24621.7
2024-07-16,24627.85,24688,24606.55,24644.45
2024-07-18,24565.3,24838,24510,24809.05
2024-07-19,24761,24837,24504,24529.1
2024-07-22,24468.55,24607.4,24378.85,24509.1
2024-07-23,24551.9,24561,24066,24463.1
2024-07-24,24418,24489,24281.55,24388.75
2024-07-25,24220,24425.3,24198,24406.1
2024-07-26,24475,24939.9,24415,24915.45
2024-07-29,24999,25075,24833.95,24910.45
2024-07-30,24870,25016.05,24850,24929.1
2024-07-31,24933,25033,24911,25013.15
2024-08-01,25060.05,25132.85,24985.85,25032.25
2024-08-02,24824.95,24884.8,24670,24700
2024-08-05,24550,24550,23912.5,24102.95
2024-08-06,24230.2,24398.9,24001,24056.9
2024-08-07,24310.2,24397.95,24208.2,24366.45
2024-08-08,24299,24357.75,24111,24136.55
2024-08-09,24350.2,24444,24316.4,24401.5
2024-08-12,24355,24530,24272,24356.8
2024-08-13,24349.95,24390,24125.35,24161
2024-08-14,24199.95,24228.65,24122.15,24174.65
2024-08-16,24322.35,24606.15,24233,24585.5
2024-08-19,24640.2,24661.75,24533,24595.75
2024-08-20,24639.95,24765,24624.25,24711.25
2024-08-21,24697.7,24806.85,24685.05,24798.15
2024-08-22,24849.95,24873.45,24805.2,24840.45
2024-08-23,24840.4,24888,24790.95,24854
2024-08-26,24901.65,25085.3,24885,25043.3
2024-08-27,25043.05,25095,24980.1,25017.7
2024-08-28,25019,25145,24981.05,25048.35
2024-08-29,25014.95,25220.75,24984.5,25156.3
2024-08-30,25325,25399,25281.7,25376.9
2024-09-02,25412.05,25420,25295.15,25340.45
2024-09-03,25338.3,25398,25255.1,25354.55
2024-09-04,25210.15,25275,25142.35,25247.8
2024-09-05,25350,25351,25225,25236.75
2024-09-06,25189.8,25219,24855,24906
2024-09-09,24865.35,25000.8,24816,24985
2024-09-10,25034,25174,24919.5,25083
2024-09-11,25063,25145,24908.45,24938.45
2024-09-12,25060,25415.95,24987.65,25356.3
2024-09-13,25400,25433,25300,25372.6
2024-09-16,25398,25487.85,25367,25442.75
2024-09-17,25455,25479,25385,25449.8
2024-09-18,25444.9,25519.2,25301.1,25396.1
2024-09-19,25480.2,25640,25420,25489.1
2024-09-20,25552.2,25798.8,25447,25767.75
2024-09-23,25850.2,25954.1,25850.2,25917.85
2024-09-24,25901.05,26000,25899.85,25944.7
2024-09-25,25944.85,26027.95,25878.1,25998.2
2024-09-26,26024.05,26260.1,26016.5,26216.05
2024-09-27,26308.8,26402.9,26304.1,26345.15
2024-09-30,26280,26301.1,25951.25,25990.15
2024-10-01,25990,26059.95,25890,25969.25
2024-10-03,25670.1,25818.15,25440,25475.7
2024-10-04,25400,25631,25129.65,25173.85
2024-10-07,25260.2,25299,24886.5,24985.55
2024-10-08,24983.95,25200,24928.6,25131.65
2024-10-09,25185.05,25357,25050,25083.9
2024-10-10,25180.2,25269.05,25100,25117.9
2024-10-11,25115,25150,25001.1,25049.55
2024-10-14,25060,25259.5,25060,25221.5
2024-10-15,25259,25287.95,25064.4,25118.35
2024-10-16,25060,25182.8,24969.15,25048.8
2024-10-17,25068.7,25074.9,24815.1,24843.8
2024-10-18,24749.8,24996.75,24640.2,24949.15
2024-10-21,24975,25030,24722,24788.8
2024-10-22,24789.7,24939,24507.1,24538.3
2024-10-23,24471,24676.05,24455.05,24482.65
2024-10-24,24490.1,24538.95,24388.5,24452
2024-10-25,24400,24457.6,24068,24192.75
2024-10-28,24258.3,24492,24161.5,24348.45
2024-10-29,24368.8,24501.3,24164,24477.7
2024-10-30,24427.95,24520,24314.95,24371.05
2024-10-31,24324.95,24335,24183.5,24205.35
2024-11-01,24419.95,24419.95,24326.25,24383.65
2024-11-04,24379.8,24379.8,23900.2,24114.65
2024-11-05,24074.5,24320,23980.25,24295.45
2024-11-06,24367,24665,24265.55,24587.1
2024-11-07,24549,24567.45,24280.2,24300.5
2024-11-08,24334,24415,24155.45,24219.85
2024-11-11,24150,24434,24092.6,24226.3
2024-11-12,24266.85,24315,23921.5,23959.6
2024-11-13,23889,23945,23605,23658.55
2024-11-14,23649,23756.9,23561.5,23601.7
2024-11-18,23599.9,23644.95,23390.05,23513.95
2024-11-19,23600.2,23844,23485.1,23534.8
2024-11-21,23460.95,23507.15,23277,23348.7
2024-11-22,23424.75,23959.7,23381.2,23886.55
2024-11-25,24268,24365,24120,24273.5
2024-11-26,24349,24349,24132,24217.1
2024-11-27,24214.9,24380,24157,24299.55
2024-11-28,24324.95,24354,23837.95,23914.15
2024-11-29,24139.85,24367.95,24112,24304.15
2024-12-02,24300,24474.9,24168,24428.5
2024-12-03,24451.05,24590,24390,24547
2024-12-04,24549.85,24660,24440,24561.7
2024-12-05,24597,24930,24396,24764.35
2024-12-06,24760,24844.9,24700,24783.25
2024-12-09,24763.95,24780,24651.7,24694.6
2024-12-10,24709,24769,24595.25,24682.6
2024-12-11,24679.9,24798.8,24666.35,24734.9
2024-12-12,24721.95,24797.9,24628,24648.55
2024-12-13,24593.9,24869,24231,24830.75
2024-12-16,24800,24833,24660.15,24738.5
2024-12-17,24669.65,24695,24380,24417.65
2024-12-18,24369.85,24463.3,24216.25,24257.35
2024-12-19,24100,24100,23920.6,24018.8
2024-12-20,23994,24097.95,23575,23625.65
2024-12-23,23725.05,23901.8,23664.1,23769.75
2024-12-24,23765.95,23879.85,23716,23770.6
2024-12-26,23806.4,23869,23633.3,23750.2
2024-12-27,23940,24127.95,23925,23992.65
2024-12-30,23971.7,24079.7,23771.5,23816.7
2024-12-31,23700,23857.75,23602,23805.85
2025-01-01,23500,23964,23500,23897.85
2025-01-02,23911,24314,23863.1,24282.65
2025-01-03,24240,24268.95,24071.4,24092.4
2025-01-06,24145.1,24150,23660,23721.05
2025-01-07,23800.2,23890,23738.75,23795.05
2025-01-08,23800,23839,23593.3,23781.35
2025-01-09,23759,23759,23612.9,23648.1
2025-01-10,23625.05,23684.9,23430,23500.65
2025-01-13,23400,23408.3,23112.1,23162.1
2025-01-14,23248,23339,23198.45,23271.75
2025-01-15,23302.05,23345,23201,23265.9
2025-01-16,23406,23423.9,23346.15,23377.55
2025-01-17,23344.9,23353.8,23150.1,23267.2
2025-01-20,23339.95,23449,23220,23400.2
2025-01-21,23424.95,23460.65,23051.65,23103.2
2025-01-22,23164,23219.9,23020,23198.95
2025-01-23,23150,23319.85,23126.9,23263.7
2025-01-24,23275.1,23375,23071.45,23113.9
2025-01-27,22972,23028.9,22809,22846.45
2025-01-28,22948,23158.45,22871,22977.7
2025-01-29,23034,23185.5,22963.7,23148.25
2025-01-30,23150,23310,23120,23249.5
2025-01-31,23490,23644,23411.05,23620.2
2025-02-01,23584,23715.35,23422.95,23555.55
2025-02-03,23390,23463.25,23305.35,23442.75
2025-02-04,23550,23796.75,23496.9,23785.4
2025-02-05,23825,23853.8,23755,23772.6
2025-02-06,23822.4,23835,23660,23688.9
2025-02-07,23712,23794.65,23521,23614.95
2025-02-10,23589.95,23623,23388,23459.15
2025-02-11,23421,23470,23060,23153.15
2025-02-12,23134.4,23236.45,22900,23123.85
2025-02-13,23119,23310,23066,23107.75
2025-02-14,23169,23205.5,22846.45,22995.65
2025-02-17,22945.4,23049,22826.25,23026.4
2025-02-18,23029.1,23029.1,22838.8,22972.6
2025-02-19,22900.2,23106.2,22881.15,22964.5
2025-02-20,22895,22960.95,22855,22942.5
2025-02-21,22880,22940.25,22757.75,22822.6
2025-02-24,22674.7,22720.15,22572.15,22612.65
2025-02-25,22582.2,22646,22561.3,22582.15
2025-02-27,22580,22605.05,22530.2,22545.05
2025-02-28,22532.4,22574.75,22233.35,22280.05
2025-03-03,22341,22376,22140.05,22259.8
2025-03-04,22115.6,22237,22101,22191.05
2025-03-05,22200,22498,22168.3,22441.35
2025-03-06,22541,22638.15,22359,22620.95
2025-03-07,22598.9,22738,22572.2,22649.95
2025-03-10,22599.9,22728.15,22486.85,22515.65
2025-03-11,22419.95,22592.05,22361.55,22564.3
2025-03-12,22580,22618.8,22380.2,22530.35
2025-03-13,22550,22615.8,22430.1,22444.25
2025-03-17,22510.2,22670,22502.3,22584.3
2025-03-18,22705,22912.7,22672.8,22895.4
2025-03-19,22934,22993,22872,22972.95
2025-03-20,23069.9,23232.6,23015,23200.25
2025-03-21,23195.05,23438,23172,23379.85
2025-03-24,23482.3,23729.8,23441.5,23699.35
2025-03-25,23767.1,23893.9,23660,23705.35
2025-03-26,23735,23761.4,23494.9,23521.9
2025-03-27,23470,23643.1,23455.05,23591.95
2025-03-28,23775.05,23801.6,23560,23637.65
2025-04-01,23530,23668,23290,23321.4
2025-04-02,23326.95,23459.6,23300,23438.95
2025-04-03,23215,23411.1,23215,23325.95
2025-04-04,23229.7,23250,22920.05,22958.15
2025-04-07,22201.5,22347,21860,22263.8
2025-04-08,22511.6,22744.9,22341,22630.35
2025-04-09,22544,22544,22405.05,22479.65
2025-04-11,22746,23017,22746,22917.65
2025-04-15,23295,23399.9,23252,23340.9
2025-04-16,23338,23450,23277.2,23433.5
2025-04-17,23399.9,23872.7,23330,23851.3
2025-04-21,23875.9,24194.5,23875.6,24135.5
2025-04-22,24150,24239.8,24077,24169
2025-04-23,24310,24351.8,24121.1,24312.7
2025-04-24,24288,24360,24225,24246.7
2025-04-25,24465,24511,23975,24139.1
2025-04-28,24200.2,24489,24140,24452.8
2025-04-29,24484,24567.9,24396.1,24425.3
2025-04-30,24369.9,24486,24348.7,24418.4
2025-05-02,24399.9,24718.3,24310,24400.7
2025-05-05,24481.1,24630,24471,24553.7
2025-05-06,24574.8,24576.8,24410,24431.4
2025-05-07,24343.9,24538.5,24311,24461.4
2025-05-08,24489,24523.9,24194.1,24271.9
2025-05-09,24063.4,24215,23984,24065.5
2025-05-12,24476,25069.9,24410,25044.1
2025-05-13,24960,25044,24613.5,24640.2
2025-05-14,24670,24834.4,24572.3,24715.9
2025-05-15,24733.9,25144.9,24600,25078.7
2025-05-16,25126.1,25149,25006,25078.7
2025-05-19,25060.1,25117.2,24952.7,24976.4
2025-05-20,25040.2,25059.9,24745,24774.6
2025-05-21,24755.3,25019,24720,24832.2
2025-05-22,24778,24792.9,24515,24652.2
2025-05-23,24656.5,24961.7,24634.9,24879.9
2025-05-26,24950,25123.9,24935.2,25035.9
2025-05-27,25000,25108.8,24739,24862.6
2025-05-28,24772.6,24896,24742.5,24762.5
2025-05-29,24828.6,24900,24661,24833.6
2025-05-30,24940.2,24987.7,24840,24871.2
2025-06-02,24799,24869,24610,24826.3
2025-06-03,24835,24929,24631,24675.3
2025-06-04,24710,24761,24637.6,24729.4
2025-06-05,24752.3,25008.8,24716.1,24861.4
2025-06-06,24854.9,25139,24750,25096.3
2025-06-09,25205,25234,25147.4,25181.8
2025-06-10,25222,25249.2,25130,25160.6
2025-06-11,25179.9,25307,25140,25211.7
2025-06-12,25210.5,25260,24901.3,24937.4
2025-06-13,24588,24790,24575.3,24727.4
2025-06-16,24755.5,25024.8,24735,24996.2
2025-06-17,24996.1,25003.5,24839.1,24868.8
2025-06-18,24840.1,24978.8,24786,24826.9
2025-06-19,24813,24891.4,24751,24803.1
2025-06-20,24825,25137,24806.5,25111.7
2025-06-23,24975,25090,24825,24993.3
2025-06-24,25180.2,25349,25036.2,25071.7
2025-06-25,25152.1,25290,25130.2,25252.2
2025-06-26,25302,25564,25272.3,25549
2025-06-27,25695,25772.3,25635,25750.2
2025-06-30,25765,25792.4,25575,25614.2
2025-07-01,25636,25691.4,25596.1,25643.3
2025-07-02,25659,25695.1,25480,25546.1
2025-07-03,25551.1,25670,25485.1,25508.6
2025-07-04,25500.1,25558.6,25410,25540.1
2025-07-07,25528.9,25574.8,25475.7,25538.9
2025-07-08,25530,25635,25499.4,25611.9
2025-07-09,25592.9,25646,25522.8,25558.8
2025-07-10,25590.8,25595.2,25411.2,25421.9
2025-07-11,25335,25384,25205,25223.4
2025-07-14,25234.8,25234.8,25076.3,25167.5
2025-07-15,25180,25306,25152.1,25265.6
2025-07-16,25230,25289.9,25162.1,25245.8
2025-07-17,25260,25275,25165,25174.6
2025-07-18,25167.9,25170,24981,25032.3
2025-07-21,24969.2,25139.7,24920.6,25127.6
2025-07-22,25149.9,25200,25070,25093.9
2025-07-23,25170.2,25260,25112.3,25252.8
2025-07-24,25290.1,25290.1,25049,25095.4
2025-07-25,25011,25024,24831,24850.4
2025-07-28,24799.9,24925,24667.6,24710.2
2025-07-29,24636,24859,24630,24838.8
2025-07-30,24845,24910.6,24786,24869.3
2025-07-31,24693,24970,24625.1,24768.35
2025-08-01,24800,24854.9,24601.4,24627.2
2025-08-04,24630,24812.9,24630,24793.1
2025-08-05,24774.9,24783.7,24650,24707.8
2025-08-06,24707.8,24738.9,24616.6,24634.9
2025-08-07,24539.9,24721,24409,24673.4
2025-08-08,24669,24694,24413.1,24441.1
2025-08-11,24455,24646.2,24409.2,24627.9
2025-08-12,24605.1,24764,24541.6,24554.9
2025-08-13,24625,24748,24610,24712.2
2025-08-14,24708.9,24750.9,24657.4,24684.7
2025-08-18,24906.3,25079,24906.3,24966.8
2025-08-19,24958,25060.9,24922.3,25033.5
2025-08-20,24974.9,25108.1,24960,25083.3
2025-08-21,25111.1,25179,25086,25122.5
2025-08-22,25094,25099,24887.4,24898.2
2025-08-25,24950.1,25030,24914.1,24989.7
2025-08-26,24903,24940,24710,24731.5
2025-08-28,24689.8,24709.6,24478,24500.9
2025-08-29,24650,24710,24546,24568.5
2025-09-01,24581.1,24760,24581,24748
2025-09-02,24750,24874.7,24651.9,24691.8
2025-09-03,24680,24837,24638.5,24813.1
2025-09-04,24926.3,25048.5,24809.7,24827.5
2025-09-05,24855.3,24927,24720.4,24847.7
2025-09-08,24888.5,24979,24862.2,24892.7
2025-09-09,24931.2,24969,24910,24950.3
2025-09-10,25021.6,25125,25001.1,25072.3
2025-09-11,25049,25119.5,25048.1,25104.5
2025-09-12,25126.3,25222.8,25126.3,25205
2025-09-15,25200.6,25204,25147.3,25164.7
2025-09-16,25178.7,25354,25152,25331.4
2025-09-17,25365,25446.7,25362.8,25423.4
2025-09-18,25480.2,25525,25435.1,25510.9
2025-09-19,25474,25489.8,25352,25411.2
2025-09-22,25350,25394.5,25248.6,25277.7
2025-09-23,25277.7,25333.2,25158,25255.8
2025-09-24,25206.5,25206.5,25078,25111.9
2025-09-25,25100,25133,24954.1,24967.7
2025-09-26,24929.9,24929.9,24663.1,24689.9
2025-09-29,24755,24844.2,24646.2,24685
2025-09-30,24714.9,24749,24580,24611.1
2025-10-01,24751.8,24986.5,24725,24967.2
2025-10-03,24950.4,25020,24878.6,25006.6
2025-10-06,24990,25199.1,24973.2,25185.4
2025-10-07,25198,25318,25180,25225.3
2025-10-08,25206.9,25289.8,25085,25120.4
2025-10-09,25150,25291,25124,25273.8
2025-10-10,25250,25464.3,25250,25411
2025-10-13,25340,25345.1,25230.3,25309.3
2025-10-14,25378.1,25378.1,25123.2,25206
2025-10-15,25261,25460,25250,25424.8
2025-10-16,25462,25699.4,25460,25656.1
2025-10-17,25621.8,25849,25592,25757.8
2025-10-20,25880.2,25969.5,25833,25915.1
2025-10-21,25960,25975,25865.1,25906.3
2025-10-23,26161.1,26205,25940,25976.9
2025-10-24,25980.2,25999,25733,25814.8
2025-10-27,25901,26065.4,25878,26013.5
2025-10-28,26009.7,26074.9,25820,25936.2
2025-10-29,26125,26284.9,26101,26238.7
2025-10-30,26199.9,26199.9,26010,26031.6
2025-10-31,26012.1,26116.1,25890,25905.5
2025-11-03,25890,25942.6,25800,25898.9
2025-11-04,25874.7,25911,25693,25708.3
2025-11-06,25740.1,25805,25605,25627.2
2025-11-07,25545,25656.4,25428.1,25589.2
2025-11-10,25690,25747,25617.8,25694.5
2025-11-11,25731,25835,25555,25811.4
2025-11-12,25925.6,26024,25902.2,25986.1
2025-11-13,25952,26092.5,25896.2,25953.8
2025-11-14,25904,25983,25815,25951.4
2025-11-17,26006,26083,25971,26060.1
2025-11-18,26020,26042,25905.7,25948.8
2025-11-19,25940,26090,25887.8,26071
2025-11-20,26136,26264,26072,26220.8
2025-11-21,26136.3,26195,26061.3,26077.5
2025-11-24,26111,26168.8,25955,25996.4
2025-11-25,25961,26035,25867.4,25884.8
2025-11-26,26105,26392,26085,26381.2
2025-11-27,26401.1,26495.6,26317.5,26390.9
2025-11-28,26341,26459.9,26336.3,26387.4
2025-12-01,26455.1,26493.8,26301.4,26334.7
2025-12-02,26278.8,26315,26181,26213
2025-12-03,26225,26225,26049,26136.2
2025-12-04,26105,26243.9,26070.2,26186.5
2025-12-05,26151.9,26370,26151.9,26333.2
2025-12-08,26325,26325,26030,26064.7
2025-12-09,25999,26039,25875,25960.2
2025-12-10,25882.3,26061,25842,25863.9
2025-12-11,25910,26038.9,25804.1,26009.5
2025-12-12,26100,26158.5,26040.1,26145.4
2025-12-15,26070,26132.5,25987.8,26108.7
2025-12-16,26012,26045,25929.5,25940.7
2025-12-17,25925,26004.9,25857.1,25897.8
2025-12-18,25875,25980,25801,25880.6
2025-12-19,25965,26043.8,25951.1,26030
2025-12-22,26150,26206.5,26130,26197.9
2025-12-23,26240,26259,26163,26206.9
2025-12-24,26228,26269.7,26151.7,26173.1
2025-12-26,26139,26149,26041,26060.2
2025-12-29,26080,26100.2,25934.6,25957.2
2025-12-30,25922,25983.5,25880.1,25938.85
2025-12-31,26145,26325,26130.2,26296.3
2026-01-01,26332,26339.6,26261,26290.4
2026-01-02,26306,26480,26306,26455.4
2026-01-05,26500,26510,26308.5,26331.3
2026-01-06,26354,26399,26255,26285.1
2026-01-07,26234.9,26298,26186,26235.3
2026-01-08,26190,26210,25965,25985.6
2026-01-09,25966,26031.6,25725,25788.3
2026-01-12,25770,25899,25573.2,25876
2026-01-13,25911,25934.8,25661.1,25790.8
2026-01-14,25750.1,25850,25670,25719
2026-01-16,25784,25958,25722,25751.5
2026-01-19,25626,25680,25530,25596
2026-01-20,25600,25604.8,25224.6,25259.2
2026-01-21,25236.5,25340,24961,25178.2
2026-01-22,25330,25475,25200,25349.8
2026-01-23,25379.9,25379.9,25045.7,25079.8
2026-01-27,25184,25205,24957,25175.4
2026-01-28,25435,25490,25300.1,25450.4
2026-01-29,25400,25564.8,25262.5,25536.3
2026-01-30,25412.5,25468.8,25298,25416.4
2026-02-01,25425,25524.4,24635.9,24853.5
2026-02-02,24800,25159,24758.5,25141.8
2026-02-03,26200,26320,25725,25817.1
2026-02-04,25735.5,25910,25710,25848.8
2026-02-05,25799,25812.7,25670,25725
2026-02-06,25643,25745,25567.2,25735.1
2026-02-09,25921,25940.9,25854.5,25915.4
2026-02-10,25961,26044,25940.5,25985.6
2026-02-11,26050,26068,25955,25994.2
2026-02-12,25950,25966.5,25820,25858.2
2026-02-13,25724.9,25724.9,25476.5,25518.8
2026-02-16,25455,25728,25430,25717.2
2026-02-17,25643,25777,25582.5,25739.4
2026-02-18,25752,25844.8,25660,25827.8
2026-02-19,25848.8,25877,25402.4,25446
2026-02-20,25415.1,25688,25389.7,25584.7
2026-02-23,25686,25779.9,25593.3,25705.2
2026-02-24,25616.3,25640.4,25341,25424.65
2026-02-25,25655,25817.8,25571.2,25628.8
2026-02-26,25680,25725,25538,25635.8
2026-02-27,25570,25580,25286.1,25341
2026-03-02,25100,25151,24743.4,24982.2
2026-03-04,24450,24700,24427,24584.7
2026-03-05,24659,24970.5,24625,24832
2026-03-06,24689.9,24777,24500,24545.7
2026-03-09,23845,24204.7,23804,24122.5
2026-03-10,24286.6,24419.6,24158.9,24393.6
2026-03-11,24339,24375,23912,23939.1
2026-03-12,23720,23925,23640,23728.5
2026-03-13,23499,23570.1,23155.1,23199.3
2026-03-16,23235.1,23534.1,23025,23429.2
2026-03-17,23520,23670,23372.6,23617.4
2026-03-18,23662.1,23875.7,23648.8,23776.4
2026-03-19,23340,23391.4,22940.2,23054.8
2026-03-20,23180,23378,23069.1,23140.5
2026-03-23,22821,22839.9,22471,22514.9
2026-03-24,22840,23061,22617,22928.4
2026-03-25,23075,23460.5,23064,23300
2026-03-27,23160,23168.5,22794.9,22816.6
2026-03-30,22609.5,22709.9,22285.8,22331.4
2026-04-01,22850,23035,22732,22800.1
2026-04-02,22451,22824,22276.7,22766.6
2026-04-06,22749.9,23089,22627,23050.2