time,open,high,low,close,EMA,Volume
2016-03-04,15243.75,15451.75,15005.5,15339.2,15358.722195108,131359000
2016-03-08,15323.45,15326.65,15066.5,15146.5,15352.090251510874,93409000
2016-03-09,15022.35,15331.25,14989.4,15279.05,15349.80774365116,103166000
2016-03-10,15347.45,15354.15,15098.5,15180.65,15344.52156416206,71232000
2016-03-11,15133.75,15343.55,15024.8,15168.2,15339.011515281996,76975000
2016-03-14,15309.05,15416.15,15220.15,15277.8,15337.098655429434,62568000
2016-03-15,15310.45,15386.85,15268.1,15326.8,15336.776822447264,75740000
2016-03-16,15304.35,15489.5,15178.3,15461.7,15340.680671745788,80437000
2016-03-17,15622.3,15704.75,15312.5,15444,15343.909400753731,103773000
2016-03-18,15485.8,15678.55,15456.2,15654.85,15353.626294480177,71783000
2016-03-21,15735.55,15945.8,15735.55,15926.1,15371.51609777767,73595000
2016-03-22,15930.45,15967.85,15779.15,15936,15389.156219722117,58606000
2016-03-23,15884.25,15919.6,15799.95,15887.75,15404.737275355801,64079000
2016-03-28,15867.75,15890.7,15522.2,15604.9,15410.992360500932,83528000
2016-03-29,15583.1,15774.1,15580.8,15666.25,15418.969161735278,69537000
2016-03-30,15829.6,16167.5,15762.2,16134.85,15441.34043793105,93825000
2016-03-31,16134.4,16282.75,16062.05,16141.65,15463.225111745705,161944992
2016-04-01,16099.65,16235.8,16020.6,16174.9,15485.464952003653,90418000
2016-04-04,16236.9,16278.5,16046.5,16190.6,15507.500422253539,72459000
2016-04-05,16127.45,16147.15,15659.75,15695,15513.359784058115,125878000
2016-04-06,15750.15,15768.55,15578.55,15636.95,15517.2219783063,71127000
2016-04-07,15668.95,15726.6,15458.05,15530.75,15517.644728984227,70929000
2016-04-08,15519.3,15642.7,15483.05,15568.35,15519.22926870347,53834000
2016-04-11,15623.35,15853.85,15440.25,15818.5,15528.581479056485,72004000
2016-04-12,15809.1,15958.8,15794.15,15880.2,15539.56955783597,66751000
2016-04-13,16087.95,16349.7,16080.55,16278.55,15562.662696653595,84613000
2016-04-18,16328.7,16330.55,16011.9,16222.7,15583.28886238317,63260000
2016-04-20,16299.5,16386.35,16160.55,16349.7,15607.239210433696,85635000
2016-04-21,16526.551,16769.551,16526.551,16637.15,15639.423922607642,149128992
2016-04-22,16641.051,16755.85,16549.1,16703.4,15672.673175026153,117887000
2016-04-25,16746.949,16767.9,16605,16678.65,15704.109950806585,80059000
2016-04-26,16647.75,17029.85,16572,17002.551,15744.68623359388,104748000
2016-04-27,16869.35,16995,16827.35,16872.949,15779.944445044071,127304000
2016-04-28,16885.801,17023.35,16692.699,16716.9,15809.224306136444,136492000
2016-04-29,16712.949,16841.301,16527.551,16795,15840.029796569681,138730000
2016-05-02,16614,16674.15,16519.551,16543,15861.997615426879,101322000
2016-05-03,16570.75,16719.4,16358.4,16388.699,15878.457033694789,90748000
2016-05-04,16320.1,16465.6,16250.5,16274.25,15890.825563891827,114514000
2016-05-05,16292.4,16398.25,16193.7,16281,15903.018515020207,90435000
2016-05-06,16264.45,16346.25,16186.25,16296.6,15915.317936425825,74991000
2016-05-09,16357,16712.9,16357,16686.1,15939.404875912518,75763000
2016-05-10,16710.051,16812.199,16613.9,16784.949,15965.828129790252,82060000
2016-05-11,16544.25,16861.949,16518.75,16754.449,15990.472531984307,110386000
2016-05-12,16881.25,16962,16779.5,16923.699,16019.635859109798,86111000
2016-05-13,16891.699,16891.699,16594.551,16716.9,16041.425363512617,89058000
2016-05-16,16744.15,16780.051,16431.65,16737.551,16063.179289652848,126894000
2016-05-17,16818.4,16903.35,16738.699,16762.75,16085.040874351196,99004000
2016-05-18,16671.699,16759.051,16556.6,16728.949,16105.163003277721,130870000
2016-05-19,16725.449,16726.15,16535.75,16565.25,16119.540721925292,87516000
2016-05-20,16600.801,16623.199,16455.4,16481.449,16130.850355615126,73956000
2016-05-23,16560.15,16604.15,16368,16407.551,16139.497250752154,69310000
2016-05-24,16422.35,16501.051,16368.6,16456.65,16149.40827416615,60213000
2016-05-25,16600.65,17025.85,16599.051,16997.449,16175.909546848457,86513000
2016-05-26,17037.6,17424.051,16971.35,17359.301,16212.890529759443,134390000
2016-05-27,17348.35,17543.301,17327.65,17511.801,16253.48148195446,163232992
2016-05-30,17580.85,17666.051,17484.801,17520.65,16293.080498143385,96748000
2016-05-31,17615.1,17648.25,17462.199,17620.9,16334.574857576405,115964000
2016-06-01,17670.85,17670.85,17392.85,17423.449,16368.602174527143,99165000
2016-06-02,17405.15,17596.4,17350.449,17567.801,16406.07713782317,78335000
2016-06-03,17657.199,17762.051,17649.051,17680.801,16445.912258516197,89366000
2016-06-06,17710.449,17754.15,17636.9,17671.4,16484.208750437567,81251000
2016-06-07,17796.551,18000.949,17713.35,17948.15,16529.956914486393,167579008
2016-06-08,17976.25,17995.801,17855.199,17946.801,16574.233292158693,123361000
2016-06-09,17955.801,17986.15,17801.551,17887.699,16615.279095528735,107528000
2016-06-10,17830.199,18051.5,17815.25,17828.6,16653.19537379346,94175000
2016-06-13,17620.551,17666.551,17527.551,17593.949,16682.593924612414,72872000
2016-06-14,17698.949,17719.85,17575.949,17672.4,16713.525364468278,94797000
2016-06-15,17746.051,17943.65,17659.6,17917.9,16751.162071828643,119253000
2016-06-16,17827.6,17827.6,17545.801,17671.301,16779.916413334,132625000
2016-06-17,17772.301,17843.15,17590.75,17696.051,16808.54561916731,91953000
2016-06-20,17425.801,17779,17425.801,17718.6,16836.984818568333,110665000
2016-06-21,17761.65,17763.301,17585.65,17619.1,16861.425917988072,73725000
2016-06-22,17610.1,17755.25,17518.15,17626.051,16885.320451800944,68942000
2016-06-23,17630.801,17907.5,17611,17892.449,16916.793218932165,71430000
2016-06-24,17213.85,17459.199,16946.35,17426.051,16932.707524590536,164608000
2016-06-27,17346.301,17611.199,17346.301,17514.949,16950.902570697082,89948000
2016-06-28,17497,17626.699,17481.5,17561.551,16969.9853341128,73838000
2016-06-29,17643.65,17728.949,17580.5,17689.9,16992.482667421777,60630000
2016-06-30,17825.301,17975.051,17795.9,17935.4,17021.948834064846,118532000
2016-07-01,18019.699,18074.949,17955.301,17985.65,17052.06449550032,69395000
2016-07-04,18091.75,18146.35,18054.801,18097.65,17084.739042515936,88029000
2016-07-05,18122.4,18124.1,17989.6,18004.25,17113.47375993731,71760000
2016-07-07,18036.301,18146.551,17997.1,18084.9,17143.83082993927,66111000
2016-07-08,18078.051,18079.199,17910.9,18016.25,17171.09392900367,71384000
2016-07-11,18268.15,18409.449,18243.301,18390.949,17209.214399972305,95543000
2016-07-12,18527.85,18684.449,18464.15,18667.6,17254.788949973172,119960000
2016-07-13,18704.9,18711.6,18546.25,18618.949,17297.41895153651,91794000
2016-07-14,18633.5,18880.9,18580.199,18863.75,17346.366796800994,119591000
2016-07-15,18887.9,19016.1,18772.449,18953.65,17396.594396900964,98894000
2016-07-18,18998.301,19158,18885,18923.4,17444.30707199781,89841000
2016-07-19,18970.15,19030.051,18833.6,18905.15,17489.95841349788,119764000
2016-07-20,18896.801,19016.25,18886.301,18968.199,17536.15343182607,76187000
2016-07-21,18967.4,19000.301,18644.551,18674.301,17571.720543331507,82995000
2016-07-22,18697.801,18735.4,18551.301,18690.4,17606.679276352395,98151000
2016-07-25,18594.949,19035.35,18572.1,18989.6,17649.895548966382,134300000
2016-07-26,18979.1,19044.449,18814.25,18860.85,17687.737875561183,108820000
2016-07-27,18908.449,19125,18882.4,19021.949,17729.431973199895,102759000
2016-07-28,19050.4,19126.75,18998.801,19076.551,17771.5294427874,150822000
2016-07-29,19047.051,19070.15,18912.6,18953.15,17808.455085200294,84588000
2016-08-01,18896.5,19078.5,18634.4,18740.6,17837.584613787785,107462000
2016-08-02,18783.6,18866.551,18671.85,18708.25,17864.792907106916,93803000
2016-08-03,18680.949,18775.4,18542.6,18602,17887.830628759824,79648000
2016-08-04,18724.9,18724.9,18443.65,18571.699,17909.20151536108,99892000
2016-08-05,18725.199,18943.15,18708.25,18925.949,17940.974874256048,86194000
2016-08-08,18986.75,19028.699,18896,18939.449,17972.177190685547,62654000
2016-08-09,18968.65,19008.15,18838.6,18933.301,18002.212309726623,80282000
2016-08-10,18966.85,18985.25,18611.25,18647.801,18022.386956297665,77579000
2016-08-11,18621,18699.199,18537.1,18640.4,18041.699863913364,101075000
2016-08-12,18698.301,18986.801,18695.5,18963.699,18070.512336916072,198836992
2016-08-16,19029.1,19062.199,18839.4,19002.15,18099.626013887446,94800000
2016-08-17,19044.551,19138.35,18966.35,19041.25,18129.051763453463,81062000
2016-08-18,19087.199,19367.449,19083,19352.801,18167.293927095543,81431000
2016-08-19,19419,19457.4,19327.199,19414.699,18206.275335623806,110378000
2016-08-22,19432.6,19493.199,19252.75,19330.25,18241.399543885564,72766000
2016-08-23,19311.9,19372.65,19246.9,19341.65,18275.78237063914,75742000
2016-08-24,19358.699,19392.199,19284.35,19355.6,18309.526671556665,59390000
2016-08-25,19383.699,19432.75,19282.801,19304.25,18340.61177557052,91833000
2016-08-26,19336.449,19358,19133.9,19195.75,18367.33484508394,62935000
2016-08-29,19174.449,19247.85,19096.699,19217,18393.886881175065,56151000
2016-08-30,19306.5,19546.35,19306.5,19531.551,18429.438884888346,78066000
2016-08-31,19595.9,19823.4,19595.9,19787.6,18471.881419735586,227835008
2016-09-01,19805.801,19928.199,19738.301,19788.85,18513.036687868847,73413000
2016-09-02,19830.35,19911.25,19787.6,19883.199,18555.854260122946,55247000
2016-09-06,19990.949,20459.449,19990.949,20426.199,18614.302533244103,102451000
2016-09-07,20505.801,20575.801,20376.75,20406.9,18670.321204080225,182174000
2016-09-08,20439.199,20477.4,20335.199,20417.25,18724.912728952717,84147000
2016-09-09,20274.75,20349.699,20139.15,20245.301,18772.424862422944,99504000
2016-09-12,19861.449,19861.449,19735.551,19790.6,18804.24283547223,97967000
2016-09-14,19757.051,19953.15,19732.15,19909.15,18838.771184363723,87059000
2016-09-15,19927.6,19955.4,19730.25,19837.551,18869.983053602355,68389000
2016-09-16,19935.85,20227.199,19783.6,19855.449,18900.77886442728,139008000
2016-09-19,19892.199,20014.4,19849.65,19906.85,18932.21858741393,64685000
2016-09-20,19957.35,19964.301,19797.5,19852.301,18960.971162807244,55715000
2016-09-21,19902.699,19937.85,19749.949,19828.449,18988.079845219516,62252000
2016-09-22,20153.1,20264.801,19996.9,20109.6,19023.127350056406,102577000
2016-09-23,20136.75,20137.551,19861.449,19901.801,19050.58590161714,96847000
2016-09-26,19792.199,19794.15,19568.35,19591.75,19067.497279691604,73983000
2016-09-27,19652.949,19696.449,19479.15,19518.699,19081.597333451242,65846000
2016-09-28,19542,19700,19509.65,19653.551,19099.47088553089,117248000
2016-09-29,19762.301,19793.199,19059.051,19183.65,19102.10148285805,239435008
2016-09-30,19116,19330.85,19085.199,19285.699,19107.838905268734,84248000
2016-10-03,19395.551,19611.25,19363.949,19589.051,19122.876783229087,66410000
2016-10-04,19641.75,19747.449,19527.35,19672.699,19140.05872750318,113388000
2016-10-05,19801.301,19816.5,19492.801,19536.85,19152.458454768705,91727000
2016-10-06,19518.551,19570.699,19325.801,19395.051,19160.039471807184,74620000
2016-10-07,19398.051,19456,19318,19400.1,19167.54136331321,62682000
2016-10-10,19489.5,19501.449,19351.35,19378.551,19174.13541445967,40908000
2016-10-13,19295.551,19295.551,18824.4,18954.25,19167.263995257807,95149000
2016-10-14,19016.699,19053.5,18926.15,19020.15,19162.666682906,61798000
2016-10-17,19136.301,19241.75,19002.449,19070.4,19159.78334906519,123597000
2016-10-18,19174.699,19511.801,19162.85,19495.051,19170.260463156905,104276000
2016-10-19,19570.051,19576.301,19322.75,19412.1,19177.817948683252,65347000
2016-10-20,19493.9,19722.85,19479.25,19658.699,19192.8454815369,97605000
2016-10-21,19636.4,19744,19516.4,19710.9,19209.034685238872,69230000
2016-10-24,19763.85,19897.85,19751.65,19807.9,19227.74922632516,77828000
2016-10-25,19907.699,19922.699,19711.949,19834.9,19246.722688002497,90588000
2016-10-26,19581.699,19725.9,19434.5,19483.6,19254.125104002418,143828000
2016-10-27,19452,19544.199,19252.1,19514.6,19262.26494450234,87648000
2016-10-28,19507.85,19589.699,19362,19555.949,19271.442571236643,68877000
2016-11-01,19578.6,19591.65,19417.301,19458.6,19277.291240885497,61793000
2016-11-02,19223.5,19296.551,19158.75,19227.9,19275.747764607826,74365000
2016-11-03,19201.949,19319.65,19119.301,19178.699,19272.71499071383,65915000
2016-11-04,19223.85,19223.9,18961.15,19058.1,19266.008272254025,76173000
2016-11-07,19317.85,19378,19233,19356,19268.820513746086,77290000
2016-11-08,19490.75,19549.449,19322.15,19500.801,19276.06990394152,83951000
2016-11-09,18270.9,19587.801,18143.699,19518.25,19283.63803194335,169947008
2016-11-10,19827.5,20283.15,19787.449,20200.25,19312.28215594512,212503008
2016-11-11,20033.85,20309.65,19704.35,19738.801,19325.610869821834,197926000
2016-11-15,19808.35,19861.75,19240.449,19289.75,19324.4902176399,208768992
2016-11-16,19591.25,19611.9,19088.4,19108.1,19317.728023338655,134591008
2016-11-17,19115.9,19328.75,19009.85,19087.85,19310.544335109324,106725000
2016-11-18,19180.301,19216.35,18897.1,18959.051,19299.560168387157,79394000
2016-11-21,19063.801,19075.949,18351.25,18446.4,19272.89891312506,135623008
2016-11-22,18626.699,18650.5,18322.699,18548.65,19250.266134589903,119913000
2016-11-23,18660.551,18669.051,18449.699,18540.9,19228.09844288397,73800000
2016-11-24,18476,18476.35,18215.801,18256.1,19197.723491543846,120483000
2016-11-25,18377.551,18546.35,18266.6,18507.301,19176.1477886831,81089000
2016-11-28,18237.199,18471.65,18187.4,18301.449,19148.813451536756,106885000
2016-11-29,18308.801,18427.4,18188.699,18223.75,19119.905218676235,81509000
2016-11-30,18306.1,18667.85,18262.5,18627.801,19104.526961842603,89135000
2016-12-01,18676.75,18713.1,18389.65,18428.449,19083.39952553502,62883000
2016-12-02,18329.4,18490.5,18163.801,18247.65,19057.28235286205,84313000
2016-12-05,18245,18434.25,18189.5,18408.9,19037.02040433511,45766000
2016-12-06,18459.699,18499.75,18365.949,18420.9,19017.76664169964,55032000
2016-12-07,18515.5,18588.75,17952.6,18234.15,18993.278621646525,100891000
2016-12-08,18342.6,18558.75,18336.949,18515.449,18978.34644597007,55661000
2016-12-09,18567.949,18739.65,18432.301,18695.801,18969.516900783507,75646000
2016-12-12,18616.051,18616.051,18364.051,18392.949,18951.499153884022,53579000
2016-12-13,18354.1,18492.85,18291.35,18466.051,18936.328899075146,54728000
2016-12-14,18480.35,18485.449,18322.9,18341.5,18917.740495979047,56293000
2016-12-15,18143.5,18532,18122.1,18401.15,18901.5970429797,82788000
2016-12-16,18417.9,18428.449,18268.301,18312.801,18883.197166636586,81868000
2016-12-19,18258.1,18316.801,18215.5,18257.051,18863.630098929192,37244000
2016-12-20,18264.1,18274.9,18009.801,18069.4,18838.810408337657,53851000
2016-12-21,18124.6,18167.15,18043.949,18084.5,18815.238208077106,45882000
2016-12-22,18027,18029.6,17839.75,17891.449,18786.369795324696,50280000
2016-12-23,17849.25,17962.301,17819.75,17884,18758.170739220797,53610000
2016-12-26,17825.5,17860.85,17606.9,17655.551,18723.713872370146,45888000
2016-12-27,17677.699,17907.35,17616.1,17879.551,18697.33378260858,50266000
2016-12-28,17929.199,18059.65,17829.15,17876.699,18671.688945652062,57498000
2016-12-29,17861.449,18053.301,17829.4,18033.15,18651.734603600435,83313000
2016-12-30,18026.35,18245.75,18016.801,18177.199,18636.90536598792,54350000
2017-01-02,18242.301,18249,17844.9,17969.6,18616.052073300798,74445000
2017-01-03,18002.75,18115.051,17830.949,18035.6,18597.912946010147,64514000
2017-01-04,18037.449,18092.85,17868.9,17891,18575.82191644733,50508000
2017-01-05,18000.75,18164.051,17977.801,18115.949,18561.45088780835,68875000
2017-01-06,18168.449,18325.5,18157.301,18264,18552.15554756434,65920000
2017-01-09,18314.25,18373.1,18256.15,18286.65,18543.858499202954,42677000
2017-01-10,18351.449,18441.15,18275.75,18409.6,18539.662921102863,59993000
2017-01-11,18535.35,18889.449,18515.25,18830,18548.7359548184,102842000
2017-01-12,18885.449,18966.301,18805.85,18873.949,18558.898862480324,66286000
2017-01-13,18949.699,18952.25,18781.25,18912.1,18569.936398027814,55762000
2017-01-16,18899.699,19134.5,18865.25,19096.449,18586.389916839446,59320000
2017-01-17,19128.15,19202.25,18981.85,19067.051,18601.410575688213,63686000
2017-01-18,19074.85,19276.5,19072.1,19164.5,18619.007120197955,56899000
2017-01-19,19165.35,19185.301,19046.1,19124.25,18634.79596019177,83679000
2017-01-20,18996.6,19071.65,18793.051,18820.801,18640.608617685775,110141000
2017-01-23,18762,18909.65,18722.85,18842.699,18646.923942133093,97145000
2017-01-24,18931,19054.301,18906.949,19023.5,18658.691943941434,81717000
2017-01-25,19120.051,19518.449,19114.15,19473.199,18684.145289443266,131028000
2017-01-27,19588.4,19794.949,19534.9,19708.301,18716.150155398165,157252000
2017-01-30,19718.801,19767.051,19561.1,19585.25,18743.309525541972,71179000
2017-01-31,19533.199,19624.1,19435.449,19515.15,18767.429540368787,67344000
2017-02-01,19522.4,20047.85,19470.949,20020.6,18806.591117232263,145907008
2017-02-02,20053.949,20146.9,19915.199,20070.301,18846.082051068755,116964000
2017-02-03,20061.9,20229.65,20009.949,20196.801,18888.292018222855,113714000
2017-02-06,20307.15,20462.449,20298.051,20371.6,18934.64539265339,99282000
2017-02-07,20367.301,20426.949,20281.5,20327.25,18978.16428663297,109432000
2017-02-08,20335.25,20362.801,20070.15,20245.4,19017.76540267569,85903000
2017-02-09,20312.65,20406.6,20000.35,20151.15,19053.183671342074,107560000
2017-02-10,20225.75,20310,20167.1,20213.9,19089.456056612635,117596000
2017-02-13,20273.65,20308.699,20116.9,20251.801,19125.77933609349,108967000
2017-02-14,20304.5,20314.051,20158.85,20258.1,19161.164356840567,69832000
2017-02-15,20282.1,20368.199,20115.85,20163.699,19192.4935644393,74195000
2017-02-16,20243.25,20295.551,20088.199,20243.699,19225.34373430057,81486000
2017-02-17,20918.449,21042.35,20449.65,20551.35,19266.781430103678,197062000
2017-02-20,20494.85,20702.6,20472.4,20677.1,19310.853885412937,66182000
2017-02-21,20695.9,20903.35,20619.25,20860.949,19359.294357743784,74588000
2017-02-22,20937.6,20958.25,20829.65,20868.449,19406.45544031429,92262000
2017-02-23,20887.65,21011.9,20828.4,20876.65,19452.399020304467,95407000
2017-02-27,20853.449,20853.449,20584.75,20613.051,19488.669394669952,60500000
2017-02-28,20632.85,20681.301,20560.6,20607.25,19523.625038586517,76659000
2017-03-01,20698.9,20833.75,20678.75,20783.75,19563.003943630687,75542000
2017-03-02,20885,20905,20516.9,20560.051,19594.16166414223,81044000
2017-03-03,20572.85,20580.449,20423.35,20495.6,19622.331612137787,53180000
2017-03-06,20548.949,20727.5,20532.199,20663.65,19654.87281175848,56094000
2017-03-07,20685.949,20701.25,20585.949,20627.5,19685.26741139103,47804000
2017-03-08,20630.15,20715.199,20534.25,20676.551,19716.24502353506,63113000
2017-03-09,20620.551,20780.25,20603.9,20721.35,19747.65455404959,59782000
2017-03-10,20825.9,20876.949,20648.801,20727.551,19778.27631798554,53537000
2017-03-14,21189.85,21274.449,21059.699,21102.699,19819.66452679849,98698000
2017-03-15,21089.4,21216.9,21063.949,21157.9,19861.484385336036,75243000
2017-03-16,21237.5,21289.801,21194.25,21249.9,19904.872373294285,73921000
2017-03-17,21308.449,21336.051,21127.949,21175.051,19944.565455378837,92309000
2017-03-20,21202.551,21202.551,21084.801,21110.25,19980.99309739825,50376000
2017-03-21,21110.65,21146.5,20967,21019,20013.430813104555,72936000
2017-03-22,20815.35,20899,20753.9,20781.35,20037.42828769504,83727000
2017-03-23,20848.75,20934.75,20775.35,20895.5,20064.243028704568,60387000
2017-03-24,20987.6,21174.1,20929.15,21122.551,20097.31515280755,124797000
2017-03-27,21178.1,21179.199,20979.551,21056.9,20127.302179282313,97616000
2017-03-28,21229,21264.949,21145,21225.4,20161.61773617974,95259000
2017-03-29,21291.449,21418.6,21255.75,21391.15,20200.040619424126,119196000
2017-03-30,21374.35,21696,21331.9,21620.699,20244.43619381712,111132000
2017-03-31,21551.85,21574.15,21414,21444.15,20281.927250260334,103207000
2017-04-03,21539.199,21565.449,21408.6,21547.75,20321.484211189698,61068000
2017-04-05,21602.199,21699.301,21499.75,21652.699,20363.08467334002,84599000
2017-04-06,21572.699,21674,21488.9,21622.949,20402.455433548144,93689000
2017-04-07,21536.5,21616.85,21397,21431.15,20434.602138749764,96285000
2017-04-10,21492.051,21552.1,21396.051,21520.15,20468.525509413834,57491000
2017-04-11,21521.449,21753.35,21483.551,21736.15,20508.13877474465,89434000
2017-04-12,21735.65,21787.1,21551.75,21666.801,20544.34696928388,78966000
2017-04-13,21651.25,21758.85,21627,21686.6,20580.04237649376,71470000
2017-04-17,21700.5,21743.301,21576.75,21647.6,20613.40355222833,49031000
2017-04-18,21706.051,21947,21634.15,21671.85,20646.480003721193,85175000
2017-04-19,21674.1,21706.301,21470.199,21556.35,20674.913441104905,81449000
2017-04-20,21419.449,21558.85,21396,21491.4,20700.428646070377,100133000
2017-04-21,21567.5,21614.551,21386.199,21551.449,20727.023032130677,77254000
2017-04-24,21591.9,21884.85,21578.65,21857.4,20762.347312376594,84638000
2017-04-25,21960.65,22093.25,21900.301,22054.699,20802.733302614826,88819000
2017-04-26,22158.65,22276.051,21814.9,22242.85,20847.736949408114,133893000
2017-04-27,22274.051,22380.85,22169.801,22326.301,20893.94207598911,166567008
2017-04-28,22296.801,22383,22182.551,22358.25,20939.70169861445,167782000
2017-05-02,22412.551,22492.15,22266.15,22341.35,20983.50320803275,140738000
2017-05-03,22445.85,22449,22240.051,22307.301,21024.87188903173,130698000
2017-05-04,22618.301,22743.699,22449.9,22720.1,21077.847767499487,226414000
2017-05-05,22844.85,22853.551,22514,22604.949,21125.569681015128,255187008
2017-05-08,22678.449,22835.15,22632.5,22767.35,21176.875315983405,106479000
2017-05-09,22820.801,22835.35,22664.35,22707.301,21224.701118608922,81029000
2017-05-10,22767.75,22859.4,22742.051,22830.35,21274.877646152392,73499000
2017-05-11,22916.051,22977.85,22764.65,22818.449,21323.11425096013,78857000
2017-05-12,22840.4,22859.15,22578,22671.699,21365.257524367626,96397000
2017-05-15,22735.85,22891.699,22730.35,22821.5,21410.765101731136,74700000
2017-05-16,22857.6,22944.1,22727.65,22928.6,21458.197442302037,134784000
2017-05-17,22972.35,22978.15,22830.1,22935.949,21504.3771784801,96264000
2017-05-18,22750.449,22834.551,22660.199,22698.6,21541.696641652597,113423000
2017-05-19,22761.949,22902.25,22628.449,22769.801,21580.074902850953,154944000
2017-05-22,22874.801,22918.35,22637.75,22652.85,21613.59912463686,99779000
2017-05-23,22674.9,22740.4,22492.199,22582.801,21643.88668324196,114212000
2017-05-24,22624.5,22673.4,22469.801,22536.301,21671.774630640648,91993000
2017-05-25,22573.65,23267.801,22570.35,23190.801,21719.244204683127,132711000
2017-05-26,23151.4,23408.35,23092.35,23362.199,21770.58654203678,78877000
2017-05-29,23310.6,23464,23141.15,23182.75,21814.716650098133,60052000
2017-05-30,23142.1,23337.15,23093.949,23307.25,21861.358317282567,66705000
2017-05-31,23321.199,23469.449,23248.5,23424.801,21910.215901117488,182919008
2017-06-01,23394.1,23396.15,23224.051,23310.15,21953.963841707566,81510000
2017-06-02,23435.199,23453.301,23308.4,23375.9,21998.399346654205,67218000
2017-06-05,23397.4,23494.699,23349.949,23459.65,22044.063429571263,52204000
2017-06-06,23523.051,23536.1,23381.699,23416.301,22086.94585364716,54088000
2017-06-07,23482.85,23606.15,23427.551,23567.65,22133.217858220687,56452000
2017-06-08,23630.35,23659.1,23514.199,23536.1,22177.05792515129,64826000
2017-06-09,23483.949,23708.65,23476.85,23690.9,22224.365489990312,58401000
2017-06-12,23610.15,23630.1,23441.801,23470.449,22263.305599678115,56374000
2017-06-13,23447,23615.199,23446.9,23477.85,22301.260112188174,47771000
2017-06-14,23555.301,23562.801,23399.4,23498.699,22338.680077432295,81088000
2017-06-15,23444.699,23473.301,23311.85,23391.75,22371.588512512535,72764000
2017-06-16,23448.6,23527.65,23391,23502.75,22406.93730899652,102155000
2017-06-19,23571.35,23806.65,23535.699,23742.15,22448.662705590377,60484000
2017-06-20,23720.6,23760.35,23651.199,23697.949,22487.70290229068,71815000
2017-06-21,23638.15,23760.75,23610.199,23708.75,22525.860624094094,62328000
2017-06-22,23716.85,23897.85,23694.15,23736.1,22563.680604591154,79042000
2017-06-23,23772.301,23786.5,23507.5,23542.75,22594.27652319768,74946000
2017-06-27,23636.949,23640.1,23055.75,23216.25,22613.713194347754,101336000
2017-06-28,23209.551,23322.551,23113.65,23235.85,22633.15496952439,95524000
2017-06-29,23312.4,23476,23124.35,23227.301,22651.72203297675,146858000
2017-06-30,23137.25,23254.1,22996.4,23211.199,22669.205688196227,70715000
2017-07-03,23240.35,23330.1,23144.301,23272.801,22688.068041690094,51036000
2017-07-04,23325.5,23363.051,23163.699,23214.199,22704.509634137277,55294000
2017-07-05,23241.9,23380.35,23205.551,23352.6,22724.762458070487,89709000
2017-07-06,23399.5,23540.15,23369.5,23466.65,22747.946443755784,130091000
2017-07-07,23463.75,23492.6,23400.6,23449.15,22769.859054888417,88943000
2017-07-10,23583.25,23964.801,23289.9,23675.051,22798.146303173155,30413000
2017-07-11,23744.551,23744.551,23552.6,23584.6,22822.722981198993,78963000
2017-07-12,23623.75,23736.551,23523.65,23695.449,22849.995669286523,69663000
2017-07-13,23817.25,23938,23811,23888.65,22882.45361712132,84984000
2017-07-14,23949.5,23963.65,23755.949,23937.699,22915.430035336278,71052000
2017-07-17,24011.4,24066.1,23913.65,24015.051,22949.793190482018,65783000
2017-07-18,23958.15,24147.449,23942.1,24022.051,22983.301247029456,75082000
2017-07-19,24069.199,24180.75,24053.699,24152.65,23019.843395559787,72823000
2017-07-20,24170.65,24299.6,24170.65,24213.35,23057.14047694854,91515000
2017-07-21,24231.4,24289.301,24066.9,24257.051,23094.6376807939,65322000
2017-07-24,24307.699,24460.551,24234.65,24420.85,23136.081815769092,74481000
2017-07-25,24622.9,24624.65,24450.199,24520.699,23179.35110277631,76546000
2017-07-26,24578.15,24720.9,24484.9,24670.699,23225.95572456455,132702000
2017-07-27,24857.5,25032.25,24799.4,24922.4,23278.969608171905,152248992
2017-07-28,24744.551,24859.75,24651.051,24811.301,23326.854964166534,100039000
2017-07-31,24880.6,25168.1,24828.5,25103.65,23382.37980903633,130096000
2017-08-01,25152.85,25179.5,25000.9,25122.801,23436.767971253947,71832000
2017-08-02,25190.4,25198.801,24926.25,25055.199,23487.34394090226,86355000
2017-08-03,25002.85,25005.15,24619.6,24675.051,23524.459786499065,88207000
2017-08-04,24629.5,24879.699,24591.801,24827.449,23565.17819942097,67777000
2017-08-07,24854.15,24979.35,24844.449,24906.35,23607.089818189066,52224000
2017-08-08,24942.199,24966.051,24534.35,24599.5,23638.10263637066,70793000
2017-08-09,24519.25,24532.4,24328.1,24374.6,23661.118178984074,78290000
2017-08-10,24300.449,24326.9,23822.199,24217.35,23678.500423390822,87718000
2017-08-11,23958.25,24191.199,23868.301,23985.75,23688.10197265986,157832992
2017-08-14,24051.051,24212.15,24038.15,24115.75,23701.46597351424,76331000
2017-08-16,24188.75,24461.199,23947.449,24437.699,23724.47325559192,94859000
2017-08-17,24495.199,24496.199,24121.551,24237.25,23740.497528854674,69545000
2017-08-18,24125.301,24130.15,23925.949,24074.449,23750.933512327967,60047000
2017-08-21,24140.551,24258.949,23882.25,23936.5,23756.73246506772,69872000
2017-08-22,24080.6,24127.449,23852.65,23974.449,23763.53610678435,70220000
2017-08-23,24084.949,24350,24074.15,24316.801,23780.82563469734,69105000
2017-08-24,24374.75,24411.051,24224.85,24274.199,23796.24355236305,72359000
2017-08-28,24351.25,24422.449,24301.35,24377.1,23814.395316351704,52177000
2017-08-29,24302,24320.949,24103.301,24128.949,23824.225118965715,60922000
2017-08-30,24253.051,24384.1,24241.301,24308.699,23839.364927748036,47424000
2017-08-31,24354.35,24354.35,24207.699,24318.4,23854.33477375591,79849000
2017-09-01,24389.199,24494.35,24319.199,24434,23872.449312076038,66907000
2017-09-04,24456.301,24459.35,24156.4,24236.85,23883.836833573663,52531000
2017-09-05,24272.6,24388.051,24256.301,24328.301,23897.726338774486,47758000
2017-09-06,24192.4,24331.301,24151.1,24279.15,23909.645828187782,59007000
2017-09-07,24324.85,24413.1,24246.9,24304.9,23921.997521056914,69696000
2017-09-08,24409.5,24419.25,24273,24370.801,23936.022629773885,47085000
2017-09-11,24468.5,24735.35,24458.25,24672.25,23959.02973509345,60805000
2017-09-12,24779.15,24821.35,24653.6,24784.699,23984.83189962178,66928000
2017-09-13,24818.35,24948.801,24737.801,24831.801,24011.299684008598,68335000
2017-09-14,24857.25,24994.301,24815.5,24912.25,24039.45438138333,77726000
2017-09-15,24840.301,24916.85,24791.551,24844.301,24064.605838215102,114568000
2017-09-18,24948.15,25105.35,24941.75,25046.9,24095.30253077088,65913000
2017-09-19,25059.75,25103.449,24993,25041.551,24124.87279543429,60118000
2017-09-20,24984.65,25052.6,24938.301,24965.051,24151.128364326967,87376000
2017-09-21,24934.1,24992.5,24706.449,24799.25,24171.382165441748,72280000
2017-09-22,24704.551,24709.699,24340,24368.85,24177.553035271692,91287000
2017-09-25,24361.551,24363.801,24015.449,24165.051,24177.16234666945,92662000
2017-09-26,24105.6,24236.949,24017.4,24199.15,24177.84946083603,66244000
2017-09-27,24308.699,24331.85,23766.6,23812.949,24166.446321434905,80405000
2017-09-28,23804.051,24074.199,23611.1,24008.15,24161.499561390065,136679008
2017-09-29,24114,24227.449,24004.801,24053,24158.108950096626,71704000
2017-10-03,24200.6,24226.801,24007.25,24103.4,24156.399295406107,66828000
2017-10-04,24124.15,24230.449,24058.65,24113.301,24155.052473674667,61741000
2017-10-05,24114.75,24188.301,24033.35,24058.051,24152.021177622333,67125000
2017-10-06,24083.551,24242.051,24074.35,24190,24153.208015821634,84205000
2017-10-09,24209.551,24311.1,24156.051,24251.9,24156.29214032721,66557000
2017-10-10,24304.801,24379.75,24273.65,24347.449,24162.26579219198,62757000
2017-10-11,24411.449,24460.25,24054.25,24107.449,24160.552767435984,75494000
2017-10-12,24151.449,24393.4,23978.4,24361.25,24166.824555953608,73275000
2017-10-13,24411.1,24779.75,24387.801,24689.15,24183.14722608006,89300000
2017-10-16,24815.4,24878.65,24516.551,24703.051,24199.394219015056,118314000
2017-10-17,24697.25,24809.15,24571.85,24645.6,24213.338149670835,94489000
2017-10-18,24354.75,24454.65,24270.051,24313.75,24216.47601999362,161558000
2017-10-19,24238.4,24255.301,23923.699,24009.75,24210.01583186882,20251000
2017-10-23,24085.449,24151,23912.551,24088.9,24206.230962122918,97554000
2017-10-24,24141.949,24293.25,24032.65,24222.15,24206.728432056578,111802000
2017-10-25,24980.65,25157.801,24560.75,25035.9,24232.64004355481,855273024
2017-10-26,24953.949,25186.051,24864.6,25022.199,24257.31376094372,432392992
2017-10-27,24887.6,24995.699,24798.65,24839.551,24275.50867466423,237948992
2017-10-30,24873.65,25064.85,24808.551,24988.551,24297.791247330973,186719008
2017-10-31,25042.1,25078.65,24948.1,25019.35,24320.33995835188,156986000
2017-11-01,25197.301,25549.35,25171.75,25490.449,24356.905865903384,210656992
2017-11-02,25508.4,25598.75,25405.5,25427.301,24390.355713843903,141563008
2017-11-03,25531.4,25695.5,25394.949,25650.699,24429.74144153628,209614000
2017-11-06,25569,25694.6,25529.5,25571.15,24465.41045898827,113274000
2017-11-07,25669.1,25695.75,25248.949,25300.801,24491.516413394886,142004992
2017-11-08,25375.801,25435.6,25119.5,25184.35,24513.167462976297,129898000
2017-11-09,25281,25385.199,25166.15,25291.35,24537.485667258286,107368000
2017-11-10,25250.9,25598.551,25237.199,25498.949,24567.531396406466,194999008
2017-11-13,25570.25,25611.551,25337.25,25358.301,24592.242946518763,128570000
2017-11-14,25352.551,25404.801,25223.1,25284.6,24613.879104440053,109492000
2017-11-15,25241.65,25318.051,25166.35,25218.9,24632.7860074263,129990000
2017-11-16,25292.9,25496.051,25273.699,25446.6,24658.217694694227,109711000
2017-11-17,25875.699,25924.9,25679.551,25728.4,24691.66089173503,151002000
2017-11-20,25733.699,25803.15,25681.699,25768.6,24725.315238868312,84964000
2017-11-21,25829.301,25871.1,25726.5,25757.5,24757.571012653676,90303000
2017-11-22,25805.65,25831.949,25665.85,25766.65,24789.10473100825,102044000
2017-11-23,25826.301,25838.551,25620.949,25736.25,24818.70302066424,79020000
2017-11-24,25776.6,25849,25749.1,25779.65,24848.732613768483,70108000
2017-11-27,25693.051,25931.85,25673.5,25891.949,24881.333125838217,74085000
2017-11-28,25830.449,25953.5,25795.5,25846.4,24911.491465655774,84399000
2017-11-29,25829.65,25877.75,25746.801,25795.699,24939.12295110403,74983000
2017-11-30,25693.801,25700.85,25246.85,25332.4,24951.412858882028,141632000
2017-12-01,25409.551,25441.35,25152.65,25191.949,24958.929613291963,87546000
2017-12-04,25295.051,25297.199,24993.35,25075.1,24962.559937876587,75646000
2017-12-05,25030.75,25217.699,24921.301,25124.85,24967.631502317945,85698000
2017-12-06,25066.301,25077.449,24813.6,24851.801,24964.011799120508,72792000
2017-12-07,24935.301,25097.4,24875.35,25057.25,24966.925492897994,60226000
2017-12-08,25145.5,25367.699,25145.5,25321.15,24977.995008744932,74110000
2017-12-11,25434.75,25448.85,25318.699,25404.85,24991.334227221654,57217000
2017-12-12,25413.4,25416.199,25108.6,25125.449,24995.525313870978,81540000
2017-12-13,25118.199,25270.75,24938.551,25000.35,24995.67608531251,86127000
2017-12-14,25062.4,25205.9,24888.65,25168.199,25001.067426396494,78224000
2017-12-15,25487.15,25559.051,25411.25,25440.301,25014.793475571605,117591000
2017-12-18,25181.75,25759.9,24617.15,25594.551,25032.910898209993,139127008
2017-12-19,25640.9,25757.949,25619.6,25716.199,25054.26365139093,79481000
2017-12-20,25779.051,25780.051,25566.051,25591.699,25071.058506034966,119153000
2017-12-21,25608.25,25629.949,25508.9,25554.301,25086.159833971375,76744000
2017-12-22,25615.6,25694.5,25560.5,25648.551,25103.734557909767,83031000
2017-12-26,25659.75,25712.949,25545.6,25675.25,25121.594415475087,60209000
2017-12-27,25652.85,25733.199,25429.551,25496.051,25133.29618374149,73081000
2017-12-28,25463.6,25561.949,25417.4,25490,25144.44317799957,111430000
2017-12-29,25484.85,25566.4,25450.25,25539.449,25156.787109937082,65581000
2018-01-01,25565.75,25588,25271.551,25318.1,25161.82813775155,57577000
2018-01-02,25382.199,25425.5,25232.801,25338.25,25167.341320946813,72034000
2018-01-03,25425.75,25454.9,25300.9,25318.6,25172.068154667224,59730000
2018-01-04,25367.65,25490.35,25310.301,25462.6,25181.147274833875,105996000
2018-01-05,25524.449,25643.35,25499.551,25601.85,25194.294234995315,123623000
2018-01-08,25690.25,25771.5,25643.801,25676.1,25209.350665151713,127528000
2018-01-09,25727.949,25803.801,25617.25,25703.801,25224.80223811572,101820000
2018-01-10,25709.9,25717.6,25527.5,25617.301,25237.067824424605,81094000
2018-01-11,25628.199,25694.65,25532.25,25660.9,25250.312579911337,122696000
2018-01-12,25732.4,25775.15,25557.6,25749.051,25265.898155539107,110836000
2018-01-15,25858.15,26091.801,25842.949,26069.199,25291.00130692851,192164000
2018-01-16,26129.15,26136.4,25931.699,25974.9,25312.37314108699,169867008
2018-01-17,25946.15,26335.85,25922.301,26289.1,25342.89585542802,172092000
2018-01-18,26762.25,26887.65,26423.75,26537.4,25380.224109945895,224022000
2018-01-19,26615.65,26957.85,26433.551,26909.5,25428.013981510085,134391008
2018-01-22,26940.5,27074.9,26841.199,27041.199,25478.426013337896,113870000
2018-01-23,27089.949,27422.051,27066.15,27390.6,25538.181450421085,169332000
2018-01-24,27310.15,27479.25,27219.449,27398.551,25596.317998845425,174331008
2018-01-25,27414.1,27522.85,27151.75,27445.65,25654.109623881504,193342000
2018-01-29,27446.1,27652.051,27407.4,27498.449,25711.745229385207,114099000
2018-01-30,27466.85,27470.25,27242.051,27269.051,25760.41103471692,111010000
2018-01-31,27136.25,27455.75,27116.949,27379.449,25811.005971132014,109508000
2018-02-01,27334.85,27613.5,27046.35,27220.699,25855.058878284137,131188000
2018-02-02,27017.4,27017.551,26364.051,26451.15,25873.686725837757,147520992
2018-02-05,25968.15,26215.1,25917.551,26098.75,25880.719953155327,122730000
2018-02-06,25140.1,26140.6,25023.85,25811.301,25878.550610869224,153714000
2018-02-07,26065.4,26078.4,25558.051,25670,25872.033404279562,121038000
2018-02-08,25759.85,26126.4,25637.4,25920.65,25873.552672895825,91012000
2018-02-09,25466.301,25598.301,25371,25463.65,25860.74321436783,75985000
2018-02-12,25530.1,25757.85,25485.4,25701.6,25855.769988918837,161180000
2018-02-14,25810.25,25810.25,25212.35,25341.25,25839.691239265125,197287008
2018-02-15,25360.9,25615.15,25295.15,25424.35,25826.71182553809,291475008
2018-02-16,25511.949,25601,25100.9,25163.9,25805.998955990024,278143008
2018-02-19,25324.6,25326.051,24824.551,25058.551,25782.641207365337,273464000
2018-02-20,25105.551,25158.1,24829,24874.4,25754.258669635172,258223008
2018-02-21,24996.6,24999.699,24796.35,24936.699,25728.709929959074,152406000
2018-02-22,24812.699,24987.051,24781.699,24955.199,25704.53771339785,167443008
2018-02-23,25002.25,25345.15,24962.85,25302.5,25691.974034854167,127863000
2018-02-26,25452,25722.15,25381.199,25687.9,25691.846721264974,110904000
2018-02-27,25684.6,25723.551,25356.4,25383.6,25682.214011225442,289807008
2018-02-28,25116.25,25192.949,24942,25107.4,25664.251073374646,311473984
2018-03-01,25022.35,25226.051,24854.4,24902.551,25640.447946081687,214528992
2018-03-05,24831.35,24873.051,24682,24818.699,25614.768291516633,138680000
2018-03-06,24964.1,25040.25,24362.051,24448.449,25578.320813656737,135108992
2018-03-07,24333.85,24373.4,24096.75,24134.1,25533.188913229966,187523008
2018-03-08,24273.9,24534.5,24048.551,24477.65,25500.20332219153,169550000
2018-03-09,24556.949,24564.75,24259.699,24296.449,25462.585999623043,129957000
2018-03-12,24443.6,24716.051,24358.5,24664.199,25437.636405884823,165215008
2018-03-13,24624.6,25009.65,24597.551,24738.65,25415.79308070092,235984992
2018-03-14,24629.65,24894.301,24487,24851.65,25398.16360942902,209048000
2018-03-15,24854.301,24939.85,24732,24791.85,25379.21630913436,130382000
2018-03-16,24753.65,24785.35,24439.15,24489.551,25351.41426822391,189684992
2018-03-19,24530.15,24588.051,24186.949,24245.1,25316.841947341913,147614000
2018-03-20,24133.949,24355.65,24082.949,24168.199,25280.94685523748,127992000
2018-03-21,24331.301,24459.75,24208.65,24255.6,25248.904766011306,112895000
2018-03-22,24252.949,24314.4,24094.85,24141.5,25214.298367073454,131440000
2018-03-23,23785.65,23796.301,23605.6,23670.4,25166.051543102407,180648992
2018-03-26,23674.9,24290.65,23657.051,24244.35,25137.248369880457,193627008
2018-03-27,24396.4,24496.949,24266.4,24434.15,25115.276545821693,178620992
2018-03-28,24299.5,24361,24203.4,24263.35,25088.653841264764,183842000
2018-04-02,24235.65,24373.4,24062.949,24328.5,25064.89903372524,147654000
2018-04-03,24285.949,24538,24254.35,24510.6,25047.577188921325,135574000
2018-04-04,24502.5,24666.301,24087.801,24129.5,25018.887276767535,126223000
2018-04-05,24394.449,24824.9,24380.85,24759.801,25010.79083061855,133765000
2018-04-06,24776.35,24933.6,24626.4,24873.15,25006.48955466172,160971008
2018-04-09,24848.85,25152.85,24828,25093.801,25009.21803732854,165402000
2018-04-10,25153.6,25279.9,25120.199,25226.801,25016.017504912023,171760000
2018-04-11,25198.35,25207.051,24950.301,25098.25,25018.587270383523,107073000
2018-04-12,25076.9,25244.801,24969.4,25195.1,25024.10329318404,111777000
2018-04-13,25239.65,25411.301,25076.85,25200.6,25029.618815272035,110294000
2018-04-16,25082.1,25348.551,25067.35,25320.85,25038.719789794784,89034000
2018-04-17,25383.75,25402.551,25224,25334.449,25047.9613276137,89722000
2018-04-18,25426.75,25426.75,25058.75,25102.301,25049.65944237577,112439000
2018-04-19,25206.449,25207.301,25049.699,25126.15,25052.04977230153,95466000
2018-04-20,25126.801,25126.801,24839.301,24943.85,25048.668529417107,109582000
2018-04-23,25065.5,25084.15,24466.1,24960.65,25045.917950372823,82788000
2018-04-24,24972.199,25123.449,24955,25042.1,25045.798639423672,87396000
2018-04-25,24993.4,24993.4,24734.6,24814.4,25038.567431941683,81840000
2018-04-26,24833.199,25064,24753.4,25010.9,25037.702824693504,173426000
2018-04-27,25030.15,25441.5,25029.65,25394.6,25048.85586142183,232368000
2018-04-30,25490.15,25617.5,25464.801,25531.6,25063.9416157524,124581000
2018-05-02,25607.051,25716.75,25499.35,25568.301,25079.702846510136,117930000
2018-05-03,25547.9,25653.449,25469.051,25605.25,25096.126195056695,100388000
2018-05-04,25632.301,25680.4,25537.699,25645.4,25113.291001461173,97343000
2018-05-07,25676.25,25913.5,25675.15,25852.051,25136.377251415513,92743000
2018-05-08,26074.15,26116.25,25954.6,26090.5,25166.19358730878,198848992
2018-05-09,25988.1,26206.5,25946.301,26154.449,25197.07656895538,96441000
2018-05-10,26216.1,26266.4,26057.199,26131,25226.261676175527,214482000
2018-05-11,26173.699,26437.25,26099.85,26413.15,25263.351936295043,109006000
2018-05-14,26404.449,26565.4,26338.051,26475.15,25301.220625785823,97254000
2018-05-15,26494.9,26972.051,26407.301,26474,25337.869981230015,150003008
2018-05-16,26269.35,26428.35,26102.15,26182.15,25364.253731816578,232084000
2018-05-17,26233.199,26283.551,26012,26073.801,25386.42708394731,126926000
2018-05-18,26025.6,26032,25839,25875.6,25401.713737573955,113574000
2018-05-21,26017.5,26066.75,25685.35,25750.801,25412.62271452477,120004000
2018-05-22,25780.25,25945.65,25701.35,25777.699,25424.03134844587,179388992
2018-05-23,25726.949,25903.9,25622.15,25684.949,25432.185025056937,170574000
2018-05-24,25722.9,26073.1,25658.4,26016.801,25450.454274273907,110030000
2018-05-25,26066.75,26325.551,26031.449,26273.551,25476.176046952845,98940000
2018-05-28,26291.65,26713.65,26273.9,26614.25,25511.74085798557,136868992
2018-05-29,26567.25,26570.949,26221.1,26254.801,25534.96148742352,106153000
2018-05-30,26039.9,26405.449,25980.85,26327.801,25559.737722191534,118974000
2018-05-31,26587,27164.551,26354.551,26956.199,25603.377137123047,318900000
2018-06-01,26913.4,26996.801,26658.551,26692.801,25637.42163283795,132336000
2018-06-04,27023.699,27047.551,26205.9,26257.551,25656.800675561764,137560992
2018-06-05,26263,26342.4,26069.551,26251,25675.36940445046,107940000
2018-06-06,26266.9,26425.199,26147.801,26367.6,25697.001610561383,144159008
2018-06-07,26577.949,26766.949,26483.9,26517.801,25722.65159148134,131295000
2018-06-08,26457.25,26481,26284.199,26451.35,25745.423416747548,115660000
2018-06-11,26473.199,26653,26421.949,26453.551,25767.55240372419,144115008
2018-06-12,26566.6,26656.449,26449.85,26607.1,25793.788266107807,132109000
2018-06-13,26721.949,26765.449,26598.199,26642.801,25820.31991404194,116844000
2018-06-14,26612.301,26623.25,26503.1,26562.25,25843.50522922813,99121000
2018-06-15,26513.699,26586.4,26344.949,26417.4,25861.43944081475,147563008
2018-06-18,26444.301,26477.5,26322.449,26409.301,25878.560114539287,101362000
2018-06-19,26448.1,26448.1,26224.75,26265.75,25890.659798459936,112378000
2018-06-20,26320.449,26574.75,26309.949,26557.699,25911.504773508062,105130000
2018-06-21,26645.301,26682.949,26454.949,26496.949,25929.799905585936,122195000
2018-06-22,26518.4,26806.551,26364.25,26766.85,25955.957721036375,127691000
2018-06-25,26718.15,26804.9,26573,26609.699,25976.38713600399,89754000
2018-06-26,26495.65,26712.6,26479.65,26601.699,25995.928131753863,97355000
2018-06-27,26616.301,26634.301,26336.5,26423.4,26009.286627636553,124788000
2018-06-28,26398.1,26487.85,26161,26324.6,26019.14017052291,242246000
2018-06-29,26312.699,26465,26291.35,26364.199,26029.92325894407,128239000
2018-07-02,26364.449,26371.6,26060.6,26230.301,26036.185063352066,174872000
2018-07-03,26210.1,26316.1,26142,26204.1,26041.432405122316,104588000
2018-07-04,26249.25,26480.5,26132.9,26433.949,26053.698548712244,82888000
2018-07-05,26481.551,26598.449,26415.199,26503.301,26067.748625314987,91432000
2018-07-06,26427.551,26609.85,26410,26493.85,26081.064293273896,120291000
2018-07-09,26642.35,26781.199,26611.551,26753.301,26102.071690359087,101833000
2018-07-10,26844.551,26939.551,26778.5,26894.551,26126.836668785367,103574000
2018-07-11,26900.65,26938.85,26774.6,26816.199,26148.379241635823,91729000
2018-07-12,26937.5,27164.801,26936.051,27026.551,26175.822109084704,108520000
2018-07-13,27046.85,27102.35,26902.301,26935.949,26199.576074425808,102571000
2018-07-16,26914.5,26939.051,26643.949,26679.801,26214.58310335,105758000
2018-07-17,26662.85,27041.35,26653.65,27008.1,26239.38050637031,217932000
2018-07-18,27107.35,27187.15,26834.449,26880.9,26259.42799054624,192208000
2018-07-19,26960.199,27025.449,26730.1,26789.65,26275.99742834167,130747000
2018-07-20,26764.4,26946.551,26718.6,26873.199,26294.659977455995,84205000
2018-07-23,26701.301,27040.1,26671.35,27008.15,26316.956540660496,125717000
2018-07-24,26984.15,27128,26868.15,26974.4,26337.501648764857,115100000
2018-07-25,26992.551,27074,26939.35,27031.301,26359.182878490956,100794000
2018-07-26,27054.699,27455.1,27045.051,27406.4,26391.908413538113,256487008
2018-07-27,27497.801,27661.051,27455,27634.4,26430.736275615047,215768992
2018-07-30,27767.65,27873.699,27607.949,27842.6,26474.857017002076,308460992
2018-07-31,27797.199,27839.199,27651.301,27764.15,26515.147422720762,185188992
2018-08-01,27684.801,27820.15,27477.9,27596.6,26548.942815760736,152826000
2018-08-02,27469.5,27487.9,27327.949,27355.949,26574.161759018214,119104000
2018-08-03,27471.949,27723,27448.15,27695.5,26609.203579048895,164820992
2018-08-06,27769.551,27994,27766.051,27898.5,26649.49409220362,184016992
2018-08-07,27972.949,27988.199,27827.301,27875.9,26687.819276822254,249214000
2018-08-08,27930.551,28128.65,27858.75,28062.449,26730.77645567156,149990000
2018-08-09,28173.65,28363.4,28132,28320,26780.439691431824,254180000
2018-08-10,28348.949,28377.9,28087.65,28124.25,26822.43376357458,285471008
2018-08-13,27760.801,27911.85,27739.5,27794.4,26852.807708462875,165764992
2018-08-14,27864.4,28053.051,27854.9,28021.699,26889.33556132341,116467000
2018-08-16,27836.15,28013.1,27779.5,27826.551,26918.62354378205,185103008
2018-08-17,27991.75,28178.15,27953.801,28128.551,26956.43377678886,156311008
2018-08-20,28171.65,28322.301,28171.65,28274.25,26997.61553376421,177840992
2018-08-21,28295.85,28305.949,28151.9,28257.9,27036.999423334077,142439008
2018-08-23,28321.949,28325.449,27965.35,28027.9,27067.965066354885,133387000
2018-08-24,27954.25,28122.75,27782.801,27834.699,27091.925501781294,169952992
2018-08-27,27971.25,28317.75,27958.199,28264.199,27128.55904860063,146707008
2018-08-28,28379.9,28388.65,28152.699,28269.65,27164.21814083186,144026000
2018-08-29,28233.4,28344.1,28167.801,28224.1,27197.339448930867,168876000
2018-08-30,28233.699,28233.699,27961.75,28103.25,27225.64915365178,186360992
2018-08-31,27998,28157.35,27940.949,28061.75,27251.77730510016,229623008
2018-09-03,28199.449,28203.199,27777.4,27819.5,27269.518639315782,127011000
2018-09-04,27845.551,27875.15,27385.85,27430.75,27274.557119337165,165858000
2018-09-05,27409.301,27506.301,27136.051,27376.051,27277.72880310788,131880000
2018-09-06,27464.25,27552.801,27246.25,27468.699,27283.69662176076,120287000
2018-09-07,27439.25,27512.5,27232.801,27481.449,27289.876383580737,144904992
2018-09-10,27395.199,27404.85,27142.551,27201.75,27287.12243409384,178148000
2018-09-11,27295.199,27318.449,26772.25,26807.5,27272.134233028406,160826000
2018-09-12,26895.15,26895.15,26555.15,26819.199,27257.98000699627,174200992
2018-09-14,27059.85,27205.75,26989.801,27163.85,27255.038444277638,136632992
2018-09-17,27002.6,27002.6,26743.4,26820.301,27241.452899143962,115283000
2018-09-18,26757,26901.051,26407.449,26441.449,27216.45277729571,308576000
2018-09-19,26532,26611.6,26235.699,26277.35,27187.10581550522,244394000
2018-09-21,26331.051,26490.4,25053.35,25596.9,27137.41188377068,547286016
2018-09-24,25645.051,25649.699,24904.5,24970.35,27069.69119990285,272396000
2018-09-25,24947.699,25406.949,24678.25,25330.35,27015.336787405886,329548000
2018-09-26,25525.1,25525.1,25197.35,25376.301,26964.11691904945,215055008
2018-09-27,25442.1,25452.5,25007.051,25042.15,26904.055452829154,262823008
2018-09-28,25135.801,25354.699,24919.25,25119.85,26848.299032428244,367108992
2018-10-01,24943.9,25412.15,24707.65,25367,26802.00843766486,304703008
2018-10-03,25290.551,25470.051,25026.35,25069.9,26747.880048987834,261055008
2018-10-04,24735.15,24893.4,24501.051,24819.301,26687.611953706964,245812992
2018-10-05,24741.65,25080.199,24250.65,24443.449,26617.481861403623,230428992
2018-10-08,24470.75,24745.35,24240.051,24618.35,26555.00899073476,223867008
2018-10-09,24703.65,24759.9,24464.9,24527.65,26491.6540222743,175374000
2018-10-10,24596.6,25371.15,24559.9,25321.699,26455.092927828227,227004992
2018-10-11,24541.75,24940.1,24493.699,24783.949,26402.869680083597,255411008
2018-10-12,25001.949,25484.199,24975.449,25395.85,26371.400315080984,200602000
2018-10-15,25444,25466.199,25147.801,25388.051,26340.670648984702,146636000
2018-10-16,25414.199,25707.051,25351.801,25589.65,26317.20125370393,226063008
2018-10-17,25839.1,25915.35,25101.949,25188.6,26281.932464525682,182760000
2018-10-19,24966.5,25277.9,24922.65,25085.801,26244.553356259254,200900000
2018-10-22,25484.25,25504.75,25021.35,25078.6,26208.11731387615,172423008
2018-10-23,24786.9,25124.6,24784.9,24972.5,26169.50427281752,144911008
2018-10-24,25312.699,25356.9,24839.65,25064.199,26134.963483041975,176624000
2018-10-25,24841.5,24977.35,24696.85,24817.5,26093.792749196913,215034000
2018-10-26,24771.85,24771.949,24353.1,24421,26041.51797578451,219131008
2018-10-29,24647.949,25023.75,24404.551,24959.699,26007.711132791246,279844000
2018-10-30,24924.75,25121.5,24686.85,24807.801,25970.21394114152,257591008
2018-10-31,24823.801,25201.301,24528.35,25153.301,25944.685411730847,241790000
2018-11-01,25285.199,25401.6,25129.449,25323.65,25925.278055114257,216612000
2018-11-02,25545.35,25856.25,25499.15,25701.65,25918.289678391935,297783008
2018-11-05,25731.551,25788.199,25534.4,25732.199,25912.474344692186,188024000
2018-11-06,25747.4,25860.75,25558.35,25598,25902.647021420555,162090000
2018-11-07,25818.1,25824.4,25698.1,25737.5,25897.486177001163,1795000
2018-11-09,25742.551,25822.75,25598.75,25771,25893.533483969877,145006000
2018-11-12,25816.15,25907.199,25495.1,25539.75,25882.47775009582,115951000
2018-11-13,25422,25796.5,25384.551,25768.6,25878.919070405325,141868992
2018-11-14,25952.4,26045.051,25806.699,25930.15,25880.52003695516,194940000
2018-11-15,25946.199,26197.6,25728,26154.75,25889.089723300312,171790000
2018-11-16,26205.35,26332.75,26122.551,26245.551,25900.229138197177,235671008
2018-11-19,26364.6,26379.1,26204.35,26300.699,25912.743821378517,172343008
2018-11-20,26211.5,26259.4,26041.801,26113.35,25919.01276446044,189682000
2018-11-21,26105.449,26342.051,26060.551,26262.051,25929.73270932105,159319008
2018-11-22,26233.65,26323.949,25947.85,25999.449,25931.91134340477,153931008
2018-11-26,26096,26396.6,26025.051,26365.6,25945.464113923368,174543008
2018-11-27,26286.1,26491.25,26268.65,26443.1,25961.015235363262,176102000
2018-11-28,26489.65,26584.949,26419.65,26457.949,25976.54441550816,255359008
2018-11-29,26641.6,27003.75,26577.15,26939.6,26006.63990252353,472107008
2018-11-30,27009.301,27012.699,26764.9,26862.949,26033.399561819668,228852992
2018-12-03,27032.9,27037.1,26791.65,26857.551,26059.154294262804,205824000
2018-12-04,26809.5,26843.801,26644.75,26693.801,26078.987003817092,172608992
2018-12-05,26572.1,26627.35,26443.65,26519.6,26092.756159947807,144479008
2018-12-06,26339.1,26359.9,26149.449,26198.301,26096.054436199436,139142000
2018-12-07,26307.4,26659.699,26252.1,26594.301,26111.624641318205,185530000
2018-12-10,26073.65,26336.199,26072,26102.65,26111.34418377701,156932992
2018-12-11,25602.25,26227.9,25598.949,26163.4,26112.97092803398,264187008
2018-12-12,26286.25,26672.699,26214.75,26643.85,26129.56089903292,215679008
2018-12-13,26844.15,26951.449,26723.65,26816.35,26151.023058438142,236400000
2018-12-14,26810.85,26909,26732.699,26826,26172.116087861952,168458000
2018-12-17,26915.449,27051.4,26908.6,27015.801,26198.481241366266,118696000
2018-12-18,26917.301,27210.051,26840.801,27174.699,26228.98804632357,158144000
2018-12-19,27229.051,27364.35,27214.301,27298.4,26262.407169875958,215616992
2018-12-20,27128.65,27309.1,27084.5,27275.1,26294.053820817335,191698000
2018-12-21,27261.25,27369.1,26823.1,26869.65,26312.041201416792,177066000
2018-12-24,26877.051,26934.85,26676.949,26714.75,26324.62585137252,128004000
2018-12-26,26634,27029.15,26408.15,26986.801,26345.318824767128,148911008
2018-12-27,27200.65,27239.949,26845.1,26878.551,26361.982330243154,169903008
2018-12-28,27048.4,27213.449,27039.6,27125.25,26385.834444923057,109836000
2018-12-31,27267.801,27286.5,27105,27160.199,26410.03333726921,83814000
2019-01-01,27231.4,27430.551,27019.051,27392.4,26440.73229547955,116379000
2019-01-02,27297,27397.551,27077.6,27174.699,26463.66875499581,176599008
2019-01-03,27181.6,27206.199,26923.75,26959.85,26479.174418902192,151200992
2019-01-04,26999.699,27274.5,26926.1,27195,26501.5439683115,189451008
2019-01-07,27378.65,27477.801,27279.551,27304.551,26526.637938051765,161026000
2019-01-08,27301.9,27542.4,27161.949,27509.5,26557.35237748765,150550000
2019-01-09,27651.25,27754.449,27409.5,27720.4,26593.69761569116,199818000
2019-01-10,27713.551,27713.551,27488.199,27528.551,26622.91178395081,139266000
2019-01-11,27602.801,27612.449,27382.449,27453.9,26648.880165702347,116552000
2019-01-14,27389.199,27389.801,27182.199,27248.25,26667.61047302415,212863008
2019-01-15,27317.551,27447.551,27317.1,27400.75,26690.521083242144,161396992
2019-01-16,27405.65,27554.75,27403.051,27483.699,26715.307893140827,183688000
2019-01-17,27568.6,27611.551,27335.15,27528.75,26740.727958980176,212320992
2019-01-18,27550.051,27576.449,27410.65,27456.699,26763.102054012044,129067000
2019-01-21,27514.551,27622.199,27388.5,27533.6,26787.18011482417,128882000
2019-01-22,27526.551,27533.35,27385.4,27482.25,26808.901048735912,138998000
2019-01-23,27493.1,27564.699,27189.6,27250.75,26822.708828462914,126936000
2019-01-24,27273.5,27342.35,27142.801,27266.4,26836.574177573446,210280000
2019-01-25,27261.449,27433.551,27045.199,27115.301,26845.284390774275,284535008
2019-01-28,27041.449,27134.199,26587.949,26653.051,26839.27709731258,181836992
2019-01-29,26616.25,26743.85,26441.551,26573.4,26830.968438021562,194368992
2019-01-30,26789.75,26916.25,26693.699,26825.5,26830.797549333387,249271008
2019-01-31,26969.15,27325.051,26891.051,27295.449,26845.31790716672,306292992
2019-02-01,27334.551,27533.051,26930.449,27085.949,26852.837628817757,238795008
2019-02-04,26974,27243.801,26825.551,27186.6,26863.2677029172,173079008
2019-02-05,27226.051,27348.25,27153.199,27271.699,26876.03118095104,189860000
2019-02-06,27326.199,27428.65,27294.1,27402.35,26892.478644046318,164748000
2019-02-07,27424.1,27589.75,27322.949,27387.15,26907.93712391987,156626000
2019-02-08,27302.65,27482.1,27221.25,27294.4,26920.014088797376,142258000
2019-02-11,27240.5,27305.9,27151.551,27227.801,26929.632429772457,117311000
2019-02-12,27166.9,27286.65,26988.9,27010.75,26932.16735384207,117431000
2019-02-13,27068.85,27108,26839.051,26885.4,26930.705874034506,112117000
2019-02-14,26978,27030,26818.051,26970.6,26931.95256547093,374944000
2019-02-15,27017.199,27029.949,26635.25,26794.25,26927.64936029996,252674000
2019-02-18,26754.6,26829.949,26617.699,26654.25,26919.10563029059,175448992
2019-02-19,26666.551,26996.449,26625.6,26684.85,26911.785141844008,129760000
2019-02-20,26786,26985.5,26732.65,26955.5,26913.151231161384,130712000
2019-02-21,26994.75,27100.9,26973,27052.4,26917.50275518759,148275008
2019-02-22,26960.051,26997.35,26847.801,26867.551,26915.941762837978,221450000
2019-02-25,26934.199,27197.1,26932.65,27159.25,26923.545145249293,141100992
2019-02-26,26853.801,27127.25,26736.6,26952.949,26924.46401571025,201083008
2019-02-27,27078.1,27189.449,26719.4,26799.301,26920.552671469304,193744992
2019-02-28,26878,26920.5,26762.551,26789.9,26916.46977548589,191588992
2019-03-01,26941,27076.551,26928.9,27043.9,26920.451970001955,189426000
2019-03-05,27068.15,27580.75,26958.1,27554.051,26940.251939689395,207435008
2019-03-06,27618.1,27681.65,27492.051,27625.65,26961.670629074102,179778000
2019-03-07,27661,27815.5,27560,27764.6,26986.762171915536,208016992
2019-03-08,27686.15,27811.35,27645.4,27761.801,27010.982135293176,140524000
2019-03-11,27840.1,28035.6,27791.25,27966.65,27040.846756065264,148236000
2019-03-12,28168.199,28488.1,28142.25,28443.699,27084.685888688226,184260000
2019-03-13,28480.301,28927.699,28353.65,28884.301,27140.92386091672,206998000
2019-03-14,29028.9,29070.35,28819.75,28923.1,27196.61686526307,187140000
2019-03-15,29007,29520.699,28990.85,29381.449,27264.8928694736,296216992
2019-03-18,29521.6,29812,29361.65,29596.1,27337.74309230255,185740992
2019-03-19,29702.6,29799.75,29547.699,29767.85,27413.683933168093,222296000
2019-03-20,29769.65,29885.199,29633.5,29832.199,27489.26252900659,194920992
2019-03-22,29920.75,30008.1,29508.699,29582.5,27554.676199975136,219824000
2019-03-25,29329.4,29329.4,29156.25,29281.199,27608.630037475912,132018000
2019-03-26,29300.4,29950.15,29278.5,29882.15,27679.67753630479,131213000
2019-03-27,30034.15,30262.551,29790.25,30019.801,27752.806394545263,260544992
2019-03-28,30064.801,30496.051,29969.1,30420.551,27836.173413465724,292111008
2019-03-29,30480.35,30499.15,30235.9,30426.801,27917.13052554492,219687008
2019-04-01,30537.6,30648.1,30218.35,30326.5,27992.42332162164,224440992
2019-04-02,30450.1,30452.9,30155.85,30354.25,28066.230405320966,196482000
2019-04-03,30440.85,30602.551,30036.25,30093.301,28129.576361404685,193072000
2019-04-04,30147.301,30245.699,29809.9,29904.9,28185.055225110787,199631008
2019-04-05,30002.85,30174,29850,30084.65,28244.417561826074,154140992
2019-04-08,30201.5,30232.051,29716.6,29845.301,28294.44516926901,147200992
2019-04-09,29901.5,30165.051,29703.551,30113.85,28351.301570229352,165462000
2019-04-10,29916.6,30155.75,29768.1,29803.5,28396.682771159685,165250000
2019-04-11,29841.85,29852.25,29640.25,29786.1,28440.102059560944,108248000
2019-04-12,29780.551,30000.949,29707,29938.551,28486.928588949664,104859000
2019-04-15,29983.5,30163.1,29919.1,30104.25,28537.46988304499,90614000
2019-04-16,30236.25,30590.949,30228.199,30531.35,28599.778636699833,117822000
2019-04-18,30656.5,30669.801,30142.199,30223.4,28650.516804302963,141698000
2019-04-22,30282.5,30289.9,29647.551,29687.949,28682.936560418493,132778000
2019-04-23,29761.949,29906.5,29455.449,29479.699,28707.835386655417,145856992
2019-04-24,29550.5,29914.85,29435.051,29860.801,28743.865562072435,129529000
2019-04-25,29927.051,30057.699,29511.949,29561.35,28769.411950757672,201016000
2019-04-26,29764.85,30048.199,29563.15,30013.5,28808.289702296493,158188992
2019-04-30,29920.4,29920.4,29550.051,29764.801,28838.180680349727,362563008
2019-05-02,29699.801,29919.35,29638.801,29708.6,28865.3812840888,242310000
2019-05-03,29811.65,30121.75,29795.1,29954.15,28899.405306461023,181379008
2019-05-06,29626.5,29757.4,29528.6,29618.449,28921.875421884117,188230000
2019-05-07,29749.551,29835.5,29244.25,29288.199,28933.32303370024,180582000
2019-05-08,29261.301,29261.301,28951.35,28994.4,28935.231688897107,179422000
2019-05-09,28893.949,29040.301,28784.65,28884.6,28933.64944861907,206028992
2019-05-10,28927.6,29202.85,28900.1,29040.5,28936.988528349724,223515008
2019-05-13,29026.65,29049.051,28621.1,28659.949,28928.331043088794,253600000
2019-05-14,28718.75,29058.301,28582.6,28829.199,28925.23316674227,256592992
2019-05-15,28925.449,28983.15,28555.15,28616.449,28915.583661531575,218778000
2019-05-16,28625.9,28947.6,28525.449,28855.301,28913.699828358713,189440000
2019-05-17,28881.4,29559.449,28856,29450.15,28930.463896222504,257111008
2019-05-20,30230.4,30827.85,30111.199,30759.699,28987.62749321555,321103008
2019-05-21,30862.1,30926.699,30265.1,30308.4,29028.901634052563,216424000
2019-05-22,30410.65,30675.1,30268.6,30526.801,29075.71098923842,224426000
2019-05-23,30962.801,31705,30292.35,30409.1,29117.379395824722,494084000
2019-05-24,30685.5,31275.4,30564.4,31212.551,29182.8535084552,282766016
2019-05-27,31234.9,31700.75,31142.5,31647.65,29259.878398815974,239160992
2019-05-28,31711.301,31712.4,31328.6,31597.9,29332.941573852975,297604000
2019-05-29,31459.25,31546.75,31257.9,31295.551,29394.27311842007,205162000
2019-05-30,31256.85,31619.25,31236.1,31537.1,29461.236458469444,202700000
2019-05-31,31678.9,31783.6,30623.051,31375.4,29521.054069142276,230850000
2019-06-03,31406.051,31674.6,31284.699,31653.65,29587.69769198158,160090000
2019-06-04,31532.9,31752.699,31512.949,31589.051,29650.239982857154,172430000
2019-06-06,31523.949,31541.5,30800.801,30857.4,29687.96373339287,283140992
2019-06-07,30943.15,31139.6,30627.051,31066.551,29731.04458547434,215267008
2019-06-10,31259.199,31367.4,30861.301,31034,29771.76194217827,208614000
2019-06-11,31172.25,31399.35,30973.35,31265.449,29818.4396627352,188115008
2019-06-12,31219.301,31222.301,30911.449,30965.699,29854.291517024725,143704000
2019-06-13,30876.75,31036.9,30638.25,30976.1,29889.3480321177,341891008
2019-06-14,30983.449,31032.65,30508.949,30614.35,29912.004343614022,255356000
2019-06-17,30652,30684.051,30249.4,30273.25,29923.293270376085,184467008
2019-06-18,30299.449,30550.65,30222.85,30351,29936.659105676834,241866000
2019-06-19,30526.5,30699.15,30242,30362.1,29949.954133624433,252888992
2019-06-20,30390.199,30824.551,30220.699,30781.1,29975.92744194867,293132000
2019-06-21,30804.949,30804.949,30541.5,30628.35,29996.31564688777,238842000
2019-06-24,30680.949,30783.65,30528,30602.051,30015.24487667253,165302000
2019-06-25,30567.65,30913.25,30451.4,30847.051,30041.23881802651,145144000
2019-06-26,30809.199,31202.699,30766.65,31162.35,30076.273542463183,171974000
2019-06-27,31192.1,31490.6,31158.801,31269.5,30113.561869261208,231102000
2019-06-28,31281,31308.9,31060.6,31105.199,30144.550529596796,223608992
2019-07-01,31271,31450.35,31246.449,31372.199,30182.914544296895,133169000
2019-07-02,31414.65,31431.35,31105.1,31283.301,30217.301621037615,233875008
2019-07-03,31347.699,31467.15,31238.5,31382.301,30253.70785163019,224147008
2019-07-04,31471,31608.35,31428.051,31471.85,30291.77479376675,242986000
2019-07-05,31523.051,31660.75,31323.25,31475.801,30328.77561271154,384292000
2019-07-08,31346.85,31370.4,30536.75,30603.85,30337.371687314302,390495008
2019-07-09,30533.4,30702.1,30346.699,30569.15,30344.61475958573,259251008
2019-07-10,30618.051,30728.35,30428.6,30522.1,30350.161173348675,184327008
2019-07-11,30707,30788.051,30565.35,30716.551,30361.61085543153,173564000
2019-07-12,30789.75,30870.949,30548.301,30601.449,30369.105797449294,156244992
2019-07-15,30688.85,30695.699,30334.199,30445.949,30371.507147529002,223023008
2019-07-16,30532.65,30635,30429.9,30570.801,30377.735080418723,369337984
2019-07-17,30622.25,30799.699,30568.301,30735.5,30388.915234155636,367512000
2019-07-18,30705.801,30769.35,30378.6,30430.6,30390.217883088273,352030016
2019-07-19,30515.1,30543.75,29705.75,29770.35,30370.847011741764,287392992
2019-07-22,29617.051,29635.15,29194.1,29284.949,30336.912698874832,350332992
2019-07-23,29342.449,29365.801,29078.15,29128.1,30299.137302034993,333503008
2019-07-24,29085.449,29252.4,28871,28952.25,30257.0470738464,244079008
2019-07-25,28981.051,29240.801,28931.051,29043.051,30219.1096965387,296560992
2019-07-26,29062.5,29379.1,28994.5,29325.301,30191.178174771867,383572992
2019-07-29,29583.449,29592.949,29104.85,29295.9,30163.200731810248,303508000
2019-07-30,29434.85,29530.301,28737.801,28791.6,30120.33820894118,301281984
2019-07-31,28575.449,28979.75,28529.75,28876,30081.452639911768,346507008
2019-08-01,28660.5,28819.699,28047.35,28367.25,30027.883807414524,282236992
2019-08-02,28224.25,28544.551,27936.35,28204.949,29970.91709468282,319928992
2019-08-05,27841.199,27866.551,27389.5,27648.051,29898.32752922398,334368000
2019-08-06,27518.5,28148.4,27503.9,28022.1,29839.69541893573,291000992
2019-08-07,28053.85,28175.551,27641.85,27702.051,29772.89403084399,353400992
2019-08-08,27840.1,28227.551,27531.051,28110.449,29720.942623630115,303596992
2019-08-09,28293.65,28602.75,28251.75,28431.9,29680.660041641673,336827008
2019-08-13,28356.801,28358.85,27683.5,27729.1,29619.67379034037,335809984
2019-08-14,27885.5,28107.051,27726.65,28019.199,29569.658953142232,290412992
2019-08-16,27920.301,28251.051,27720.949,28217,29527.388360856537,274020000
2019-08-19,28331.25,28468.9,28146.5,28186.1,29485.47309957977,241811008
2019-08-20,28163.551,28215.4,27839.65,27982.449,29438.5035964679,288236000
2019-08-21,28021,28098.9,27666.199,27719.051,29384.77070282828,358840992
2019-08-22,27690.051,27690.051,26975.551,27034.199,29311.315337114895,465071008
2019-08-23,26835.35,27207.301,26560.6,26958.65,29237.794545330053,485539008
2019-08-26,27663.949,27995.25,26859.35,27951.35,29197.59315328849,519219008
2019-08-27,28106.301,28277.699,27960.801,28126.15,29164.110554748226,386839008
2019-08-28,28080.25,28095.551,27634.65,27804.301,29121.616506162343,384112000
2019-08-29,27694.949,27719.051,27239.949,27305.199,29064.85345909477,377438016
2019-08-30,27407.9,27586.5,27121.949,27427.85,29013.69710099806,427076992
2019-09-03,27239.199,27247.051,26742.6,26824.15,28945.273754091868,392428000
2019-09-04,26785.949,27278.699,26641.35,27123.85,28888.354261776498,309520000
2019-09-05,27086.949,27243.949,26815.4,26919.699,28826.83378484598,327084000
2019-09-06,26986.5,27311.051,26950.551,27247.9,28777.492104069544,251986000
2019-09-09,27240.35,27565.551,26993.9,27504.65,28737.71578831737,286110016
2019-09-11,27639.051,27829.65,27551.65,27776.199,28707.668388682454,467415008
2019-09-12,27870.801,28062.301,27764.699,27818.5,28679.88187653613,377820992
2019-09-13,27772,28126.85,27573.449,28098.75,28661.721505394373,438497984
2019-09-16,27868,28066.699,27798.85,27855,28636.5114583508,234063008
2019-09-17,27765.1,27851.4,27047.949,27131.75,28589.487662777337,277763008
2019-09-18,27304.699,27414.449,27088.801,27172.65,28545.211485815547,307776000
2019-09-19,27175.449,27175.449,26643,26757.65,28489.35018938381,450436992
2019-09-20,26878.65,29418.949,26727.551,28981.551,28504.731464715565,844582016
2019-09-23,30039.4,30801.301,29776.301,30566.199,28569.152325193205,552171008
2019-09-24,30432,30668.1,29889.551,30183.1,28619.588190030918,348809984
2019-09-25,30029.051,30067.6,29470.1,29586.051,28649.79015284245,352814016
2019-09-26,29640.551,30718.35,29627,30002.6,28692.065460566126,540435008
2019-09-27,29974.949,30112.65,29711.35,29876.65,28729.083727423433,464096000
2019-09-30,29674.801,29754.4,28943.449,29103.15,28740.77329844145,580252032
2019-10-01,29226.15,29526.4,28077.35,28725.5,28740.296007865156,1187314048
2019-10-03,28606.699,28769.1,28240.801,28414.1,28730.10238261937,825756992
2019-10-04,28681.9,28730.301,27653.699,27731.85,28698.906995662514,732718976
2019-10-07,27909.9,28185.15,27568.35,27767.551,28669.80212079806,554307008
2019-10-09,27901.65,28857.699,27702.051,28785.85,28673.42861702312,574833024
2019-10-10,28542.949,28552.75,27914.15,28013.449,28652.804253991148,381151008
2019-10-11,28245.551,28604.051,27736.801,28042.5,28633.732246053925,558916992
2019-10-14,28238.5,28553.4,28043.25,28181.949,28619.61401961474,387660992
2019-10-15,28257.85,28694.85,28186.25,28555.1,28617.597956501777,350926016
2019-10-16,28689.449,28759.35,28305.4,28538.801,28615.135551611096,400384000
2019-10-17,28596.35,29049.051,28487.949,28989.449,28626.83284687325,617849984
2019-10-18,28954.801,29249.5,28864.1,29120.25,28642.252132908463,605169984
2019-10-22,29416.25,29690,29231.199,29411.15,28666.280191255075,582220992
2019-10-23,29478.85,29643.801,29214.051,29459.6,28691.071435278354,497766016
2019-10-24,29604.35,29693.25,28994.199,29107.949,28704.098859175905,439980992
2019-10-25,29228.65,29644.449,28923.801,29516.301,28729.480176076657,632216000
2019-10-27,29605.40039063,29644.44921875,29446.80078125,29516.30078125,28754.068319988324,110013856
2019-10-29,29527.6,29997.65,29385.449,29873.051,28789.03652873869,567555968
2019-10-30,30005.699,30151.1,29753,29987.5,28826.488512215605,448803008
2019-10-31,30168.65,30415.65,29987.15,30066.25,28865.23105870887,1186434048
2019-11-01,30196.15,30409,30028.9,30330.551,28911.022306874216,646745984
2019-11-04,30415.9,30607.051,30227.25,30333.1,28955.462234784398,613019008
2019-11-05,30403.25,30452.699,30091.35,30219.85,28994.974352447385,534712000
2019-11-06,30225.199,30699,30013.65,30609.6,29045.431403933406,403958016
2019-11-07,30722.6,30821.35,30462.551,30633.15,29095.047610060486,364819008
2019-11-08,30571.301,31108.4,30504.051,30749.4,29146.746122246095,620046976
2019-11-11,30664.65,31205.199,30625.801,31115.551,29208.271274675906,422777984
2019-11-13,31084.75,31198.5,30488.1,30541.551,29249.936266092285,474513984
2019-11-14,30615.801,30789.199,30338.35,30749.949,29296.8116640269,383307008
2019-11-15,30912.4,31165.449,30860.699,31008.4,29350.29879952606,393947008
2019-11-18,31036.801,31203.551,30901.85,30992.1,29401.60508704087,331729984
2019-11-19,31045.15,31298.051,30974.301,31236.25,29458.93774057084,429947008
2019-11-20,31292.35,31471.65,31205.551,31353.85,29518.153748678,418998016
2019-11-21,31413.25,31463.15,31243,31349.949,29575.39735028181,296148000
2019-11-22,31389.6,31394.199,31055.199,31111.6,29623.403683085504,257772992
2019-11-25,31065.1,31591.6,31049.75,31555.9,29683.79419298908,317310016
2019-11-26,31692.85,31850.35,31465.85,31718.35,29747.374061958173,856689984
2019-11-27,31832.75,31916.801,31734.5,31875.949,29813.89202877198,417569984
2019-11-28,31981.699,32157.051,31905.9,32122.949,29886.050059122856,498304992
2019-11-29,32074.15,32086.949,31770.801,31946.1,29950.426619775266,667784000
2019-12-02,32008.301,32024.1,31720.6,31871.449,30010.45856915729,495996992
2019-12-03,31920.1,31936.6,31502.949,31613.35,30060.548926371124,431512000
2019-12-04,31549.301,32017.75,31444,31979.301,30120.509928672025,516796992
2019-12-05,32083.801,32126.949,31628.301,31712.949,30170.273649651026,393275008
2019-12-06,31797.15,31883.699,31250.65,31341.551,30206.876066849432,485387008
2019-12-09,31321.4,31537.65,31122.051,31316.65,30241.556502260388,494481984
2019-12-10,31386.4,31412.801,31126,31160.35,30270.26879906475,505391008
2019-12-11,31151.65,31337.85,30996.4,31256.75,30301.096336593975,815353024
2019-12-12,31356.801,31711.449,31352.1,31665.449,30343.732357325414,529687008
2019-12-13,31775.551,32105.051,31770.5,32014.25,30395.936033658996,390512992
2019-12-16,32159,32186.949,31897.75,31974.199,30445.256751357152,306020992
2019-12-17,32082.4,32213.35,31987.35,32140.25,30498.225290377242,259934000
2019-12-18,32292.25,32293.65,32017.301,32244.25,30552.788562552952,258844000
2019-12-19,32281.65,32328.35,32085.051,32241.449,30605.559201223172,436934016
2019-12-20,32266.85,32443.35,32199.449,32384.949,30661.165132434948,535239008
2019-12-23,32381,32502.801,32196.85,32339.449,30713.611503296357,391457984
2019-12-24,32337.801,32390.35,32246.051,32280.75,30762.584581318348,330830016
2019-12-26,32276.15,32314.6,31963.25,31997.699,30801.18190690215,339790016
2019-12-27,32142.5,32444.85,32056.25,32412.35,30851.53090981146,332428992
2019-12-30,32486.6,32613.1,32248.5,32354.9,30898.51119387985,274051008
2019-12-31,32345.949,32345.949,32108.75,32161.65,30937.984281571105,251408992
2020-01-01,32237.9,32348,32057.199,32102.9,30974.38789777201,184672000
2020-01-02,32133.15,32465.449,32121.4,32443.85,31020.308588466633,253559008
2020-01-03,32326.949,32329.801,31960.4,32069.25,31053.08800757705,217584000
2020-01-06,31910.449,31914.449,31170.551,31237.15,31058.839944840267,256236992
2020-01-07,31598.051,31851.449,31200.9,31399.4,31069.48244656401,294368000
2020-01-08,30995.5,31451.85,30899.551,31373.65,31078.987682608884,304484992
2020-01-09,31748.25,32172.699,31667.15,32092.4,31110.656817527357,307976992
2020-01-10,32215.699,32347.199,31953.4,32097.4,31141.492541979627,444710016
2020-01-13,32139.1,32322.65,32074.051,32177.65,31173.872462542764,291441984
2020-01-14,32196.449,32196.449,31989.199,32071.65,31201.9280105883,438912000
2020-01-15,31994.75,32000.9,31670.35,31824.9,31221.395885257418,545708992
2020-01-16,31810.551,31988.9,31692.4,31853.9,31241.161638843125,253716000
2020-01-17,31571.65,31773.551,31445.5,31590.65,31252.083150129278,308136992
2020-01-20,31923.949,31923.949,31050.949,31080.65,31246.725864187738,282225984
2020-01-21,30978.85,31171.25,30858.6,30947.551,31237.37664968187,227480992
2020-01-22,31061.6,31149.051,30614,30701.449,31220.62891062931,200582000
2020-01-23,30742.199,31087.25,30621.35,31004.051,31213.860850922145,343817984
2020-01-24,31040.1,31375.449,30879.051,31241.75,31214.732386830827,424623008
2020-01-27,31110.551,31227.051,30808.551,30837.4,31202.940749742364,309935008
2020-01-28,30922,31048.449,30656.35,30761.4,31189.142601312913,239604992
2020-01-29,30915.1,31082.85,30835.801,30877,31179.388145021883,268788000
2020-01-30,30889.25,30909.5,30521.301,30647.4,31162.76351548995,328859008
2020-01-31,30950.5,31033.449,30691.801,30833.6,31152.47715563089,333435008
2020-02-01,30726.199,30918.6,29753,29820.9,31110.865369517425,255295792
2020-02-03,29811.75,30105.801,29612.551,30023.25,31076.877389220004,337112000
2020-02-04,30235.301,30776.949,30182.449,30686.699,31064.68431455688,336609984
2020-02-05,30761.949,31065.85,30630.85,31001.949,31062.723835976976,427604000
2020-02-06,31070.75,31470.65,30917.25,31304.051,31070.265309852697,334000000
2020-02-07,31367.051,31368.199,31111.051,31201.949,31074.380425169802,254382000
2020-02-10,31248.65,31248.801,30957.199,31058.15,31073.873224383246,239696000
2020-02-11,31230.199,31505.949,31225.9,31300.6,31080.95843612127,198887008
2020-02-12,31441.15,31588.6,31398.15,31492.9,31093.831609992478,225959008
2020-02-13,31586.551,31649.449,31180.6,31230.25,31098.094684680214,303030016
2020-02-14,31281.85,31436.65,30776.1,30834.801,31089.866757033957,341366016
2020-02-17,30873.85,30998.15,30630.5,30680.699,31077.080264626646,251932000
2020-02-18,30661.5,30692.75,30252.449,30562.5,31060.999631357063,398867008
2020-02-19,30905,30947.15,30606.15,30838.199,31054.037111627156,268822016
2020-02-20,30862.301,31085.301,30702.449,30942.85,31050.562514388806,273064992
2020-02-24,30666.35,30702.15,30428,30455.1,31031.954310814155,254236000
2020-02-25,30517,30610.699,30329.949,30432.699,31013.227582351214,215912992
2020-02-26,30279.949,30515.35,30131.75,30306.85,30991.15328290274,290964000
2020-02-27,30270,30271.949,29914.15,30187,30966.023492812026,358020992
2020-02-28,29501.551,29564.1,29051.5,29147.15,30909.18369616165,386879008
2020-03-02,29701,29791.15,28571.699,28868.4,30845.409205656597,368260000
2020-03-03,29012.551,29285.35,28749.551,29177.051,30793.273011729827,367320000
2020-03-04,29252.949,29273.65,28125.15,28653.699,30726.41132386327,425844992
2020-03-05,28830.301,29134.301,28535.6,28815.35,30666.690657492545,1075709056
2020-03-06,27649.949,28047.199,27162.301,27801.449,30577.1518556959,1568142976
2020-03-09,27031.449,27091.6,25923.4,26462.6,30448.572110205405,1058982976
2020-03-11,26272.75,26791.449,26234.1,26487.801,30324.798013011485,723294976
2020-03-12,25175.9,25223.1,23536.35,23971.15,30126.246512604877,760576000
2020-03-13,22720.75,25670.75,21351.699,25166.449,29971.252840335976,783385024
2020-03-16,24061.6,24074.15,23008.25,23101.15,29756.562126575478,481905984
2020-03-17,23348.051,23449.5,22002,22155.15,29519.017997619994,537689024
2020-03-18,22411.85,22544.051,20267.949,20580.199,29239.67990394437,875288000
2020-03-19,19428.949,21035.051,18675.65,20083.5,28953.549281946107,476622016
2020-03-20,19898.301,20924.551,19265,20317.6,28683.675866885293,501768000
2020-03-23,18311.301,18895.65,16791.051,16917.65,28315.987558545126,307639008
2020-03-24,17705.85,17841.4,16116.25,17107.301,27965.716103590592,391703008
2020-03-25,16759.949,18740.199,16635.5,18481.051,27669.320319103386,394556000
2020-03-26,18781.85,20409.35,18364.5,19613.9,27417.588434131405,482884000
2020-03-27,20801.6,21462.4,19580.1,19969,27184.8200455648,539417984
2020-03-30,19254.449,19716.25,18668.699,18782.4,26922.2444191409,326992000
2020-03-31,19307.65,19466.301,18792.4,19144,26679.17428104275,309806016
2020-04-01,19122.4,19154.75,18042.25,18208.35,26414.461022260162,274864992
2020-04-03,18325.051,18326.1,17143.199,17249.301,26128.049771564532,342529984
2020-04-07,18454.551,19190.551,17953.75,19062.5,25907.25134120314,435419008
2020-04-08,18799.4,20324.1,18482.9,18946.449,25689.726268040544,508444992
2020-04-09,19553.15,19988.301,19166.9,19913.6,25509.222322164278,389987008
2020-04-13,19854.9,19887.051,19294,19488,25321.059124596643,288208992
2020-04-15,20096.35,20184.1,18776.75,19057.051,25125.308870702997,389864992
2020-04-16,18957.15,19520.301,18703.449,19400,24946.39296849353,350279008
2020-04-17,20394.75,20866.551,19729.301,20681.449,24813.113469478107,475038016
2020-04-20,21104.699,21122.1,20444.25,20522.65,24679.036486056917,438638016
2020-04-21,19812.051,19891.449,19247.949,19409.35,24514.35878336764,311923008
2020-04-22,19306.949,19806.35,19051.949,19701.85,24363.9678838874,349356000
2020-04-23,19871.35,20356.5,19584.4,20267.949,24235.967293765916,325384992
2020-04-24,19697.65,19950.15,19515.4,19586.65,24090.67612833573,305735008
2020-04-27,19870.801,20224.75,19847.65,20081.15,23965.378436825238,299864000
2020-04-28,20436.6,20751.301,20260.801,20671.1,23862.43223567445,367772000
2020-04-29,20440.4,21348.15,20393.65,21090.199,23775.799947059622,400630016
2020-04-30,21589.199,21967,21353.65,21534.5,23705.75932371401,471511008
2020-05-04,20514.75,20530.449,19643.6,19743.75,23581.946532347945,328804992
2020-05-05,20147.301,20223.15,19212.35,19271.75,23447.252890712072,381270016
2020-05-06,19302.449,19806.6,18941,19694.551,23329.98095662732,395556992
2020-05-07,19536.051,19757.25,19332.15,19491.801,23210.037832982718,300140992
2020-05-08,19844,19969.6,19285.051,19352.9,23089.50227570201,330611008
2020-05-11,19610.449,19733.4,18900.9,18950.5,22960.158454586322,342556992
2020-05-12,18751.4,18993.4,18287,18862.85,22832.1175653805,395412992
2020-05-13,20017.75,20122.25,19429.9,19634.949,22732.20604771236,520831008
2020-05-14,19197.699,19380.1,19024.75,19068.5,22617.71523372135,333039008
2020-05-15,19098.801,19119.1,18683.65,18833.949,22499.472538917555,240591008
2020-05-18,18795.1,18795.1,17514.199,17573.199,22345.52649082638,434764000
2020-05-19,18037.15,18175.301,17390.65,17486.25,22193.674100488057,415465984
2020-05-20,17486.5,18002.65,17407.699,17840.199,22057.628003597805,326225984
2020-05-21,17901.949,18200.699,17658.551,17735.1,21922.549003485372,347575008
2020-05-22,17554.25,17952.25,17105,17278.9,21777.434972126455,484792000
2020-05-26,17537.65,17681.699,17311.25,17440.35,21641.901066747505,336758016
2020-05-27,17603.4,18874.25,17560.35,18710.551,21550.296377161645,538003008
2020-05-28,18924.449,19455.551,18818.949,19169.801,21475.905896625343,561123968
2020-05-29,18962,19358.051,18729.9,19297.25,21407.8228998558,581731968
2020-06-01,19728.9,20225.35,19632.9,19959.9,21362.575309235308,558065024
2020-06-02,20120.6,20615.75,19852.551,20530.199,21336.563549571703,448324992
2020-06-03,20966.6,21619.551,20822,20940.699,21324.19278239759,616872000
2020-06-04,20932.35,21141.801,20316.199,20390.449,21295.013289197665,587859968
2020-06-05,20516.4,21198.699,20425.051,21034.5,21286.872248910237,637446976
2020-06-08,21636.1,21807.4,20911.25,21187.35,21283.76217863179,748110016
2020-06-09,21295.5,21568.85,20629.699,20724.9,21266.297735549546,641246016
2020-06-10,20760.949,21251.449,20671.551,21100.1,21261.104056313623,582992000
2020-06-11,21084.699,21244.449,20458.301,20525.15,21238.105492053823,747065024
2020-06-12,19529.301,20747.699,19526.1,20654.551,21219.86941417714,599190016
2020-06-15,20457.15,20470.85,19740.199,19912.9,21179.026619984106,465008992
2020-06-16,20500.65,20638.85,19507.051,20296.699,21151.453881859605,552448000
2020-06-17,20137.449,20627.9,19978.15,20201.75,21121.775635551494,453526016
2020-06-18,20137.6,21028.35,20030.35,20956.301,21116.60455319051,362836992
2020-06-19,20970.1,21467.65,20878.25,21338.1,21123.526285903306,523371008
2020-06-22,21491.551,22078.25,21425.551,21708.35,21141.802026968828,664606976
2020-06-23,21859.25,22322.301,21647.801,22264.9,21176.898838626053,527936000
2020-06-24,22479.35,22479.551,21336.35,21426.801,21184.70828116899,684574976
2020-06-25,21218.051,21703.5,20926.449,21506.15,21194.753334882458,586179968
2020-06-26,21735.051,21784.65,21320.1,21592.051,21207.16888691738,375592000
2020-06-29,21291.551,21440.051,21026.449,21359,21211.913609201212,328004992
2020-06-30,21524.301,21650.5,21212,21370.15,21216.858496413675,292656000
2020-07-01,21354.1,22061.6,21281.85,21977.6,21240.631668400747,385956000
2020-07-02,22133.801,22344.85,21890.5,21953.199,21262.899397513225,398993984
2020-07-03,22101.75,22130.301,21768,21852.4,21281.321291340937,256180000
2020-07-06,22270.949,22399.25,22171.051,22198.949,21309.997157236532,290921984
2020-07-07,22254.301,22674.5,22040.35,22628,21351.18474607289,455766016
2020-07-08,22700.9,23080.6,22499.5,22584.65,21389.730535258113,673131008
2020-07-09,22753.15,22998.301,22673.4,22907.199,21437.151424781296,355983008
2020-07-10,22720.949,22835.199,22320.051,22398.449,21467.19197400688,457100000
2020-07-13,22613.25,22657.4,21981.65,22089.25,21486.631287319167,293704000
2020-07-14,21877.6,21909.699,21222.449,21392.199,21483.680278340442,338500000
2020-07-15,21634.25,21935.5,21230.551,21340.75,21479.213707142302,359144992
2020-07-16,21453.25,21671.25,21027.85,21597.15,21482.899216294107,348564000
2020-07-17,21608.051,22065,21550.801,21966.801,21498.021147034917,294921984
2020-07-20,22307.301,22520.449,22187.801,22321.85,21523.765798690074,349652992
2020-07-21,22639.85,22861.9,22597.949,22782,21563.08561748101,316649984
2020-07-22,23159,23211.35,22658.199,22882.6,21604.320441934728,412720992
2020-07-23,22854.85,23122.35,22734.9,23083.9,21650.557303124267,307580992
2020-07-24,22853.199,22854.051,22417.199,22662.051,21682.166481151635,436264992
2020-07-27,22664.6,22668.051,21801.35,21848.75,21687.372216115647,340888992
2020-07-28,21940.15,22233,21611.4,22105.199,21700.429303112032,379784992
2020-07-29,22075,22346.4,21906.35,22076.6,21712.184637389782,400356992
2020-07-30,22195.051,22252.6,21580.15,21646.85,21710.142929971353,299568992
2020-07-31,21730.551,21806.949,21375,21640.051,21707.952557159748,397342016
2020-08-03,21543.801,21543.801,21031.449,21072.1,21688.082164748506,431028992
2020-08-04,21248.25,21576.35,21057.75,21490.5,21681.907722100117,297020000
2020-08-05,21686.85,21936.5,21448.4,21509.949,21676.534012034488,338830016
2020-08-06,21644.25,21926.551,21370.301,21642.6,21675.47357415841,386598016
2020-08-07,21620.25,21787.25,21451.301,21754,21677.927524965962,378616000
2020-08-10,21824.9,22071.949,21795.1,21900.25,21684.875102310776,261796000
2020-08-11,22050.199,22277.6,22039.85,22227.199,21701.822724113565,377912992
2020-08-12,22135.949,22326.551,21990.199,22264,21719.390763985015,507472000
2020-08-13,22395.199,22439.949,22139.6,22196.35,21734.295740110483,289096992
2020-08-14,22334.949,22334.949,21459.1,21679.4,21732.580248232032,318836992
2020-08-17,21906.949,21909.4,21403.15,21700.85,21731.58867797478,263360000
2020-08-18,21702,22227.75,21629.4,22170.6,21745.30778178807,311808992
2020-08-19,22315.4,22419.35,22234.25,22285.9,21762.201288607193,348006016
2020-08-20,21989.9,22079.9,21886.699,21999.449,21769.61527958822,314839008
2020-08-21,22190.699,22344.051,22165.051,22299.6,21786.17730210109,347083008
2020-08-24,22436.85,22897.5,22410.051,22833,21818.89051141043,346272992
2020-08-25,22973.4,23180.301,22857.9,23092.15,21858.679870428856,422190016
2020-08-26,23175.551,23453.4,23093.15,23414.199,21907.289843227954,337920992
2020-08-27,23511.449,23704.051,23464.15,23600.35,21960.19797312708,430927008
2020-08-28,23635.301,24611.801,23599.199,24523.801,22040.31056771686,812646976
2020-08-31,25038.801,25232.6,23385.301,23754.35,22093.87429997571,712976000
2020-09-01,23893.801,24199.65,23473.15,23812,22147.56572810147,484334016
2020-09-02,23769,23926.15,23482.551,23874.551,22201.5340178483,293508000
2020-09-03,23986.15,24051.6,23451.65,23530.85,22243.075142290538,214818000
2020-09-04,23119.15,23394.801,22876.9,23011.5,22267.088419093958,341043008
2020-09-07,23036.25,23109.1,22716.25,22945.051,22288.27474974727,245264000
2020-09-08,22971.199,23064.15,22641.4,22744.4,22302.52866381767,231452000
2020-09-09,22486.699,22554.6,22080.4,22267,22301.418393073367,305088000
2020-09-10,22466.551,22678.65,22225.25,22466.199,22306.567787039825,278551008
2020-09-11,22509.949,22668.75,22205.949,22479.949,22311.985949944832,214788992
2020-09-14,22683.35,22757.301,22028.15,22101.25,22305.400451509056,265398000
2020-09-15,22202.801,22514.15,22062.35,22465.65,22310.4082498994,248827008
2020-09-16,22476.301,22659.4,22216.5,22573.551,22318.631460840043,245862000
2020-09-17,22352,22504.449,22267.051,22320.35,22318.685165188792,216408992
2020-09-18,22439.35,22469.4,21784.9,22031.051,22309.696597526643,320585984
2020-09-21,21983.4,22098.85,21274.301,21366.801,22280.231110103934,283524992
2020-09-22,21445.25,21473.35,20958.449,21139.1,22244.570762913187,325400000
2020-09-23,21350.801,21365.051,20821,21178.5,22211.25605157215,299196992
2020-09-24,20898.801,20955.6,20404.9,20456.85,22156.43086246052,276420992
2020-09-25,20740.801,21064.301,20430.699,20982.35,22119.740835508626,280647008
2020-09-28,21152.051,21708.85,21055.1,21665.5,22105.54580939898,240223008
2020-09-29,21770.9,21811.5,21280.6,21411.301,22083.85065910526,242994000
2020-09-30,21405.25,21549.35,21128.5,21451.801,22064.099107258222,240052000
2020-10-01,21685.25,22293.75,21664.15,22246,22069.7835101564,348728000
2020-10-05,22352.1,22768.551,22247.25,22370.949,22079.194931714013,325415008
2020-10-06,22673.051,22893.5,22521.051,22853.699,22103.398183847952,247980000
2020-10-07,22836.949,23036.199,22607.801,22964.801,22130.317021852705,236099008
2020-10-08,23150.25,23450.9,23063.6,23191.35,22163.474302419807,280136000
2020-10-09,23312.6,23904.1,23132.449,23846.801,22216.078261719187,350979008
2020-10-12,23955.6,24190.35,23552.6,23712.801,22262.85084729046,280695008
2020-10-13,23663.051,23775.15,23431.5,23492.199,22301.267977062635,190828992
2020-10-14,23353.15,23962.699,23149.449,23874.65,22350.43616527943,225364000
2020-10-15,23920.35,24087.85,22970.949,23072.4,22372.997535114446,270328000
2020-10-16,23219.85,23646.199,23148.949,23533.25,22409.25542464212,229438000
2020-10-19,23902.9,24320.949,23754.85,24266.75,22467.302130122054,388153984
2020-10-20,24117.35,24410.9,24039.85,24311.801,22524.94271980574,254148000
2020-10-21,24444.199,24823.6,24099.85,24635.051,22590.883603561808,335656992
2020-10-22,24447.35,24691.15,24250.199,24484.15,22650.048178450503,241407008
2020-10-23,24669.199,24764.15,24360.85,24478.301,22707.181079123926,196846000
2020-10-26,24525.801,24577.301,23867.75,24075.449,22749.939451651302,260452000
2020-10-27,24288.051,24809.65,23924.199,24769.5,22813.0507187872,299009984
2020-10-28,24737.85,24780.699,24057.949,24232.5,22857.408508825098,272723008
2020-10-29,24063.5,24339.1,23822.051,24092,22895.989492924313,340550016
2020-10-30,24090.15,24277.35,23612.699,23900.9,22927.39294627043,271824992
2020-11-02,24367.6,25139,24120.6,24892.5,22988.80254169948,437217984
2020-11-03,25108,25760.699,25085.699,25682.801,23072.98999352137,407592000
2020-11-04,25539.551,25891,25142,25771.6,23157.321556223826,409248000
2020-11-05,26174.801,26375.199,26000.051,26313.1,23255.93963259183,385308000
2020-11-06,26274.1,26853.449,26135.301,26798.949,23366.658675323335,357689984
2020-11-09,27088.949,27595,27068.949,27534.1,23496.89121671948,365124000
2020-11-10,28039.449,28802.5,27916.9,28606,23656.550866196994,595796992
2020-11-11,28713.15,29030.9,28211.1,28845,23818.68990162834,497508000
2020-11-12,28633.75,28672.9,28066.051,28278.801,23958.068373452454,308960000
2020-11-13,28108.699,28520.551,27703.301,28465.699,24098.931830532063,330891008
2020-11-14,28685.699,28752.449,28431.85,28594.301,24239.412117077936,43672000
2020-11-17,28792.25,29239.25,28722.9,29181.301,24393.84614466925,317307008
2020-11-18,29107.9,29784.75,29056.75,29749.85,24561.221265148335,487620992
2020-11-19,29302.6,29627.199,28819.551,28903.051,24696.903444362448,358603008
2020-11-20,28935.75,29406.699,28580.9,29236,24838.75021172612,320009984
2020-11-23,29432.801,29492.301,28852.9,29024.199,24969.54548635968,395630016
2020-11-24,29265.6,29827.801,29206.75,29737.25,25118.53625241094,348059008
2020-11-25,30021.9,30197.85,29132.301,29196.4,25245.9694945231,546078016
2020-11-26,29370.4,29623,28923.1,29549.75,25380.46263531925,369368000
2020-11-27,29622,29716.85,29368.699,29609.051,25512.606021715525,494395008
2020-12-01,29844.801,29919.75,29511,29817.85,25647.144896036916,325607008
2020-12-02,29876.699,29886.25,29149.9,29463.15,25766.395055535762,374276992
2020-12-03,29728.9,29813,29379.4,29448.75,25881.46864755027,419239008
2020-12-04,29573.4,30162.301,29473.5,30052.4,26011.810252314324,466912000
2020-12-07,30062.6,30354.199,29950.6,30211.551,26143.0521506795,431764992
2020-12-08,30300.301,30363.801,30025.199,30261.9,26271.766145970767,586848000
2020-12-09,30335.051,30807.25,30326.699,30709.4,26410.44220390918,542515968
2020-12-10,30545.35,30610,30202.1,30510.35,26538.56432253702,335772000
2020-12-11,30555.301,30811.801,30328.449,30604.85,26665.635749957735,409936992
2020-12-14,30735.15,30845.801,30624.25,30745.9,26793.144007771556,269035008
2020-12-15,30805.4,30805.85,30345.75,30691.051,26914.953601278696,279368000
2020-12-16,30920.35,30932.25,30587.1,30698.4,27033.186301238737,380588000
2020-12-17,30791.199,30945.199,30643.9,30847.051,27152.369573075026,260660992
2020-12-18,30841.85,30854.051,30374.5,30714.65,27263.69083641643,278144992
2020-12-21,30595.801,30607.5,29201.199,29456.449,27332.214529028417,390942016
2020-12-22,29607.5,29711.15,28976.75,29625.949,27403.89373124628,464415008
2020-12-23,29560.75,29941.4,29446,29883.301,27481.375208394835,379384000
2020-12-24,30071.65,30545.85,30007.801,30402.199,27572.650951882497,300012992
2020-12-28,30558.85,30929.051,30538.15,30880.949,27676.03526588617,317207008
2020-12-29,31006.9,31359.35,31002.6,31322.5,27789.987288827226,389215008
2020-12-30,31479.801,31510.25,31007.15,31303.051,27899.770529801375,267800000
2020-12-31,31295.9,31409.5,31088.1,31264.051,28004.90429449508,364121984
2021-01-01,31297.301,31384.35,31188.25,31225.85,28105.558847792112,362816992
2021-01-04,31485.15,31489.6,30893.65,31212.449,28202.64916504861,455777984
2021-01-05,31041.1,31767.65,30935.551,31722.25,28312.63669114084,427039008
2021-01-06,31839.949,31982.301,31548.15,31797.9,28421.55116954269,546145024
2021-01-07,32129.801,32177.4,31911.5,31956,28532.00269549448,503480000
2021-01-08,32298.051,32298.051,32002.949,32084.199,28643.00883001028,320076992
2021-01-11,32280.301,32288.449,31836.949,31998.9,28747.88042907246,262150000
2021-01-12,31835.051,32397.949,31725.85,32339,28860.102915663945,518129984
2021-01-13,32546.6,32683.5,32148.25,32574.65,28976.182512049447,631806016
2021-01-14,32526.699,32718.949,32442.35,32519.75,29086.9189960479,418771008
2021-01-15,32508.9,32544.801,32044.35,32246.801,29185.665308671403,441548000
2021-01-18,32275.15,32441.5,31650.9,31811.75,29267.73045527542,396843008
2021-01-19,32082.9,32464.949,31863.949,32424.85,29366.390441048065,354795008
2021-01-20,32388.949,32607.449,32322.9,32543.699,29465.681333515313,463374016
2021-01-21,32732.801,32842.301,31985.551,32186.9,29550.71941684296,429691008
2021-01-22,32088,32131.4,31119.9,31167.25,29601.23599756662,447190016
2021-01-25,31507.15,31697.551,31013.65,31198.4,29651.147372642663,354686016
2021-01-27,31236.25,31287.051,30165.65,30284.551,29670.94123599758,374956000
2021-01-28,29812.301,30464.4,29687.699,30358.301,29692.421228622654,616601984
2021-01-29,30700.65,31111.949,30254.551,30565.5,29719.704940228195,491235008
2021-02-01,30976.35,33305.301,30906.449,33089.051,29824.997004596065,724603008
2021-02-02,33589.051,34652.5,33583.148,34267.898,29963.83766070244,672201024
2021-02-03,34555.602,34908.051,34011.898,34758.449,30113.66926505549,605203968
2021-02-04,34548.898,35413.148,34238.898,35344.801,30277.142131772507,829672000
2021-02-05,35634.949,36615.199,35545,35654.5,30445.184565154617,929584000
2021-02-08,36073.852,36466.449,35872.25,35983.648,30618.261547493537,448652992
2021-02-09,36058.801,36477.148,35636.852,36056.5,30788.206499134365,692481024
2021-02-10,36042.352,36227.199,35428.148,35783.102,30944.296983536417,454606016
2021-02-11,35687.25,36009.449,35573.301,35752.102,31094.540890300905,397926016
2021-02-12,35736.602,36322.801,35700.25,36108.898,31251.239549979,400612992
2021-02-15,36501.398,37449.898,36405.102,37306.25,31440.458626542157,395960992
2021-02-16,37492.602,37708.75,36762.75,37098.398,31617.269231962713,498415008
2021-02-17,37041.949,37331.449,36764.25,36910.949,31782.69672471388,850486976
2021-02-18,37088.75,37108.75,36367.449,36587,31932.83120206657,860331008
2021-02-19,36371.551,36656.199,35584.602,35841.602,32054.98028950199,1057099008
2021-02-22,35874.301,36128.898,35097.551,35257.199,32155.04962420505,558736000
2021-02-23,35540.551,35680.852,34976,35116.949,32247.60897969864,495063008
2021-02-24,35205.398,36567.648,35060.648,36452.301,32379.00560533306,272875008
2021-02-25,36763.148,37232.199,36494,36549,32509.317930166402,455940000
2021-02-26,35806.648,35902.898,34658.699,34803.602,32581.0143073487,583014976
2021-03-01,35374.25,35581.102,34983.75,35296,32665.857610244053,321452992
2021-03-02,35458.148,35747.051,35002.449,35419.699,32751.915153673926,313566016
2021-03-03,35754.449,36455.148,35570.551,36368.051,32864.919398871614,526961984
2021-03-04,35575.648,36316.398,35519.25,35802.5,32956.71879265687,518584000
2021-03-05,35458.5,35616.051,34893.25,35228.148,33027.700955386346,479019008
2021-03-08,35462.449,35827.301,35090.75,35275.75,33097.952488030525,300222016
2021-03-09,35705.898,36077.801,35544.949,35865.648,33184.44297277957,276564992
2021-03-10,36112.25,36176.898,35764.352,35938.301,33270.50103613021,210555008
2021-03-12,36497.352,36497.352,35188.051,35496.648,33340.06812875114,273643008
2021-03-15,35544.25,35544.25,34430.648,35182.551,33397.64571847767,353006016
2021-03-16,35352,35405.051,34744.602,34804.602,33441.61310227524,311777984
2021-03-17,34905.051,35100.5,34126.852,34229.25,33466.22675532914,294340992
2021-03-18,34577.5,34759.852,33597.551,33856.801,33478.4322004751,365799008
2021-03-19,33590.398,34355.398,33361,34161.602,33499.78125671025,457208992
2021-03-22,34088.398,34148.898,33389.148,33603.449,33503.02087368806,298859008
2021-03-23,33747.949,34360.051,33622,34184.398,33524.313908885306,365204992
2021-03-24,33894.699,33970.648,33203.398,33293.25,33517.09316173264,345484000
2021-03-25,33420.75,33550.148,32415.25,33006.449,33501.1355316785,486185984
2021-03-26,33605.051,33610.648,33166.102,33318.199,33495.41876506354,291664992
2021-03-30,33615.898,33990.801,33564.551,33875.102,33507.28386615531,374228000
2021-03-31,33764.801,33773.102,33151.801,33303.898,33500.928057837955,370016992
2021-04-01,33588,33949.148,33208.75,33858,33512.08655603052,312718016
2021-04-05,33649.148,33697.75,32330.15,32678.85,33486.04791365456,342860992
2021-04-06,32915.648,33007.648,32338.4,32501.35,33455.276103852855,300865984
2021-04-07,32529.699,33191.699,32141.551,32991.199,33440.77369435746,341131008
2021-04-08,33154.199,33306.801,32704.75,32782.852,33420.21364140879,279332000
2021-04-09,32636.9,32972.148,32329.949,32448.051,33389.83355886476,398596992
2021-04-12,31637.9,31698.051,30520.301,30792,33308.65126015024,575532032
2021-04-13,30901.801,31885.449,30722.85,31771.6,33260.618408270544,441404992
2021-04-15,31929.1,32187.051,31406.4,32112.85,33224.75064551209,408652992
2021-04-16,32161.449,32325.15,31911.9,31977.449,33185.77246908984,317529984
2021-04-19,30993.449,31304.301,30405.65,31208.4,33123.97957943078,419364000
2021-04-20,31568.949,31731.65,30891,31112.699,33061.12706132357,337216992
2021-04-22,30763.5,31834.5,30555.25,31782.6,33021.173090657205,368427008
2021-04-23,31490.6,32148.4,31377.15,31722.301,32980.583337824166,377144000
2021-04-26,32316.65,32603.699,32144.801,32275.15,32958.53854601716,344625984
2021-04-27,32228.949,32807.102,32152.949,32735.35,32951.56390395413,342316992
2021-04-28,32865.5,33777.699,32840.301,33722.801,32975.66506320556,399916000
2021-04-29,33901.602,34287,33304.602,33714.5,32998.753654980384,429540992
2021-04-30,33112.398,33455.25,32663.4,32781.801,32991.97388451225,400633984
2021-05-03,32368.551,32566.6,31906.551,32465.75,32975.52938812124,351014016
2021-05-04,32610.4,33011.551,32191.4,32270.35,32953.49253224245,786846976
2021-05-05,32577.1,32862.148,32068.551,32783.699,32948.186484359874,405526016
2021-05-06,32900.75,32956.352,32564,32827.801,32944.42443797363,303916992
2021-05-07,33041.648,33259.148,32771.352,32904.5,32943.17679928695,285948000
2021-05-10,33175.301,33297.602,33028.148,33142.398,32949.40246180923,416222016
2021-05-11,32640.949,33154.301,32611.699,32872.199,32946.98985362769,465150016
2021-05-12,32717.65,32747.699,32352.301,32452.301,32931.53082695182,657843008
2021-05-14,32495.15,32622.65,32115.5,32169.551,32907.718957359575,430339008
2021-05-17,32437.85,33506.898,32318.699,33459.25,32924.954302442085,503776992
2021-05-18,33893.102,34142.852,33730.449,33922.398,32956.12441799077,437184992
2021-05-19,33717.102,33959.301,33608.25,33685.199,32978.907998678565,363822016
2021-05-20,33692.551,33833.699,33273.949,33334.551,32990.02184246986,554729024
2021-05-21,33559.801,34694.449,33559.75,34606.898,33040.54922239268,670628992
2021-05-24,34869.301,35216.102,34528.301,34943.602,33100.0196216929,747174016
2021-05-25,35095,35125.852,34410.398,34662,33148.831508515,404481984
2021-05-26,34757.148,34897.949,34462.5,34684.199,33196.81174262391,375092000
2021-05-27,34664.199,35220.801,34529.699,35095.051,33256.13171941692,830844992
2021-05-28,35345.648,35436.648,34977.199,35141.449,33315.04788443514,642614016
2021-05-31,35097.449,35584.301,34930.102,35526.648,33384.16038804654,379880000
2021-06-01,35639.75,35713.898,35241.199,35337.199,33445.192844670084,323916139
2021-06-02,35271.602,35415.852,35070.301,35373.75,33505.460255774145,591363574
2021-06-03,35536.449,35723.699,35413,35649,33572.4458727812,421766510
2021-06-04,35657.852,35810.898,35176.148,35291.648,33626.17093925679,282780039
2021-06-07,35460.801,35545.852,35338.551,35443.648,33682.96709740501,253219977
2021-06-08,35433.801,35449.5,34962.648,35085.301,33726.79003186111,214827767
2021-06-09,35114.25,35402.449,34641.199,34800.5,33760.34346836545,315893506
2021-06-10,34903.602,35165.648,34734.398,35131.199,33803.18270372903,324664716
2021-06-11,35324.648,35344,34891.301,35047.398,33842.0644317375,192127390
2021-06-14,34936.551,34995.148,34374.352,34950.602,33876.7062307457,311604282
2021-06-15,35038.051,35317.398,34917.898,35247.75,33919.5513485349,170044245
2021-06-16,35196.25,35380,34916.199,35003.5,33953.424743893185,157933211
2021-06-17,34619.801,34882.398,34458.102,34605.398,33973.79890814652,199243725
2021-06-18,34735.148,34787.398,33908.949,34558,33992.05519226694,274819851
2021-06-21,34109.449,34927.648,33937.5,34871.301,34019.5316237586,260354639
2021-06-22,35084.898,35281.898,34664.352,34745,34042.202510516145,264369582
2021-06-23,34911.852,34937.648,34525.449,34574,34058.821182062515,315407199
2021-06-24,34687.699,34935.301,34592.352,34827,34082.82677012306,210383466
2021-06-25,34916.648,35491.949,34915.852,35364.648,34122.88368355671,236854047
2021-06-28,35488.199,35576.949,35236.449,35359.449,34161.52634969557,320196203
2021-06-29,35320.449,35337.449,34913.699,35010.301,34188.05055751758,266274918
2021-06-30,35001.898,35214.898,34730.449,34772.199,34206.30519634515,249544293
2021-07-01,34866,34917.648,34650.949,34684,34221.23315895937,164003666
2021-07-02,34728.102,34894.449,34632.602,34809.898,34239.62893524189,165618523
2021-07-05,35010.949,35234.301,34926.398,35212,34270.01553101558,164345876
2021-07-06,35173.602,35807.449,35165.551,35579.148,34310.92592067135,179452046
2021-07-07,35550.602,35795.75,35427.648,35771.301,34356.56264190037,151482780
2021-07-08,35603.25,35811,35134.648,35274.102,34385.23574684098,169181977
2021-07-09,35163.75,35225.199,34859.898,35071.949,34406.695536002204,145257589
2021-07-12,35285.051,35394.301,35060.352,35198.898,34431.451863002134,183089619
2021-07-13,35480.051,35727.852,35340.699,35673.398,34470.262679783315,134145673
2021-07-14,35585.852,35804.051,35434.75,35668.25,34507.69978354008,103104332
2021-07-15,35757.449,35985.25,35625.699,35907.648,34551.44816530446,116401975
2021-07-16,35977.949,35977.949,35674.75,35751.801,34588.95919138869,124898578
2021-07-19,35070.5,35347.051,34899.199,35079.199,34604.279185407795,130897303
2021-07-20,34791.148,34894.148,34357.352,34415.449,34598.3782421138,159709578
2021-07-22,34774.551,34989.102,34557.852,34677.301,34600.84457829774,164037904
2021-07-23,34748.352,35088,34404.75,35034.398,34614.39312272594,200257651
2021-07-26,34947.852,35138.199,34669.551,34949.699,34624.871431390755,179131153
2021-07-27,35029.301,35186.102,34713.551,34797.449,34630.264480409794,173044876
2021-07-28,34839.449,34841.551,34115.199,34532.898,34627.221777896986,174745645
2021-07-29,34740.301,34778.148,34495.199,34691.5,34629.2304723377,195999122
2021-07-30,34698.75,34738.75,34445.398,34584.352,34627.82802007715,174178173
2021-08-02,34760.898,34861.75,34588.25,34710,34630.395894449735,241611859
2021-08-03,34660.75,35238.449,34649.199,35207.449,34648.428803998184,254949840
2021-08-04,35388.148,36219.801,35313,36028.051,34691.54199762324,363137299
2021-08-05,36093.949,36115.449,35661.301,35834.75,34727.26724769751,312002845
2021-08-06,35875.801,36080.102,35700.449,35809.25,34761.079208706964,230463834
2021-08-09,35824.199,36159.852,35612.301,36028.949,34800.70013968487,166874234
2021-08-10,35954.551,36317,35890.5,36034.102,34839.24394781972,201187741
2021-08-11,36218.25,36227.551,35531.352,35806.398,34869.46751195035,200203008
2021-08-12,35825.398,35998.148,35702.898,35937.051,34902.829495951904,122331527
2021-08-13,36000.75,36233.301,35937.102,36169.352,34942.40832420341,125846393
2021-08-16,36100.648,36261.551,36032.398,36094.5,34978.41118907205,87300657
2021-08-17,35935.051,35993.699,35611.852,35867.449,35006.19362066355,118332001
2021-08-18,36222.5,36248.898,35432,35554.5,35023.32819501781,140479197
2021-08-20,35146.5,35306.5,34926.5,35033.852,35023.65706392351,181201194
2021-08-23,35424.199,35427.398,34817.5,35124.398,35026.8052181759,174160064
2021-08-24,35200.75,35795.301,35070,35712.102,35048.220742607904,173607876
2021-08-25,35768.852,35910.301,35499.648,35586.25,35065.034156901405,144304924
2021-08-26,35485.949,35785.801,35411.801,35617.551,35082.30030824824,136431065
2021-08-27,35559.75,35727.898,35359.25,35627.801,35099.34720486548,120863177
2021-08-30,35781.051,36398.449,35721.898,36347.648,35138.35660471344,150364401
2021-08-31,36367.398,36552.801,36216.199,36424.602,35178.55177331614,210320042
2021-09-01,36591.449,36997.699,36487.148,36574.301,35222.16893665001,181520267
2021-09-02,36588.398,36895.551,36469,36831.301,35272.45431362969,118881969
2021-09-03,36883.648,37140,36563.199,36761.148,35318.97599132876,155572966
2021-09-06,36878.25,36923.648,36554.449,36592.352,35358.76899159974,88610035
2021-09-07,36558.852,36685.852,36151.949,36468.801,35393.457491862246,124504318
2021-09-08,36519.699,36855.898,36393.602,36768.199,35436.41816399155,175840330
2021-09-09,36725.5,36857.199,36566.699,36683.199,35475.38006511681,83638944
2021-09-13,36608.449,36724.852,36327.051,36471.801,35506.51821933191,82205571
2021-09-14,36639.949,36756,36529.648,36613.051,35541.09736872779,109343491
2021-09-15,36543.551,36949.699,36496.051,36852.25,35582.07088845504,177854499
2021-09-16,36946,37720.148,36907.75,37668.602,35647.27498569082,423076588
2021-09-17,37929.5,38112.75,37396.051,37811.949,35714.92104863798,335066214
2021-09-20,37388.199,37802.75,37068.449,37145.699,35759.63285961805,152042291
2021-09-21,37238.398,37340.699,36525.949,37235.852,35805.764707754985,153954277
2021-09-22,37277.102,37328.602,36885.602,36944.648,35841.35481063764,106372965
2021-09-23,37241.25,37830.75,37216.148,37771.699,35901.678066555214,139137134
2021-09-24,37954,38112.602,37680,37830.301,35961.947533225364,138418570
2021-09-27,38054.75,38355.199,37968.199,38171.25,36030.98823531207,112955375
2021-09-28,38360,38377.25,37315.199,37945,36090.80110295857,200987747
2021-09-29,37601.102,37923.449,37371.051,37743,36142.43231849111,260519352
2021-09-30,37677.801,37884.852,37354.25,37425.102,36182.51574603826,235076302
2021-10-01,37140.398,37299.398,36876.352,37225.898,36215.12144147456,189209173
2021-10-04,37392.148,37670.699,37355.602,37579.648,36257.76289642848,146438070
2021-10-05,37499.801,37786.602,37364.75,37741,36304.11405591509,153094965
2021-10-06,37768.801,38106.852,37452,37521.551,36342.15896041774,204213956
2021-10-07,37894,37923.648,37650.25,37753.199,36386.253961654686,136415691
2021-10-08,37906.398,38105.199,37674.352,37775.25,36429.66008785298,168175930
2021-10-11,37782.75,38495.301,37744.648,38293.801,36487.91449135757,136093225
2021-10-12,38178.352,38609.602,38144.602,38521.5,36551.46403850265,201279829
2021-10-13,38735.301,38779.051,38502.699,38635.75,36616.59797479944,205858894
2021-10-14,38684.648,39375.051,38673,39340.898,36701.73235058696,249639376
2021-10-18,39794.25,39947.602,39569.551,39684.801,36794.953245881115,580029143
2021-10-19,39927.301,40011.148,39394.25,39540.5,36880.751581947334,274854608
2021-10-20,39545.449,39774.551,39292.801,39518.199,36963.17181376148,236894524
2021-10-21,39676.551,40200.449,39428.102,40030.199,37059.01641333143,271266226
2021-10-22,40192.648,40587.352,40149.551,40323.648,37161.036150414824,370521433
2021-10-25,40961.25,41829.602,40508.102,41192.398,37287.01620821436,476829654
2021-10-26,41057.75,41367.25,40829.148,41238.301,37410.493857957656,437106559
2021-10-27,41234.551,41347,40750,40874.352,37518.73942489648,322833423
2021-10-28,40915.148,40931.051,39350.199,39508.949,37580.933474118465,512721476
2021-10-29,39424.551,39775.25,38426.648,39115.602,37628.891865552265,341299932
2021-11-01,39432.148,39862.602,39120.648,39763.75,37695.60618225376,203227931
2021-11-02,39796.898,40107.602,39590.699,39938.449,37765.69502030833,265000402
2021-11-03,40040.648,40160.199,39304.852,39402.051,37816.8311446737,267471244
2021-11-04,39669.102,39734.699,39514.148,39573.699,37871.733265152645,38771464
2021-11-08,39674.051,39674.051,38932.148,39438.25,37920.686913116624,212859120
2021-11-09,39517.852,39560.602,39223.398,39368.801,37965.94047833173,203521905
2021-11-10,39206.199,39220.301,38873.801,39023.25,37998.981400883866,167942059
2021-11-11,38913.051,38929.949,38346.051,38560.199,38016.51945085624,146046747
2021-11-12,38707.148,38822.852,38467.801,38733.352,38038.920468016986,136008185
2021-11-15,38849.449,39117.148,38606.602,38702.352,38059.65270339145,112339108
2021-11-16,38710.898,38724.699,38211.102,38307.102,38067.38549391047,129073386
2021-11-17,38113.398,38456.301,37981.199,38041.551,38066.57816597577,139261045
2021-11-18,38071.898,38233.949,37748.449,37976.25,38063.755410789025,238703538
2021-11-22,38232.148,38241,36655.398,37128.801,38034.538085451866,209492175
2021-11-23,36787,37448.75,36647.551,37272.801,38010.733801531496,188686871
2021-11-24,37384.75,37891.898,37238.051,37441.949,37992.959276483634,157620877
2021-11-25,37362.051,37507.949,37118.398,37364.75,37973.32773659352,140754665
2021-11-26,36830.898,36868.898,35904.102,36025.5,37912.45811982497,211362819
2021-11-29,36224.449,36347.852,35327.898,35976.449,37851.95783483044,187220921
2021-11-30,35958.801,36774.199,35526.352,35695.301,37784.56230874199,227277255
2021-12-01,35902.898,36445.352,35805,36364.898,37740.1977990938,173851062
2021-12-02,36281.852,36563.5,36166.699,36508.25,37701.69943037212,131729305
2021-12-03,36497.301,36844,36062.852,36197.148,37654.682198172995,138908168
2021-12-06,36252.75,36344.551,35696.75,35735.898,37594.72019198009,136034034
2021-12-07,36086.949,36820.699,36013.949,36618.398,37564.210123480705,146690900
2021-12-08,37052.75,37384.801,36905.148,37284.699,37555.47540087193,164970767
2021-12-09,37331.75,37397.551,36884.449,37082.449,37540.69332584468,123180683
2021-12-10,37083.148,37153.25,36824.398,37105.648,37527.09815941203,170851309
2021-12-13,37358.199,37581.051,36861.898,36925.25,37508.29040443041,157271322
2021-12-14,36778.949,37039.051,36545.398,36893.949,37489.09223554196,132155329
2021-12-15,36929.5,37083.5,36743.199,36789.551,37467.231571931276,105795292
2021-12-16,37092.949,37159.301,36385.75,36548.648,37438.52583530842,112689350
2021-12-17,36491.801,36550.75,35535.051,35618.648,37381.65465295503,152082650
2021-12-20,35124.352,35231.102,34018.449,34439.852,37289.72332005019,200121444
2021-12-21,34863.352,35050,34389.949,34607.852,37205.91484129862,159620617
2021-12-22,34865.25,35112.102,34687.602,35029.5,37137.90187750803,128585560
2021-12-23,35350.5,35477.301,35046.25,35191.148,37077.06581883591,114199334
2021-12-24,35282.199,35327.949,34583.398,34857.051,37007.69035574728,132458164
2021-12-27,34573.648,35143.699,34233,35057.898,36946.75934463018,335136830
2021-12-28,35308.301,35352.398,35037.898,35183.801,36891.66689636049,181620183
2021-12-29,35168.852,35378.301,34890.801,35045.398,36833.97099334923,122522831
2021-12-30,34977.648,35179.051,34751.25,35063.602,36778.646962307066,328003519
2021-12-31,35114.398,35596.949,35113.75,35481.699,36738.11733848497,210320259
2022-01-03,35585.199,36492.102,35526.602,36421.898,36728.23548415731,219015015
2022-01-04,36551.25,36887.801,36374.398,36840.148,36731.73275027739,190538010
2022-01-05,36943.551,37862.398,36756.352,37695.898,36761.86291433122,237374910
2022-01-06,37242.551,37752.5,37058.449,37490.25,36784.62501075837,199034793
2022-01-07,37667.051,38134.852,37427.801,37739.602,36814.46804167217,183337111
2022-01-10,37930.551,38400.352,37929.352,38347.898,36862.387727869915,206472501
2022-01-11,38370,38504.602,38031.75,38442.199,36911.75683012398,159537910
2022-01-12,38719.602,38851.449,38604.602,38727.551,36968.50039793261,156053463
2022-01-13,38717.551,38717.551,38376.148,38469.949,37015.42066674721,159208683
2022-01-14,38302.352,38448.051,38007.75,38370.398,37057.76370841136,148647294
2022-01-17,38212.551,38617.5,38138.25,38216.148,37093.9632175235,140304025
2022-01-18,38337.398,38855.551,38095.398,38210.301,37128.848773225895,168774319
2022-01-19,38145.75,38330.5,37769.25,38041.352,37157.36449906258,165345459
2022-01-20,38106.102,38167.949,37591.852,37850.852,37179.03598346688,149614744
2022-01-21,37522.352,37741,37224.25,37574.301,37191.38801523354,157806216
2022-01-24,37601.949,37694.699,36375.352,36947.551,37183.768108507495,231032351
2022-01-25,36598.051,37788.801,36415.602,37706.75,37200.11129261664,267527334
2022-01-27,37058.199,38147.648,37012.25,37982.102,37224.548502222366,346316385
2022-01-28,38246.602,38421.699,37581.5,37689.398,37239.07504902792,294272749
2022-01-31,38091.801,38217.25,37647.852,37975.352,37262.0837037458,217789465
2022-02-01,38460.449,38802.699,37690.602,38505.5,37300.94046300374,234113973
2022-02-02,38841.551,39386.602,38752.648,39330.5,37364.36419853487,252636678
2022-02-03,39255.699,39424.852,38861.148,39010,37415.790317330655,193762539
2022-02-04,39128,39278.602,38562.602,38789.352,37458.714119914075,163039736
2022-02-07,38592.051,38837.551,37802.699,37995.449,37475.487084916764,241900647
2022-02-08,38176.102,38222.102,37319.051,38028.449,37492.767144763115,200188205
2022-02-09,38283.602,38648.148,38192,38610.25,37527.68848398927,124856780
2022-02-10,38801.449,39197.199,38520,39010.949,37574.0403751146,147797202
2022-02-11,38567.648,38790.25,38396.398,38517.25,37603.51567589227,154963046
2022-02-14,37664,37796.551,36828.051,36908.551,37581.79802977063,213830951
2022-02-15,36989.801,38231.602,36651.852,38170.102,37600.1825288403,192987946
2022-02-16,38296.5,38461.699,37762.801,37953.801,37611.233106064035,170090059
2022-02-17,38042.102,38124.5,37425.602,37531.648,37608.74607149953,136324646
2022-02-18,37344.449,37817.551,37304.449,37599.148,37608.44613176517,113457242
2022-02-21,37400,38054.398,37156.801,37685.602,37610.85725264751,143330237
2022-02-22,36833,37659.398,36818.102,37371.648,37603.381963502274,159396702
2022-02-23,37628.551,37774.602,37318,37392.051,37596.77787089283,137348932
2022-02-24,36085.199,36709.148,34991.352,35228.102,37522.75674992743,427755807
2022-02-25,35901.699,36684.648,35768.199,36430.75,37488.631538992195,372802626
2022-02-28,35938.949,36270.25,35611.898,36205.301,37448.527459648685,238280153
2022-03-02,35381.898,35553.699,34897.449,35372.801,37383.66100778466,211288285
2022-03-03,35621.148,35804.148,34721.148,34944.301,37307.431007541396,172533577
2022-03-04,34526.102,35097.75,34094.102,34407.801,37216.817569805724,194466533
2022-03-07,33278.148,33543.301,32376.5,32871.25,37081.01858324929,248860897
2022-03-08,32531.9,33263.551,32155.35,33158.102,36958.42744002275,276830725
2022-03-09,33278.898,33969.5,32948.898,33815.449,36860.20936377204,258456568
2022-03-10,35153.949,35374.148,34218.051,34475.602,36785.69038365416,273948531
2022-03-11,34331,34880.051,34094.301,34546.25,36715.70787166497,169532120
2022-03-14,34660.25,35435.102,34625.051,35312.148,36671.84662567544,193297091
2022-03-15,35467.95,35643.8,34706.05,35022.65,36620.30923112308,224193669
2022-03-16,35555.75,35806.352,35461.551,35748.25,36593.05738015048,173798310
2022-03-17,36302,36611.949,36261.648,36428.551,36587.916555770775,181953699
2022-03-21,36545.85,36600.2,35900.2,36018.5,36570.12228840294,128655959
2022-03-22,35975.602,36468.801,35384.75,36348.551,36563.19818564035,202887630
2022-03-23,36627.699,36827.602,36064.75,36147.352,36550.20299233909,197900273
2022-03-24,35633.699,35957.699,35421.699,35527.102,36518.23108632849,205174581
2022-03-25,35700.398,35717.398,35203.852,35410.102,36483.602052380724,156997410
2022-03-28,35488.699,35770.801,35016.301,35710.5,36459.442613243824,197017630
2022-03-29,35931.75,35977.199,35506.551,35847.398,36440.316219079956,177135786
2022-03-30,36241.551,36421.102,36070.551,36334.301,36437.003243483705,325637452
2022-03-31,36457.199,36590.852,36278.148,36373.602,36435.02195462484,188135977
2022-04-01,36298.352,37209.801,36242.352,37148.5,36457.31814354281,245689573
2022-04-04,37824.949,38765.852,37665.551,38635.199,36525.3769203071,309170581
2022-04-05,38731.301,38759.25,37935.949,38067.898,36573.580704047505,220560341
2022-04-06,37711.301,37868.5,37513.852,37632.801,36606.68133829602,198848773
2022-04-07,37421.75,37975.898,37346.801,37557.352,36636.389796474265,245018646
2022-04-08,37619.7,37884.2,37405.2,37752.05,36671.254177834446,202237753
2022-04-11,37591.75,37941.75,37524.45,37613.8,36700.708734777116,132096631
2022-04-12,37407.4,37920.6,37264.45,37747.4,36733.41783681533,171033301
2022-04-13,37887.3,37988.6,37408.2,37463.4,36756.22977941485,143255004
2022-04-18,36833.148,36965.852,36441.352,36729,36755.37884880813,182939705
2022-04-19,36806.801,37123.551,35926.301,36341.602,36742.44832228288,216336217
2022-04-20,36482.602,36513.852,36114.051,36314.898,36729.08737471154,153381114
2022-04-21,36513.102,36913.352,36395.699,36816.102,36731.80658175181,132687618
2022-04-22,36514.148,36578.949,35991.5,36044.75,36710.33606357206,140125764
2022-04-25,35792.352,36270.148,35511.398,36082.352,36690.711561585435,183091482
2022-04-26,36515.352,36604.551,36265.898,36404.801,36681.77685653589,143384158
2022-04-27,36067.551,36175.898,35747.148,36028.852,36661.37295476915,134244167
2022-04-28,36189.949,36501.102,35951.102,36422.199,36653.898768682615,137268325
2022-04-29,36474.051,36718.801,35978.949,36088.148,36636.21905716128,172738822
2022-05-02,35627.602,36235.25,35618.199,36163.75,36621.45439912499,170186563
2022-05-04,36266.148,36309.301,35127.852,35264.551,36579.05116790233,214565013
2022-05-05,35705.352,35934.852,35133.801,35232.852,36536.982443905385,167319447
2022-05-06,34569.102,34797.949,34353.199,34591.199,36476.17671128334,199208045
2022-05-09,34091.75,34554.352,33927.199,34275.398,36407.402376555736,179918781
2022-05-10,34181.199,34781.801,34176.801,34482.648,36347.25380228837,137963004
2022-05-11,34686.301,34793.199,34143.199,34693.148,36295.56299596686,179510699
2022-05-12,34289.102,34341.199,33297.648,33532.148,36209.20627734289,382113108
2022-05-13,33925.949,34002.199,33007.898,33121.352,36112.71083117593,272709547
2022-05-16,33256,33821.648,33001.75,33597.602,36034.113680201684,195136858
2022-05-17,33796.199,34366.051,33680.602,34301.898,35979.98194019538,161500305
2022-05-18,34448.199,34655.801,34134.699,34163.699,35923.22309831427,146780579
2022-05-19,33461,33633.949,33180.602,33315.648,35841.73637649195,150355852
2022-05-20,33765.148,34358.051,33658.051,34276.398,35792.819552226574,129371809
2022-05-23,34321.398,34819.949,34117.352,34247.602,35744.531503719496,155978859
2022-05-24,34223.199,34586.449,34115.801,34290.148,35699.08201922826,163680878
2022-05-25,34491.801,34722.602,34285.801,34339.5,35656.59508112738,153586250
2022-05-26,34689.8,35222.05,34424.75,35199.2,35642.30148484215,191472000
2022-05-27,35335.1,35694.85,35291.95,35617.7,35641.532688440835,132560000
2022-05-30,35979.3,36083.7,35748.45,35832.05,35647.486354427056,126987000
2022-05-31,35615.301,35881.949,35288.949,35487.398,35642.48359335121,149259008
2022-06-01,35358.949,35768.699,35285.449,35620.801,35641.80601230898,100781000
2022-06-02,35470.949,35676.199,35385,35613.648,35640.92607442433,140706000
2022-06-03,35929.551,35958.449,35175.102,35275.051,35629.49247834857,104815000
2022-06-06,35159.148,35424.5,35072.301,35310.199,35619.51455715018,100771000
2022-06-07,35080.8,35154.3,34834.4,34996,35600.029727239234,91647000
2022-06-08,35165.648,35449.898,34831.75,34946.148,35579.59592326301,124570000
2022-06-09,34802.25,35149.102,34659.102,35085.449,35564.15383191104,100853057
2022-06-10,34686.949,34752.449,34346.648,34483.801,35530.39280591382,90046261
2022-06-13,33728.648,33774.051,33210.352,33405.852,35464.000905729015,131878152
2022-06-14,33180.602,33618.148,33123.898,33311.352,35396.730627424986,113203955
2022-06-15,33317.801,33554.551,33249.551,33339,35332.426545317954,90841434
2022-06-16,33648.801,33756.5,32537.949,32617.1,35247.57259077677,129460359
2022-06-17,32393.449,32889.801,32290.551,32743.051,35169.306291065,139831116
2022-06-20,32873.398,32926.102,32426.4,32684.801,35091.66550071922,144370096
2022-06-21,32978.051,33593.801,32797.551,33191.75,35032.293141321745,258145491
2022-06-22,33051.648,33106.949,32758.15,32845.301,34963.94963690544,134963895
2022-06-23,32927.398,33431.75,32652.15,33135,34906.794960752144,193128024
2022-06-24,33434.801,33721.898,33390.852,33627.449,34866.81539947864,149780074
2022-06-27,34126.199,34147.5,33735.5,33811.25,34833.82898074493,111396233
2022-06-28,33578.199,33745.301,33503.301,33642.449,34796.59835634665,124952463
2022-06-29,33273.551,33422.801,33185.25,33269.898,34748.88897021082,140799943
2022-06-30,33180.699,33659.301,33179.602,33425.102,34707.520627391736,149540388
2022-07-01,33264.75,33666.5,33080.449,33539.449,34671.018389035744,149938425
2022-07-04,33558.852,33978.5,33515.602,33940.898,34648.20212687838,152556102
2022-07-05,34084.699,34361.051,33757,33815.898,34622.19262291343,115009518
2022-07-06,33929.398,34388.5,33876.148,34324.25,34612.881915947386,122736123
2022-07-07,34627.398,34965.75,34553.102,34920.301,34622.48876232403,183971600
2022-07-08,35258.898,35262.102,34977.75,35124.051,34638.1625822514,108960960
2022-07-11,35017.602,35543.102,35006.551,35469.648,34664.146501556046,130626231
2022-07-12,35298.699,35419.648,35047.5,35132.25,34678.77473588242,113400721
2022-07-13,35259.801,35308.148,34757.602,34827.801,34683.431806636094,103445255
2022-07-14,34817.949,35027.602,34558.449,34651.199,34682.42453142872,121299657
2022-07-15,34734.449,34899.949,34463.898,34682.648,34682.43151482157,99146838
2022-07-18,34841.852,35382.5,34804.398,35358.699,34703.5648737334,146647066
2022-07-19,35113.25,35761.648,35110.5,35720.352,34735.33947142923,183417644
2022-07-20,36061.301,36182.699,35876.551,35972.102,34773.98830044707,173387817
2022-07-21,36026.551,36331.699,35887.352,36201,34818.582416058096,153823216
2022-07-22,36322.898,36823.449,36286.352,36738.949,34878.59387180628,143648249
2022-07-25,36766.699,37011.199,36464.648,36726.398,34936.33775081234,139717215
2022-07-26,36688.551,36695.75,36334.102,36408.5,34982.34282109945,113999344
2022-07-27,36370.551,36808.301,36248.602,36783.75,35038.63679544009,113114710
2022-07-28,37102.449,37414.398,37028.5,37378.148,35111.74652058259,172517903
2022-07-29,37717.301,37754.648,37221.148,37491.398,35186.11062931438,166943703
2022-08-01,37594.148,37939.602,37407.199,37903.199,35271.01964089831,346398736
2022-08-02,37767.699,38179.852,37632.301,38024,35357.05027712024,317258561
2022-08-03,37954.551,38068.602,37692.949,37989.25,35439.30651846023,200309289
2022-08-04,38111.051,38231.852,37249.5,37755.551,35511.68915850835,186299709
2022-08-05,37868.25,38150.449,37779.898,37920.602,35586.967684804964,175934673
2022-08-08,37847.352,38302.352,37681.449,38237.398,35669.79363215481,174060090
2022-08-10,38298.852,38402.949,38155.301,38287.852,35751.60795614997,163932855
2022-08-11,38712.949,38932.102,38648.898,38879.852,35849.36558252029,200934788
2022-08-12,38942.449,39088.898,38739.949,39042.301,35949.144814316525,125302422
2022-08-16,39284.102,39444.602,39119.898,39239.648,36051.97303886913,128693114
2022-08-17,39351.301,39504.5,39202.801,39461.699,36158.52697515447,169781319
2022-08-18,39324.398,39703.699,39291.148,39656.148,36267.827632180895,137211137
2022-08-19,39732.648,39759.148,38848.398,38985.949,36352.76892492524,148145662
2022-08-22,38693.648,38732.852,38247.25,38297.75,36413.54958352133,124271138
2022-08-23,37955.449,38869.898,37950.852,38697.648,36484.927659036286,176424816
2022-08-24,38552.699,39120.801,38552.199,39038.5,36564.7267946914,214856203
2022-08-25,39190.051,39471.75,38803.699,38950.75,36639.2900198573,333393428
2022-08-26,39129.648,39337.102,38846.801,38987.148,36712.66058173676,196336796
2022-08-29,38111.602,38397.102,37943.852,38276.699,36761.536782307485,158048031
2022-08-30,38516.949,39606.551,38472.699,39536.75,36848.262195360374,176777679
2022-09-01,38806.699,39667.648,38803.301,39301.25,36924.91806425536,191202076
2022-09-02,39422.301,39595.852,39200.449,39421,37002.920624747385,133866628
2022-09-05,39412.051,39865.199,39407.398,39805.75,37090.50904272403,214148830
2022-09-06,39892.949,40073.75,39564.301,39666.5,37171.0087601389,210170553
2022-09-07,39337.75,39572.051,39258.25,39455.898,37242.411548884564,138911320
2022-09-08,39763.898,40265.75,39706.398,40208.949,37335.11584423192,203813147
2022-09-09,40520.75,40685.949,40280.301,40415.699,37431.38406784967,207024632
2022-09-12,40540.449,40684.898,40377.898,40574,37529.59081572937,146975257
2022-09-13,40802.102,40904.301,40693.949,40873.102,37634.07554023783,176389650
2022-09-14,40308.801,41626.898,40288.898,41405.398,37751.9293671054,218413793
2022-09-15,41533.699,41840.148,41153.5,41209.199,37859.96904313335,245307055
2022-09-16,40977.199,41162.5,40502.051,40776.801,37951.120041785434,244187210
2022-09-19,40685.602,41184.25,40509.898,40904.398,38043.40997797964,206028623
2022-09-20,41304.148,41677.648,41207.301,41468.301,38150.43782241777,175202873
2022-09-21,41282.602,41501.699,40889.148,41203.449,38245.844421717215,151272542
2022-09-22,40889.051,41159.199,40360.199,40630.602,38320.36809603855,209511312
2022-09-23,40429.352,40528.398,39412.699,39546.25,38358.67690553735,226215831
2022-09-26,39027.852,39229.398,38492.199,38616.25,38366.72606473931,241817411
2022-09-27,38811.699,39050.5,38184.898,38359.148,38366.48925021621,168710754
2022-09-28,38081.25,38368.801,37626.199,37759.852,38347.531836146954,210586461
2022-09-29,38092.852,38283.398,37536.648,37647.75,38325.66365376736,253011531
2022-09-30,37660,38811,37386.352,38631.949,38335.23507083713,246062095
2022-10-03,38444.898,38641.602,37963.25,38029.648,38325.68547487347,172924636
2022-10-04,38700.398,39177.5,38596.898,39110.051,38350.19689753367,241105104
2022-10-06,39343.699,39608.352,39232.898,39282.852,38379.34236948574,158810472
2022-10-07,39093.5,39235.051,38807.5,39178.051,38404.302014189314,165025353
2022-10-10,38641.551,39315.699,38518.301,39093.102,38425.8270137459,159736922
2022-10-11,39058.852,39174.949,38622.75,38712.449,38434.78395081634,177564848
2022-10-12,38784.199,39164.102,38606.398,39118.551,38456.151671103325,195833128
2022-10-13,38957.648,39061.301,38437.949,38624,38461.39693138134,158943750
2022-10-14,39446.051,39570.852,39196.301,39305.602,38487.77833977568,185644333
2022-10-17,39295.602,39974.699,39146.699,39920.449,38532.54929790769,201583880
2022-10-18,40252.051,40435.352,40139.852,40318.75,38588.368069848075,245222591
2022-10-19,40556.648,40643.602,40195.199,40373.199,38644.144036415324,232909831
2022-10-20,40149.5,40208.352,39848.852,40099.551,38689.625504027346,262755229
2022-10-21,40370.75,41032.25,40355.449,40784.051,38755.07630077649,324235366
2022-10-24,41348.35,41427.25,41201.15,41304.9,38834.75829137723,74340462
2022-10-25,41513.648,41530.648,41021.449,41122.75,38906.25803227169,351843000
2022-10-27,41440.699,41511.801,41178.648,41299.301,38981.0406250132,239433580
2022-10-28,41236.801,41482.398,40839.301,40990.852,39043.84723048154,237123178
2022-10-31,41265.699,41353.699,41106.102,41307.898,39114.598817028986,237160424
2022-11-01,41552.398,41677.25,41188.551,41289.551,39182.56607274683,304370269
2022-11-02,41472.602,41474.301,41060.449,41146.648,39243.94363297349,175818779
2022-11-03,40873.699,41478,40819.148,41298.352,39308.14389444307,263647704
2022-11-04,41314.852,41516.199,41051.148,41258.449,39369.090928991725,190374317
2022-11-07,41740.648,41779.398,41337.051,41686.699,39441.51618121073,393367764
2022-11-09,41914.852,41948.898,41667.898,41783.199,39514.6937692979,490535506
2022-11-10,41462.852,41643.898,41318.602,41603.75,39579.97677650734,253442361
2022-11-11,42163.398,42345.5,41918.102,42137.051,39659.88534599149,255371301
2022-11-14,42177.551,42231.449,41965.449,42076.75,39735.41236642926,142688761
2022-11-15,42234.852,42450.051,42079.551,42372.699,39817.82757372834,139402527
2022-11-16,42371.801,42611.75,42296.301,42535.301,39902.74861829933,185441496
2022-11-17,42399.648,42622.75,42366.551,42458.051,39982.601817727475,165403381
2022-11-18,42545.75,42590.75,42223.699,42437.449,40059.31579217349,280077146
2022-11-21,42286.949,42386.801,42202.551,42346.551,40130.79189241807,259074794
2022-11-22,42467.398,42508.75,42347.148,42457.051,40203.48748953001,216312501
2022-11-23,42668.551,42860.551,42556.398,42729.102,40282.4129429822,359102191
2022-11-24,42838.352,43163.398,42769.648,43075.398,40369.693726014004,204943911
2022-11-25,43192.449,43339.148,42864.949,42983.949,40451.38920332606,502822541
2022-11-28,42757.199,43159.801,42740,43020.449,40531.672321972124,238678224
2022-11-29,42959.398,43279.602,42959.398,43053.449,40610.477843160494,223005594
2022-11-30,43122.75,43332.301,42880.051,43231,40692.36916056173,201985065
2022-12-01,43512.102,43515.051,43101.852,43260.648,40772.62787429417,268373857
2022-12-02,42976.699,43131.898,42937.801,43103.75,40845.47544072248,212807580
2022-12-05,43269.352,43372.148,42985,43332.949,40923.20898944991,242584555
2022-12-06,43093.898,43306.852,43076.398,43138.551,40992.4384272796,379223460
2022-12-07,43157.352,43327.352,42948.449,43098.699,41058.25907017711,242863321
2022-12-08,43142.25,43640.898,43095.301,43596.852,41137.590099234076,355690534
2022-12-09,43765.301,43853.398,43361.699,43633.449,41215.58568988301,443547931
2022-12-12,43455.852,43767.051,43378.801,43708.75,41293.49707457417,234232065
2022-12-13,43793.699,43983.801,43767.75,43946.551,41376.40500974372,276976649
2022-12-14,44078.602,44151.801,43987.949,44049.102,41459.92679068923,349177761
2022-12-15,43940.102,44120.602,43379.102,43498.199,41523.622797230186,421905538
2022-12-16,43261.75,43598.199,43080.551,43219.5,41576.61895981674,275179647
2022-12-19,43346.352,43451.449,43110.301,43413.75,41634.02930482247,175567612
2022-12-20,43152.648,43426.199,42955.398,43359.5,41687.95026404677,182311453
2022-12-21,43525.75,43614.648,42363.801,42617.949,41717.012724545304,279419632
2022-12-22,42864,42933.5,42231.352,42408.801,41738.63110815326,344822506
2022-12-23,41951.352,42226.648,41597.648,41668.051,41736.425479773476,332589359
2022-12-26,41716.352,42846.148,41569.449,42630.148,41764.35430853056,323172447
2022-12-27,42827.75,42927.199,42394.148,42859.5,41798.57761138898,229631139
2022-12-28,42733.602,43034.949,42694.852,42827.699,41830.73765478307,230529712
2022-12-29,42684.898,43498.051,42489.801,43252.352,41875.1631030711,308306902
2022-12-30,43401.699,43422.949,42833.102,42986.449,41909.89078735013,258702240
2023-01-02,43038.25,43382.75,42961.75,43203.102,41950.30363774544,179810215
2023-01-03,43151.449,43482.801,43148.449,43425.25,41996.3957115659,197035356
2023-01-04,43417.5,43578.398,42858.648,42958.801,42026.470876829466,216794117
2023-01-05,43073.051,43137.551,42298.602,42608.699,42044.665505678546,189076453
2023-01-06,42649.699,42685.898,41877,42188.801,42049.16973987609,195122493
2023-01-09,42404.852,42716.801,42186.551,42582.75,42065.84412300496,161810057
2023-01-10,42642,42674.25,41835.75,42014.75,42064.24743166105,179299558
2023-01-11,42071.852,42318,41729,42232.699,42069.51154317165,169795551
2023-01-12,42238.5,42343.5,41742.949,42082.25,42069.90961994753,154082042
2023-01-13,42171.25,42453.949,41885.602,42371.25,42079.326506824174,205541498
2023-01-16,42622.5,42715.648,42066.551,42167.551,42082.08352223592,312318332
2023-01-17,42241.199,42383.801,41861.102,42235.051,42086.86375591604,256323734
2023-01-18,42271.801,42555.898,42119.648,42458,42098.461763543666,170541076
2023-01-19,42416.301,42506.25,42234.898,42328.852,42105.66145843293,143433045
2023-01-20,42516.051,42709.199,42366.148,42506.801,42118.1970691069,159095177
2023-01-23,42891.449,43005.852,42727.699,42821.25,42140.16747319731,203642546
2023-01-24,42994.449,43078.898,42615.648,42733.449,42158.7075209099,159456752
2023-01-25,42703.602,42733.051,41540.301,41647.648,42142.73691088147,244652804
2023-01-27,41382.352,41417.898,40148.801,40345.301,42086.56703866642,350772977
2023-01-30,39856.148,40789.551,39419.801,40387.449,42033.469599958094,369850300
2023-01-31,40563.852,40811.648,40167.699,40655.051,41990.394018709405,289909966
2023-02-01,41115,42015.648,39490.5,40513,41944.225455624735,400074985
2023-02-02,39943.352,40757.602,39761.449,40669.301,41904.38406638646,348474505
2023-02-03,41019.352,41539.949,40609.75,41499.699,41891.73765806189,308813058
2023-02-06,41530.148,41724.5,41261.199,41374.648,41875.57860624745,197815054
2023-02-07,41513.102,41630.75,41095.102,41490.949,41863.55893105222,171891231
2023-02-08,41542.051,41791.949,41403.051,41537.648,41853.37421445684,136467692
2023-02-09,41634,41634,41252.949,41554.301,41844.02817650506,142932785
2023-02-10,41452.398,41678.898,41424.898,41559.398,41835.13348348928,154961683
2023-02-13,41563.5,41662.551,41157.898,41282.199,41817.85428088024,147007745
2023-02-14,41410.449,41718,41195.75,41648.352,41812.55733460273,143113944
2023-02-15,41674.602,41795.449,41455.602,41731.051,41810.01026164639,116292441
2023-02-16,41925.699,41979.102,41521.949,41631.352,41804.427190969946,111728729
2023-02-17,41514,41516.301,40882.699,41131.75,41783.406028752135,138786944
2023-02-20,41221.551,41292.602,40580.102,40701.699,41749.60268410363,143706468
2023-02-21,40784.898,40946.199,40508.25,40673.602,41715.97766272539,170243478
2023-02-22,40494.148,40529.25,39899,39995.898,41662.22517326522,155197486
2023-02-23,39983.699,40147.801,39600.25,40001.551,41610.329105350684,200503324
2023-02-24,40259.102,40348.102,39818.898,39909.398,41557.17500830848,144558694
2023-02-27,39820.398,40371.449,39745.398,40307.102,41518.11022679884,165150412
2023-02-28,40302.699,40391.449,40073,40269.051,41479.077125961376,327753581
2023-03-01,40473.852,40725.352,40341.949,40698.148,41454.67309077508,169749567
2023-03-02,40604.551,40773.25,40312.898,40389.801,41421.39583793836,149213201
2023-03-03,40671.398,41390.148,40605.352,41251.352,41416.081968002785,213840069
2023-03-06,41418.398,41671.199,41259.148,41350.398,41414.0293440027,180157976
2023-03-08,41178.352,41625.352,41100.352,41577.102,41419.125364502615,157566079
2023-03-09,41532.648,41659,41208.102,41256.75,41414.05113436191,119231844
2023-03-10,40805.25,40839,40341.699,40485.449,41385.0323176631,145262034
2023-03-13,40356.102,40690.051,39454.602,39564.699,41328.14690148613,174457859
2023-03-14,39522.398,39768.5,39132.602,39411.398,41268.248498314686,205727331
2023-03-15,39777.898,39914.102,38934.648,39051.5,41198.97510774235,164310498
2023-03-16,39061.699,39381.398,38613.148,39132.602,41134.4009481254,196309704
2023-03-17,39442.398,39705.148,38926.801,39598.102,41086.39160599648,173387891
2023-03-20,39512.102,39512.102,38941.898,39361.949,41032.50277455909,173823282
2023-03-21,39599.648,39970.898,39366.301,39894.699,40996.94640660412,187936424
2023-03-22,40036,40085.602,39837.801,39999.051,40965.76217514774,143616857
2023-03-23,39836.148,40201.602,39552.5,39616.898,40923.61016967437,153170787
2023-03-24,39555.25,39767.898,39294.898,39395.352,40875.85210187205,166141025
2023-03-27,39484.699,39695.199,39273.75,39431.301,40830.70987993855,194157987
2023-03-28,39545.051,39645.199,39326.102,39567.898,40791.24700869047,202320127
2023-03-29,39611.551,40055,39609.551,39910.148,40763.71266466889,259640527
2023-03-31,40231.25,40690.398,40180.199,40608.648,40758.86689389799,188002824
2023-04-03,40695.801,40857.602,40535.898,40813.051,40760.56014721368,167454466
2023-04-05,40972.301,41071.148,40802.648,40999.148,40768.01601761325,177376872
2023-04-06,40940.699,41274.699,40820.551,41041,40776.546767062835,196452877
2023-04-10,41116.148,41139.852,40727.25,40834.648,40778.36243059212,153859989
2023-04-11,41232,41403.25,40990.199,41366.5,40796.741729636116,219237547
2023-04-12,41426,41610.148,41332,41557.949,40820.529456834985,142985802
2023-04-13,41680.102,42196.199,41502.648,42132.551,40861.53013005889,232564439
2023-04-17,42603.551,42603.551,41799,42262.551,40905.312032244554,229078748
2023-04-18,42406.949,42500.699,42114.352,42265.199,40947.80849998691,214189864
2023-04-19,42280.102,42339.898,42022.148,42154,40985.501984362316,169982419
2023-04-20,42218.5,42378.148,42108.852,42269.5,41025.626922350995,180246791
2023-04-21,42252.551,42382.148,41962.352,42118,41059.763581027524,144147297
2023-04-24,42469.949,42714.148,42269.102,42635.75,41109.013156620415,201023928
2023-04-25,42731.602,42865.551,42601.5,42678.5,41158.05962047603,262419867
2023-04-26,42559.051,42875.602,42432.25,42829.898,41210.30456983615,177952224
2023-04-27,42753.898,43043.398,42736.602,43000.852,41266.259177028776,181354187
2023-04-28,43045.5,43302.051,42810.352,43233.898,41327.747890246625,238716537
2023-05-02,43395.051,43483.852,43269.398,43352.102,41391.00895617642,241565172
2023-05-03,43154.852,43354.949,43078.148,43312.699,41451.061770045904,175911031
2023-05-04,43236.102,43739.801,43213.949,43685.449,41520.88637098197,175448903
2023-05-05,43110.648,43588,42582.199,42661.199,41556.52114063878,251224734
2023-05-08,42796.852,43418.551,42780.301,43284,41610.50485499382,223352243
2023-05-09,43438.551,43533.25,43125.852,43198.148,41660.118703275264,228991809
2023-05-10,43275.25,43383.648,42822.148,43331.051,41712.33533754791,249129783
2023-05-11,43535.102,43774.25,43367.25,43475.301,41767.42801449954,190686219
2023-05-12,43447.148,43905.949,43347.75,43793.551,41830.74435779643,144937627
2023-05-15,43821.051,44151.699,43666.602,44072.102,41900.78678411529,161260256
2023-05-16,44144.148,44144.148,43815.699,43903.699,41963.37779086169,222536217
2023-05-17,43948.5,43992.75,43446.398,43698.699,42017.60657864726,203597921
2023-05-18,44006.898,44079.199,43673.699,43752.301,42071.81577931454,226492176
2023-05-19,43930,44020.898,43531.898,43969.398,42131.115223710956,192042449
2023-05-22,43935.301,44026.75,43684.898,43885.102,42185.92731046999,183783537
2023-05-23,43978.898,44095.25,43852.199,43954.449,42241.1936132678,142021247
2023-05-24,43751.949,44010.449,43639.801,43677.852,42286.089187853184,148625634
2023-05-25,43630.25,43719.852,43390.301,43681.398,42329.69258823277,170186160
2023-05-26,43765.352,44067.602,43588.801,44018,42382.4521948505,143222738
2023-05-29,44276.801,44483.352,44193.949,44311.898,42442.747376261425,148580468
2023-05-30,44277.352,44498.602,44207.5,44436.352,42505.04752075326,157593352
2023-05-31,44318,44339.051,43822.699,44128.148,42555.76941072972,305745119
2023-06-01,44172.051,44179.949,43706.148,43790.199,42594.34533539442,182945759
2023-06-02,43997.301,44088.898,43812.551,43937.852,42636.329918663345,123851342
2023-06-05,44103.25,44266.148,44074.199,44101.648,42682.12110870511,124513498
2023-06-06,44156.699,44236.199,44009.699,44164.551,42728.447042808075,123561408
2023-06-07,44318.699,44346.301,44143.5,44275.301,42776.78622897032,119216872
2023-06-08,44208.301,44459.25,43917.898,43995.25,42814.863221814994,160157265
2023-06-09,44045.75,44220.102,43932.602,43989,42851.55499613327,132310915
2023-06-12,44035.199,44124.949,43874.051,43944.199,42885.70012125411,91412250
2023-06-13,43889.699,44138.148,43889.699,44079.852,42923.01736746492,160045490
2023-06-14,44181.648,44212.352,43956.148,43988,42956.29807473164,154599371
2023-06-15,44054.352,44077.449,43397.5,43443.602,42971.526322396276,228184460
2023-06-16,43583.352,44083.25,43536.949,43938.148,43001.733249821395,234688714
2023-06-19,44015.301,44040.352,43501.398,43633.75,43021.483773264474,234897358
2023-06-20,43597.551,43823.949,43345.949,43766.5,43044.765530349956,161879136
2023-06-21,43894.398,43946.699,43698.949,43859.199,43070.21657627652,179991909
2023-06-22,43874.801,44042.148,43663.352,43724.852,43090.67393326788,263760682
2023-06-23,43641.602,43824.102,43519.551,43622.898,43107.30593535326,161308806
2023-06-26,43714.75,43773.102,43541.75,43641.051,43123.98546862347,120687324
2023-06-27,43804.551,44194.648,43693.148,44121.5,43155.157797728985,137304064
2023-06-28,44419.5,44508.398,44163.199,44327.801,43191.80289779996,243833321
2023-06-30,44666,44787.102,44447.199,44747.352,43240.413807243705,191257943
2023-07-03,44957.949,45353.199,44882.102,45158.102,43300.34156326734,228168358
2023-07-04,45310.551,45655.5,45000.25,45301.449,43362.87617066524,462969627
2023-07-05,45169.699,45418.898,45073.398,45151.801,43418.78007158195,366287666
2023-07-06,45060.551,45417.5,45042.602,45339.898,43478.81500684501,244924069
2023-07-07,45118.051,45227.25,44844.801,44925,43524.00828788111,220933310
2023-07-10,44958.648,45184.301,44721.898,44860.852,43565.784653884824,220868631
2023-07-11,44998,45139.551,44663.051,44745.051,43602.63672720092,208991985
2023-07-12,44872.602,44937.25,44562.398,44639.449,43635.03711072589,233078214
2023-07-13,45009.301,45085.148,44612.199,44665.051,43667.225044765706,336819265
2023-07-14,44860.648,44923.852,44547.801,44819.301,43703.227418366776,196327724
2023-07-17,44951.199,45556.449,44695.051,45449.75,43757.80624904281,245926389
2023-07-18,45754.801,45905.852,45281.301,45410.852,43809.463928760226,307330861
2023-07-19,45622.5,45707.398,45433,45669.301,43867.58383723647,261049956
2023-07-20,45689.051,46256.199,45640.949,46186.898,43940.06240482283,315179894
2023-07-21,46063.949,46369.5,45925.898,46075.199,44006.785423422116,235593414
2023-07-24,46131.898,46191.5,45858.75,45923.051,44066.66872269018,225835415
2023-07-25,46154.699,46156.102,45622.852,45845,44122.24157510611,228145332
2023-07-26,45935.148,46096.602,45804.699,46062.352,44182.87002588405,298409899
2023-07-27,46285.852,46310.102,45570.648,45679.301,44229.63349382517,320421936
2023-07-28,45560.898,45727.75,45238.801,45468.102,44268.33563464313,194666588
2023-07-31,45546.352,45694.898,45359.75,45651.102,44311.54708356054,247859113
2023-08-01,45740,45782.75,45471.051,45592.5,44351.57686219927,175242040
2023-08-02,45234.648,45404.898,44720.898,44995.699,44371.70567900554,233601314
2023-08-03,44862.852,45038.449,44279.398,44513.449,44376.13515778662,245769556
2023-08-04,44754.75,45118.051,44520.551,44879.5,44391.86530910579,245171463
2023-08-07,44993.699,45011.352,44773.852,44837.5,44405.79139319624,200781677
2023-08-08,44888.949,45096.852,44817.852,44964.449,44423.24944340886,229405682
2023-08-09,44973.449,44975,44533.75,44880.699,44437.544742052334,177283295
2023-08-10,44797.648,44980.352,44418.398,44541.801,44440.8027501132,232038617
2023-08-11,44568.148,44571.25,44120.898,44199.102,44433.24960167216,196900504
2023-08-14,44066.602,44212.75,43776.898,44090.949,44422.55270786991,172325405
2023-08-16,43726.25,44002.801,43600.352,43946.398,44407.67287324897,159009616
2023-08-17,43897.25,44071.852,43745.102,43891.352,44391.537845959945,266374133
2023-08-18,43724.75,43957.648,43672.449,43851.051,44374.6476320237,167584420
2023-08-21,43952.852,44113.801,43862,44002,44363.002393522955,126311003
2023-08-22,44125,44151.301,43938.699,43993.25,44351.44763122536,160746391
2023-08-23,44064.5,44521.648,43952.051,44479.051,44355.43523649957,212380487
2023-08-24,44704.199,44949.898,44433.75,44496.199,44359.83410410896,220421097
2023-08-25,44276.199,44359.102,43983.75,44231.449,44355.82206960555,152511949
2023-08-28,44253.648,44610.398,44201.449,44494.648,44360.16037993038,162966392
2023-08-29,44655.75,44673,44429.801,44495.25,44364.38193055755,140261809
2023-08-30,44706.551,44779.648,44149.801,44232.602,44360.26380772763,153146734
2023-08-31,44265.852,44399.648,43895.051,43989.148,44348.66643873614,705076484
2023-09-01,43996.102,44568.551,43830.75,44436.102,44351.398800025636,320777071
2023-09-04,44647.648,44656.051,44310.949,44578.301,44358.48949377483,238633547
2023-09-05,44625.051,44668.699,44401.699,44532.148,44363.91632209437,225502820
2023-09-06,44494.648,44577,44207.25,44409.102,44365.328374528915,252042492
2023-09-07,44418.051,44915.551,44341.199,44878.352,44381.36036282489,169135265
2023-09-08,44953.648,45383.352,44812.148,45156.398,44405.58028898661,179081128
2023-09-11,45340.801,45636.199,45231.301,45570.699,44441.99024870578,228140725
2023-09-12,45893.801,45893.801,45322.551,45511.352,44475.40780343372,271358960
2023-09-13,45449.352,45990.5,45299.398,45909.449,44520.22159082642,441730790
2023-09-14,46013.301,46153.898,45801.5,46000.852,44566.491291113096,238571609
2023-09-15,46122.148,46310.398,46028.75,46231.5,44618.52281326581,278351267
2023-09-18,46100.949,46252.949,45906.898,45979.852,44661.064350351255,348764457
2023-09-20,45493.699,45745.148,45276.398,45384.602,44683.67490190278,334008742
2023-09-21,45179.602,45276.801,44592.449,44623.852,44681.80543621832,257738910
2023-09-22,44707.352,44996.75,44548.898,44612.051,44679.62561008649,249378233
2023-09-25,44615,44936.551,44400.898,44766.102,44682.32799727129,266505760
2023-09-26,44722.5,44773.801,44532.449,44624.199,44680.51146610657,188450888
2023-09-27,44465.898,44668,44182.5,44588.301,44677.629889040734,221854101
2023-09-28,44700.352,44756.801,44248.199,44300.949,44665.85861125821,389938076
2023-09-29,44445.352,44755.051,44344.898,44584.551,44663.31774840639,155984970
2023-10-03,44561.5,44566.301,44243.102,44399.051,44655.05941251869,192648191
2023-10-04,44108.148,44161.352,43857.5,43964.051,44633.46539962748,310337941
2023-10-05,44181.352,44391.852,44108.301,44213.352,44620.33685588912,243397808
2023-10-06,44395.398,44500.699,44242.949,44360.602,44612.22014164259,157546711
2023-10-09,44057.801,44113.199,43796.75,43886.5,44589.54138721626,162329888
2023-10-10,44027.551,44487.25,44004.551,44360.148,44582.372843865756,175255784
2023-10-11,44554.898,44710.551,44411.398,44516.898,44580.32675499495,213743273
2023-10-12,44571.551,44693.051,44530.051,44599.199,44580.91651265136,112113681
2023-10-13,44322.051,44563.051,44203.699,44287.949,44571.76127788101,169909362
2023-10-16,44204.75,44356.949,44044.398,44225.898,44560.95305044723,140416279
2023-10-17,44589.801,44589.852,44336.949,44409.5,44556.220142620754,120502257
2023-10-18,44404.199,44412.5,43861.449,43888.699,44535.36010691385,217182886
2023-10-19,43616.75,44058.801,43558.102,43754.5,44510.958228572796,156629503
2023-10-20,43584.25,43877.5,43567.449,43723.051,44486.3361276799,152394312
2023-10-23,43822.699,43831.301,43029.449,43151.199,44444.6130924399,201404300
2023-10-25,43308.301,43397.449,42758.398,42832,44394.21893330115,188273620
2023-10-26,42708.398,42716.199,42105.398,42280.148,44328.154216635485,307071946
2023-10-27,42555.602,42840.148,42482.75,42782,44279.836897365625,213867839
2023-10-30,42721.398,43112.5,42390.5,43039.148,44241.06536932295,188984726
2023-10-31,43356.852,43356.852,42797.148,42845.949,44197.46798278161,157391487
2023-11-01,42694.25,42815.148,42589.648,42700.949,44150.70176456968,145213582
2023-11-02,43018.699,43271.5,42796.449,43017.199,44115.27980317688,144713411
2023-11-03,43318.301,43416.102,43221,43318.25,44090.372621827606,124077759
2023-11-06,43627.75,43648.699,43415.199,43619.398,44075.65466489549,149913775
2023-11-07,43598.852,43799.352,43283.852,43737.898,44065.09976911751,198173326
2023-11-08,43791.801,43797.551,43547.75,43658.648,44052.398151332585,163438317
2023-11-09,43626.102,43876.75,43542.648,43683.602,44040.87327160344,108890302
2023-11-10,43543.25,43908.699,43504.949,43820.102,44033.974169365836,89974914
2023-11-12,44054.5,44056,43916.6,43996.65,44032.80778907315,26541813
2023-11-13,43915.102,43970.75,43681.398,43891.25,44028.38410816462,169596833
2023-11-15,44398.449,44408.551,44164.551,44201.699,44033.800198534474,202535584
2023-11-16,44251.699,44420.949,44064.148,44161.551,44037.79241108027,144312535
2023-11-17,43656.25,43872.852,43513.852,43583.949,44023.60980448401,227415842
2023-11-20,43591.5,43724,43450.051,43584.949,44009.901654343885,124319579
2023-11-21,43790.949,43790.949,43586.449,43689.148,43999.87810264564,108196578
2023-11-22,43663.602,43692.5,43230.949,43449.602,43982.68197443797,150863505
2023-11-23,43452.75,43649.648,43451.352,43577.5,43970.02003773678,72280382
2023-11-24,43607.352,43806.5,43566.148,43769.102,43963.741349057505,96846530
2023-11-28,43851.551,43960.301,43739.801,43880.949,43961.15408814946,151249387
2023-11-29,44081.75,44630.352,44003.449,44566.449,43980.069554144786,152338716
2023-11-30,44711.199,44764.801,44254.602,44481.75,43995.74706807776,343168253
2023-12-01,44580.148,44951.102,44531.75,44814.199,44021.32369095033,204927587
2023-12-04,45671.5,46484.449,45484.199,46431.398,44096.63851310813,311170393
2023-12-05,46895.898,47230.551,46653.648,47012.25,44187.7513720735,326064098
2023-12-06,47256.75,47259.852,46750.199,46834.551,44270.4638604462,244245159
2023-12-07,46735.398,46927.699,46507.148,46841.398,44350.805552307254,208148115
2023-12-08,46797.199,47303.648,46793.898,47262,44441.78037879765,218254038
2023-12-11,47233.301,47588,47186.602,47314.25,44531.54505446023,182500023
2023-12-12,47421.699,47454,47004.051,47097.551,44611.73274025835,181986087
2023-12-13,47190.75,47201.949,46886.898,47092.25,44689.248904625274,202304718
2023-12-14,47567.648,47943.602,47510.852,47732.301,44784.344282605736,193093079
2023-12-15,47939.898,48219.949,47632.852,48143.551,44889.31949252431,313865426
2023-12-18,48068.5,48076.602,47806.699,47867.699,44982.393852132926,157255424
2023-12-19,47940.398,48017,47646.051,47870.898,45072.65960675377,189789200
2023-12-20,48085.352,48166.148,47202.648,47445.301,45146.80465029271,242487993
2023-12-21,47172.449,47932.398,46919.699,47840.148,45230.97162997106,207998676
2023-12-22,47837.75,48071.398,47415.852,47491.852,45301.62414153447,165824495
2023-12-26,47576.398,47838.449,47411.648,47724.852,45377.35001211152,118747478
2023-12-27,47818.5,48347.648,47806.699,48282.199,45468.12654298304,184934337
2023-12-28,48479.051,48636.449,48343.148,48508.551,45563.139807264815,391088458
2023-12-29,48374.852,48477.699,48091.852,48292.25,45648.42450078779,173986713
2024-01-01,48203.449,48450,48044.148,48234.301,45729.23314138817,146861652
2024-01-02,48194.801,48223.551,47689.801,47761.648,45792.74610571979,183177683
2024-01-03,47796.301,47798.75,47481.352,47704.949,45852.50244616604,233345158
2024-01-04,47805.398,48281.199,47738.148,48195.852,45925.732119723354,175744981
2024-01-05,48245.551,48381.949,47822.852,48159,45995.521740981996,180954626
2024-01-08,48096.648,48154.5,47387.352,47450.25,46040.981999076306,231436501
2024-01-09,47705.398,47939.301,47156.051,47242.648,46078.53406160517,160987383
2024-01-10,47073.852,47423.449,47010.801,47360.852,46118.60649718001,165160645
2024-01-11,47538.602,47662.102,47237,47438.352,46159.84854414313,132519875
2024-01-12,47572.699,47873.699,47408.5,47709.801,46208.28455838866,191640544
2024-01-15,47891.051,48248.051,47825.398,48158.301,46269.22257218901,167053734
2024-01-16,48109.949,48305.398,48002.852,48125.102,46327.218804308104,224460146
2024-01-17,46573.949,47212.75,45979.602,46064.449,46319.00724792347,499645242
2024-01-18,45492.75,46184.051,45430.699,45713.551,46300.086740175866,275044049
2024-01-19,46103.5,46249.852,45558.051,45701.148,46281.36990454537,296609385
2024-01-20,45989.25,46183.7,45640.9,46058.2,46274.395845028324,157202694
2024-01-23,46495.449,46580.301,44886.102,45015.051,46235.04131862119,422624502
2024-01-24,44489.398,45485.5,44489.398,45082.398,46199.021214914275,348696634
2024-01-25,45057.949,45139.051,44429,44866.148,46157.368926948206,386805113
2024-01-29,45171.5,45660.352,45110.898,45442.352,46135.024647981074,336781672
2024-01-30,45481.5,45678.699,45206.051,45367.75,46111.04731523166,232110117
2024-01-31,45295.648,46179.75,45071.199,45996.801,46107.47711788067,373131629
2024-02-01,46164.898,46306.898,45668.352,46188.648,46110.0137079469,305721773
2024-02-02,46568.199,46892.352,45901.25,45970.949,46105.667935823556,337040622
2024-02-05,45962.25,46048.602,45615.102,45825.551,46096.91428157907,265909716
2024-02-06,45891.199,45932.148,45527,45690.801,46084.223241529726,178592534
2024-02-07,45944.602,46062.852,45620.5,45818.5,46075.919390231924,283674776
2024-02-08,45973.852,46181.199,44893.75,45012,46042.67190928718,319908560
2024-02-09,44986.75,45718.148,44859.148,45634.551,46029.918130871956,275980366
2024-02-12,45664.301,45748.5,44633.852,44882.25,45994.05350178221,268816417
2024-02-13,45056.801,45750.398,44819.551,45502.398,45978.68926735152,245860544
2024-02-14,45014.648,46170.449,44860.75,45908.301,45976.48963399678,279949703
2024-02-15,46027.102,46297.699,45590.199,46218.898,45984.064895434385,277735723
2024-02-16,46454.301,46693.398,46264.398,46384.852,45996.58949245206,291383103
2024-02-19,46554.898,46717.398,46317.699,46535.5,46013.43044581293,158391356
2024-02-20,46444.898,47136.75,46367.801,47094.199,46047.20446313128,171886069
2024-02-21,47363.398,47363.398,46886.949,47019.699,46077.59491740843,198947007
2024-02-22,46934.551,47024.051,46426.852,46919.801,46103.91385748942,177182875
2024-02-23,47060.699,47245.352,46723.148,46811.75,46126.033736942874,200518213
2024-02-26,46615.852,46893.148,46513.551,46576.5,46140.11080766341,223684075
2024-02-27,46480.199,46722.25,46324.898,46588.051,46154.10893867393,157256037
2024-02-28,46640.898,46754.551,45852.551,45963.148,46148.14140934037,167271103
2024-02-29,45881.449,46329.648,45661.75,46120.898,46147.29005279849,544734731
2024-03-01,46218,47342.25,46218,47286.898,46182.902801148535,172519003
2024-03-02,47377.449,47433.852,47237,47286.898,46217.40265111264,12241084
2024-03-04,47318.5,47529.602,47191.648,47456.102,46256.112005765375,158086247
2024-03-05,47265.699,47737.852,47196.75,47581,46297.51475558521,176908608
2024-03-06,47451.648,48161.25,47442.25,47965.398,46349.63610697317,301719696
2024-03-07,48035.801,48071.699,47747.199,47835.801,46396.07875988026,146312130
2024-03-11,47792.199,47853.801,47230.648,47327.852,46425.196673634004,204168522
2024-03-12,47351.352,47812.75,46884.449,47282.398,46451.98421508294,207215490
2024-03-13,47341.148,47468.699,46842.148,46981.301,46468.5253646116,274610911
2024-03-14,46825.75,47231.5,46565.551,46789.949,46478.569853217494,220394655
2024-03-15,46572.102,46802.551,46310.5,46594.102,46482.18023280445,339276817
2024-03-18,46458.75,46739.25,46022.148,46575.898,46485.10891302931,151328904
2024-03-19,46421.898,46602.352,46258.75,46384.801,46481.974290747145,147080034
2024-03-20,46392.898,46655.551,45828.801,46310.898,46476.628156661296,210365443
2024-03-21,46674.852,46990.25,46570.148,46684.898,46483.13658926563,150392246
2024-03-22,46634.898,46974.148,46566.801,46863.75,46495.03075835108,172184807
2024-03-26,46552.949,46788.352,46529.051,46600.199,46498.31726590261,171655734
2024-03-27,46643.449,46956.102,46643.449,46785.949,46507.30575759315,285050400
2024-03-28,46827.852,47440.449,46827.852,47124.602,46526.596265168366,347979603
2024-04-01,47391.051,47646.801,47373.102,47578.25,46559.46044438185,134089417
2024-04-02,47490.75,47707.352,47408.551,47545.449,46590.27258674492,183398624
2024-04-03,47350.25,47676.949,47279.801,47624.25,46622.58438090914,283779413
2024-04-04,48086.199,48254.648,47712.699,48060.801,46667.52865025573,324271925
2024-04-05,48104.648,48557.398,47894.5,48493.051,46724.57622368524,214305236
2024-04-08,48586.75,48716.949,48424.648,48581.699,46782.61131044508,263381555
2024-04-09,48810.801,48960.75,48568.25,48730.551,46843.48442574367,147583296
2024-04-10,48879.551,49057.398,48669.25,48986.602,46910.45684993918,247065747
2024-04-12,48671.199,48882.648,48477.551,48564.551,46962.14729212858,207985339
2024-04-15,48057.5,48255.5,47725.801,47773.25,46987.494251749566,197115142
2024-04-16,47436.699,47609,47316.551,47484.801,47003.035087632394,186069576
2024-04-18,47592.699,47829.75,46982.148,47069.449,47005.11052239388,186371057
2024-04-19,46744.949,47668.699,46579.051,47574.148,47022.89294356907,164580371
2024-04-22,48145.699,48146.301,47628.449,47924.898,47051.08060158254,177719481
2024-04-23,48299.602,48302.699,47899.301,47970.449,47079.81086403308,141110604
2024-04-24,48120.898,48246.199,48028.699,48189,47114.473024532046,112159300
2024-04-25,47772.648,48625.449,47737.199,48494.949,47157.61289876542,337412581
2024-04-26,48660,48679.648,48088.25,48201.051,47190.220339429005,208118242
2024-04-29,48359.898,49473.602,48342.699,49424.051,47260.02754757185,327134115
2024-04-30,49477.102,49974.75,49249.898,49396.75,47326.80012421023,402874252
2024-05-02,49262,49529.352,49123.602,49231.051,47386.30796407866,291857104
2024-05-03,49375.051,49607.75,48659.699,48923.551,47434.3468089512,222964426
2024-05-06,49174.551,49252.648,48784,48895.301,47480.00162742148,340187386
2024-05-07,48965.051,49023.5,48213.75,48285.352,47505.16882656456,230306618
2024-05-08,48124.199,48223.051,47851.148,48021.102,47521.29173823442,286041100
2024-05-09,47976.352,48258.648,47440.648,47487.898,47520.24818391459,272914366
2024-05-10,47555.5,47868.699,47313.352,47421.102,47517.14986566726,218854712
2024-05-13,47389.801,47841.602,46983.25,47754.102,47524.55461986516,220865860
2024-05-14,47748.852,47937.25,47607.852,47859.449,47535.02006924437,151958187
2024-05-15,47923.102,47957.199,47534.5,47687.449,47539.783473330484,188783717
2024-05-16,47945.852,48052.898,47340.352,47977.051,47553.448083538904,219943967
2024-05-17,47842.949,48188.648,47758.801,48115.648,47571.01683092831,143821357
2024-05-18,48197.301,48222.352,48108.148,48199.5,47590.6569299618,19246577
2024-05-21,47927.102,48259.75,47927.102,48048.199,47604.95511965049,166750558
2024-05-22,48113.898,48114.051,47435.25,47781.949,47610.48617841141,204867369
2024-05-23,47899.352,48829.699,47873.148,48768.602,47646.67729783605,184456258
2024-05-24,48668,49052.949,48644.801,48971.648,47688.082632278674,135007612
2024-05-27,49105.898,49688.852,49051.25,49281.801,47737.88633126997,226530645
2024-05-28,49390.898,49511.148,49043.648,49142.148,47781.76950841778,155174235
2024-05-29,48786.699,49022.602,48401.551,48501.352,47804.25646127973,183590101
2024-05-30,48313.602,49044.602,48313.602,48682.352,47831.69694686474,151037825
2024-05-31,48895.148,49122.551,48569.051,48983.949,47867.704823525215,303626980
2024-06-03,50889.852,51133.199,50092.648,50979.949,47964.962454040055,453245928
2024-06-04,50667.051,50667.051,46077.852,46928.602,47932.5761898513,653139446
2024-06-05,47486.602,49362.898,46446.801,49054.602,47967.63949641845,546764854
2024-06-06,49426.398,49672.75,48906.75,49291.898,48009.02257465538,250402400
2024-06-07,49316.949,49943.199,49080.449,49803.199,48065.090587947394,170266438
2024-06-10,49808.148,50252.949,49622.75,49780.898,48118.709569574035,195780219
2024-06-11,49751.199,49970.301,49530.449,49705.75,48168.304583024845,128463766
2024-06-12,49857.449,50233.398,49697.352,49895.102,48222.26700230532,211727177
2024-06-13,50179,50186.449,49799.648,49846.699,48273.03050223328,125683920
2024-06-14,49993.949,50102.602,49693.352,50002,48327.060799038496,154981105
2024-06-18,50194.352,50562.148,49900.199,50440.898,48393.118211568544,189237872
2024-06-19,50607.898,51957,50441.75,51398.051,48487.022361207026,435312462
2024-06-20,51712.898,51842.199,51281.5,51783.25,48590.029474919305,235938598
2024-06-21,51927.301,51934.352,51224.949,51661.449,48686.011335078074,289444673
2024-06-24,51280.25,51783.949,51138.898,51703.949,48780.32188710688,176606126
2024-06-25,51759.449,52746.5,51747.648,52606,48899.87432813479,204026702
2024-06-26,52653.199,52988.301,52373.699,52870.5,49023.95638038058,214289918
2024-06-27,52980.301,53180.75,52639,52811.301,49142.31089974369,332885647
2024-06-28,52874.949,53030.301,52242.301,52342.25,49242.3089966267,244632703
2024-07-01,52351.148,52656.148,52166.051,52574.75,49346.44777798212,139055322
2024-07-02,52793.75,52828.449,51996.648,52168.102,49434.624472420175,194676008
2024-07-03,52872.301,53256.699,52482.648,53089.25,49548.831520157044,332402593
2024-07-04,53357.699,53357.699,52815.898,53103.699,49659.92112890213,163672180
2024-07-05,52560.102,52817.852,52290.051,52660.352,49753.68459362394,199567941
2024-07-08,52533.102,52710.801,52246.699,52425.801,49837.18823132319,158002550
2024-07-09,52390.5,52626.602,52292.949,52568.801,49922.55113034434,145059721
2024-07-10,52528.801,52528.801,52075.398,52189.301,49993.38706377108,228018571
2024-07-11,52316.898,52400.301,51749.449,52270.648,50064.551468028236,138311489
2024-07-12,52272.648,52794.551,52171.148,52278.898,50133.749797152355,170981035
2024-07-15,52330.051,52662.25,52154,52455.898,50206.316928491346,186148129
2024-07-16,52466.699,52619.051,52331.602,52396.801,50274.769555725994,158801629
2024-07-18,52215.051,52782.75,52168.648,52620.699,50348.079850859554,139447000
2024-07-19,52531.551,52586.75,52146.301,52265.602,50408.002418020194,134136064
2024-07-22,52145.602,52427,51874.551,52280.398,50466.51477995706,175252965
2024-07-23,52511,52547.551,51342.648,51778.301,50507.508099333405,207779807
2024-07-24,51657.648,51944.648,50784.25,51317,50532.80472122924,292240419
2024-07-25,50762.301,51006.102,50559.898,50888.75,50543.92801119082,188408002
2024-07-26,50456.102,51398.602,50438.301,51295.949,50567.42866709111,215682852
2024-07-29,51546.648,52340.25,51186.949,51406.25,50593.641833744514,513698890
2024-07-30,51383.898,51957.75,51260.051,51499.301,50621.94368269,235230150
2024-07-31,51583.449,51663.102,51335.699,51553.398,50651.05163010593,219033329
2024-08-01,51672.602,51877.148,51456.199,51564,50679.581266665125,156350445
2024-08-02,51172.25,51608.699,51087.852,51350.148,50700.53647708184,162974928
2024-08-05,50586.25,50747.551,49719.102,50092.102,50681.52289967304,257765967
2024-08-06,50436.898,50688.801,49659.051,49748.301,50652.35971530825,162841378
2024-08-07,50286.199,50292.449,49782.199,50119,50635.69222420487,170992476
2024-08-08,50051.898,50440.75,49829.602,50156.699,50620.72368594847,124815472
2024-08-09,50612.102,50707.75,50386.449,50484.5,50616.46669576258,120151553
2024-08-12,50412.602,50830.699,50149.25,50577.949,50615.26301777,163540890
2024-08-13,50395.352,50559.25,49785.102,49831.852,50590.78142346469,148944173
2024-08-14,49887.148,49959.25,49654.648,49727.301,50563.797660231416,137132065
2024-08-16,50133,50603.398,49806.051,50516.898,50562.33204584919,130691206
2024-08-19,50683.551,50728.25,50283.551,50368.352,50556.2701694164,115323210
2024-08-20,50417.25,51025.602,50398.602,50803.148,50563.98510162214,144159443
2024-08-21,50666.648,50772.449,50333.352,50685.551,50567.784035946446,180795768
2024-08-22,50894.801,51080,50794.449,50985.699,50580.84387857312,133056374
2024-08-23,51040.051,51117.852,50856.699,50933.449,50591.86278861771,88479768
2024-08-26,51100.648,51317.852,51061.551,51148.102,50609.24526397341,100320793
2024-08-27,51214.051,51404.699,50938.102,51278.75,50630.16728697424,111416843
2024-08-28,51208.949,51260.75,51033.699,51143.852,50646.219934256296,128085581
2024-08-29,51103.75,51368.949,50984.398,51152.75,50662.04899881079,143629783
2024-08-30,51437.449,51466.551,51256,51351,50683.57871759795,478573056
2024-09-02,51579.5,51579.5,51295.801,51439.551,50707.20285142301,150152857
2024-09-03,51479.75,51750.102,51240.051,51689.102,50737.88719981604,127204798
2024-09-04,51364.648,51503.551,51259.898,51400.25,50758.58603732179,159700071
2024-09-05,51544.25,51636.75,51389.148,51473.051,50780.91306740548,129639285
2024-09-06,51200.398,51380.051,50447.301,50576.852,50774.536159049065,185967220
2024-09-09,50549.25,51192.75,50369.398,51117.801,50785.26318532878,172392082
2024-09-10,51328.3,51366,50958.25,51272.3,50800.48308578726,119254409
2024-09-11,51218.551,51420.148,50947.699,51010,50807.03048935641,145073630
2024-09-12,51271,51878.102,51025,51772.398,50837.19822406402,127898149
2024-09-13,51952.55,51994.1,51643.95,51938.05,50871.59984206202,151963664
2024-09-16,52038.7,52208.7,51921.45,52153.15,50911.64828449758,93777745
2024-09-17,52249.05,52284.6,52085.5,52188.65,50951.554588107036,111430870
2024-09-18,52177.1,52954.2,52154.55,52750.4,51007.76850722869,205126988
2024-09-19,52929.25,53353.3,52847.9,53037.6,51071.2007413778,164882787
2024-09-20,53235.8,54066.1,53037.6,53793.2,51156.263218209744,271883692
2024-09-23,53917.9,54197.95,53741.4,54105.8,51248.43624264069,163673628
2024-09-24,54110.65,54247.7,53904.65,53968.6,51333.44136005817,192600707
2024-09-25,53794,54141.3,53792.85,54101.65,51419.94788005635,184559680
2024-09-26,54045.85,54467.35,54010.9,54375.35,51512.30419630459,170534996
2024-09-27,54338.7,54338.7,53763.2,53834.3,51584.86656517007,217415265
2024-09-30,53556.95,53726.4,52926.55,52978.1,51628.405110008505,190319755
2024-10-01,52844,53235.25,52817.8,52922.6,51668.84870032074,240165035
2024-10-03,52314.45,52582.95,51683.4,51845.2,51674.35967843572,272327853
2024-10-04,51643.75,52358.35,51347.25,51462.05,51667.7250009846,255769234
2024-10-07,51543.2,51784.8,50194.3,50478.9,51630.574219703834,328679712
2024-10-08,50736.1,51176.05,50466,51021,51611.52502533809,153214037
2024-10-09,51161.75,51707.15,50903.75,51007,51592.63361829627,310003563
2024-10-10,51195.7,51659.45,51047,51530.9,51590.70444272451,123685597
2024-10-11,51491.9,51560,51005.85,51172.3,51577.62930388937,109416180
2024-10-14,51263.25,51893,51220.85,51816.9,51585.106513142826,126590926
2024-10-15,51975.95,52022.05,51698.75,51906,51595.13443460711,101408546
2024-10-16,51711.2,52031.6,51711.2,51801.05,51601.56929602564,94424408
2024-10-17,51849.3,51930.2,51150.25,51288.8,51591.79525552484,107821058
2024-10-18,51261,52199.45,51000.9,52094.2,51607.49540378969,139076902
2024-10-21,52361.1,52577.5,51855.15,51962.7,51618.59554742126,145727673
2024-10-22,52071.35,52257.3,51179.6,51257.15,51607.30037406435,203947181
2024-10-23,51117.8,51551.55,51107.9,51239,51595.790987374836,208111850
2024-10-24,51272.3,51781.55,51201.85,51531.15,51593.77095651937,171818678
2024-10-25,51369.75,51501.05,50382.1,50787.45,51568.57342662814,271735399
2024-10-28,51061.35,51589.15,51012.55,51259.3,51558.90863204601,447571902
2024-10-29,51404.1,52354.85,51278.9,52320.7,51582.71461229457,374629247
2024-10-30,51988.7,52220,51733,51807.5,51589.73915566037,247658224
2024-10-31,51649.45,52005.6,51318.1,51475.35,51586.164494545985,319910762
2024-11-01,51550.15,51825.5,51459.4,51673.9,51588.90622909142,51350377
2024-11-04,51764.5,51764.5,51066.8,51215.25,51577.22947193232,320472374
2024-11-05,51052.6,52289.55,50865.45,52207.25,51596.91761343443,244983932
2024-11-06,52440.4,52493.95,52185.4,52317.4,51619.4326880146,219097414
2024-11-07,52258.95,52377.25,51752.25,51916.5,51628.71604151415,160476603
2024-11-08,51869.15,52007.15,51494,51561.2,51626.60616521683,157226476
2024-11-11,51562.7,52177.7,51294.2,51876.75,51634.423160053804,160694052
2024-11-12,52053.75,52169.05,51006.85,51157.8,51619.528686302125,131415636
2024-11-13,51030.95,51353.5,49904.4,50088.35,51571.67935235518,207050329
2024-11-14,50053.45,50561.8,49939.35,50179.55,51528.175310094084,133887043
2024-11-18,50312.45,50445.8,50074,50363.8,51491.78858165364,161525597
2024-11-19,50580.55,50983.5,50440.85,50626.5,51464.748313476965,185755396
2024-11-21,50625,50652.15,49787.1,50372.9,51430.62805368081,254623745
2024-11-22,50512.8,51271.5,50508.25,51135.4,51421.402177003285,183377690
2024-11-25,52046.35,52331.1,51774.05,52207.5,51445.967733971935,458462507
2024-11-26,52554.9,52555.5,51999.75,52191.5,51469.26561728531,113118684
2024-11-27,52154.3,52444.35,52019.65,52301.8,51495.28231674514,151590455
2024-11-28,52389.95,52760.2,51782.9,51906.85,51508.143806846856,172034869
2024-11-29,51984.15,52170.9,51759.45,52055.6,51525.25181288289,139625360
2024-12-02,52087.65,52197.25,51693.95,52109,51543.4939437303,102500670
2024-12-03,52357.95,52780.9,52216.85,52695.75,51579.50194548872,173561594
2024-12-04,52775,53387.1,52685.15,53266.9,51632.2331346922,228584540
2024-12-05,53354.45,53888.3,52850.35,53603.55,51693.83678673307,155605811
2024-12-06,53634.2,53868.5,53160.65,53509.5,51750.57626214766,209369122
2024-12-09,53380.75,53775.1,53326.4,53407.75,51802.36294145555,121821865
2024-12-10,53450.05,53624.05,53302.65,53577.7,51857.84222453506,121836590
2024-12-11,53459.3,53648.05,53302.15,53391.35,51905.76434251834,101587795
2024-12-12,53201,53537.45,53174.4,53216.45,51946.72326931464,99473861
2024-12-13,53109.8,53654,52264.55,53583.8,51997.88191714856,139912483
2024-12-16,53502.5,53738.9,53335,53581.35,52047.36529473767,85755127
2024-12-17,53394.1,53515.7,52709.4,52834.8,52071.972629277116,116219553
2024-12-18,52696.95,52827.6,52010.65,52139.55,52074.0844221122,149536630
2024-12-19,51428.45,51789.85,51263.75,51575.7,52058.509908921194,145941694
2024-12-20,51401.35,51629,50609.35,50759.2,52017.90647426741,228200799
2024-12-23,51044.4,51417.35,51030.4,51317.6,51996.02189694655,110847696
2024-12-24,51314.95,51382.1,51137.5,51233,51972.17746266697,112046629
2024-12-26,51395.8,51740,50951.8,51170.7,51947.13129195863,91270844
2024-12-27,51268.2,51628.45,51240.1,51311.3,51927.26156408492,78171919
2024-12-30,51255.35,51979.75,50718.35,50952.75,51896.80807770726,316292024
2024-12-31,50648.2,50945.55,50599.8,50860.2,51864.41407527891,105274010
2025-01-01,50841.9,51321.95,50485.05,51060.6,51839.29488542645,81129924
2025-01-02,51084.95,51672.75,50992.8,51605.55,51831.99035775687,134402813
2025-01-03,51567.15,51671.6,50904.35,50988.8,51805.64065907697,148238026
2025-01-06,50990.65,51026.1,49751,49922,51746.77688848082,184590426
2025-01-07,50061.2,50447.6,49969.3,50202.15,51698.507298215794,103825140
2025-01-08,50201.75,50246.9,49389.75,49835.05,51640.27425764655,131178850
2025-01-09,49712.55,49798.1,49230.15,49503.5,51573.500062095096,136379631
2025-01-10,49426.5,49483.15,48631.2,48734.15,51484.770372654624,142386637
2025-01-13,48264.25,48606.35,47898.35,48041.25,51377.16036100917,168780899
2025-01-14,48266.9,49007.35,48235.2,48729.15,51294.41003722763,151923269
2025-01-15,48832.75,49083.65,48522.4,48751.7,51214.95034856426,145112403
2025-01-16,49082.9,49459,49038.45,49278.7,51154.44252517163,146732136
2025-01-17,48959.5,49047.2,48309.5,48540.6,51072.75994626002,130598508
2025-01-20,48834.15,49650.6,48683.6,49350.8,51018.94869793939,173115109
2025-01-21,49532,49543.15,48430.95,48570.9,50942.447176128786,134686328
2025-01-22,48689.55,48781.75,48074.05,48724.4,50873.13320187476,151683951
2025-01-23,48770.15,48892.7,48493,48589,50801.754039316176,124573638
2025-01-24,48546.05,48858.65,48203,48367.8,50725.692975587546,139948431
2025-01-27,47881.65,48319.2,47844.15,48064.65,50642.535382600436,271808231
2025-01-28,48642.5,49247.15,48449.05,48866.85,50587.04521439417,299944475
2025-01-29,48997.2,49199.65,48849.8,49165.95,50542.635988944356,177169221
2025-01-30,49206.2,49426.2,49031.8,49311.95,50504.17705178985,197906088
2025-01-31,49259.65,49674.8,49031.8,49587.2,50475.521518921414,232021331
2025-02-01,49592.55,50009.5,48925.45,49506.95,50445.25365895512,118009351
2025-02-03,49074.8,49373.45,48906.05,49210.55,50406.66916961277,122888691
2025-02-04,49538.8,50206.6,49482.5,50157.95,50398.89669556237,155659931
2025-02-05,50402.3,50522.15,50215.45,50343.05,50397.151486326045,148953623
2025-02-06,50468.35,50553.35,50149.8,50382.1,50396.68112737835,158402021
2025-02-07,50484.45,50641.75,49871.15,50158.85,50389.24890464778,178726541
2025-02-10,50052.5,50155.65,49703.1,49981,50376.491126377536,98420678
2025-02-11,49812.15,49906.75,49177.4,49403.4,50346.08202867824,127015655
2025-02-12,49402.25,49702.35,48734.35,49479.45,50318.999777782046,136468017
2025-02-13,49469.35,49836.1,49276.1,49359.85,50289.026347226354,118606192
2025-02-14,49485.65,49592.95,48719.75,49099.45,50251.85208637553,130641404
2025-02-17,48880.4,49319,48525.6,49258.9,50220.8223336763,114805488
2025-02-18,49211.85,49328.55,48814.95,49087.3,50185.399760748915,107781259
2025-02-19,48895.35,49628.25,48804,49570.1,50166.17164322551,113250369
2025-02-20,49314.1,49455.8,49150.95,49334.55,50140.18346687472,111960237
2025-02-21,49127.95,49306.55,48764,48981.2,50103.96523353488,95345014
2025-02-24,48619.8,48748.4,48281.9,48651.95,50058.589757486916,95748720
2025-02-25,48691.2,48862.15,48534.15,48608.35,50013.26976506545,106651228
2025-02-27,48732.2,48972.55,48627.1,48743.8,49973.598834907156,186728631
2025-02-28,48437.55,48574.5,48078.7,48344.7,49922.695746316305,287716653
2025-03-03,48478.6,48574.7,47841.3,48114.3,49866.18337924392,151025906
2025-03-04,47942.5,48374.9,47924.75,48245.2,49815.52764864255,139300167
2025-03-05,48241.3,48657.65,48190.25,48489.95,49774.10334712247,127803810
2025-03-06,48760,48839.1,48299.4,48627.7,49738.278242524895,137393647
2025-03-07,48463.8,48709.05,48359.35,48497.5,49699.50392244599,106040439
2025-03-10,48312,48599.15,48124.65,48216.8,49653.16942486956,123771352
2025-03-11,47874.8,48029.05,47702.9,47853.95,49596.94381784238,222380296
2025-03-12,47894.4,48222.15,47844.95,48056.65,49548.809636034806,243281505
2025-03-13,48219.15,48352.45,48006.1,48060.4,49502.29683490872,145864976
2025-03-17,48219.55,48481.35,48196.1,48354.15,49466.41724631782,131272921
2025-03-18,48792.9,49400.3,48629.45,49314.5,49461.66983237039,146550294
2025-03-19,49375.4,49807.55,49324.8,49702.6,49469.198900108815,137635415
2025-03-20,49947.6,50155.3,49771.65,50062.85,49487.750496980414,115743962
2025-03-21,49927.1,50672.15,49891.95,50593.55,49522.306731449775,225498916
2025-03-24,50982.7,51801.15,50795.9,51704.95,49590.51433359197,180444979
2025-03-25,51874.2,52063.95,51429.6,51607.95,49653.55919816722,185197665
2025-03-26,51640.05,51875.8,51069.15,51209,49702.166723224494,152895952
2025-03-27,51084.7,51714.35,51050.85,51575.85,49760.71932562373,415772852
2025-03-28,51608.4,51839.1,51335.35,51564.85,49817.09840919799,171152969
2025-04-01,51178.15,51683.85,50742,50827.5,49848.673458910554,176322972
2025-04-02,50966.9,51404.2,50908.35,51348.05,49895.5289758196,149906457
2025-04-03,50910,51661.6,50906.65,51597.35,49948.71088282524,291159558
2025-04-04,51711.6,51893.6,51360.4,51502.7,49997.27304273695,189607641
2025-04-07,49336.1,50426.25,49156.95,49860.1,49992.986385151424,236789593
2025-04-08,50388.55,50793.7,50030.8,50511,50009.17431061544,162259279
2025-04-09,50487.1,50496.9,49910.85,50240.15,50016.39230090871,141787861
2025-04-11,50634.1,51244.7,50634.1,51002.35,50047.203479005315,139974934
2025-04-15,52299,52486.35,51863.3,52379.5,50120.0877452864,203761353
2025-04-16,52690.9,53164.45,52471.35,53117.75,50213.764690746204,200504101
2025-04-17,53153.75,54407.2,53084.9,54290.2,50341.15329416039,294946433
2025-04-21,54891.25,55461.65,54674.95,55304.5,50496.25787871787,267372839
2025-04-22,55414.3,55961.2,55243.55,55647.2,50657.22482000794,276879053
2025-04-23,56097.1,56098.7,55162.5,55370.05,50804.50060688269,245520423
2025-04-24,55103.9,55550.45,55088.4,55201.4,50941.90371291761,233218409
2025-04-25,55233.55,55350.55,54176.45,54664.05,51058.220784388934,210766304
2025-04-28,54610.3,55577.4,54582.35,55432.8,51194.92638487678,178630188
2025-04-29,55524.35,55957.75,55262.4,55391.25,51326.06149784938,193903416
2025-04-30,55382.4,55478.25,54723.7,55087.15,51443.59551354159,193527310
2025-05-02,55100.95,55691.95,54994.4,55115.35,51558.33784124342,154187346
2025-05-05,55065.8,55345.5,54786.5,54919.5,51663.37415870456,139409242
2025-05-06,54918.25,55036.95,54172.95,54271.4,51744.87496624504,198690472
2025-05-07,54013.4,54684.3,53919.9,54610.9,51834.438248549886,268883957
2025-05-08,54801.75,54937.25,54108,54365.65,51913.5386157827,302197374
2025-05-09,53595.95,54054.8,53483.05,53595.25,51966.09209653949,179290315
2025-05-12,54658.75,55466.3,54558.05,55382.85,52072.86578102263,199594158
2025-05-13,55233.5,55499.65,54888.5,54940.85,52162.49028786567,190035885
2025-05-14,55008.55,55208.6,54491,54801.3,52244.95309136987,145169571
2025-05-15,54853.7,55490.55,54442.3,55355.6,52342.16080726456,138421253
2025-05-16,55276,55418.9,55170.25,55354.9,52436.30890703754,136045212
2025-05-19,55326.05,55695.55,55296.55,55420.7,52529.571128692616,138063909
2025-05-20,55445.3,55568.35,54829.45,54877.35,52602.93921842097,143426306
2025-05-21,55060.2,55336.85,54690.8,55075.1,52680.19424284532,119459912
2025-05-22,54875.9,54996.1,54576.6,54941.3,52750.853797756405,148227670
2025-05-23,54959.3,55441.3,54854.5,55398.25,52833.58492907652,88891444
2025-05-26,55534.9,55875.75,55307.5,55572,52919.16040004288,90838669
2025-05-27,55458.95,55831.35,55037.85,55352.8,52995.211637541535,145380504
2025-05-28,55328.6,55521.8,55235.55,55417,53070.89252386836,128321511
2025-05-29,55571.4,55782.75,55096.45,55546.05,53148.24119499747,185730254
2025-05-30,55615.55,55813.3,55356.6,55749.7,53229.5367826538,281056831
2025-06-02,55598.25,55966.3,55400.55,55903.4,53313.095008195865,211302101
2025-06-03,56104.8,56161.4,55455.8,55599.95,53384.559226689744,212808078
2025-06-04,55650.35,55791,55408.35,55676.85,53456.19331335569,151488202
2025-06-05,55806.75,56010.15,55580.45,55760.85,53528.21383481332,141281084
2025-06-06,55699.45,56695,55534.75,56578.4,53623.5321524754,347023400
2025-06-09,57049.5,57049.5,56792.7,56839.6,53724.034272710545,207484622
2025-06-10,56993.9,57015.4,56564.15,56629.1,53814.81757668834,145969879
2025-06-11,56639.85,56782.5,56399.4,56459.75,53897.471714916835,135259963
2025-06-12,56480.9,56611.05,55968.5,56082.55,53965.755411325685,135273988
2025-06-13,55149.3,55688,55149.3,55527.35,54014.55524222176,142013350
2025-06-16,55554.1,55999.85,55381.45,55944.9,54074.87851590233,107684846
2025-06-17,55975,56067.3,55643.95,55714.15,54126.105749780385,106308600
2025-06-18,55544.95,55933.6,55511.8,55828.75,54179.31338259975,116387466
2025-06-19,55784.85,55942.45,55475.45,55577.45,54223.00515189351,131337052
2025-06-20,55566.7,56328.2,55566.4,56252.85,54286.43780339683,161498033
2025-06-23,55832.35,56233.55,55779.25,56059.35,54341.84130954068,86815983
2025-06-24,56529.45,56862,56276.15,56461.9,54408.09314361753,132949497
2025-06-25,56564.5,56681.4,56420.65,56621.15,54477.25117037948,98673656
2025-06-26,56693.55,57263.45,56558.35,57206.7,54562.546446305125,176543280
2025-06-27,57234.7,57475.4,56993.85,57443.9,54652.58874485809,237982623
2025-06-30,57529.95,57614.5,57193.8,57312.75,54735.71878408128,182974016
2025-07-01,57375.8,57533.85,57150.35,57459.45,54820.835384578735,283276197
2025-07-02,57558.2,57628.4,56833.8,56999.2,54888.90927881065,169590882
2025-07-03,57050.4,57193.25,56764.1,56791.95,54948.37930134781,149891510
2025-07-04,56825.25,57075.1,56623.6,57031.9,55013.48932318069,93858205
2025-07-07,56938.7,57152.2,56838.55,56949.2,55073.9802818313,103275989
2025-07-08,56942.55,57303.3,56923.05,57256.3,55142.17777302407,105496181
2025-07-09,57199.75,57290.65,57037.9,57213.55,55206.90815511707,91106919
2025-07-10,57339.75,57363.7,56886.6,56956,55261.567275269656,101997889
2025-07-11,56843.45,57091.05,56607.75,56754.7,55308.22767291748,95543477
2025-07-14,56780.75,56896.3,56594.25,56765.35,55353.76274563881,123043716
2025-07-15,56709.2,57134.95,56707.8,57006.65,55405.4154723376,124577638
2025-07-16,57111.25,57276.55,56937.6,57168.95,55460.52592632705,161253321
2025-07-17,57231.95,57262.85,56780.15,56828.8,55503.28449112933,129763690
2025-07-18,56524.25,56705.15,56204.85,56283,55527.65060078154,141249347
2025-07-21,56558.9,56983.45,56255.7,56952.75,55572.18495700712,133656637
2025-07-22,57253.35,57286.15,56692,56756,55609.17917710065,132755588
2025-07-23,56918.15,57249,56715.8,57210.45,55659.21889031625,129781223
2025-07-24,57316.6,57316.6,56850.9,57066.05,55703.18236249387,179807625
2025-07-25,57170.7,57170.7,56439.4,56528.9,55728.986038665935,125071034
2025-07-28,56215.1,56578.4,55997.45,56084.9,55740.10834995763,145685401
2025-07-29,55881.8,56296.4,55843.25,56222,55755.16746402145,145111592
2025-07-30,56310.1,56321.15,56064.55,56150.7,55767.52785577078,139650524
2025-07-31,55728.15,56406.2,55547.35,55961.95,55773.603547777944,182793120
2025-08-01,55897.15,56097.6,55562.1,55617.6,55768.728436909885,98888023
2025-08-04,55557.5,55752.45,55437.3,55619.35,55764.06036075645,131113299
2025-08-05,55545.05,55648.15,55202.85,55360.25,55751.44128698281,105715243
2025-08-06,55329.8,55559.4,55227.7,55411.15,55740.807184264595,117597509
2025-08-07,55215.65,55614.8,54973.55,55521.15,55733.942897256326,95473822
2025-08-08,55609.35,55652.6,54905.6,55004.9,55711.160306717065,97278488
2025-08-11,54999.35,55582.15,54927.55,55510.75,55704.89748463216,105180632
2025-08-12,55441.1,55566.7,55001.5,55043.7,55684.2350632374,74654204
2025-08-13,55340.05,55340.05,55026.95,55181.45,55668.52303001123,80068987
2025-08-14,55102.55,55472.8,55074.3,55341.85,55658.31449782338,74186271
2025-08-18,55940.6,56156.3,55647.65,55734.9,55660.7077947664,101715772
2025-08-19,55622.3,55965.55,55608.15,55865.15,55667.09661367995,89334976
2025-08-20,55751.5,55812.6,55577.35,55698.5,55668.07796950245,69080256
2025-08-21,55972.05,55993.65,55708.2,55755.45,55670.808345455494,70335704
2025-08-22,55669.25,55745,55102.6,55149.4,55654.51433466001,77141295
2025-08-25,55147.75,55306,55048.4,55139.3,55638.413886701885,88631811
2025-08-26,54999.05,55068.9,54396.1,54450.45,55601.29001524245,123812430
2025-08-28,54256,54382.25,53768.45,53820.35,55545.63563976612,134329841
2025-08-29,53660.35,54086,53606.45,53655.65,55486.57358852343,103888450
2025-09-01,53658.15,54035.85,53658.15,54002.45,55440.19472638208,78043463
2025-09-02,54038.25,54160.95,53578,53661,55384.594891182634,77543435
2025-09-03,53630.75,54136.15,53561.75,54067.55,55343.43723833318,100090205
2025-09-04,54379.6,54450.55,53971.85,54075.45,55303.81263713527,120031588
2025-09-05,54308.05,54308.05,53719.55,54114.55,55266.64817972479,79909524
2025-09-08,54215.4,54518.7,54067.15,54186.9,55232.906049108395,76257333
2025-09-09,54330.55,54350.65,54079.45,54216.1,55201.130860073754,93756212
2025-09-10,54554.75,54705.2,54400,54536,55180.34552069645,116930374
2025-09-11,54413.05,54757.45,54402.4,54669.6,55164.384723174684,96854156
2025-09-12,54781.55,54852.25,54580.35,54809.3,55153.28832557548,80119831
2025-09-15,54884.05,55018.7,54807.5,54887.85,55144.99337790124,72024180
2025-09-16,54778.4,55185.45,54777.75,55147.6,55145.07483484183,98659319
2025-09-17,55158.35,55540.75,55146.55,55493.3,55155.95687125302,155327382
2025-09-18,55797.1,55835.25,55490.9,55727.45,55173.81603152637,134323012
2025-09-19,55647.95,55688.75,55355.3,55458.85,55182.723343041165,190004775
2025-09-22,55429.3,55666.35,55215.6,55284.75,55185.911676071126,118640313
2025-09-23,55248.7,55662,55159,55509.75,55196.0316236939,171202052
2025-09-24,55387.1,55511.1,55040.45,55121.5,55193.70251045347,171980461
2025-09-25,55061.65,55276.65,54903.3,54976.2,55186.905557001795,158420883
2025-09-26,54797.9,54897,54310.95,54389.35,55161.98194584549,127686862
2025-09-29,54460.4,54686.05,54226.6,54461,55140.076260037815,218344229
2025-09-30,54705.5,54793.05,54502.95,54635.85,55124.31918941163,206876041
2025-10-01,54653.9,55406.75,54582.55,55347.95,55131.30765224252,172989699
2025-10-03,55182.6,55616.45,55177,55589.25,55145.61835060994,156863037
2025-10-06,55834.7,56164.2,55727.25,56104.85,55175.59433965338,162639435
2025-10-07,56126.4,56502.45,56025.05,56239.35,55208.83670403921,153742467
2025-10-08,56098.5,56303.6,55821,56018.25,55234.130869537985,133591450
2025-10-09,55979,56286.25,55843.9,56192.05,55264.06584236492,118029500
2025-10-10,56168.6,56760.25,56152.45,56609.75,55306.11847229102,162952571
2025-10-13,56337.05,56770.9,56327.4,56625,55347.33352003193,123486993
2025-10-14,56598.65,56721.3,56230.15,56496.45,55383.24341003093,129845019
2025-10-15,56528.95,56922.7,56491.85,56799.9,55427.513928467466,123701247
2025-10-16,57139.95,57525.8,56994.7,57422.55,55489.85880570286,148601313
2025-10-17,57362.9,57830.2,57238.65,57713.35,55559.342905524645,147161418
2025-10-20,57872.85,58261.55,57872.85,58033.2,55636.650939727,341715407
2025-10-21,58063.4,58155.55,57887.2,58007.2,55710.73059786053,38968242
2025-10-23,58314.55,58577.5,57951.45,58078.05,55784.709329177385,291556210
2025-10-24,58172.75,58232.9,57482.05,57699.6,55844.549662640595,132081008
2025-10-27,57796.45,58224.55,57652.75,58114.25,55915.47779818308,153027019
2025-10-28,58006.55,58313.8,57770.35,58214.1,55987.309741989855,256079447
2025-10-29,58316.25,58469.9,58087.05,58385.25,56062.24537505267,151847243
2025-10-30,58152.05,58331.2,57999.2,58031.1,56123.77208208227,222993699
2025-10-31,57942.45,58254.95,57656.95,57776.35,56175.4151420172,307922255
2025-11-03,57726.85,58247.55,57718.4,58101.45,56235.60373132916,204665357
2025-11-04,57966.65,58119.65,57732.95,57827.05,56285.33642722512,168559617
2025-11-06,57714.8,57945.05,57521,57554.25,56324.98997637434,170428684
2025-11-07,57391.4,58001.35,57157.85,57876.8,56373.48403961264,142423718
2025-11-10,57846.2,58097.2,57846.2,57937.55,56422.36110087475,123385793
2025-11-11,57962.3,58187.35,57594.25,58138.15,56475.97950397241,119589571
2025-11-12,58505.35,58507.7,58171.85,58274.65,56532.18795697328,149265514
2025-11-13,58158.75,58615.95,58127.1,58381.95,56589.99302081786,121244767
2025-11-14,58050,58590.15,58050,58517.55,56650.229176417306,114807987
2025-11-17,58696.3,59001.55,58605.3,58962.7,56722.493889654266,157460315
2025-11-18,58990.5,59103.65,58798.9,58899.25,56790.51751810257,145542247
2025-11-19,58908.15,59264.25,58688.55,59216.05,56866.31540816186,149831471
2025-11-20,59308.2,59440.1,59125.25,59347.7,56943.858676656804,120021307
2025-11-21,59116.7,59232.15,58823.65,58867.7,57003.978718011276,121382744
2025-11-24,58996.9,59309.9,58649.5,58835.35,57061.20907057342,190388710
2025-11-25,58925.65,59166.15,58746.2,58820.3,57116.180662118,137380135
2025-11-26,58783.05,59554.95,58783.05,59528.05,57191.55157892681,140180988
2025-11-27,59605.3,59866.6,59523,59737.3,57271.10621708535,137809670
2025-11-28,59758.7,59897.5,59598.95,59752.7,57348.65602280143,100023044
2025-12-01,60102.05,60114.3,59527.6,59681.35,57421.55270958888,122326469
2025-12-02,59354.2,59656.55,59251.95,59273.8,57479.43543741423,207110345
2025-12-03,59158.7,59414.9,58925.7,59348.25,57537.83589249503,166403478
2025-12-04,59287.1,59548.7,59062.15,59288.7,57592.55039585456,109589024
2025-12-05,59133.2,59806.6,59106.55,59777.2,57660.820695984105,119481620
2025-12-08,59672.05,59713.15,59030.6,59238.55,57710.1247367346,131203623
2025-12-09,58918.85,59358.25,58878.45,59222.35,57757.381776211645,137801477
2025-12-10,59281.55,59440.9,58853.9,58960.4,57794.97609570503,105165395
2025-12-11,58966.2,59423.35,58799.9,59209.85,57839.19090521425,96941328
2025-12-12,59401.5,59545.7,59224.85,59389.95,57887.6521269263,107708486
2025-12-15,59053.7,59533,59052.3,59461.8,57936.84424795986,125225674
2025-12-16,59288.75,59335.25,58966.35,59034.6,57971.14911521111,123339470
2025-12-17,59072.8,59127.2,58801.4,58926.75,58001.011642860765,132704071
2025-12-18,58712.7,59211,58712.7,58912.85,58029.50659152136,97400429
2025-12-19,59047.4,59140.55,58897.5,59069.2,58061.99701053632,179050841
2025-12-22,59224.75,59371.2,59155.5,59304,58100.80960395706,114820013
2025-12-23,59334.35,59402.35,59216.75,59299.55,58138.270241333405,91776313
2025-12-24,59322.95,59478.15,59118.25,59183.6,58170.93679629174,82531128
2025-12-26,59092.85,59180.65,58947.05,59011.35,58197.199708907625,72911531
2025-12-29,59007.05,59140.4,58809.55,58932.35,58220.173155504264,106916404
2025-12-30,58885.95,59272.7,58737.6,59171.25,58249.894306894756,597175409
2025-12-31,59194.6,59766.2,59187.1,59581.85,58291.517922304294,198772944
2026-01-01,59674.8,59743.2,59569.65,59711.55,58335.893924732285,110131396
2026-01-02,59757.4,60203.75,59738.25,60150.95,58392.6144270844,250440812
2026-01-05,60360.4,60437.35,59859.8,60044.2,58444.226476238015,318529309
2026-01-06,59957.8,60305,59844.8,60118.4,58496.54439885558,295387172
2026-01-07,60039.7,60065.4,59760.65,59990.85,58543.24144889134,376309588
2026-01-08,59893.15,60112.85,59564.8,59686.5,58578.96827861349,312854042
2026-01-09,59558.15,59739.65,59154.2,59251.55,58599.98645740681,272495773
2026-01-12,59217.25,59541.1,58864.2,59450.5,58626.56500561285,262444337
2026-01-13,59767.55,59767.55,59312.05,59578.8,58656.32234918745,234340041
2026-01-14,59330.35,59796.65,59324.2,59580.15,58685.19196327534,341456051
2026-01-16,59590.35,60235.15,59510.5,60095.15,58729.25315192299,478076895
2026-01-19,60093.3,60107.5,59594.6,59891.35,58765.56867842539,492939689
2026-01-20,59851.4,59993.5,59283.95,59404.2,58785.5259072246,396050764
2026-01-21,59142,59447.35,58278.6,58800.3,58785.987597623825,331731071
2026-01-22,59194.25,59573.1,58823.05,59200.1,58798.92861019808,300681497
2026-01-23,59305.15,59400.15,58346.25,58473.1,58788.74646612939,323378832
2026-01-27,58366.05,59436.8,58121.6,59205.45,58801.76845156285,388807148
2026-01-28,59575.65,59699.9,59240.1,59598.8,58826.67568745151,289254779
2026-01-29,59416.25,60060.7,59339,59957.85,58862.02488471865,617356910
2026-01-30,59542.25,59906.9,59501.8,59610.45,58885.41316957119,317798499
2026-02-01,59607.65,59865.7,57783.2,58417.2,58870.78150802209,204312522
2026-02-02,58239.3,58687.05,57829.85,58619,58862.9133358964,282473569
2026-02-03,61411.2,61764.85,59793.2,60041.3,58899.737919149644,368345752
2026-02-04,60163.35,60389.4,59891.75,60238.15,58941.56329667622,255627301
2026-02-05,60315.35,60328.3,59881.05,60063.65,58976.62850615509,231379745
2026-02-06,59967.1,60149.9,59644.55,60120.55,59012.37605283774,204838843
2026-02-09,60805.2,60876.2,60495.7,60669.35,59064.15648868656,263383179
2026-02-10,60740.8,60797.55,60531.55,60626.4,59112.9765984151,215859015
2026-02-11,60670.25,60779.95,60444.65,60745.35,59163.98826721463,235120784
2026-02-12,60786.15,60864.4,60597.65,60739.75,59213.230821364166,266999047
2026-02-13,60504.4,60621.9,60073.55,60186.65,59243.650170696535,236603159
2026-02-16,59947.8,61011.3,59861.1,60949.1,59296.94547786227,168628013
2026-02-17,60821.15,61241.6,60560,61174,59355.60343167907,264042737
2026-02-18,61255.35,61596.85,61100.9,61550.8,59424.2033244391,218063267
2026-02-19,61660.85,61678.8,60592.9,60739.55,59465.307908050374,190638669
2026-02-20,60627.85,61360.5,60562.35,61172,59518.642035923796,219798497
2026-02-23,61145.55,61517.8,61029.15,61264.25,59573.192284801175,841881403
2026-02-24,61392.1,61435.65,60801.85,61047.3,59619.258150901136,587726979
2026-02-25,61175.05,61317.55,60816.75,61043.35,59663.76102118548,321648989
2026-02-26,61193.9,61284.75,60813.3,61187.7,59711.38411427343,602742091
2026-02-27,61057.45,61086.45,60438.95,60529,59736.93461070239,369227038
2026-03-02,59204.3,60177.5,59148,59839.65,59740.14446661794,387102246
2026-03-04,58447.15,59058.4,58393.55,58755.25,59709.36651453613,363102095
2026-03-05,59008.25,59274.35,58506.4,59055.85,59688.94412345687,273526525
2026-03-06,58629.6,58807.15,57696.4,57783.25,59629.39118209884,256863138
2026-03-09,56121.4,56274.15,55270.6,56019.8,59516.59145765826,374097683
2026-03-10,56583.85,57097.05,56387.2,56950.8,59436.41047460644,346820170
2026-03-11,56790.4,56938.4,55631.95,55735.75,59320.76483477499,261028306
2026-03-12,55008.2,55636.95,54760.55,55100.95,59188.895621188276,311267722
2026-03-13,54592.05,54713.75,53675.7,53757.85,59019.17544552614,327503656
2026-03-16,53721.5,54664.15,53258.15,54413.4,58875.244962853445,390205387
2026-03-17,54649.1,54996,54113.15,54876,58750.26855776428,277121654
2026-03-18,54927.05,55554.15,54689.1,55326.05,58643.26172783414,223220072
2026-03-19,53474.55,54150.3,53240.6,53451,58481.003548839326,395346799
2026-03-20,53548.2,54382.45,53297.55,53427.05,58323.0675004381,403462742
2026-03-23,52576.1,52665.3,51323.6,51437.75,58107.90132854941,397272538
2026-03-24,52384.8,52949.15,51827.5,52605.65,57935.95597453224,340583044
2026-03-25,53024.75,54146.15,53024.75,53708.1,57803.83547532811,348622900
2026-03-27,53244.25,53292.5,52211.2,52274.6,57631.04686672411,652961325
2026-03-30,51527.9,51624.5,50105.25,50275.35,57401.18133963898,564854267
2026-04-01,51433.9,52025.85,51133.55,51448.65,57215.16473527526,370080617
2026-04-02,50625.65,51731.95,49954.85,51548.75,57038.08927479791,339187207
2026-04-06,51747.6,52704.55,51111.1,52609.1,56899.68335996047,355025586
2026-04-07,52258.7,52778.2,51868.45,52716.25,56768.951067461705,279734514
2026-04-08,54904.45,55778.25,54797.5,55703.9,56735.668221603526,443562335
2026-04-09,55505.95,55583.1,54626.85,54821.7,56675.85671467842,298789312
2026-04-10,55182.25,55978.5,55145.25,55912.75,56652.00962984472,281031417
2026-04-13,54646,55752.65,54356.2,55605.05,56619.29214141207,303606436
2026-04-15,56343.45,56786.25,56109.2,56301.95,56609.37519949295,267957920