time,open,high,low,close,EMA,Volume
2015-11-04,8104.8999,8116.1001,8027.2998,8040.2002,8127.048591759482,125936001
2015-11-05,8030.3501,8031.2002,7944.1001,7955.4502,8121.686142016999,136223998
2015-11-06,7956.5498,8002.6499,7926.1499,7954.2998,8116.455318828967,226329002
2015-11-09,7788.25,7937.75,7771.7002,7915.2002,8110.166096365562,218422002
2015-11-10,7877.6001,7885.1001,7772.8501,7783.3501,8099.953096479138,170267001
2015-11-11,7838.7998,7847.9502,7819.1001,7825,8091.360812214165,223804342
2015-11-13,7762.4502,7775.1001,7730.8999,7762.25,8081.076099332472,165877006
2015-11-16,7732.9502,7838.8501,7714.1499,7806.6001,8072.498724353332,154135003
2015-11-17,7848.75,7860.4502,7793,7837.5498,8065.15657046729,149450998
2015-11-18,7823.1499,7843.3999,7725.0498,7731.7998,8054.739171390187,148037992
2015-11-19,7788.5,7854.8999,7765.4502,7842.75,8048.114509784244,136703001
2015-11-20,7841.8999,7906.9502,7817.7998,7856.5498,8042.128112603486,156610003
2015-11-23,7869.5,7877.5,7825.2002,7849.25,8036.100671584628,130872001
2015-11-24,7837,7870.3501,7812.6499,7831.6001,8029.7100287226085,134562996
2015-11-26,7837.1499,7897.1001,7832,7883.7998,8025.150334075027,226632008
2015-11-27,7910.6001,7959.2998,7879.4502,7942.7002,8022.573767385183,154862993
2015-11-30,7936.25,7966,7922.7998,7935.25,8019.844899654396,223041995
2015-12-01,7958.1499,7972.1499,7934.1499,7954.8999,8017.815368415196,142944993
2015-12-02,7976.7002,7979.2998,7910.7998,7931.3501,8015.113328777221,130206999
2015-12-03,7902.2998,7912.2998,7853.2998,7864.1499,8010.395721627932,129627996
2015-12-04,7817.6001,7821.3999,7775.7002,7781.8999,8003.255227202059,157232005
2015-12-07,7816.5498,7825.3999,7746.0498,7765.3999,7995.822248226995,141892993
2015-12-08,7738.5,7771.25,7685.4502,7701.7002,7986.630934219901,139318002
2015-12-09,7695.5,7702.8501,7606.8999,7612.5,7974.939342525529,144316006
2015-12-10,7643.2998,7691.9502,7610,7683.2998,7965.825606821607,145248993
2015-12-11,7699.6001,7703.0498,7575.2998,7610.4502,7954.720125358432,172996002
2015-12-14,7558.2002,7663.9502,7551.0498,7650.0498,7945.199177690981,153492996
2015-12-15,7659.1499,7705,7625.1001,7700.8999,7937.564825263138,138478993
2015-12-16,7725.25,7776.6001,7715.75,7750.8999,7931.731546348665,159148999
2015-12-17,7783.0498,7852.8999,7737.5498,7844.3501,7929.000876150269,181256995
2015-12-18,7828.8999,7836.1499,7753.3501,7761.9502,7923.780542520572,197319999
2015-12-21,7745.6499,7840.75,7733.4502,7834.4502,7920.988969316804,130174001
2015-12-22,7829.3999,7846.2998,7776.8501,7786.1001,7916.773692150654,129633001
2015-12-23,7830.4502,7871.4502,7826.1001,7865.9502,7915.185458020946,121481003
2015-12-24,7888.75,7888.75,7835.5,7861.0498,7913.493718707791,96373998
2015-12-28,7863.2002,7937.2002,7863,7925.1499,7913.8579743731725,126737998
2015-12-29,7929.2002,7942.1499,7902.75,7928.9502,7914.329606424011,116536001
2015-12-30,7938.6001,7944.75,7889.8501,7896.25,7913.764618723261,110146003
2015-12-31,7897.7998,7955.5498,7891.1499,7946.3501,7914.782915013159,155645002
2016-01-01,7938.4502,7972.5498,7909.7998,7963.2002,7916.295955168998,64844001
2016-01-04,7924.5498,7937.5498,7781.1001,7791.2998,7912.389825319967,138865000
2016-01-05,7828.3999,7831.2002,7763.25,7784.6499,7908.397952653718,149673001
2016-01-06,7788.0498,7800.9502,7721.2002,7741,7903.166766633289,151716004
2016-01-07,7673.3501,7674.9502,7556.6001,7568.2998,7892.702173925998,194732999
2016-01-08,7611.6499,7634.1001,7581.0498,7601.3501,7883.59742161581,162349007
2016-01-11,7527.4502,7605.1001,7494.3501,7563.8501,7873.605317815316,194837004
2016-01-12,7587.2002,7588.2998,7487.7998,7510.2998,7862.2520203835875,168976007
2016-01-13,7557.8999,7590.9502,7425.7998,7562.3999,7852.8816416216005,221907993
2016-01-14,7467.3999,7604.7998,7443.7998,7536.7998,7843.004084070925,206989001
2016-01-15,7561.6499,7566.5,7427.2998,7437.7998,7830.341450193709,203642995
2016-01-18,7420.3501,7463.6499,7336.3999,7351,7815.362029875155,240798007
2016-01-19,7381.7998,7462.75,7364.1499,7435.1001,7803.478844566556,194068005
2016-01-20,7357,7470.8999,7241.5,7309.2998,7788.0357494238515,232614003
2016-01-21,7376.6499,7398.7002,7250,7276.7998,7772.059626004356,248113005
2016-01-22,7355.7002,7433.3999,7327.6001,7422.4502,7761.13433144172,236282003
2016-01-25,7468.75,7487.1499,7421.2002,7436.1499,7750.978567959166,168202994
2016-01-27,7469.6001,7477.8999,7419.7002,7437.75,7741.190175210442,193390002
2016-01-28,7426.5,7468.8501,7409.6001,7424.6499,7731.2982916101155,283035992
2016-01-29,7413.3501,7575.6499,7402.7998,7563.5498,7726.0561512473,307934003
2016-02-01,7589.5,7600.4502,7541.25,7555.9502,7720.740340270821,206645002
2016-02-02,7566.6499,7576.2998,7428.0498,7455.5498,7712.453135887358,237339001
2016-02-03,7392.4502,7419.3999,7350.2998,7361.7998,7701.495219140878,197862998
2016-02-04,7411.4502,7457.0498,7365.9502,7404,7692.198493542726,229563007
2016-02-05,7418.25,7503.1499,7406.6499,7489.1001,7685.851668744516,257518993
2016-02-08,7489.7002,7512.5498,7363.2002,7387.25,7676.52036659625,176758997
2016-02-09,7303.9502,7323.4502,7275.1499,7298.2002,7664.697861390117,218730004
2016-02-10,7264.2998,7271.8501,7177.75,7215.7002,7650.6666844716765,254481007
2016-02-11,7203.6001,7208.6499,6959.9502,6976.3501,7629.594291206937,301303005
2016-02-12,7023.6499,7034.7998,6869,6980.9502,7609.32416335672,344210997
2016-02-15,7057.3501,7182.7998,7056.7998,7162.9502,7595.374977001823,365216989
2016-02-16,7201.25,7204.6499,7037.7002,7048.25,7578.277321470516,261606998
2016-02-17,7058.8501,7123.7002,6960.6499,7108.4502,7563.595223924563,268018008
2016-02-18,7177.3999,7215.1001,7127.8501,7191.75,7551.97506067692,254330995
2016-02-19,7170.5498,7226.8501,7145.9502,7210.75,7541.311777530766,198205997
2016-02-22,7208.8501,7252.3999,7200.7002,7234.5498,7531.72546573293,159163007
2016-02-23,7240.2998,7241.7002,7090.7002,7109.5498,7518.532476178776,200396997
2016-02-24,7075,7090.7998,7009.75,7018.7002,7502.912717548189,205898007
2016-02-25,7029.8501,7034.2002,6961.3999,6970.6001,7486.277948249808,291932996
2016-02-26,7039.2998,7052.8999,6985.1001,7029.75,7472.011449867002,213142995
2016-02-29,7050.4502,7094.6001,6825.7998,6987.0498,7456.856398308658,487968997
2016-03-01,7038.25,7235.5,7035.1001,7222.2998,7449.526504611512,283561984
2016-03-02,7321.7002,7380.3501,7308.1499,7368.8501,7447.005366967403,348965994
2016-03-03,7429.5498,7483.9502,7406.0498,7475.6001,7447.898952374671,287249007
2016-03-04,7505.3999,7505.8999,7444.1001,7485.3501,7449.069300737963,290441003
2016-03-08,7486.3999,7527.1499,7442.1499,7485.2998,7450.201503839902,264944992
2016-03-09,7436.1001,7539,7424.2998,7531.7998,7452.751450594906,252708995
2016-03-10,7545.3501,7547.1001,7447.3999,7486.1499,7453.795152138815,231584006
2016-03-11,7484.8501,7543.9502,7460.6001,7510.2002,7455.557809884477,204806996
2016-03-14,7542.6001,7583.7002,7515.0498,7538.75,7458.157565825587,172066996
2016-03-15,7535.8501,7545.2002,7452.7998,7460.6001,7458.233895018538,199653999
2016-03-16,7457.0498,7508,7405.1499,7498.75,7459.500023299208,201430008
2016-03-17,7557.3999,7585.2998,7479.3999,7512.5498,7461.157828821108,247043998
2016-03-18,7534.6499,7613.6001,7517.8999,7604.3501,7465.632587295448,244727005
2016-03-21,7619.2002,7713.5498,7617.7002,7704.25,7473.089381442465,202853007
2016-03-22,7695.5498,7728.2002,7643.7998,7714.8999,7480.645960147388,215355998
2016-03-23,7717.4502,7726.8501,7670.6001,7716.5,7488.0163988927825,205795000
2016-03-28,7741,7749.3999,7587.7002,7615.1001,7491.987764552383,249905005
2016-03-29,7606.5498,7652.8999,7582.25,7597,7495.269396910121,223492997
2016-03-30,7651.1001,7741.9502,7643.4502,7735.2002,7502.767234506679,239844000
2016-03-31,7727.6499,7777.6001,7702,7738.3999,7510.130755303346,391913996
2016-04-01,7718.0498,7740.1499,7666.1001,7713.0498,7516.471975450117,189572006
2016-04-04,7733.1499,7764.4502,7704.3999,7758.7998,7524.044719967301,160278004
2016-04-05,7736.2998,7736.2998,7588.6499,7603.2002,7526.518328718323,210126995
2016-04-06,7636.0498,7638.6499,7591.75,7614.3501,7529.263071570875,170654007
2016-04-07,7630.3999,7630.75,7535.8501,7546.4502,7529.800169334285,241684005
2016-04-08,7542.3501,7569.3501,7526.7002,7555.2002,7530.593920292588,147816006
2016-04-11,7577.7998,7678.7998,7516.8501,7671.3999,7534.994107158445,185352995
2016-04-12,7669.25,7717.3999,7663.3501,7708.9502,7540.430235059744,168508998
2016-04-13,7777.1499,7864.7998,7772.2002,7850.4502,7550.118358964127,227216998
2016-04-18,7908.1499,7920.6001,7842.75,7914.7002,7561.511541496498,190259003
2016-04-20,7950.0498,7950.3999,7877.5498,7914.75,7572.550243324732,211629998
2016-04-21,7953.6499,7978.4502,7884.1001,7912.0498,7583.159604470834,230576996
2016-04-22,7891.7998,7923.3501,7873.3501,7899.2998,7593.038985581121,188988998
2016-04-25,7894.7998,7911,7827,7855.0498,7601.226823531711,150777004
2016-04-26,7828.1499,7974.5,7822.5498,7962.6499,7612.521294671345,208657007
2016-04-27,7942,7991,7940.5498,7979.8999,7624.001876087865,213173993
2016-04-28,7967.3999,7992,7834.4502,7847.25,7630.978379960119,301484999
2016-04-29,7844.25,7889.0498,7788.7002,7849.7998,7637.816549336366,251226997
2016-05-02,7822.7002,7829.7998,7777.2998,7805.8999,7643.069154044604,150817997
2016-05-03,7824.7998,7890.25,7735.1499,7747,7646.31699298071,192271008
2016-05-04,7724.1499,7749,7697.25,7706.5498,7648.199268200063,205938999
2016-05-05,7731,7777.5498,7706.8501,7735.5,7650.927416068811,190793007
2016-05-06,7717.6499,7738.8999,7678.3501,7733.4502,7653.506253066661,168662008
2016-05-09,7755.25,7873.6499,7753.5498,7866.0498,7660.148238908328,165616992
2016-05-10,7873.5498,7896.8999,7837.7002,7887.7998,7667.262350192443,166957007
2016-05-11,7804.6499,7893.1001,7780.8999,7848.8501,7672.936967373929,220711993
2016-05-12,7871.4502,7916.0498,7849.6499,7900.3999,7680.045184018494,157444997
2016-05-13,7881,7881,7784.2002,7814.8999,7684.259393892917,185061999
2016-05-16,7831.2002,7873.8999,7772.1499,7860.75,7689.774725333763,211547996
2016-05-17,7896.8501,7940.1001,7879.7002,7890.75,7696.055202667083,189140992
2016-05-18,7846.75,7882.0498,7810.75,7870.1499,7701.4956619587365,161168998
2016-05-19,7875.5,7876.2002,7766.7998,7783.3999,7704.055169397526,175711994
2016-05-20,7792.2002,7812.3999,7735.75,7749.7002,7705.481576603853,161888993
2016-05-23,7813.9502,7820.6001,7722.2002,7731.0498,7706.280583584982,177348002
2016-05-24,7738.0498,7761.5498,7715.7998,7748.8501,7707.610880972951,151538008
2016-05-25,7811.7998,7941.2002,7809.2998,7934.8999,7714.713662817547,181637005
2016-05-26,7974.4502,8083,7948.5,8069.6499,7725.805420229499,272456008
2016-05-27,8081.9502,8164.2002,8077.0498,8156.6499,7739.2693102223275,268964004
2016-05-30,8166.5,8200,8150.7998,8178.5,7752.99526927788,255086002
2016-05-31,8209.8496,8213.5996,8134.2998,8160.1001,7765.717295237946,485646008
2016-06-01,8179.2002,8215.3496,8171.0498,8179.9502,7778.66207351176,200371995
2016-06-02,8156.8999,8229.5,8154.75,8218.9502,7792.421077464518,187315995
2016-06-03,8246.2002,8262,8209.8496,8220.7998,7805.807912543752,390652002
2016-06-06,8228.75,8234.7002,8186.0498,8201.0498,7818.159221526759,176885006
2016-06-07,8235.5498,8294.9502,8216.4004,8266.4502,7832.168314604048,249366004
2016-06-08,8285.5,8288.9004,8252.0498,8273.0498,7845.945861022671,179710001
2016-06-09,8273.3496,8273.3496,8184.6001,8203.5996,7857.122540365713,180292993
2016-06-10,8180.25,8265.5996,8162.8501,8170.0498,7866.901517229284,187757003
2016-06-13,8102.25,8125.25,8063.8999,8110.6001,7874.517097940869,174915994
2016-06-14,8134.3999,8134.9502,8069.5,8108.8501,7881.840004255217,150042001
2016-06-15,8139.3999,8213.2002,8123.1499,8206.5996,7891.988741622241,174954004
2016-06-16,8180.6499,8180.6499,8074.4502,8140.75,7899.762530946546,195028992
2016-06-17,8176.6499,8195.25,8135.7998,8170.2002,7908.213708104466,171842994
2016-06-20,8115.75,8244.1504,8107.3501,8238.5,7918.535154726201,173750993
2016-06-21,8255.4004,8257.25,8202.1504,8219.9004,7927.952818641007,141162004
2016-06-22,8213.6504,8238.3496,8153.25,8203.7002,7936.5699243084755,140267995
2016-06-23,8201.1504,8285.5996,8188.2998,8270.4502,7947.003682923835,158853005
2016-06-24,8029.1001,8100.7002,7927.0498,8088.6001,7951.428570957465,306803999
2016-06-27,8039.3501,8120.6499,8039.3501,8094.7002,7955.905809365045,167462994
2016-06-28,8096.0498,8146.3501,8086.8501,8127.8501,7961.279068447387,175724003
2016-06-29,8173.1001,8212.4004,8157.6499,8204,7968.864097558406,151499997
2016-06-30,8260.25,8308.1504,8242.0996,8287.75,7978.829282009706,288031998
2016-07-01,8313.0498,8356.75,8308.6504,8328.3496,7989.751791946903,170582000
2016-07-04,8376.75,8398.4502,8364.7002,8370.7002,8001.656429698562,158955995
2016-07-05,8379.2998,8381.4502,8319.9502,8335.9502,8012.103110020482,143253996
2016-07-07,8342,8361.9502,8317.7002,8337.9004,8022.284275332342,160326992
2016-07-08,8350,8353.2998,8287.5498,8323.2002,8031.687897978207,142160003
2016-07-11,8413.3496,8475.25,8407.0498,8467.9004,8045.319538666388,154399998
2016-07-12,8502.5996,8526.5996,8479.2002,8521.0498,8060.1861093330635,189339992
2016-07-13,8540.4502,8550.25,8493.5498,8519.5,8074.539668416405,201492005
2016-07-14,8515.75,8571.4004,8500.7002,8565,8089.866553778393,158738006
2016-07-15,8565.4502,8594.7998,8510.0498,8541.4004,8103.976986472818,228599005
2016-07-18,8564.0498,8587.0996,8494.3496,8508.7002,8116.624586895542,169399992
2016-07-19,8514.2998,8540.0498,8476.7002,8528.5498,8129.4972498050565,173051003
2016-07-20,8515.4502,8569.9004,8512.5498,8565.8496,8143.133260748648,165348999
2016-07-21,8582.7002,8585.25,8503.4502,8510.0996,8154.600958850253,154575995
2016-07-22,8519.6504,8548.9502,8489.7998,8541.2002,8166.682185136183,147620004
2016-07-25,8519.9502,8641.1504,8517.2002,8635.6504,8181.337441850677,154630996
2016-07-26,8633.75,8644.9004,8577.1504,8590.6504,8194.128471792843,159563006
2016-07-27,8599.4004,8665,8572.0498,8615.7998,8207.305700799316,189796008
2016-07-28,8636.9502,8674.7002,8625.25,8666.2998,8221.649266399338,240722002
2016-07-29,8668.2998,8670.3496,8631.1504,8638.5,8234.675851824359,161935000
2016-08-01,8654.2998,8711.2998,8590.5,8636.5498,8247.234412704847,194187002
2016-08-02,8647.4502,8687.2002,8611.4004,8622.9004,8258.973974807821,174557004
2016-08-03,8635.2002,8635.4502,8529.5996,8544.8496,8267.907588095077,168032993
2016-08-04,8599.9502,8601.4004,8518.1504,8551.0996,8276.757338467105,169780003
2016-08-05,8600.2002,8689.4004,8590.1504,8683.1504,8289.457121640007,162785001
2016-08-08,8712.8496,8723.5,8697.5996,8711.3496,8302.641261588757,177876992
2016-08-09,8727.7998,8728.3496,8638.2002,8678.25,8314.379034664107,206260994
2016-08-10,8686.7002,8690.0996,8564.5996,8575.2998,8322.532808580854,178963005
2016-08-11,8572.7998,8601.1504,8540.0498,8592.1504,8330.958358312702,195115008
2016-08-12,8605.4502,8684.2998,8604.4502,8672.1504,8341.620609615431,272014000
2016-08-16,8670.25,8682.3496,8600.4502,8642.5498,8351.024646814949,231770997
2016-08-17,8639.7998,8667.0996,8603.5996,8624.0498,8359.556682851982,179541000
2016-08-18,8648.8496,8690.7002,8645.0498,8673.25,8369.359599012858,169432007
2016-08-19,8694.2998,8696.5996,8647.0996,8666.9004,8378.657749043707,197771002
2016-08-22,8667,8684.8496,8614,8629.1504,8386.485644386092,156977005
2016-08-23,8628.3496,8642.1504,8580,8632.5996,8394.176705499027,193303003
2016-08-24,8648.5,8661.0498,8620.9004,8650.2998,8402.180552202182,154168001
2016-08-25,8668.8496,8683.0498,8583.6504,8592.2002,8408.118666195864,219735998
2016-08-26,8614.3496,8622.9502,8547.5498,8572.5498,8413.257139127243,152147001
2016-08-29,8583.75,8622,8543.75,8607.4502,8419.325672279516,133723996
2016-08-30,8646.75,8750.5996,8642.25,8744.3496,8429.482670020781,154828997
2016-08-31,8754.0498,8819.2002,8754.0498,8786.2002,8440.630092832633,373421998
2016-09-01,8793.5996,8813.25,8759.9502,8774.6504,8451.068227431613,246335996
2016-09-02,8796.3496,8824.0996,8768.2002,8809.6504,8462.273920324375,197384995
2016-09-06,8852.7002,8950.8496,8848.4502,8943,8477.296610314237,201616998
2016-09-07,8968.7002,8968.7002,8913.3496,8917.9502,8491.067034991916,299145986
2016-09-08,8915.5,8960.3496,8896,8952.5,8505.486815148419,223937004
2016-09-09,8934.2998,8939.1504,8858.7002,8866.7002,8516.77473342503,181343994
2016-09-12,8732.9502,8746.9502,8699.4004,8715.5996,8522.988010505498,190200005
2016-09-14,8710.6504,8739.8496,8688.9004,8726.5996,8529.350872677202,189983998
2016-09-15,8743.8496,8751.9502,8704.3496,8742.5498,8536.01333915604,149890007
2016-09-16,8780.8496,8847.6504,8750.5,8779.8496,8543.633222307413,274039996
2016-09-19,8788.4502,8824.2998,8774.2002,8808.4004,8551.907196610307,135813997
2016-09-20,8816.0996,8816.4502,8759.2998,8775.9004,8558.906984216235,140717998
2016-09-21,8790.2998,8826.8496,8757.2998,8777.1504,8565.727090959477,153440993
2016-09-22,8873.3496,8893.3496,8837.7998,8867.4502,8575.155938116994,178137006
2016-09-23,8880.75,8885.2002,8820.2998,8831.5498,8583.168246300838,191618007
2016-09-26,8807.9004,8809.5498,8715.0996,8723.0498,8587.539544853937,169049997
2016-09-27,8748.9004,8768.5,8690.5,8706.4004,8591.253946577252,156101001
2016-09-28,8711.2002,8767.0498,8703.1504,8745.1504,8596.063210746712,170643997
2016-09-29,8792.7002,8800.6504,8558.25,8591.25,8595.912797910876,384394985
2016-09-30,8581.5,8637.1504,8555.2002,8611.1504,8596.388972976161,187333001
2016-10-03,8666.1504,8745.2002,8635,8738.0996,8600.817430070656,141472006
2016-10-04,8770,8783.6504,8736.0996,8769.1504,8606.077835380947,189989994
2016-10-05,8806.3496,8806.9502,8731.4004,8743.9502,8610.386346775293,162104001
2016-10-06,8768.7002,8781.1504,8684.6504,8709.5498,8613.485204688564,168713994
2016-10-07,8721.7002,8723.7002,8663.7998,8697.5996,8616.113779542047,155053998
2016-10-10,8735.3496,8745.7998,8703.9502,8708.7998,8619.010217681358,111794004
2016-10-13,8671.5,8681.5498,8541.3496,8573.3496,8617.583323378816,218860995
2016-10-14,8594,8604.4502,8549.7998,8583.4004,8616.515107023228,167849001
2016-10-17,8612.9502,8615.4004,8506.1504,8520.4004,8613.511522428751,203517002
2016-10-18,8556.0498,8685.0996,8555.9004,8677.9004,8615.523674852853,216626004
2016-10-19,8697.5,8698.75,8636.7002,8659.0996,8616.885422513702,177398006
2016-10-20,8693.3496,8727,8678.2998,8699.4004,8619.464015560148,165951996
2016-10-21,8708.5996,8709.0996,8652.0498,8693.0498,8621.763571323894,162162000
2016-10-24,8709.8496,8736.9502,8684.1504,8708.9502,8624.488153470022,161965998
2016-10-25,8721.7002,8722.6504,8663.4502,8691.2998,8626.576017424084,195696001
2016-10-26,8657.2998,8657.2998,8596.5996,8615.25,8626.222079379582,226133000
2016-10-27,8607.0996,8624.8496,8550.25,8615.25,8625.87920189897,250336002
2016-10-28,8625,8653.75,8581.75,8638,8626.257976839626,180906000
2016-11-01,8653.1504,8669.5996,8614.5,8626.25,8626.257727563388,170069000
2016-11-02,8542.7998,8549.5,8504.8496,8514,8622.749673577033,160130007
2016-11-03,8499.8496,8537.6504,8476.1504,8484.9502,8618.44344002775,175773008
2016-11-04,8503.5996,8504,8400.25,8433.75,8612.671770026882,231783006
2016-11-07,8535.75,8535.8496,8481.4502,8497.0498,8609.058583463542,178070995
2016-11-08,8540,8559.4004,8480.0996,8543.5498,8607.011433980306,201759998
2016-11-09,8067.5,8476.2002,8002.25,8432,8601.542326668421,323968991
2016-11-10,8555.5996,8598.4502,8510.7002,8525.75,8599.173816460034,271196996
2016-11-11,8456.6504,8460.5996,8284.9502,8296.2998,8589.709003445658,275222004
2016-11-15,8284.8496,8288.5498,8093.2002,8108.4502,8574.66966583798,370297995
2016-11-16,8205.6504,8210.0498,8089.3999,8111.6001,8560.198741905544,277801009
2016-11-17,8105.1001,8151.25,8060.2998,8079.9502,8545.190974970996,197182996
2016-11-18,8097.5498,8128.9502,8048.2998,8074.1001,8530.469385128152,166200001
2016-11-21,8102.1001,8102.4502,7916.3999,7929.1001,8511.676594967897,225609007
2016-11-22,7989.1499,8019.0498,7938.1499,8002.2998,8495.75857012515,216678007
2016-11-23,8051.2002,8055.2002,7973.1001,8033.2998,8481.306733558738,186601996
2016-11-24,8011.7998,8024.8501,7952.5498,7965.5,8465.187773135029,268619006
2016-11-25,8007.9502,8122.25,7976.75,8114.2998,8454.222523974558,183355998
2016-11-28,8080.6499,8146.5,8066.5,8126.8999,8443.993691975353,195594994
2016-11-29,8131.5498,8197.3496,8128.7002,8142.1499,8434.561073476123,195617997
2016-11-30,8172.1499,8234.25,8139.25,8224.5,8427.996664929995,255724995
2016-12-01,8244,8250.7998,8185.0498,8192.9004,8420.649906650933,162596995
2016-12-02,8153.5498,8159.2998,8070.0498,8086.7998,8410.217090818092,176766992
2016-12-05,8088.75,8141.8999,8056.8501,8128.75,8401.421244230027,130435998
2016-12-06,8153.1499,8178.7002,8130.8501,8143.1499,8393.350264722838,118854001
2016-12-07,8168.3999,8190.4502,8077.5,8102.0498,8384.247125200249,175023997
2016-12-08,8152.1001,8256.25,8151.75,8246.8496,8379.95345253774,146858000
2016-12-09,8271.7002,8274.9502,8241.9502,8261.75,8376.259594645935,154344997
2016-12-12,8230.6504,8230.6504,8154.4502,8170.7998,8369.838976063249,111432999
2016-12-13,8196.1504,8228.8496,8155.7998,8221.7998,8365.212751811272,189740007
2016-12-14,8229.3496,8229.4004,8165.1001,8182.4502,8359.50142206717,149133001
2016-12-15,8128.3999,8225.9004,8121.9502,8153.6001,8353.06700575257,187425997
2016-12-16,8178.2002,8178.7002,8127.4502,8139.4502,8346.391480572802,209267999
2016-12-19,8126,8132.5,8094.8501,8104.3501,8338.8276874299,110669996
2016-12-20,8110.6001,8124.1001,8062.75,8082.3999,8330.814319072717,132026999
2016-12-21,8105.8501,8112.5498,8053.25,8061.2998,8322.391990351694,127544001
2016-12-22,8043.8501,8046.4502,7964.9502,7979.1001,8311.664118778204,126409998
2016-12-23,7972.5,8022.6001,7942.0498,7985.75,8301.479302566386,127922004
2016-12-26,7965.1001,7970.0498,7893.7998,7908.25,8289.190886861186,110170997
2016-12-27,7915.0498,8044.6499,7903.7002,8032.8501,8281.180237271774,122463003
2016-12-28,8047.5498,8100.5498,8028.3999,8034.8501,8273.48242048203,130580996
2016-12-29,8030.6001,8111.1001,8020.7998,8103.6001,8268.173597966967,183983997
2016-12-30,8119.6499,8197,8114.75,8185.7998,8265.599416780498,131456999
2017-01-02,8210.0996,8212,8133.7998,8179.5,8262.908810006107,122015998
2017-01-03,8196.0498,8219.0996,8148.6001,8192.25,8260.700722193416,131186000
2017-01-04,8202.6504,8218.5,8180.8999,8190.5,8258.506949624873,136476000
2017-01-05,8226.6504,8282.6504,8223.7002,8273.7998,8258.984851199095,163956998
2017-01-06,8281.8496,8306.8496,8233.25,8243.7998,8258.510318349123,143690007
2017-01-09,8259.3496,8263,8227.75,8236.0498,8257.808427150712,102211002
2017-01-10,8262.7002,8293.7998,8261,8288.5996,8258.770651302253,147313000
2017-01-11,8327.7998,8389,8322.25,8380.6504,8262.579393449058,192285000
2017-01-12,8391.0498,8417.2002,8382.2998,8407.2002,8267.098793653775,177948000
2017-01-13,8457.6504,8461.0498,8373.1504,8400.3496,8271.262881352095,190949999
2017-01-16,8390.9502,8426.7002,8374.4004,8412.7998,8275.685910059841,127939002
2017-01-17,8415.0498,8440.9004,8378.2998,8398,8279.508225370471,125781000
2017-01-18,8403.8496,8460.2998,8397.4004,8417,8283.804843327644,168867004
2017-01-19,8418.4004,8445.1504,8404.0498,8435.0996,8288.532804473654,170955997
2017-01-20,8404.3496,8423.6504,8340.9502,8349.3496,8290.433329333853,208900997
2017-01-23,8329.5996,8404.1504,8327.2002,8391.5,8293.59166279217,200992997
2017-01-24,8407.0498,8480.9502,8398.1504,8475.7998,8299.285667079916,184746000
2017-01-25,8499.4502,8612.5996,8493.9502,8602.75,8308.768927483668,301490012
2017-01-27,8610.5,8672.7002,8606.9004,8641.25,8319.158960999805,283906015
2017-01-30,8635.5498,8662.5996,8617.75,8632.75,8328.95868096856,314111001
2017-01-31,8629.4502,8631.75,8552.4004,8561.2998,8336.219340938293,537109987
2017-02-01,8570.3496,8722.4004,8537.5,8716.4004,8348.099999033971,337796989
2017-02-02,8724.75,8757.5996,8685.7998,8734.25,8360.16718656416,292328997
2017-02-03,8735.1504,8748.25,8707.75,8740.9502,8372.06665573403,196936008
2017-02-06,8785.4502,8814.0996,8770.2002,8801.0498,8385.472378992341,200403993
2017-02-07,8805.7002,8809.2998,8741.0498,8768.2998,8397.43573589883,233295004
2017-02-08,8774.5498,8791.25,8715,8769.0498,8409.048675401993,225485996
2017-02-09,8795.5498,8821.4004,8724.0996,8778.4004,8420.590916795682,193281999
2017-02-10,8812.3496,8822.0996,8771.2002,8793.5498,8432.245881895817,232947007
2017-02-13,8819.7998,8826.9004,8754.2002,8805.0498,8443.896004336573,211179995
2017-02-14,8819.9004,8820.4502,8772.5,8792.2998,8454.783622951056,194134000
2017-02-15,8778.9502,8807.9004,8712.8496,8724.7002,8463.218515983835,222829003
2017-02-16,8739,8783.9502,8719.5996,8778,8473.05543735934,190277992
2017-02-17,8883.7002,8896.4502,8804.25,8821.7002,8483.95058619186,307526009
2017-02-20,8818.5498,8886.25,8809.7998,8879.2002,8496.302136623364,173022003
2017-02-21,8890.75,8920.7998,8860.9502,8907.8496,8509.162994853885,181090992
2017-02-22,8931.5996,8960.75,8905.25,8926.9004,8522.217288764701,254678008
2017-02-23,8956.4004,8982.1504,8927.5498,8939.5,8535.257373490804,388874011
2017-02-27,8943.7002,8951.7998,8888.6504,8896.7002,8546.552461819216,195846996
2017-02-28,8898.9502,8914.75,8867.5996,8879.5996,8556.960184887364,302723006
2017-03-01,8904.4004,8960.7998,8898.5996,8945.7998,8569.111422859634,212329005
2017-03-02,8982.8496,8992.5,8879.7998,8899.75,8579.44387839527,225608008
2017-03-03,8883.5,8907.0996,8860.0996,8897.5498,8589.384688445418,208916005
2017-03-06,8915.0996,8967.7998,8914,8963.4502,8601.074235681499,180195000
2017-03-07,8977.75,8977.8496,8932.7998,8946.9004,8611.881303316452,178828001
2017-03-08,8950.7002,8957.0498,8891.9502,8924.2998,8621.644381337812,183325999
2017-03-09,8914.5,8945.7998,8899.5,8927,8631.186744421006,176810000
2017-03-10,8953.7002,8975.7002,8903.9502,8934.5498,8640.66683990785,157419995
2017-03-14,9091.6504,9122.75,9060.5,9087,8654.614751160729,278727000
2017-03-15,9086.8496,9106.5498,9075.5,9084.7998,8668.058033936955,248033001
2017-03-16,9129.6504,9158.4502,9128.5498,9153.7002,8683.234351626426,215096001
2017-03-17,9207.7998,9218.4004,9147.5996,9160.0498,8698.1348343881,295553991
2017-03-20,9166.9502,9167.5996,9116.2998,9126.8496,8711.532170813472,342396010
2017-03-21,9133.9502,9147.75,9087.2002,9121.5,8724.343665475551,255396004
2017-03-22,9047.2002,9072.9004,9019.2998,9030.4502,8733.909494679441,239464006
2017-03-23,9048.75,9099.0498,9048.5996,9086.2998,8744.921691720709,197705007
2017-03-24,9104,9133.5498,9089.4004,9108,8756.267888854436,210022007
2017-03-27,9093.4502,9094.8496,9024.6504,9045.2002,8765.297023577736,209036001
2017-03-28,9081.5,9110.4004,9079.7998,9100.7998,8775.78148534093,188985999
2017-03-29,9128.7002,9153.1504,9109.0996,9143.7998,8787.282057674027,250903003
2017-03-30,9142.5996,9183.1504,9136.3496,9173.75,8799.359180871714,333410009
2017-03-31,9158.9004,9191.7002,9152.0996,9173.75,8811.058893969474,196772004
2017-04-03,9220.5996,9245.3496,9192.4004,9237.8496,8824.396103532927,143445000
2017-04-05,9264.4004,9273.9004,9215.4004,9265.1504,8838.169675297522,190528995
2017-04-06,9245.7998,9267.9502,9218.8496,9261.9502,8851.412816694474,191937004
2017-04-07,9223.7002,9250.5,9188.0996,9198.2998,8862.25303492277,195919004
2017-04-10,9225.5996,9225.6504,9174.8496,9181.4502,8872.227946331433,139969004
2017-04-11,9184.5498,9242.7002,9172.8496,9237,8883.627073008576,206261993
2017-04-12,9242.5,9246.4004,9161.7998,9203.4502,8893.621545727057,166754992
2017-04-13,9202.5,9202.6504,9144.9502,9150.7998,8901.658366173087,171695997
2017-04-17,9144.75,9160,9120.25,9139.2998,8909.08466098018,132243997
2017-04-18,9163,9217.9004,9095.4502,9105.1504,8915.211715324549,179570000
2017-04-19,9112.2002,9120.5,9075.1504,9103.5,8921.095724220657,179116999
2017-04-20,9108.0996,9143.9004,9102.6504,9136.4004,8927.823995338762,175629992
2017-04-21,9179.0996,9183.6504,9088.75,9119.4004,8933.810757984425,159980995
2017-04-24,9135.3496,9225.4004,9130.5498,9217.9502,8942.690115547412,172908003
2017-04-25,9273.0498,9309.2002,9250.3496,9306.5996,8954.062286936554,173897007
2017-04-26,9336.2002,9367,9301.3496,9351.8496,8966.493140469787,191395004
2017-04-27,9359.1504,9367.1504,9322.6504,9342.1504,8978.232429830106,215882007
2017-04-28,9340.9502,9342.6504,9282.25,9304.0498,8988.414222647916,167228998
2017-05-02,9339.8496,9352.5498,9269.9004,9313.7998,8998.582521940169,166558007
2017-05-03,9344.7002,9346.2998,9298.4004,9311.9502,9008.375261879539,156341993
2017-05-04,9360.9502,9365.6504,9323.25,9359.9004,9019.360422445803,277896004
2017-05-05,9374.5498,9377.0996,9272,9285.2998,9027.671027994373,239133999
2017-05-08,9311.4502,9338.7002,9297.9502,9314.0498,9036.620364619548,179710001
2017-05-09,9337.3496,9338.9502,9307.7002,9316.8496,9045.377528225188,136417001
2017-05-10,9339.6504,9414.75,9336,9407.2998,9056.68759921815,157362995
2017-05-11,9448.5996,9450.6504,9411.2998,9422.4004,9068.116124242582,176440001
2017-05-12,9436.6504,9437.75,9372.5498,9400.9004,9078.515632860002,159079006
2017-05-15,9433.5498,9449.25,9423.0996,9445.4004,9089.980781833126,145163993
2017-05-16,9461,9517.2002,9456.3496,9512.25,9103.176694900842,171709006
2017-05-17,9517.5996,9532.5996,9486.0996,9525.75,9116.38211068519,211855999
2017-05-18,9453.2002,9489.0996,9418.0996,9429.4502,9126.165488476277,199340999
2017-05-19,9469.9004,9505.75,9390.75,9427.9004,9135.594704461393,259861004
2017-05-22,9480.25,9498.6504,9427.9004,9438.25,9145.052682446974,202874995
2017-05-23,9445.0498,9448.0498,9370,9386.1504,9152.586986120506,231345996
2017-05-24,9410.9004,9431.9004,9341.6504,9360.5498,9159.08582405424,218264994
2017-05-25,9384.0498,9523.2998,9379.2002,9509.75,9170.044079552545,298146988
2017-05-26,9507.75,9604.9004,9495.4004,9595.0996,9183.327064566527,225648001
2017-05-29,9560.0498,9637.75,9547.7002,9604.9004,9196.501231298824,242265997
2017-05-30,9590.6504,9635.2998,9581.2002,9624.5498,9209.877749070736,199894008
2017-05-31,9636.5498,9649.5996,9609.25,9621.25,9222.733131912275,427052990
2017-06-01,9603.5498,9634.6504,9589.9004,9616.0996,9235.025834040016,181533000
2017-06-02,9657.1504,9673.5,9637.4502,9653.5,9248.103151726265,167195001
2017-06-05,9656.2998,9687.2002,9640.7002,9675.0996,9261.446790734819,131684999
2017-06-06,9704.25,9709.2998,9630.2002,9637.1504,9273.187528524355,150380003
2017-06-07,9663.9502,9678.5498,9630.5498,9663.9004,9285.39730575797,165669994
2017-06-08,9682.4004,9688.7002,9641.5,9647.25,9296.705202453033,160165003
2017-06-09,9638.5498,9676.25,9608.1504,9668.25,9308.315977376376,163897999
2017-06-12,9646.7002,9647.0498,9598.5,9616.4004,9317.943615583365,145786995
2017-06-13,9615.5498,9654.1504,9595.4004,9606.9004,9326.973515096384,133733999
2017-06-14,9621.5498,9627.4004,9580.4502,9618.1504,9336.072792749623,187379007
2017-06-15,9617.9004,9621.4004,9560.7998,9578.0498,9343.634574226196,176422994
2017-06-16,9595.4502,9615.8496,9565.5,9588.0498,9351.272550031628,219809006
2017-06-19,9626.4004,9673.2998,9614.9004,9657.5498,9360.84371409314,146146001
2017-06-20,9670.5,9676.5,9643.75,9653.5,9369.98922302773,164437000
2017-06-21,9648.0996,9650.4502,9608.5996,9633.5996,9378.227047308113,148490994
2017-06-22,9642.6504,9698.8496,9617.75,9630,9386.094952079735,204888998
2017-06-23,9643.25,9647.6504,9565.2998,9574.9502,9391.996678577243,180581007
2017-06-27,9594.0498,9615.4004,9473.4502,9511.4004,9395.728044871705,209594008
2017-06-28,9520.2002,9522.5,9474.3496,9491.25,9398.713105969464,177652007
2017-06-29,9522.9502,9575.7998,9493.7998,9504.0996,9402.006433907918,267284005
2017-06-30,9478.5,9535.7998,9448.75,9520.9004,9405.721870348296,185202999
2017-07-03,9587.9502,9624,9543.5498,9615,9412.26181189991,188691005
2017-07-04,9645.9004,9650.6504,9595.5,9613.2998,9418.544249028038,149313995
2017-07-05,9619.75,9643.6504,9607.3496,9637.5996,9425.389728745911,134849004
2017-07-06,9653.5996,9700.7002,9639.9502,9674.5498,9433.1759809726,152002003
2017-07-07,9670.3496,9684.25,9642.6504,9665.7998,9440.445475317207,146232001
2017-07-10,9719.2998,9782.1504,9646.4502,9771.0498,9450.776860463544,38745002
2017-07-11,9797.4502,9830.0498,9778.8496,9786.0498,9461.254139824057,185321996
2017-07-12,9807.2998,9824.9502,9787.7002,9816.0996,9472.343060454556,150045999
2017-07-13,9855.7998,9897.25,9853.4502,9891.7002,9485.44797106535,186867007
2017-07-14,9913.2998,9913.2998,9845.4502,9886.3496,9497.976146969559,164457005
2017-07-17,9908.1504,9928.2002,9894.7002,9915.9502,9511.03783612676,168596996
2017-07-18,9832.7002,9885.3496,9792.0498,9827.1504,9520.916353747798,303007990
2017-07-19,9855.9502,9905.0498,9851.6504,9899.5996,9532.750205193179,206375993
2017-07-20,9920.2002,9922.5498,9863.4502,9873.2998,9543.392380030891,166083002
2017-07-21,9899.5996,9924.7002,9838,9915.25,9555.012930654926,193285997
2017-07-24,9936.7998,9982.0498,9919.5996,9966.4004,9567.86878907196,179906003
2017-07-25,10010.55,10011.3,9949.0996,9964.5498,9580.265070663461,191205999
2017-07-26,9983.6504,10025.95,9965.9502,10020.65,9594.027099705228,203697996
2017-07-27,10063.25,10114.85,10005.5,10020.55,9607.35594033944,296782004
2017-07-28,9996.5498,10026.05,9944.5,10014.5,9620.079192203832,197490999
2017-07-31,10034.7,10085.9,10016.95,10077.1,9634.361092447461,245097005
2017-08-01,10101.05,10128.6,10065.75,10114.65,9649.370120808479,190001005
2017-08-02,10136.3,10137.85,10054.2,10081.5,9662.874179533213,166462996
2017-08-03,10081.15,10081.15,9998.25,10013.65,9673.835923922801,198665994
2017-08-04,10008.6,10075.25,9988.3496,10066.4,9686.103551300213,184082006
2017-08-07,10074.8,10088.1,10046.35,10057.4,9697.706565322082,141566001
2017-08-08,10068.35,10083.8,9947,9978.5498,9706.482916405766,209644995
2017-08-09,9961.1504,9969.7998,9893.0498,9908.0498,9712.781881518087,174394999
2017-08-10,9872.8496,9892.6504,9776.2002,9820.25,9716.140260220647,242821005
2017-08-11,9712.1504,9771.6504,9685.5498,9710.7998,9715.973370838752,294732988
2017-08-14,9755.75,9818.2998,9752.0996,9794.1504,9718.416403000041,201614000
2017-08-16,9825.8496,9903.9502,9773.8496,9897.2998,9724.00650915629,226269004
2017-08-17,9945.5498,9947.7998,9883.75,9904.1504,9729.636005745157,203652006
2017-08-18,9865.9502,9865.9502,9783.6504,9837.4004,9733.00364306562,253931995
2017-08-21,9864.25,9884.3496,9740.0996,9754.3496,9733.67070421982,211627999
2017-08-22,9815.75,9828.4502,9752.5996,9765.5498,9734.66692596295,189267001
2017-08-23,9803.0498,9857.9004,9786.75,9852.5,9738.349209526608,173816005
2017-08-24,9881.2002,9881.5,9848.8496,9857.0498,9742.058602978901,190399005
2017-08-28,9907.1504,9925.75,9882,9912.7998,9747.39426538581,164494000
2017-08-29,9886.4004,9887.3496,9783.75,9796.0498,9748.914750842503,178667995
2017-08-30,9859.5,9909.4502,9850.7998,9884.4004,9753.148677378675,162703999
2017-08-31,9905.7002,9925.0996,9856.9502,9917.9004,9758.297168710591,337782014
2017-09-01,9937.6504,9983.4502,9909.8496,9974.4004,9765.050394688385,162731000
2017-09-04,9984.1504,9988.4004,9861,9912.8496,9769.669119854374,153369002
2017-09-05,9933.25,9963.0996,9901.0498,9952.2002,9775.373216108925,143522005
2017-09-06,9899.25,9931.5498,9882.5498,9916.2002,9779.77405935552,153768002
2017-09-07,9945.8496,9964.8496,9917.2002,9929.9004,9784.465507500661,194626994
2017-09-08,9958.6504,9963.5996,9913.2998,9934.7998,9789.163454141266,168699003
2017-09-11,9971.75,10028.65,9968.7998,10006.05,9795.941158699352,178409996
2017-09-12,10056.85,10097.55,10028.05,10093.05,9805.225809989997,188247998
2017-09-13,10099.25,10131.95,10063.15,10079.3,9813.79062842781,221608002
2017-09-14,10107.4,10126.5,10070.35,10086.6,9822.31592128944,232638005
2017-09-15,10062.35,10115.15,10043.65,10085.4,9830.537298749146,274799002
2017-09-18,10133.1,10171.7,10131.3,10153.1,9840.617383163235,160853000
2017-09-19,10175.6,10178.95,10129.95,10147.55,9850.209027439383,193345995
2017-09-20,10160.95,10171.05,10134.2,10141.15,9859.300932831902,205604995
2017-09-21,10139.6,10158.9,10058.6,10121.9,9867.507153680905,197711004
2017-09-22,10094.35,10095.05,9952.7998,9964.4004,9870.535067628376,233621996
2017-09-25,9960.0996,9960.5,9816.0498,9872.5996,9870.59958426499,228207002
2017-09-26,9875.25,9891.3496,9813,9871.5,9870.62772225671,196793008
2017-09-27,9920.5996,9921.0498,9714.4004,9735.75,9866.412793436188,206306001
2017-09-28,9736.4004,9789.2002,9687.5498,9768.9502,9863.367087391307,396875006
2017-09-29,9814.2998,9854,9775.3496,9788.5996,9861.030603410329,202350002
2017-10-03,9893.2998,9895.4004,9831.0498,9859.5,9860.982772053756,167832994
2017-10-04,9884.3496,9938.2998,9850.6504,9914.9004,9862.667697927076,160994001
2017-10-05,9927,9945.9502,9881.8496,9888.7002,9863.481213616855,152361992
2017-10-06,9908.1504,9989.3496,9906.5996,9979.7002,9867.113056941329,201859006
2017-10-09,9988.2002,10015.75,9959.4502,9988.75,9870.914211411913,148395999
2017-10-10,10013.7,10034,10002.3,10016.95,9875.477829805292,153247007
2017-10-11,10042.6,10067.25,9955.7998,9984.7998,9878.894141373876,195592995
2017-10-12,10011.2,10104.45,9977.0996,10096.4,9885.691199455941,207106998
2017-10-13,10123.7,10191.9,10120.1,10167.45,9894.496161972944,237229998
2017-10-16,10207.4,10242.95,10175.1,10230.85,9905.007219411289,209326998
2017-10-17,10227.65,10251.85,10212.6,10234.45,9915.302306304686,201782002
2017-10-18,10209.4,10236.45,10175.75,10210.85,9924.538171732664,262112002
2017-10-19,10210.35,10211.95,10123.35,10146.55,9931.476041366019,31086000
2017-10-23,10176.65,10224.15,10124.5,10184.85,9939.39397757333,224798999
2017-10-24,10218.55,10237.75,10182.4,10207.7,9947.778540774165,223914000
2017-10-25,10321.15,10340.55,10240.9,10295.35,9958.640148874973,612621025
2017-10-26,10291.8,10355.65,10271.85,10343.8,9970.67639422263,443036008
2017-10-27,10362.3,10366.15,10311.3,10323.05,9981.688069403173,322411004
2017-10-30,10353.85,10384.5,10344.3,10363.65,9993.624379734325,244193001
2017-10-31,10364.9,10367.7,10323.95,10335.3,10004.301742867627,239810003
2017-11-01,10390.35,10451.65,10383.05,10440.5,10017.932938403013,268269994
2017-11-02,10440.5,10453,10412.55,10423.8,10030.61628407792,207734997
2017-11-03,10461.55,10461.7,10403.6,10452.5,10043.800150200484,206101004
2017-11-06,10431.75,10490.45,10413.75,10451.8,10056.550145506719,199559004
2017-11-07,10477.15,10485.75,10340.8,10350.15,10065.725140959634,295831011
2017-11-08,10361.95,10384.25,10285.5,10303.15,10073.144667804645,282950009
2017-11-09,10358.65,10368.45,10266.95,10308.95,10080.51358443575,247607001
2017-11-10,10304.35,10344.95,10254.1,10321.75,10088.052222422133,287962989
2017-11-13,10322,10334.15,10216.25,10224.95,10092.330277971441,216800002
2017-11-14,10223.4,10248,10175.55,10186.6,10095.276206784834,314412990
2017-11-15,10171.95,10175.45,10094,10118.05,10095.987887822808,213836005
2017-11-16,10152.9,10232.25,10139.2,10214.75,10099.699203828346,188180005
2017-11-17,10324.55,10343.6,10268.05,10283.6,10105.44610370871,209593008
2017-11-20,10287.2,10309.85,10261.5,10298.75,10111.486850467812,151751000
2017-11-21,10329.25,10358.7,10315.05,10326.9,10118.218511390693,191858999
2017-11-22,10350.8,10368.7,10309.55,10342.3,10125.221057909734,162503999
2017-11-23,10358.45,10374.3,10307.3,10348.75,10132.206337350055,157651993
2017-11-24,10366.8,10404.5,10362.25,10389.7,10140.253014307866,133177000
2017-11-27,10361.05,10407.15,10340.2,10399.55,10148.356045110744,146277007
2017-11-28,10387.9,10409.55,10355.2,10370.25,10155.290231201034,202050994
2017-11-29,10376.65,10392.95,10345.9,10361.3,10161.728036476,157192995
2017-11-30,10332.7,10332.7,10211.25,10226.55,10163.753722836125,353104986
2017-12-01,10263.7,10272.7,10108.55,10121.8,10162.442668997497,147766002
2017-12-04,10175.05,10179.2,10095.7,10127.75,10161.358523091325,153239994
2017-12-05,10118.25,10147.95,10069.1,10118.25,10160.011381744722,160253002
2017-12-06,10088.8,10104.2,10033.35,10044.1,10156.3891510652,171207999
2017-12-07,10063.45,10182.65,10061.9,10166.7,10156.711365094412,171339006
2017-12-08,10198.45,10270.85,10195.25,10265.65,10160.115697435212,206233993
2017-12-11,10310.5,10329.2,10282.05,10322.25,10165.182394390362,152035000
2017-12-12,10324.9,10326.1,10230.2,10240.15,10167.525132065663,180546994
2017-12-13,10236.6,10296.55,10169.85,10192.95,10168.31965918861,187192001
2017-12-14,10229.3,10276.1,10141.55,10252.1,10170.937794838967,159104008
2017-12-15,10345.65,10373.1,10319.65,10333.25,10176.010051250249,262974996
2017-12-18,10263.1,10443.55,10074.8,10388.75,10182.658174648679,237507002
2017-12-19,10414.8,10472.2,10406,10463.2,10191.425106690907,174340997
2017-12-20,10494.4,10494.45,10437.15,10444.2,10199.324322106817,180596998
2017-12-21,10473.95,10473.95,10426.9,10440.3,10206.85481204098,156646998
2017-12-22,10457.3,10501.1,10448.25,10493,10215.796849164699,143119008
2017-12-26,10512.3,10545.45,10477.95,10531.5,10225.662572628302,160417006
2017-12-27,10531.05,10552.4,10469.25,10490.75,10233.946554733668,170306994
2017-12-28,10498.2,10534.55,10460.45,10477.9,10241.570099898241,281310003
2017-12-29,10492.35,10538.7,10488.65,10530.7,10250.60540927642,156735996
2018-01-01,10531.7,10537.85,10423.1,10435.55,10256.384927736533,134531998
2018-01-02,10477.55,10495.2,10404.65,10442.2,10262.191648744767,158092001
2018-01-03,10482.65,10503.6,10429.55,10443.2,10267.848159721492,172516999
2018-01-04,10469.4,10513,10441.45,10504.8,10275.252904730196,180256997
2018-01-05,10534.25,10566.1,10520.1,10558.85,10284.115313957378,186470007
2018-01-08,10591.7,10631.2,10588.55,10623.6,10294.72421039621,174181007
2018-01-09,10645.1,10659.15,10603.6,10637,10305.420328821328,211291996
2018-01-10,10652.05,10655.5,10592.7,10632.2,10315.632193545662,181900001
2018-01-11,10637.05,10664.6,10612.35,10651.2,10326.11868749736,158630003
2018-01-12,10682.55,10690.4,10597.1,10681.25,10337.216541013067,180592001
2018-01-15,10718.5,10782.65,10713.8,10741.55,10349.85196160641,181261992
2018-01-16,10761.5,10762.35,10687.85,10700.45,10360.80815030621,217467994
2018-01-17,10702.45,10803,10666.75,10788.55,10374.175083109141,260488004
2018-01-18,10873.4,10887.5,10782.4,10817,10388.013361761981,321609007
2018-01-19,10829.2,10906.85,10793.9,10894.7,10403.84731920692,214012002
2018-01-22,10883.2,10975.1,10881.4,10966.2,10421.420840481704,238816002
2018-01-23,10997.4,11092.9,10994.55,11083.7,10442.11706421665,293445992
2018-01-24,11069.35,11110.1,11046.15,11086,10462.23840595988,292197007
2018-01-25,11095.6,11095.6,11009.2,11069.65,10481.220018273634,340468990
2018-01-29,11079.35,11171.55,11075.95,11130.4,10501.506892702582,249221005
2018-01-30,11120.85,11121.1,11033.9,11049.65,10518.636364805627,234970006
2018-01-31,11018.8,11058.5,10979.3,11027.7,10534.544603405451,253463003
2018-02-01,11044.55,11117.35,10878.8,11016.9,10549.618209549031,315743011
2018-02-02,10938.2,10954.95,10736.1,10760.6,10556.211390500624,291432006
2018-02-05,10604.3,10702.75,10586.8,10666.55,10559.65947204748,247478993
2018-02-06,10295.15,10594.15,10276.3,10498.25,10557.740426045997,274656002
2018-02-07,10607.2,10614,10446.4,10476.7,10555.20791273206,258095006
2018-02-08,10518.5,10637.8,10479.55,10576.85,10555.884227959183,239408005
2018-02-09,10416.5,10480.2,10398.2,10454.95,10552.730033335458,197502992
2018-02-12,10518.2,10555.5,10485.4,10539.75,10552.324407293725,224114999
2018-02-14,10585.75,10590.55,10456.65,10500.9,10550.717394565796,236328993
2018-02-15,10537.9,10618.1,10511.05,10545.5,10550.554350985614,217089999
2018-02-16,10596.2,10612.9,10434.05,10452.3,10547.483902517313,190042997
2018-02-19,10488.9,10489.35,10302.75,10378.4,10542.200030563647,193087996
2018-02-20,10391,10429.35,10347.65,10360.4,10536.518779608532,193465008
2018-02-21,10426,10426.1,10349.6,10397.45,10532.172880245766,241331995
2018-02-22,10354.35,10397.55,10340.65,10382.7,10527.501852738085,323259007
2018-02-23,10408.1,10499.1,10396.65,10491.05,10526.36273234002,217134006
2018-02-26,10526.55,10592.95,10520.2,10582.6,10528.120146954394,177238999
2018-02-27,10615.2,10631.65,10537.25,10554.3,10528.93826736207,193250001
2018-02-28,10488.95,10535.5,10461.55,10492.85,10527.810509007004,294794002
2018-03-01,10479.95,10525.5,10447.15,10458.35,10525.639868100536,181379006
2018-03-05,10428.3,10428.7,10323.9,10358.85,10520.427684722394,199975993
2018-03-06,10420.5,10441.35,10215.9,10249.25,10511.953382074818,229781996
2018-03-07,10232.95,10243.35,10141.55,10154.2,10500.77358888498,257200996
2018-03-08,10216.25,10270.35,10146.4,10242.65,10492.707226732324,233378005
2018-03-09,10271.3,10296.7,10211.9,10226.85,10484.39918839694,192333005
2018-03-12,10301.6,10433.65,10295.45,10421.4,10482.430463759534,223135007
2018-03-13,10389.5,10478.6,10377.85,10426.85,10480.693574267048,274853003
2018-03-14,10393.05,10420.35,10336.3,10410.9,10478.512525071203,186991002
2018-03-15,10405.45,10420,10346.2,10360.15,10474.813696162728,179309003
2018-03-16,10345.15,10346.3,10180.25,10195.15,10466.074205657642,338702008
2018-03-19,10215.35,10224.55,10075.3,10094.25,10454.45469923084,216669995
2018-03-20,10051.55,10155.65,10049.1,10124.35,10444.138927379878,209327997
2018-03-21,10181.95,10227.3,10132.95,10155.25,10435.111148399257,211059999
2018-03-22,10167.5,10207.85,10105.4,10114.75,10425.09986251178,237632995
2018-03-23,9968.7998,10027.7,9951.9004,9998.0498,10411.754548058288,294515016
2018-03-26,9989.1504,10143.5,9958.5498,10130.65,10402.970030931467,270665007
2018-03-27,10188,10207.9,10139.65,10184.15,10396.13190496486,232713994
2018-03-28,10143.6,10158.35,10096.9,10113.7,10387.305907934708,354976989
2018-04-02,10151.65,10220.1,10127.75,10211.8,10381.821348311749,232432992
2018-04-03,10186.85,10255.35,10171.05,10245,10377.545681177007,211652002
2018-04-04,10274.6,10279.85,10111.3,10128.4,10369.759878640225,238183006
2018-04-05,10228.45,10331.8,10227.45,10325.15,10368.365819932718,244115997
2018-04-06,10322.75,10350.45,10290.85,10331.6,10367.21688805982,206356005
2018-04-09,10333.7,10397.7,10328.5,10379.35,10367.59604780795,228513006
2018-04-10,10412.9,10424.85,10381.5,10402.25,10368.678983813952,259524002
2018-04-11,10428.15,10428.15,10355.6,10417.15,10370.193703069766,258077000
2018-04-12,10410.65,10469.9,10395.25,10458.65,10372.957962348835,246027993
2018-04-13,10495.3,10519.9,10451.45,10480.6,10376.321776025434,219725005
2018-04-16,10398.3,10540.15,10396.35,10528.35,10381.07265802464,200951005
2018-04-17,10557.3,10560.45,10495.65,10548.7,10386.311012461369,212450001
2018-04-18,10578.9,10594.2,10509.7,10526.2,10390.682543321951,211823002
2018-04-19,10563.65,10572.2,10546.2,10565.3,10396.13933884314,270740996
2018-04-20,10560.35,10582.35,10527.45,10564.05,10401.386547004293,252226994
2018-04-23,10592.8,10638.35,10514.95,10584.7,10407.11509241041,200202994
2018-04-24,10578.1,10636.8,10569,10614.35,10413.591183272583,225972994
2018-04-25,10612.4,10612.6,10536.45,10570.55,10418.496146295314,195129999
2018-04-26,10586.5,10628.4,10559.65,10617.8,10424.724391723586,345536004
2018-04-27,10651.65,10719.8,10647.55,10692.3,10433.086129482224,306670993
2018-04-30,10705.75,10759,10704.6,10739.35,10442.656875435905,179163005
2018-05-02,10783.85,10784.65,10689.8,10718.05,10451.262910578533,236756992
2018-05-03,10720.15,10720.6,10647.45,10679.65,10458.400007122953,190869996
2018-05-04,10700.45,10700.45,10601.6,10618.25,10463.39531940036,192295993
2018-05-07,10653.15,10725.65,10635.65,10715.5,10471.2735906691,173620003
2018-05-08,10757.9,10758.55,10689.4,10717.8,10478.97754096069,278118990
2018-05-09,10693.35,10766.25,10689.85,10741.7,10487.187617805668,222116004
2018-05-10,10779.65,10785.55,10705,10716.55,10494.35519224924,197988008
2018-05-11,10741.95,10812.05,10724.45,10806.5,10504.109717491452,209391993
2018-05-14,10815.15,10834.85,10774.75,10806.6,10513.562538819844,176697999
2018-05-15,10812.6,10929.2,10781.4,10801.85,10522.571521981725,262201999
2018-05-16,10751.95,10790.45,10699.7,10741.1,10529.400536919797,238222000
2018-05-17,10775.6,10777.25,10664.5,10682.7,10534.191145141052,220738994
2018-05-18,10671.85,10674.95,10589.1,10596.4,10536.135171855394,229909004
2018-05-21,10616.7,10621.7,10505.8,10516.7,10535.527822734914,197293998
2018-05-22,10518.45,10558.6,10490.55,10536.7,10535.564453274448,249236996
2018-05-23,10521.1,10533.55,10417.8,10430.35,10532.276501609622,299919016
2018-05-24,10464.85,10535.15,10419.8,10513.85,10531.700673434321,306792006
2018-05-25,10533.05,10628.05,10524,10605.15,10533.995964889498,268914999
2018-05-28,10648.35,10709.8,10640.55,10688.65,10538.828903486701,239786000
2018-05-29,10689.4,10717.25,10616.1,10633.3,10541.781125252743,232761999
2018-05-30,10579,10648.7,10558.45,10614.35,10544.048902588595,246124003
2018-05-31,10670.1,10763.8,10620.4,10736.15,10550.052061882701,629199012
2018-06-01,10738.45,10764.75,10681.5,10696.2,10554.619184948868,227356000
2018-06-04,10765.95,10770.3,10618.35,10628.5,10556.927960419216,210148000
2018-06-05,10630.7,10633.15,10550.9,10593.15,10558.059899156116,172897993
2018-06-06,10603.45,10698.35,10587.5,10684.65,10562.015839807487,195760996
2018-06-07,10722.6,10818,10722.6,10768.35,10568.463782313504,227663004
2018-06-08,10736.4,10779.45,10709.05,10767.65,10574.688351616207,215943004
2018-06-11,10781.85,10850.55,10777.05,10786.95,10581.321528128201,217850003
2018-06-12,10816.15,10856.55,10789.4,10842.85,10589.494292874195,204419006
2018-06-13,10887.5,10893.25,10842.65,10856.7,10597.844471221877,220002992
2018-06-14,10832.9,10833.7,10773.55,10808.05,10604.413393996194,190032003
2018-06-15,10808.65,10834,10755.4,10817.7,10611.078600433813,314764001
2018-06-18,10830.2,10830.2,10787.35,10799.85,10616.977706670257,202726998
2018-06-19,10789.45,10789.45,10701.2,10710.45,10619.89871583681,231383007
2018-06-20,10734.65,10781.8,10724.05,10772.05,10624.65344346691,199467008
2018-06-21,10808.45,10809.6,10725.9,10741.1,10628.29239835857,230507004
2018-06-22,10742.7,10837,10710.45,10821.85,10634.341073409865,236897993
2018-06-25,10822.9,10831.05,10753.05,10762.45,10638.344477365807,236692996
2018-06-26,10742.7,10805.25,10732.55,10769.15,10642.432149948125,226845999
2018-06-27,10785.5,10785.5,10652.4,10671.4,10643.337395262246,253620994
2018-06-28,10660.8,10674.2,10557.7,10589.1,10641.642476660301,363156996
2018-06-29,10612.85,10723.05,10612.35,10714.3,10643.913024264666,250328007
2018-07-02,10732.35,10736.15,10604.65,10657.3,10644.331367256395,304537010
2018-07-03,10668.6,10713.3,10630.25,10699.9,10646.067887029632,208372007
2018-07-04,10715,10777.15,10677.75,10769.9,10649.937640559956,179267994
2018-07-05,10786.05,10786.05,10726.25,10749.75,10653.056776792457,227267002
2018-07-06,10744.15,10816.35,10735.05,10772.65,10656.794065017693,256547996
2018-07-09,10838.3,10860.35,10807.15,10852.9,10662.92237548589,189330997
2018-07-10,10902.75,10956.9,10876.65,10947.25,10671.807613751957,203062002
2018-07-11,10956.4,10976.65,10923,10948.3,10680.448000822207,229211996
2018-07-12,11006.95,11078.3,10999.65,11023.2,10691.159000796513,256034996
2018-07-13,11056.9,11071.35,10999.75,11018.9,10701.400907021622,241670996
2018-07-16,11018.95,11019.5,10926.25,10936.85,10708.758691177196,216971002
2018-07-17,10939.65,11018.5,10925.6,11008.05,10718.111544577909,217108005
2018-07-18,11060.2,11076.2,10956.3,10980.45,10726.309621309849,232502002
2018-07-19,10999.5,11006.5,10935.45,10957.1,10733.521820643917,222056006
2018-07-20,10963.5,11030.25,10946.2,11010.2,10742.168013748795,193143996
2018-07-23,11019.85,11093.4,11010.95,11084.75,10752.873700819146,236152996
2018-07-24,11109,11143.4,11092.5,11134.3,10764.793272668547,212247003
2018-07-25,11148.4,11157.15,11113.25,11132,10776.268482897654,212333003
2018-07-26,11132.95,11185.85,11125.7,11167.3,10788.488217807102,376656986
2018-07-27,11232.75,11283.4,11210.25,11278.35,10803.79639850063,324343005
2018-07-30,11296.65,11328.1,11261.45,11319.55,10819.913698547485,287436014
2018-07-31,11311.05,11366,11267.75,11356.5,10836.682020467877,264430993
2018-08-01,11359.8,11390.55,11313.55,11346.2,10852.604457328256,278012985
2018-08-02,11328.9,11328.9,11234.95,11244.7,10864.857443036748,216532992
2018-08-03,11297.8,11368,11294.55,11360.8,10880.35564794185,225145995
2018-08-06,11401.5,11427.65,11370.6,11387.1,10896.191408943667,210003001
2018-08-07,11423.15,11428.95,11359.7,11389.45,10911.605739914177,233410003
2018-08-08,11412.5,11459.95,11379.3,11450,10928.43056054186,217048007
2018-08-09,11493.25,11495.2,11454.1,11470.7,10945.376480524927,311520985
2018-08-10,11474.95,11478.75,11419.65,11429.5,10960.505340508522,336424010
2018-08-13,11369.6,11406.3,11340.3,11355.75,10972.85673611763,254466998
2018-08-14,11381.7,11452.45,11370.8,11435.1,10987.301838113954,239842001
2018-08-16,11397.15,11449.85,11366.25,11385.05,10999.731468172893,299610014
2018-08-17,11437.15,11486.45,11431.8,11470.75,11014.45079729249,241985995
2018-08-20,11502.1,11565.3,11499.65,11551.75,11031.2413973771,239843000
2018-08-21,11576.2,11581.75,11539.6,11570.9,11048.105728709066,231063994
2018-08-23,11620.7,11620.7,11546.7,11582.75,11064.813362186907,256164004
2018-08-24,11566.6,11604.6,11532,11557.1,11080.197319618566,225604993
2018-08-27,11605.85,11700.95,11595.6,11691.95,11099.314590880485,205688996
2018-08-28,11731.95,11760.2,11710.5,11738.5,11119.28913491547,249420005
2018-08-29,11744.95,11753.2,11678.85,11691.9,11137.183224449362,259352003
2018-08-30,11694.75,11698.8,11639.7,11676.8,11154.04624868532,323450012
2018-08-31,11675.85,11727.65,11640.1,11680.5,11170.497928413903,357229986
2018-09-03,11751.8,11751.8,11567.4,11582.35,11183.368305650969,241726996
2018-09-04,11598.75,11602.55,11496.85,11520.3,11193.897421099377,262701007
2018-09-05,11514.85,11542.65,11393.85,11476.95,11202.742814190022,253690003
2018-09-06,11514.15,11562.25,11436.05,11536.9,11213.185226246584,255557992
2018-09-07,11558.25,11603,11484.4,11589.1,11224.932562926379,305028989
2018-09-10,11570.25,11573,11427.3,11438.1,11231.594045334929,295597998
2018-09-11,11476.85,11479.4,11274,11287.5,11233.341106418213,318093001
2018-09-12,11340.1,11380.75,11250.2,11369.9,11237.608571842644,276510015
2018-09-14,11443.5,11523.25,11430.55,11515.2,11246.283303972561,285218013
2018-09-17,11464.95,11464.95,11366.9,11377.75,11250.391638223418,207620997
2018-09-18,11381.55,11411.45,11268.95,11278.9,11251.282524528937,248298996
2018-09-19,11326.65,11332.05,11210.9,11234.35,11250.753383137408,258423996
2018-09-21,11271.3,11346.8,10866.45,11143.1,11247.389214914363,741152981
2018-09-24,11164.4,11170.15,10943.6,10967.4,11238.639551948288,398815986
2018-09-25,10969.95,11080.6,10882.85,11067.45,11233.289878449905,417548993
2018-09-26,11145.55,11145.55,10993.05,11053.8,11227.680819748346,351040995
2018-09-27,11079.8,11089.45,10953.35,10977.55,11219.86423163121,418209989
2018-09-28,11008.1,11034.1,10850.3,10930.45,11210.820036892736,492893995
2018-10-01,10930.9,11035.65,10821.55,11008.3,11204.491285739838,398987002
2018-10-03,10982.7,10989.05,10843.75,10858.25,11193.671245560468,398757003
2018-10-04,10754.7,10754.7,10547.25,10599.25,11175.095581636704,438202008
2018-10-05,10514.1,10540.65,10261.9,10316.45,11148.262907210557,625153999
2018-10-08,10310.15,10398.35,10198.4,10348.05,11123.256253860227,470278996
2018-10-09,10390.3,10397.6,10279.35,10301.05,11097.562308427096,443795014
2018-10-10,10331.85,10482.35,10318.25,10460.1,11077.64161128875,373843984
2018-10-11,10169.8,10335.95,10138.6,10234.65,11051.298123435976,498508988
2018-10-12,10331.55,10492.45,10322.15,10472.5,11033.210682078601,354056995
2018-10-15,10524.2,10526.3,10410.15,10512.5,11016.938473263644,267518001
2018-10-16,10550.15,10604.9,10525.3,10584.75,11003.432583474156,273443996
2018-10-17,10688.7,10710.15,10436.45,10453.05,10986.233127740588,293586993
2018-10-19,10339.7,10380.1,10249.6,10303.55,10964.899279998695,368551985
2018-10-22,10405.85,10408.55,10224,10245.3,10942.411802498737,306473009
2018-10-23,10152.6,10222.1,10102.35,10146.8,10917.54893367065,312041996
2018-10-24,10278.15,10290.65,10126.7,10224.8,10895.900529493443,362271998
2018-10-25,10135.05,10166.6,10079.3,10124.9,10871.806762946773,522421993
2018-10-26,10122.35,10128.85,10004.55,10030,10845.500301604687,375562994
2018-10-29,10078.1,10275.3,10020.35,10250.9,10826.919042179541,375748985
2018-10-30,10239.4,10285.1,10175.35,10198.4,10807.277822111431,298754015
2018-10-31,10209.55,10396,10105.1,10386.6,10794.13164017045,386619015
2018-11-01,10441.7,10441.9,10341.9,10380.45,10781.204088915123,359340016
2018-11-02,10462.3,10606.95,10457.7,10553,10774.072711136525,434176000
2018-11-05,10558.75,10558.8,10477,10524,10766.257938913508,311176004
2018-11-06,10552,10600.25,10491.45,10530,10758.87487832246,309879013
2018-11-07,10614.45,10616.45,10582.3,10598.4,10753.860038374884,2826000
2018-11-09,10614.7,10619.55,10544.85,10585.2,10748.589412175668,305816994
2018-11-12,10607.8,10645.5,10464.05,10482.2,10740.264743045178,267710005
2018-11-13,10451.9,10596.25,10440.55,10582.5,10735.334594825015,262542000
2018-11-14,10634.9,10651.6,10532.7,10576.3,10730.364763736734,396374016
2018-11-15,10580.6,10646.5,10557.5,10616.7,10726.812739869962,306011996
2018-11-16,10644,10695.15,10631.15,10682.2,10725.418591749025,353384989
2018-11-19,10731.25,10774.7,10688.8,10763.4,10726.605510756868,280521998
2018-11-20,10740.1,10740.85,10640.85,10656.2,10724.405338545715,304323002
2018-11-21,10670.95,10671.3,10562.35,10600.05,10720.519234216163,310190998
2018-11-22,10612.65,10646.25,10512,10526.75,10714.463945646907,246927000
2018-11-26,10568.3,10637.8,10489.75,10628.6,10711.78069734544,332863013
2018-11-27,10621.45,10695.15,10596.35,10685.6,10710.962550553395,382834016
2018-11-28,10708.75,10757.8,10699.85,10728.85,10711.521533348601,437626995
2018-11-29,10808.7,10883.05,10782.35,10858.7,10716.120860431458,712650981
2018-11-30,10892.1,10922.45,10835.1,10876.75,10721.140521042975,467857015
2018-12-03,10930.7,10941.2,10845.35,10883.75,10726.222067260382,422359007
2018-12-04,10877.1,10890.95,10833.35,10869.5,10730.699502658495,332137005
2018-12-05,10820.45,10821.05,10747.95,10782.9,10732.330768200418,322020016
2018-12-06,10718.15,10722.65,10588.25,10601.15,10728.231369194154,328275001
2018-12-07,10644.8,10704.55,10599.35,10693.7,10727.152263906837,335850013
2018-12-10,10508.7,10558.85,10474.95,10488.45,10719.692818159749,393096987
2018-12-11,10350.05,10567.15,10333.85,10549.15,10714.363355092257,438699000
2018-12-12,10591,10752.2,10560.8,10737.6,10715.089500245624,371696992
2018-12-13,10810.75,10838.6,10749.5,10791.55,10717.478890862947,387810001
2018-12-14,10784.5,10815.75,10752.1,10805.45,10720.22798802348,350578999
2018-12-17,10853.2,10900.35,10844.85,10888.35,10725.481800897745,306145985
2018-12-18,10850.9,10915.4,10819.1,10908.7,10731.207369619691,294942015
2018-12-19,10930.55,10985.15,10928,10967.3,10738.585264319076,321802011
2018-12-20,10885.2,10962.55,10880.05,10951.7,10745.245099809104,328802992
2018-12-21,10944.25,10963.65,10738.65,10754,10745.51869044007,389235016
2018-12-24,10780.9,10782.3,10649.25,10663.5,10742.95560636382,230290997
2018-12-26,10635.45,10747.5,10534.55,10729.85,10742.54605616495,271942992
2018-12-27,10817.9,10834.2,10764.45,10779.8,10743.710241909796,470160015
2018-12-28,10820.95,10893.6,10817.15,10859.9,10747.341171850114,253087007
2018-12-31,10913.2,10923.55,10853.2,10862.55,10750.941447729798,186494992
2019-01-01,10881.7,10923.6,10807.1,10910.1,10755.915152488242,159404999
2019-01-02,10868.85,10895.35,10735.05,10792.5,10757.058428972985,309665989
2019-01-03,10796.8,10814.05,10661.25,10672.25,10754.40816556758,286242013
2019-01-04,10699.7,10741.05,10628.65,10727.35,10753.562597893593,296596996
2019-01-07,10804.85,10835.95,10750.15,10771.8,10754.132516709418,269370999
2019-01-08,10786.25,10818.45,10733.25,10802.15,10755.633063062249,277697987
2019-01-09,10862.4,10870.4,10749.4,10855.15,10758.742967341554,333010993
2019-01-10,10859.35,10859.35,10801.8,10821.6,10760.70724961213,254365008
2019-01-11,10834.75,10850.15,10739.4,10794.95,10761.777335561752,260791992
2019-01-14,10807,10808,10692.35,10737.6,10761.021793825446,298774004
2019-01-15,10777.55,10896.95,10777.55,10886.8,10764.952362768401,310737011
2019-01-16,10899.65,10928.15,10876.9,10890.3,10768.869476431888,276539015
2019-01-17,10920.85,10930.65,10844.65,10905.2,10773.12980529339,271675998
2019-01-18,10914.85,10928.2,10852.2,10906.95,10777.311686377972,323813999
2019-01-21,10919.35,10987.45,10885.75,10961.85,10783.07850867866,288829014
2019-01-22,10949.8,10949.8,10864.15,10922.75,10787.443242782452,300768002
2019-01-23,10931.05,10944.8,10811.95,10831.5,10788.820016445501,298876010
2019-01-24,10844.05,10866.6,10798.65,10849.8,10790.72564093158,361081995
2019-01-25,10859.75,10931.7,10756.45,10780.55,10790.407652152468,463445000
2019-01-28,10792.45,10804.45,10630.95,10661.55,10786.380850522703,419683009
2019-01-29,10653.7,10690.35,10583.65,10652.2,10782.187698943868,356908990
2019-01-30,10702.25,10710.2,10612.85,10651.8,10778.113083351873,410108002
2019-01-31,10690.55,10838.05,10678.55,10830.95,10779.764236997127,604817981
2019-02-01,10851.35,10983.45,10813.45,10893.65,10783.323167090966,482273001
2019-02-04,10876.75,10927.9,10814.15,10912.25,10787.352130619374,318299996
2019-02-05,10908.65,10956.7,10886.7,10934.35,10791.945814037519,268094996
2019-02-06,10965.1,11072.6,10962.7,11062.45,10800.399069848847,298509992
2019-02-07,11070.45,11118.1,11043.6,11069.4,10808.80534891607,263543996
2019-02-08,11023.5,11041.2,10925.45,10943.6,10813.017681762443,352787005
2019-02-11,10930.9,10930.9,10857.1,10888.8,10815.385879207366,285985014
2019-02-12,10879.7,10910.9,10823.8,10831.4,10815.886320482135,292315005
2019-02-13,10870.55,10891.65,10772.1,10793.65,10815.191435467068,321959002
2019-02-14,10786.1,10792.7,10718.75,10746.05,10813.030765608723,627040977
2019-02-15,10780.25,10785.75,10620.4,10724.4,10810.26105418345,521876996
2019-02-18,10738.65,10759.9,10628.4,10640.95,10804.970083740216,345439994
2019-02-19,10636.7,10722.85,10585.65,10604.35,10798.700706123334,291507012
2019-02-20,10655.45,10752.7,10646.4,10735.45,10796.724121556981,289195000
2019-02-21,10744.1,10808.85,10721.5,10789.85,10796.509305258325,279584997
2019-02-22,10782.7,10801.55,10758.4,10791.65,10796.357451969003,396846989
2019-02-25,10813.25,10887.1,10788.05,10880.1,10798.97440659497,385905000
2019-02-26,10775.3,10888.75,10729.3,10835.3,10800.109581388879,414953996
2019-02-27,10881.2,10939.7,10751.2,10806.65,10800.313969470477,381080011
2019-02-28,10865.7,10865.7,10784.85,10792.5,10800.069782924524,644158980
2019-03-01,10842.65,10877.9,10823.1,10863.5,10802.051977208132,308525990
2019-03-05,10864.85,10994.9,10817,10987.45,10807.845665420378,373220016
2019-03-06,11024.85,11062.3,10998.85,11053,10815.50673837599,372550992
2019-03-07,11077.95,11089.05,11027.1,11058.2,10823.090902801741,321209008
2019-03-08,11038.85,11049,11008.95,11035.4,10829.725562089186,326569984
2019-03-11,11068.75,11180.9,11059.85,11168.05,10840.2982007739,352242008
2019-03-12,11231.35,11320.4,11227,11301.2,10854.701381999716,391311000
2019-03-13,11326.2,11352.3,11276.6,11341.7,10869.920088812225,382995988
2019-03-14,11382.5,11383.45,11313.75,11343.25,10884.711648536842,294481002
2019-03-15,11376.85,11487,11370.8,11426.85,10901.653472020065,463705014
2019-03-18,11473.85,11530.15,11412.5,11462.2,10919.170551019439,320249987
2019-03-19,11500.3,11543.85,11451.25,11532.4,10938.33397130008,326099993
2019-03-20,11553.35,11556.1,11503.1,11521.05,10956.543847196954,366298006
2019-03-22,11549.2,11572.8,11434.55,11456.9,10972.17997697205,386194014
2019-03-25,11395.65,11395.65,11311.6,11354.25,10984.119665191673,294459015
2019-03-26,11375.2,11496.75,11352.45,11483.25,10999.717488154432,282575012
2019-03-27,11531.45,11546.2,11413,11445.05,11013.634129149606,350445994
2019-03-28,11463.65,11588.5,11452.45,11570,11031.020562613681,527678996
2019-03-29,11625.45,11630.35,11570.15,11623.9,11049.548045032003,416277004
2019-04-01,11665.2,11738.1,11644.75,11669.15,11068.910606124753,379573010
2019-04-02,11711.55,11729.35,11655.85,11713.2,11089.044649683354,386131001
2019-04-03,11735.3,11761,11629.15,11643.95,11106.38544188075,365759988
2019-04-04,11660.2,11662.55,11559.2,11598,11121.748396821977,349029990
2019-04-05,11638.4,11689.65,11609.5,11665.95,11138.75469692129,266666000
2019-04-08,11704.35,11710.3,11549.1,11604.5,11153.309237642501,260932993
2019-04-09,11612.05,11683.9,11569.7,11671.95,11169.516761466173,300468011
2019-04-10,11646.85,11680.05,11571.75,11584.3,11182.478737670355,359941014
2019-04-11,11592.55,11606.7,11550.55,11596.7,11195.423152118157,279776002
2019-04-12,11612.85,11657.35,11578.8,11643.45,11209.423991114465,246006006
2019-04-15,11667,11704.6,11648.25,11690.35,11224.452928892139,289996014
2019-04-16,11736.2,11810.95,11731.55,11787.15,11242.03721236426,354315010
2019-04-18,11856.15,11856.15,11738.5,11752.8,11257.998549477876,339653984
2019-04-22,11727.05,11727.05,11583.95,11594.45,11268.512657306692,260355998
2019-04-23,11612.95,11645.95,11564.8,11575.95,11278.120074265858,272544006
2019-04-24,11601.5,11740.85,11578.85,11726.15,11292.12100944505,335197012
2019-04-25,11735.7,11796.75,11624.3,11641.8,11303.048477899893,604360016
2019-04-26,11683.75,11762.9,11661.75,11754.65,11317.16102546552,333483999
2019-04-30,11748.75,11756.25,11655.9,11748.15,11330.629430919724,532630995
2019-05-02,11725.55,11789.3,11699.55,11724.75,11342.945698703483,380278014
2019-05-03,11722.6,11770.9,11699.35,11712.25,11354.486458119,305519985
2019-05-06,11605.8,11632.55,11571.35,11598.25,11362.10406880278,299046011
2019-05-07,11651.5,11657.05,11484.45,11497.9,11366.347691652694,337496015
2019-05-08,11478.7,11479.1,11346.95,11359.45,11366.132138788547,372826014
2019-05-09,11322.4,11357.6,11255.05,11301.8,11364.121759451406,373027996
2019-05-10,11314.15,11345.8,11251.05,11278.9,11361.45857946855,387323003
2019-05-13,11258.7,11300.2,11125.6,11148.2,11354.794248860158,357586010
2019-05-14,11151.65,11294.75,11108.3,11222.05,11350.645991083278,398123008
2019-05-15,11271.7,11286.8,11136.95,11157,11344.594553861925,414173987
2019-05-16,11180.35,11281.55,11143.35,11257.1,11341.86034905374,350735008
2019-05-17,11261.9,11426.15,11259.85,11407.15,11343.900650645812,412109013
2019-05-20,11651.9,11845.2,11591.7,11828.25,11359.03656781313,452096000
2019-05-21,11863.65,11883.55,11682.8,11709.1,11369.97605006897,381038002
2019-05-22,11727.95,11784.8,11682.4,11737.9,11381.473673504315,355870999
2019-05-23,11901.3,12041.15,11614.5,11657.05,11390.085433707305,569031000
2019-05-24,11748,11859,11658.1,11844.1,11404.273388903952,374637003
2019-05-27,11855.5,11957.15,11812.4,11924.75,11420.538283000704,348355985
2019-05-28,11958.35,11958.55,11864.9,11928.75,11436.419899156932,598308028
2019-05-29,11905.8,11931.9,11836.8,11861.1,11449.691152308278,318069015
2019-05-30,11865.3,11968.55,11859.4,11945.9,11465.197678798644,421200003
2019-05-31,11999.8,12039.25,11829.45,11922.8,11479.497751336186,438878994
2019-06-03,11953.75,12103.05,11920.1,12088.55,11498.53063410693,315297006
2019-06-04,12052.65,12095.2,12005.85,12021.65,11514.878114291088,289222001
2019-06-06,12039.8,12039.8,11830.25,11843.75,11525.155360719491,415206998
2019-06-07,11865.2,11897.5,11769.5,11870.65,11535.952068197006,302456013
2019-06-10,11934.9,11975.05,11871.75,11922.7,11548.03794106585,303328985
2019-06-11,11959.85,12000.35,11904.35,11965.6,11561.086755407541,332181996
2019-06-12,11962.45,11962.45,11866.35,11906.2,11571.871544301055,283717992
2019-06-13,11873.9,11931.35,11817.05,11914.05,11582.564621041647,447901991
2019-06-14,11910.1,11911.85,11797.7,11823.3,11590.087601634095,390294995
2019-06-17,11844,11844.05,11657.75,11672.15,11592.65205158303,295528006
2019-06-18,11677.05,11727.2,11641.15,11691.5,11595.74104997106,365525991
2019-06-19,11744.45,11802.5,11625.1,11691.45,11598.731954659464,446933008
2019-06-20,11653.65,11843.5,11635.05,11831.75,11606.013768576357,442016989
2019-06-21,11827.6,11827.95,11705.1,11724.1,11609.703963308346,468429996
2019-06-24,11725.8,11754,11670.2,11699.65,11612.51477695496,277621015
2019-06-25,11681,11814.4,11651,11796.45,11618.262752675118,300476006
2019-06-26,11768.15,11871.85,11757.55,11847.55,11625.427979154021,327884997
2019-06-27,11860.85,11911.15,11821.05,11841.55,11632.181792305459,480169001
2019-06-28,11861.15,11871.7,11775.5,11788.85,11637.077673795913,303888990
2019-07-01,11839.9,11884.65,11830.8,11865.6,11644.218996489792,278415999
2019-07-02,11890.3,11917.45,11814.7,11910.3,11652.534027849486,363197006
2019-07-03,11932.15,11945.2,11887.05,11916.75,11660.79077697919,340528005
2019-07-04,11928.8,11969.25,11923.65,11946.75,11669.72700269859,333594984
2019-07-05,11964.75,11981.75,11797.9,11811.15,11674.146471364258,530719998
2019-07-08,11770.4,11771.9,11523.3,11558.6,11670.535644134125,464028991
2019-07-09,11531.6,11582.55,11461,11555.9,11666.953280254933,442520011
2019-07-10,11536.15,11593.7,11475.65,11498.9,11661.701615246966,337570988
2019-07-11,11561.45,11599,11519.5,11582.9,11659.239064770498,317258007
2019-07-12,11601.15,11639.55,11538.6,11552.5,11655.90346899642,359420985
2019-07-15,11614.75,11618.4,11532.3,11588.35,11653.79242309028,368788996
2019-07-16,11596.65,11670.05,11573.95,11662.6,11654.06765986871,480155992
2019-07-17,11670.75,11706.65,11651.15,11687.5,11655.112420497813,464828006
2019-07-18,11675.6,11677.15,11582.4,11596.9,11653.293282357257,498257986
2019-07-19,11627.95,11640.35,11399.3,11419.25,11645.979429783592,446048993
2019-07-22,11392.85,11398.15,11301.25,11346.2,11636.611322602856,516043997
2019-07-23,11372.25,11398.15,11302.8,11331.05,11627.062531271516,458931012
2019-07-24,11322.45,11359.75,11229.8,11271.3,11615.944952169282,413203005
2019-07-25,11290.4,11361.4,11239.35,11252.15,11604.576359913992,553677029
2019-07-26,11247.45,11307.6,11210.05,11284.3,11594.56772366668,522670014
2019-07-29,11307.5,11310.95,11152.4,11189.2,11581.899982302097,482862006
2019-07-30,11213.7,11267.45,11072.65,11085.4,11566.384357855157,479058985
2019-07-31,11034.05,11145.3,10999.4,11118,11552.372346672184,536693998
2019-08-01,11060.2,11076.75,10881,10980,11534.485710838679,499918995
2019-08-02,10930.3,11080.15,10848.95,10997.35,11517.70021987497,547416015
2019-08-05,10895.8,10895.8,10782.6,10862.6,11497.228338003877,506557006
2019-08-06,10815.4,11018.55,10813.8,10948.25,11480.072764941257,517890998
2019-08-07,10958.1,10975.65,10835.9,10855.5,11460.554866036842,548466000
2019-08-08,10899.2,11058.05,10842.95,11032.45,11447.17658897319,482472002
2019-08-09,11087.9,11181.45,11062.8,11109.65,11436.628883067779,538063995
2019-08-13,11139.4,11145.9,10901.6,10925.85,11420.66704297191,624635019
2019-08-14,11003.25,11078.15,10935.6,11029.4,11408.439947879038,511542002
2019-08-16,11043.65,11068.65,10924.3,11047.8,11397.16994950782,470910009
2019-08-19,11094.8,11146.9,11037.85,11053.9,11386.4427635857,369492984
2019-08-20,11063.9,11076.3,10985.3,11017,11374.897677223646,444715991
2019-08-21,11018.15,11034.2,10906.65,10918.7,11360.641499810406,557867991
2019-08-22,10905.3,10908.25,10718.3,10741.35,11341.288640441331,668192997
2019-08-23,10699.6,10862.55,10637.15,10829.35,11325.29055792754,667079999
2019-08-26,11000.3,11070.3,10756.55,11057.85,11316.933040492304,684141969
2019-08-27,11106.55,11141.75,11049.5,11105.35,11310.321070476919,685550993
2019-08-28,11101.3,11129.65,10987.65,11046.1,11302.064162024515,549954978
2019-08-29,10996.05,11021.1,10922.4,10948.3,11291.009031961248,649876013
2019-08-30,10987.8,11042.6,10874.8,11023.25,11282.641562212459,628153975
2019-09-03,10960.95,10967.5,10772.7,10797.9,11267.493388393319,483038986
2019-09-04,10790.4,10858.75,10746.35,10844.65,11254.279532506027,508783985
2019-09-05,10860.95,10920.1,10816,10847.9,11241.580172115213,595698975
2019-09-06,10883.8,10957.05,10867.45,10946.2,11232.349541736612,497213997
2019-09-09,10936.7,11028.85,10889.8,11003.05,11225.183931057343,412471001
2019-09-11,11028.5,11054.8,11011.65,11035.7,11219.262558211802,687139979
2019-09-12,11058.3,11081.75,10964.95,10982.8,11211.873103267682,551436026
2019-09-13,10986.8,11084.45,10945.75,11075.9,11207.623943790568,624304980
2019-09-16,10994.85,11052.7,10968.2,11003.5,11201.245070547113,434450006
2019-09-17,11000.1,11000.1,10796.5,10817.6,11189.256162092515,482012987
2019-09-18,10872.8,10885.15,10804.85,10840.65,11178.362219527124,519154991
2019-09-19,10845.2,10845.2,10670.25,10704.8,11163.5634001669,642599027
2019-09-20,10746.8,11381.9,10691,11274.2,11167.020793911684,1356767035
2019-09-23,11542.7,11694.85,11471.35,11600.2,11180.557644101944,882827002
2019-09-24,11590.7,11655.05,11539.2,11588.2,11193.296467723758,651722031
2019-09-25,11564.85,11564.95,11416.1,11440.2,11201.01220310739,629055029
2019-09-26,11469.85,11610.85,11466.35,11571.2,11212.580571760283,844466029
2019-09-27,11556.35,11593.6,11499.75,11512.4,11221.949928892775,650016981
2019-09-30,11491.15,11508.25,11390.8,11474.45,11229.840556114876,756848984
2019-10-01,11515.4,11554.2,11247.9,11359.9,11233.904913736285,1305414992
2019-10-03,11322.25,11370.4,11257.35,11314,11236.407885182027,1017480020
2019-10-04,11388.45,11400.3,11158.35,11174.75,11234.481076270089,928524009
2019-10-07,11196.2,11233.85,11112.65,11126.4,11231.103542636649,733199008
2019-10-09,11152.95,11321.6,11090.15,11313.3,11233.672181929254,741148983
2019-10-10,11280.5,11293.35,11208.55,11234.55,11233.699613743966,562017993
2019-10-11,11257.7,11362.9,11189.4,11305.05,11235.929313314467,737794982
2019-10-14,11335.9,11420.45,11290.05,11341.15,11239.21745977339,587578999
2019-10-15,11360.85,11462.35,11342.1,11428.3,11245.126289155472,527396012
2019-10-16,11464.95,11481.05,11411.1,11464,11251.966092619365,533469004
2019-10-17,11466.3,11599.1,11439.65,11586.35,11262.41558972501,797572006
2019-10-18,11580.3,11684.7,11553.15,11661.85,11274.897915046104,853440004
2019-10-22,11657.15,11714.35,11573.65,11588.35,11284.693292700913,867601023
2019-10-23,11596.2,11651.6,11554.4,11604.1,11294.67475230401,664159977
2019-10-24,11661.65,11679.6,11534.65,11582.6,11303.67241629451,700481995
2019-10-25,11646.15,11646.9,11490.75,11583.9,11312.429528285307,812028002
2019-10-27,11662.25,11672.40039063,11604.59960938,11627.15039063,11322.264555233578,161779007
2019-10-29,11643.95,11809.4,11627.35,11786.85,11336.78285038253,951723033
2019-10-30,11883.9,11883.95,11784.45,11844.1,11352.636511308076,725220000
2019-10-31,11890.45,11945,11855.1,11877.45,11369.036932829698,1414837043
2019-11-01,11886.6,11918.3,11843.35,11890.6,11385.335778678771,855337992
2019-11-04,11928.9,11989.15,11905.35,11941.3,11402.70966059506,823049978
2019-11-05,11974.6,11978.95,11861.9,11917.2,11418.787483701464,631951983
2019-11-06,11911.5,12002.9,11850.25,11966.05,11435.889437335794,603351024
2019-11-07,12021.1,12021.4,11946.85,12012.05,11453.894454919051,562964005
2019-11-08,11987.15,12034.15,11888.75,11908.15,11468.08994070283,789253980
2019-11-11,11879.2,11932.65,11853.95,11913.45,11482.007442555867,548979999
2019-11-13,11908.3,11946.8,11823.2,11840.45,11493.208772475997,659035980
2019-11-14,11858.75,11895.65,11802.65,11872.1,11505.049123336123,559494005
2019-11-15,11904.2,11973.65,11879.25,11895.45,11517.249150731868,580154032
2019-11-18,11915.15,11946.2,11867.6,11884.5,11528.725739771497,514351989
2019-11-19,11919.45,11958.85,11881.75,11940.1,11541.581185403636,613909987
2019-11-20,12004.75,12038.6,11966.05,11999.1,11555.878648359772,646661014
2019-11-21,12025.65,12028.2,11956.9,11968.4,11568.76994059853,557685998
2019-11-22,11967.3,11968.1,11883.5,11914.4,11579.570879954825,486815007
2019-11-25,11922.45,12084.5,11919.75,12073.75,11595.013977456236,534288990
2019-11-26,12110.2,12132.45,12006.35,12037.7,11608.847915660728,1201335960
2019-11-27,12068.5,12114.9,12055.15,12100.7,11624.21829329633,584227029
2019-11-28,12132.1,12158.8,12099.95,12151.15,11640.68490913082,620478988
2019-11-29,12146.2,12147.4,12017.4,12056.05,11653.665068220482,804430021
2019-12-02,12137.05,12137.15,12023.7,12048.2,11665.99428483859,720945021
2019-12-03,12067.65,12068.6,11956.4,11994.2,11676.250713437385,605789028
2019-12-04,11969.95,12054.7,11935.3,12043.2,11687.717878642467,747194024
2019-12-05,12071.25,12081.2,11998.75,12018.4,11698.05169493489,562229019
2019-12-06,12047.35,12057.05,11888.85,11921.5,11705.034454468174,609221018
2019-12-09,11939.1,11981.95,11888.05,11937.5,11712.299002766043,599116022
2019-12-10,11950.5,11953.2,11844.7,11856.8,11716.814658929605,650219028
2019-12-11,11867.35,11923.2,11832.3,11910.15,11722.856388338054,997654987
2019-12-12,11944.3,12005.5,11934,11971.8,11730.63587620249,752616997
2019-12-13,12026.4,12098.85,12023.6,12086.7,11741.762880071163,597713027
2019-12-16,12131.35,12134.65,12046.3,12053.95,11751.518727568939,437703999
2019-12-17,12082.45,12182.75,12070.35,12165,11764.44001733241,499586007
2019-12-18,12197,12237.7,12163.45,12221.65,11778.727829290772,518855000
2019-12-19,12223.4,12268.35,12191.15,12259.7,11793.758209625435,623050031
2019-12-20,12266.45,12293.9,12252.75,12271.8,11808.69701557464,810675995
2019-12-23,12235.45,12287.15,12213.25,12262.75,11822.886171337932,604782002
2019-12-24,12269.25,12283.7,12202.1,12214.55,11835.125665983622,470290006
2019-12-26,12211.85,12221.55,12118.85,12126.55,11844.232676421634,520327004
2019-12-27,12172.9,12258.45,12157.9,12245.8,11856.781655283457,383789007
2019-12-30,12274.9,12286.45,12213.8,12255.85,11869.25254105585,411085013
2019-12-31,12247.1,12247.1,12151.8,12168.45,11878.602461647855,426932011
2020-01-01,12202.15,12222.2,12165.3,12182.5,11888.099259721359,304077996
2020-01-02,12198.55,12289.9,12195.25,12282.2,11900.414907855067,407698014
2020-01-03,12261.1,12265.6,12191.35,12226.65,11910.609754484596,428770001
2020-01-06,12170.6,12179.1,11974.2,11993.05,11913.186012156952,396500992
2020-01-07,12079.1,12152.15,12005.35,12052.95,11917.553636777047,447818990
2020-01-08,11939.1,12044.95,11929.6,12025.35,11920.922273127764,445992010
2020-01-09,12153.15,12224.05,12132.55,12215.9,11930.140327092522,477469999
2020-01-10,12271,12311.2,12213.2,12256.8,11940.348441870881,660627980
2020-01-13,12296.7,12337.75,12285.8,12329.55,11952.510990562416,500967997
2020-01-14,12333.1,12374.25,12308.7,12362.3,11965.316897107341,616261026
2020-01-15,12349.4,12355.15,12278.75,12343.3,11977.128869072736,684352995
2020-01-16,12347.1,12389.05,12315.8,12355.5,11988.952966914214,395669996
2020-01-17,12328.4,12385.45,12321.4,12352.35,12000.309124198146,502061007
2020-01-20,12430.5,12430.5,12216.9,12224.55,12007.316651566953,491608998
2020-01-21,12195.3,12230.05,12162.3,12169.85,12012.395818705485,443975991
2020-01-22,12218.35,12225.05,12087.9,12106.9,12015.349074370939,526295007
2020-01-23,12123.75,12189,12094.1,12180.35,12020.505353296847,867653976
2020-01-24,12174.55,12272.15,12149.65,12248.25,12027.62237350632,593238032
2020-01-27,12197.1,12216.6,12107,12119,12030.477924334247,441158009
2020-01-28,12148.1,12163.55,12024.5,12055.8,12031.269239198802,478484005
2020-01-29,12114.9,12169.6,12103.8,12129.5,12034.338950473839,514362016
2020-01-30,12147.75,12150.3,12010.6,12035.8,12034.384608271532,538139001
2020-01-31,12100.4,12103.55,11945.85,11962.1,12032.125714263046,771277980
2020-02-01,11939,12017.35,11633.3,11661.85,12020.554598192326,537634767
2020-02-03,11627.45,11749.85,11614.5,11707.9,12010.784141998816,669815996
2020-02-04,11786.25,11986.15,11783.4,11979.65,12009.811200061353,560429990
2020-02-05,12005.85,12098.15,11953.35,12089.15,12012.290537559435,758033023
2020-02-06,12120,12160.6,12084.65,12137.95,12016.217395760703,565116010
2020-02-07,12151.15,12154.7,12073.95,12098.35,12018.78403964318,473474990
2020-02-10,12102.35,12103.55,11990.75,12031.5,12019.18141340433,524705989
2020-02-11,12108.4,12172.3,12099,12107.9,12021.953869235445,479983993
2020-02-12,12151,12231.75,12144.3,12201.2,12027.555310821837,411729986
2020-02-13,12219.55,12225.65,12139.8,12174.65,12032.152019858655,501190984
2020-02-14,12190.15,12246.7,12091.2,12113.45,12034.692581738072,622782972
2020-02-17,12131.8,12159.6,12037,12045.8,12035.039688558758,455187005
2020-02-18,12028.25,12030.75,11908.05,11992.5,12033.710323291296,676853973
2020-02-19,12090.6,12134.7,12042.1,12125.9,12036.591250688443,513568014
2020-02-20,12119,12152,12071.45,12080.85,12037.97433660443,502604988
2020-02-24,12012.55,12012.55,11813.4,11829.4,12031.45638858554,490797990
2020-02-25,11877.5,11883.05,11779.9,11797.9,12024.157751442242,461000016
2020-02-26,11738.55,11783.25,11639.6,11678.5,12013.355946709673,567624991
2020-02-27,11661.25,11663.85,11536.7,11633.3,12001.479198374996,608614023
2020-02-28,11382,11384.8,11175.05,11201.75,11976.487660925777,809903981
2020-03-02,11387.35,11433,11036.25,11132.75,11950.120859021847,680800027
2020-03-03,11217.55,11342.25,11152.55,11303.3,11929.907707177414,696520016
2020-03-04,11351.35,11356.6,11082.15,11251,11908.69184132812,797653008
2020-03-05,11306.05,11389.5,11244.6,11269,11888.701471286617,1352488976
2020-03-06,10942.65,11035.1,10827.4,10989.45,11860.59986280891,1810970968
2020-03-09,10742.05,10751.55,10294.45,10451.45,11816.56392959613,1565512040
2020-03-11,10334.3,10545.1,10334,10458.4,11774.12130679625,1218545058
2020-03-12,10039.95,10040.75,9508,9590.1504,11705.872215958869,1343489049
2020-03-13,9107.5996,10159.4,8555.1504,9955.2002,11651.163715460154,1387954045
2020-03-16,9587.7998,9602.2002,9165.0996,9197.4004,11574.483611852023,897731985
2020-03-17,9285.4004,9403.7998,8915.5996,8967.0498,11493.001305231648,935619002
2020-03-18,9088.4502,9127.5498,8407.0498,8468.7998,11398.495008193158,1516625986
2020-03-19,8063.2998,8575.4502,7832.5498,8263.4502,11300.524857937122,925722018
2020-03-20,8284.4502,8883,8178.2002,8745.4502,11220.678774876587,1071521006
2020-03-23,7945.7002,8159.25,7583.6001,7610.25,11107.852875661694,653537968
2020-03-24,7848.2998,8036.9502,7511.1001,7801.0498,11004.515279547266,738424979
2020-03-25,7735.1499,8376.75,7714.75,8317.8496,10920.556977061413,736866009
2020-03-26,8451,8749.0498,8304.9004,8641.4502,10849.334890278244,865590968
2020-03-27,8949.0996,9038.9004,8522.9004,8660.25,10780.925987457049,801451016
2020-03-30,8385.9502,8576,8244,8281.0996,10702.806412849017,593251009
2020-03-31,8529.3496,8678.2998,8358,8597.75,10637.023399947486,712656028
2020-04-01,8584.0996,8588.0996,8198.3496,8253.7998,10562.547662449128,506342998
2020-04-03,8356.5498,8356.5498,8055.7998,8083.7998,10485.086791747592,697026019
2020-04-07,8446.2998,8819.4004,8360.9502,8792.2002,10432.18408575548,814181974
2020-04-08,8688.9004,9131.7002,8653.9004,8748.75,10379.57677057562,896525009
2020-04-09,8973.0498,9128.3496,8904.5498,9111.9004,10339.961883995133,742142968
2020-04-13,9103.9502,9112.0498,8912.4004,8993.8496,10297.895875120284,643967025
2020-04-15,9196.4004,9261.2002,8874.0996,8925.2998,10255.002247772776,879148007
2020-04-16,8851.25,9053.75,8821.9004,8992.7998,10215.558421279877,719440970
2020-04-17,9323.4502,9324,9091.3496,9266.75,10185.90815811488,684205015
2020-04-20,9390.2002,9390.8496,9230.7998,9261.8496,10157.03132817379,726364979
2020-04-21,9016.9502,9044.4004,8909.4004,8981.4502,10120.29441791836,655123022
2020-04-22,9026.75,9209.75,8946.25,9187.2998,10091.138336108412,734382981
2020-04-23,9232.3496,9343.5996,9170.1504,9313.9004,10066.849650605023,666650018
2020-04-24,9163.9004,9296.9004,9141.2998,9154.4004,10038.335611523617,659439026
2020-04-27,9259.7002,9377.0996,9250.3496,9282.2998,10014.709492413504,512792986
2020-04-28,9389.7998,9404.4004,9260,9380.9004,9994.902958275581,614549029
2020-04-29,9408.5996,9599.8496,9392.3496,9553.3496,9981.10441582947,653026984
2020-04-30,9753.5,9889.0498,9731.5,9859.9004,9977.316790334798,931174023
2020-05-04,9533.5,9533.5,9266.9502,9293.5,9955.947515636835,687486992
2020-05-05,9429.4004,9450.9004,9190.75,9205.5996,9932.499143273184,725196014
2020-05-06,9226.7998,9346.9004,9116.5,9270.9004,9911.824182545897,722185028
2020-05-07,9234.0498,9277.8496,9175.9004,9199.0498,9889.549983091338,708739990
2020-05-08,9376.9502,9382.6504,9238.2002,9251.5,9869.610921119733,609054032
2020-05-11,9348.1504,9439.9004,9219.9502,9239.2002,9849.910586084741,704647004
2020-05-12,9168.8496,9240.8496,9043.9502,9196.5498,9829.493061519594,805459001
2020-05-13,9584.2002,9584.5,9351.0996,9383.5498,9815.557334597106,846395015
2020-05-14,9213.9502,9281.0996,9119.75,9142.75,9794.532105390947,602556006
2020-05-15,9182.4004,9182.4004,9050,9136.8496,9773.97952709748,575856968
2020-05-18,9158.2998,9158.2998,8806.75,8823.25,9744.269229375683,772983030
2020-05-19,8961.7002,9030.3496,8855.2998,8879.0996,9717.232678457693,762153009
2020-05-20,8889.1504,9093.7998,8875.3496,9066.5498,9696.89883850589,622308033
2020-05-21,9079.4502,9178.5498,9056.0996,9106.25,9678.44106230258,631542972
2020-05-22,9067.9004,9149.5996,8968.5498,9039.25,9658.466341605625,675758998
2020-05-26,9099.75,9161.6504,8996.6504,9029.0498,9638.79707468045,654959968
2020-05-27,9082.2002,9334,9004.25,9314.9502,9628.676859846686,763491975
2020-05-28,9364.9502,9511.25,9336.5,9490.0996,9624.346320476478,837910987
2020-05-29,9422.2002,9598.8496,9376.9004,9580.2998,9622.969866711588,967004979
2020-06-01,9726.8496,9931.5996,9706.9502,9826.1504,9629.31925837685,794183008
2020-06-02,9880.8496,9995.5996,9824.0498,9979.0996,9640.249894052575,770193031
2020-06-03,10108.3,10176.2,10035.55,10061.55,9653.415522363432,794663977
2020-06-04,10054.25,10123.85,9944.25,10029.1,9665.155662289575,775106986
2020-06-05,10093.8,10177.8,10040.75,10142.15,9680.061735343026,987121975
2020-06-08,10326.75,10328.5,10120.25,10167.45,9695.292618613557,936485978
2020-06-09,10181.15,10291.15,10021.45,10046.65,9706.272536781884,754216993
2020-06-10,10072.6,10148.75,10036.85,10116.15,9719.08120750745,632383013
2020-06-11,10094.1,10112.05,9885.0498,9902,9724.797419772842,715452973
2020-06-12,9544.9502,9996.0498,9544.3496,9972.9004,9732.55063790494,796305981
2020-06-15,9919.3496,9943.3496,9726.3496,9813.7002,9735.08656172041,716053021
2020-06-16,10014.8,10046.15,9728.5,9914,9740.677606666648,899895001
2020-06-17,9876.7002,10003.6,9833.7998,9881.1504,9745.067381458315,685418021
2020-06-18,9863.25,10111.2,9845.0498,10091.65,9755.898088287742,622896022
2020-06-19,10119,10272.4,10072.65,10244.4,9771.163773028751,892096020
2020-06-22,10318.75,10393.65,10277.6,10311.2,9788.039905121603,685384991
2020-06-23,10347.95,10484.7,10301.75,10471,9809.382408086552,669194977
2020-06-24,10529.25,10553.15,10281.95,10305.3,9824.879832833847,854800007
2020-06-25,10235.55,10361.8,10194.5,10288.9,9839.380463057789,994191016
2020-06-26,10378.9,10409.85,10311.25,10383,9856.368573587233,671910003
2020-06-29,10311.95,10337.95,10223.6,10312.4,9870.619555662632,574544019
2020-06-30,10382.6,10401.05,10267.35,10302.1,9884.103319548174,556239028
2020-07-01,10323.8,10447.05,10299.6,10430.05,9901.164153312293,573549969
2020-07-02,10493.05,10598.2,10485.55,10551.7,9921.493398521285,597424013
2020-07-03,10614.95,10631.3,10562.65,10607.35,9942.926417317494,525190988
2020-07-06,10723.85,10811.4,10695.1,10763.65,9968.574029276322,571213021
2020-07-07,10802.85,10813.8,10689.7,10799.65,9994.545153361438,636765012
2020-07-08,10818.65,10847.85,10676.55,10705.75,10016.770304818892,767941018
2020-07-09,10755.55,10836.85,10733,10813.45,10041.666545293301,618651976
2020-07-10,10764.1,10819.4,10713,10768.05,10064.366028252885,590705000
2020-07-13,10851.85,10894.05,10756.05,10802.7,10087.438964869983,554050978
2020-07-14,10750.85,10755.65,10562.9,10607.35,10103.686184717797,532369015
2020-07-15,10701,10827.45,10577.75,10618.2,10119.764741445366,715900977
2020-07-16,10706.2,10755.3,10595.2,10739.95,10139.145530775198,694403006
2020-07-17,10752,10933.45,10749.65,10901.7,10162.975357938474,676880974
2020-07-20,10999.45,11037.9,10953,11022.2,10189.826128002896,554307027
2020-07-21,11126.1,11179.55,11113.25,11162.25,10220.214374002806,771999007
2020-07-22,11231.2,11238.1,11056.55,11132.6,10248.726424815219,765074014
2020-07-23,11135,11239.8,11103.15,11215.45,10278.936536539743,621575012
2020-07-24,11149.95,11225.4,11090.3,11194.15,10307.536957272876,678935003
2020-07-27,11225,11225,11087.85,11131.8,10333.295177358099,588149031
2020-07-28,11154.1,11317.75,11151.4,11300.55,10363.521890565658,683891032
2020-07-29,11276.9,11341.4,11149.75,11202.85,10389.750893985482,600725979
2020-07-30,11254.3,11299.95,11084.95,11102.15,10412.013366048435,677760991
2020-07-31,11139.5,11150.4,11026.65,11073.45,10432.683260859421,642560033
2020-08-03,11057.55,11058.05,10882.25,10891.6,10447.024408957564,680929001
2020-08-04,10946.65,11112.25,10908.1,11095.25,10467.28145867764,625737990
2020-08-05,11155.75,11225.65,11064.05,11101.65,10487.105475593964,667639022
2020-08-06,11185.7,11256.8,11127.3,11200.15,10509.388116981652,600374968
2020-08-07,11186.65,11231.9,11142.05,11214.05,10531.408800825975,452629987
2020-08-10,11270.25,11337.3,11238,11270.15,10554.494463300163,491999986
2020-08-11,11322.25,11373.6,11299.15,11322.5,10578.494636322033,586084975
2020-08-12,11289,11322,11242.65,11308.4,10601.304178936969,609859011
2020-08-13,11334.85,11359.3,11269.95,11300.45,10623.152485845188,562354979
2020-08-14,11353.3,11366.25,11111.45,11178.4,10640.503970662527,645109973
2020-08-17,11248.9,11267.1,11144.5,11247.1,10659.460096579323,633964003
2020-08-18,11259.8,11401.7,11253.15,11385.35,10682.14415606122,579241968
2020-08-19,11452.15,11460.35,11394.1,11408.4,10704.839651184308,626217976
2020-08-20,11317.45,11361.45,11289.8,11312.2,10723.819662084798,791587979
2020-08-21,11409.65,11418.5,11362.2,11371.6,10744.062797644649,668718989
2020-08-24,11412,11497.25,11410.65,11466.45,10766.637397718254,532901003
2020-08-25,11513.1,11525.9,11423.35,11472.25,10788.687791539558,638152999
2020-08-26,11512.85,11561.75,11461.85,11549.6,10812.466298053947,743443005
2020-08-27,11609.3,11617.35,11540.6,11559.25,10835.80328873976,719775990
2020-08-28,11602.95,11686.05,11589.4,11647.6,10861.171935966642,806997983
2020-08-31,11777.55,11794.25,11325.85,11387.5,10877.619687967685,1371788935
2020-09-01,11464.3,11553.55,11366.9,11470.25,10896.139385218694,783769993
2020-09-02,11478.55,11554.75,11430.4,11535,10916.10377943061,593494016
2020-09-03,11566.2,11584.95,11507.65,11527.45,10935.208348823404,607115018
2020-09-04,11354.4,11452.05,11303.65,11333.85,10947.665900422673,681338995
2020-09-07,11359.6,11381.15,11251.7,11355.05,10960.396653534464,560322970
2020-09-08,11378.55,11437.25,11290.45,11317.35,10971.551445611512,572238987
2020-09-09,11218.6,11298.15,11185.15,11278,10981.127962936152,728880972
2020-09-10,11363.3,11464.05,11327.4,11449.25,10995.756776594397,679419970
2020-09-11,11447.8,11493.5,11419.9,11464.45,11010.403439825823,554788979
2020-09-14,11540.15,11568.9,11383.55,11440.05,11023.829894831266,642269970
2020-09-15,11487.2,11535.95,11442.25,11521.8,11039.39146061779,506667008
2020-09-16,11538.45,11618.1,11516.75,11604.55,11057.052664973484,527804989
2020-09-17,11539.4,11587.2,11498.5,11516.1,11071.397894193062,517728993
2020-09-18,11584.1,11584.1,11446.1,11504.95,11084.946397499529,764154020
2020-09-21,11503.8,11535.25,11218.5,11250.55,11090.121510077668,602852033
2020-09-22,11301.75,11302.2,11084.65,11153.65,11092.106775387741,672250003
2020-09-23,11258.75,11259.55,11024.4,11131.85,11093.348751156875,714925998
2020-09-24,11011,11015.3,10790.2,10805.55,11084.355040183222,706139980
2020-09-25,10910.4,11072.6,10854.85,11050.25,11083.289257677496,559597027
2020-09-28,11140.85,11239.35,11099.85,11227.55,11087.797405875073,472776999
2020-09-29,11288.6,11305.4,11181,11222.4,11092.003736941477,498295996
2020-09-30,11244.45,11295.4,11184.55,11247.55,11096.864557662055,499344015
2020-10-01,11364.45,11428.6,11347.05,11416.95,11106.867227735116,447739986
2020-10-05,11487.8,11578.05,11452.3,11503.35,11119.257314368393,530596987
2020-10-06,11603.45,11680.3,11564.3,11662.4,11136.23052329438,561445011
2020-10-07,11679.25,11763.05,11629.35,11738.85,11155.06238194143,513367998
2020-10-08,11835.4,11905.7,11791.15,11834.6,11176.29793250576,608769016
2020-10-09,11852.05,11938.6,11805.2,11914.2,11199.357372114955,611079029
2020-10-12,11973.55,12022.05,11867.2,11930.95,11222.219641736363,522628006
2020-10-13,11934.65,11988.2,11888.9,11934.5,11244.478402932102,458305012
2020-10-14,11917.4,11997.2,11822.15,11971.05,11267.183765340473,569244975
2020-10-15,12023.45,12025.45,11661.3,11680.35,11280.095210173584,608865026
2020-10-16,11727.4,11789.75,11667.85,11762.45,11295.16879735566,555765006
2020-10-19,11879.2,11898.25,11820.4,11873.05,11313.227584938295,541421011
2020-10-20,11861,11949.25,11837.25,11896.8,11331.464222908973,453560992
2020-10-21,11958.55,12018.65,11775.75,11937.65,11350.407528443067,623658009
2020-10-22,11890,11939.55,11823.45,11896.45,11367.471355679221,544901005
2020-10-23,11957.9,11974.55,11908.75,11930.35,11385.061313314245,502339994
2020-10-26,11937.4,11942.85,11711.7,11767.75,11397.020334773175,519815987
2020-10-27,11807.1,11899.05,11723,11889.4,11412.407199311514,616319025
2020-10-28,11922.6,11929.4,11684.85,11729.6,11422.31947433303,704018973
2020-10-29,11633.3,11744.15,11606.45,11670.8,11430.084490760122,554960028
2020-10-30,11678.45,11748.95,11535.45,11642.4,11436.719350423868,553673032
2020-11-02,11697.35,11725.65,11557.4,11669.15,11443.982808223122,568434033
2020-11-03,11734.45,11836.2,11723.3,11813.5,11455.53022046615,674303967
2020-11-04,11783.35,11929.65,11756.4,11908.5,11469.685526076582,667289977
2020-11-05,12062.4,12131.1,12027.6,12120.3,11490.017228386689,632454971
2020-11-06,12156.65,12280.4,12131.85,12263.55,11514.190127499605,576837976
2020-11-09,12399.4,12474.05,12367.35,12461.05,11543.779498515243,553450013
2020-11-10,12556.4,12643.9,12475.25,12631.1,11577.758264186641,847450997
2020-11-11,12680.6,12769.75,12571.1,12749.15,11614.364255930808,880474980
2020-11-12,12702.15,12741.15,12624.85,12690.8,11648.00287293297,622017970
2020-11-13,12659.7,12735.95,12607.7,12719.95,11681.501220653814,513949008
2020-11-14,12823.35,12828.7,12749.45,12780.25,11715.837120008382,107867996
2020-11-17,12932.5,12934.05,12797.1,12874.2,11752.035960008121,707676996
2020-11-18,12860.1,12948.85,12819.35,12938.25,11789.105148757868,731321008
2020-11-19,12839.5,12963,12745.75,12771.7,11819.811237859185,768752026
2020-11-20,12813.4,12892.45,12730.25,12859.05,11852.287449176085,663996989
2020-11-23,12960.3,12968.85,12825.7,12926.45,11885.855028889333,633117016
2020-11-24,13002.6,13079.1,12978,13055.15,11922.39549673654,571864973
2020-11-25,13130,13145.85,12833.65,12858.4,11951.645637463524,679005979
2020-11-26,12906.45,13018,12790.4,12987,11984.000461292788,549799002
2020-11-27,13012.05,13035.3,12914.3,12968.95,12014.780134377388,1162361045
2020-12-01,13062.2,13128.4,12962.8,13109.05,12048.976067678095,583633994
2020-12-02,13121.4,13128.5,12983.55,13113.75,12082.250253063155,717711999
2020-12-03,13215.3,13216.6,13107.9,13133.9,12115.114307654932,713688023
2020-12-04,13177.4,13280.05,13152.85,13258.55,12150.846673040716,640513999
2020-12-07,13264.85,13366.65,13241.95,13355.75,12188.499902008194,591722971
2020-12-08,13393.85,13435.45,13311.05,13392.95,12226.138967570438,543164989
2020-12-09,13458.1,13548.9,13449.6,13529.1,12266.85649983386,502604988
2020-12-10,13488.5,13503.55,13399.3,13478.3,12304.714109214052,553403023
2020-12-11,13512.3,13579.35,13402.85,13513.85,12342.499605801113,787707003
2020-12-14,13571.45,13597.5,13472.45,13558.15,12380.488680619828,558389985
2020-12-15,13547.2,13589.65,13447.05,13567.85,12417.593721850459,497600004
2020-12-16,13663.1,13692.35,13606.45,13682.7,12457.128293042631,462150992
2020-12-17,13713.55,13773.25,13673.55,13740.7,12497.239908885049,416008995
2020-12-18,13764.4,13772.85,13658.6,13760.55,12536.718349232391,519392985
2020-12-21,13741.9,13777.5,13131.45,13328.4,12561.45840081888,687254995
2020-12-22,13373.65,13492.05,13192.9,13466.3,12589.73470079329,696196989
2020-12-23,13473.5,13619.45,13432.2,13601.1,12621.339866393499,458651992
2020-12-24,13672.15,13771.75,13626.9,13749.25,12656.587058068702,471368008
2020-12-28,13815.15,13885.3,13811.55,13873.2,12694.606212504055,403633996
2020-12-29,13910.35,13967.6,13859.9,13932.6,12733.293518363304,439593992
2020-12-30,13980.9,13997,13864.95,13981.95,12772.31403341445,380680995
2020-12-31,13970,14024.85,13936.45,13981.75,12810.108907370248,452410016
2021-01-01,13996.1,14049.85,13991.35,14018.5,12847.871129014928,258090910
2021-01-04,14104.35,14147.95,13953.75,14132.9,12888.028281233212,494999306
2021-01-05,14075.15,14215.6,14048.15,14199.5,12929.011772444674,492475351
2021-01-06,14240.95,14244.15,14039.9,14146.25,12967.050467055778,632323310
2021-01-07,14253.75,14256.25,14123.1,14137.35,13003.622327460285,559173534
2021-01-08,14258.4,14367.3,14221.65,14347.25,13045.610692227152,613472076
2021-01-11,14474.05,14498.2,14383.1,14484.75,13090.583795595054,672878559
2021-01-12,14473.8,14590.65,14432.85,14563.45,13136.610864482709,929566949
2021-01-13,14639.8,14653.35,14435.7,14564.85,13181.243337467624,873956704
2021-01-14,14550.05,14617.8,14471.5,14595.6,13225.44198317176,620194955
2021-01-15,14594.35,14617.45,14357.85,14433.7,13263.200046197642,789557215
2021-01-18,14453.3,14459.15,14222.8,14281.3,13295.015669753966,762043564
2021-01-19,14371.65,14546.05,14350.85,14521.15,13333.332367574154,546108310
2021-01-20,14538.3,14666.45,14517.55,14644.7,13374.312606087462,623069954
2021-01-21,14730.95,14753.55,14517.25,14590.35,13412.31377464723,704646939
2021-01-22,14583.4,14619.9,14357.75,14371.9,13442.300844189504,776750367
2021-01-25,14477.8,14491.1,14218.6,14238.9,13467.194567808581,618631463
2021-01-27,14237.95,14237.95,13929.3,13967.5,13482.829112564563,660711145
2021-01-28,13810.4,13898.25,13713.25,13817.55,13493.28914029692,637871653
2021-01-29,13946.6,13966.85,13596.75,13634.6,13497.70510466264,753206100
2021-02-01,13758.6,14336.35,13661.75,14281.2,13522.189320141933,870529499
2021-02-02,14481.1,14731.7,14469.15,14647.85,13557.366216387498,914965201
2021-02-03,14754.9,14868.85,14574.15,14789.95,13595.88445962539,869477057
2021-02-04,14789.05,14913.7,14714.75,14895.65,13636.502132762096,884686389
2021-02-05,14952.6,15014.65,14864.75,14924.25,13676.74425361328,935629029
2021-02-08,15064.3,15159.9,15041.05,15115.8,13721.714745687865,671242715
2021-02-09,15164.15,15257.1,15064.3,15109.3,13765.07678488512,713279144
2021-02-10,15119.05,15168.25,14977.2,15106.5,13806.996260357459,624791126
2021-02-11,15073.25,15188.5,15065.4,15173.3,13849.693252221288,500122419
2021-02-12,15186.2,15243.5,15081,15163.3,13890.743463089373,571808809
2021-02-15,15270.3,15340.15,15243.4,15314.7,13935.24210486783,455959708
2021-02-16,15371.45,15431.75,15242.2,15313.45,13978.31110159071,648545305
2021-02-17,15279.9,15314.3,15170.75,15208.9,14016.767004666,504767218
2021-02-18,15238.7,15250.75,15078.05,15118.95,14051.210223270187,770629566
2021-02-19,15074.8,15144.05,14898.2,14981.75,14080.289591292994,712213791
2021-02-22,14999.05,15010.1,14635.05,14675.7,14098.896166565088,609898463
2021-02-23,14782.25,14854.5,14651.85,14707.8,14117.924411359929,744092795
2021-02-24,14729.15,15008.8,14723.05,14982,14144.92677350493,403754680
2021-02-25,15079.85,15176.5,15065.35,15097.35,14174.689999332903,803883844
2021-02-26,14888.6,14919.45,14467.75,14529.15,14185.766874353749,1103644459
2021-03-01,14702.5,14806.8,14638.55,14761.55,14203.760097030194,507302969
2021-03-02,14865.3,14959.1,14760.8,14919.1,14226.114468998001,621723910
2021-03-03,15064.4,15273.15,14995.8,15245.6,14257.973391841813,544205570
2021-03-04,15026.75,15202.35,14980.2,15080.75,14283.685160846757,534850437
2021-03-05,14977.95,15092.35,14862.1,14938.1,14304.135624570295,640700383
2021-03-08,15002.45,15111.15,14919.9,14956.2,14324.512636302474,580308042
2021-03-09,15049.9,15126.85,14925.45,15098.4,14348.696616418021,675271279
2021-03-10,15202.15,15218.45,15100.85,15174.8,14374.512347154958,404585742
2021-03-12,15321.15,15336.3,14953.6,15030.95,14395.026023806366,493238845
2021-03-15,15048.4,15048.4,14745.85,14929.5,14411.728335562417,467473367
2021-03-16,14996.1,15051.6,14890.65,14910.45,14427.31338757609,437651341
2021-03-17,14946.55,14956.55,14696.05,14721.3,14436.500469214337,479352160
2021-03-18,14855.5,14875.2,14478.6,14557.85,14440.292642051389,542216913
2021-03-19,14471.15,14788.25,14350.1,14744,14449.783496987282,919178183
2021-03-22,14736.3,14763.9,14597.85,14736.4,14458.74026270643,458997072
2021-03-23,14768.55,14878.6,14707,14814.75,14469.865566996854,474150076
2021-03-24,14712.45,14752.35,14535,14549.4,14472.351018028203,456403517
2021-03-25,14570.9,14575.6,14264.4,14324.9,14467.743173714822,606821024
2021-03-26,14506.3,14572.9,14414.25,14507.3,14468.979324536234,481000849
2021-03-30,14628.5,14876.3,14617.6,14845.1,14480.733095644477,594520572
2021-03-31,14811.85,14813.75,14670.25,14690.7,14487.294561405586,436874707
2021-04-01,14798.4,14883.2,14692.45,14867.35,14499.171293861662,430028489
2021-04-05,14837.7,14849.85,14459.5,14637.8,14503.503440928485,500476674
2021-04-06,14737,14779.1,14573.9,14683.5,14509.12833339947,474211156
2021-04-07,14716.45,14879.8,14649.85,14819.05,14518.813385480737,476382003
2021-04-08,14875.65,14984.15,14821.1,14873.8,14529.906717184464,503728177
2021-04-09,14882.65,14918.45,14785.65,14834.85,14539.436194772448,498347606
2021-04-12,14644.65,14652.5,14248.7,14310.8,14532.29131368581,638475829
2021-04-13,14364.9,14528.9,14274.9,14504.8,14531.432210133127,588666044
2021-04-15,14522.4,14597.55,14353.2,14581.45,14532.995266066468,556851200
2021-04-16,14599.6,14697.7,14559,14617.85,14535.64697650189,568568775
2021-04-19,14306.6,14382.3,14191.4,14359.45,14530.140820986206,503142908
2021-04-20,14526.7,14526.95,14207.3,14296.4,14522.836420330386,456704721
2021-04-22,14219.15,14424.75,14151.4,14406.15,14519.189969695062,516985258
2021-04-23,14326.35,14461.15,14273.3,14341.35,14513.632470642091,476613607
2021-04-26,14449.45,14557.5,14421.3,14485,14512.737705934525,448533332
2021-04-27,14493.8,14667.55,14484.85,14653.05,14517.122465124072,442211697
2021-04-28,14710.5,14890.25,14694.95,14864.55,14527.979575588944,453990810
2021-04-29,14979,15044.35,14814.45,14894.9,14539.44583885179,511466668
2021-04-30,14747.35,14855.45,14601.7,14631.1,14542.310031387671,594744508
2021-05-03,14481.05,14673.85,14416.25,14634.15,14545.180030406806,443410842
2021-05-04,14687.25,14723.4,14461.5,14496.5,14543.658779456593,479657066
2021-05-05,14604.15,14637.9,14506.6,14617.85,14545.977255098574,437261074
2021-05-06,14668.35,14743.9,14611.5,14724.8,14551.565465876743,445281501
2021-05-07,14816.85,14863.05,14765.5,14823.15,14560.052482568095,483677274
2021-05-10,14928.25,14966.9,14892.5,14942.35,14571.999279987842,510598578
2021-05-11,14789.7,14900,14771.4,14850.75,14580.710239988222,616204468
2021-05-12,14823.55,14824.05,14649.7,14696.5,14584.32866998859,620318228
2021-05-14,14749.4,14749.65,14591.9,14677.8,14587.249649051446,602738590
2021-05-17,14756.25,14938,14725.35,14923.15,14597.746535018588,534516171
2021-05-18,15067.2,15137.25,15043.7,15108.1,14613.695080799258,571923104
2021-05-19,15058.6,15133.4,15008.85,15030.15,14626.709297024281,563293716
2021-05-20,15042.6,15069.8,14884.9,14906.05,14635.438693992272,467455672
2021-05-21,14987.8,15190,14985.85,15175.3,14652.309359805013,557730497
2021-05-24,15211.35,15256.25,15145.45,15197.7,14669.352817311106,566722888
2021-05-25,15291.75,15293.85,15163.4,15208.45,14686.199604270134,417323450
2021-05-26,15257.05,15319.9,15194.95,15301.45,14705.426179136692,377682035
2021-05-27,15323.95,15384.55,15272.5,15337.85,14725.18942353867,682374332
2021-05-28,15421.2,15469.65,15394.75,15435.65,14747.391316553087,455582450
2021-05-31,15437.75,15606.35,15374,15582.8,14773.497837910803,435999441
2021-06-01,15629.65,15660.75,15528.3,15574.85,14798.54009297609,409562317
2021-06-02,15520.35,15597.45,15459.85,15576.2,14822.841965070587,428641681
2021-06-03,15655.55,15705.1,15611,15690.35,14849.951591162131,410240582
2021-06-04,15712.5,15733.6,15622.35,15670.25,14875.585916438315,414162256
2021-06-07,15725.1,15773.45,15678.1,15751.65,14902.962919049618,393970057
2021-06-08,15773.9,15778.8,15680,15740.1,14929.123452829317,378164642
2021-06-09,15766.3,15800.45,15566.9,15635.35,14951.1930324284,457855730
2021-06-10,15692.1,15751.25,15648.5,15737.75,14975.772937665013,298297033
2021-06-11,15796.45,15835.55,15749.8,15799.35,15001.509720862981,363011310
2021-06-14,15791.4,15823.05,15606.5,15811.85,15026.832854586013,392862040
2021-06-15,15866.95,15901.6,15842.4,15869.25,15053.1583903802,323262808
2021-06-16,15847.5,15880.85,15742.6,15767.55,15075.483128180818,340191183
2021-06-17,15648.3,15769.35,15616.75,15691.4,15094.730530425168,357649252
2021-06-18,15756.5,15761.5,15450.9,15683.35,15113.124888849381,640821625
2021-06-21,15525.85,15765.15,15505.65,15746.5,15132.917861072838,351529992
2021-06-22,15840.5,15895.75,15752.1,15772.75,15152.912615414312,322237989
2021-06-23,15862.8,15862.95,15673.95,15686.95,15169.601283682616,287537005
2021-06-24,15737.3,15821.4,15702.7,15790.45,15189.002806067534,316662252
2021-06-25,15839.35,15870.8,15772.3,15860.35,15209.982405877923,314614383
2021-06-28,15915.35,15915.65,15792.15,15814.7,15228.879830694237,255099273
2021-06-29,15807.5,15835.9,15724.05,15748.45,15245.116398485043,360334721
2021-06-30,15776.9,15839.1,15708.75,15721.5,15260.003386032386,262386319
2021-07-01,15755.05,15755.55,15667.05,15680,15273.128280218874,224921649
2021-07-02,15705.85,15738.35,15635.95,15722.2,15287.161771462035,254808998
2021-07-05,15793.4,15845.95,15762.05,15834.35,15304.261403603847,207032156
2021-07-06,15813.75,15914.2,15801,15818.25,15320.323547241227,391410745
2021-07-07,15819.6,15893.55,15779.7,15879.65,15337.802498889938,329308635
2021-07-08,15855.4,15885.75,15682.9,15727.9,15349.993045799627,307928498
2021-07-09,15688.25,15730.85,15632.75,15689.8,15360.612013118389,243249365
2021-07-12,15766.8,15789.2,15644.75,15692.6,15370.98663770844,216272486
2021-07-13,15794,15820.8,15744.6,15812.35,15384.77924278005,246676554
2021-07-14,15808.7,15877.35,15764.2,15853.95,15399.440828943174,239924347
2021-07-15,15872.15,15952.35,15855,15924.2,15415.8395530387,284851044
2021-07-16,15958.35,15962.25,15882.6,15923.4,15431.700817006242,276298105
2021-07-19,15754.5,15836.9,15707.5,15752.4,15441.722666474796,242131812
2021-07-20,15703.95,15728.45,15578.55,15632.1,15447.671958147459,274284167
2021-07-22,15736.6,15834.8,15726.4,15824.05,15459.433771955351,265250865
2021-07-23,15856.8,15899.8,15768.4,15856.05,15471.828029081747,294098239
2021-07-26,15849.3,15893.35,15797,15824.45,15482.847465672943,267076682
2021-07-27,15860.5,15881.55,15701,15746.45,15491.085044870664,311012065
2021-07-28,15761.55,15767.5,15513.45,15709.4,15497.907387218456,318601593
2021-07-29,15762.7,15817.35,15737.8,15778.45,15506.674343867879,401584914
2021-07-30,15800.6,15862.8,15744.85,15763.05,15514.686083122007,400021226
2021-08-02,15874.9,15892.9,15834.65,15885.15,15526.263080524444,244847428
2021-08-03,15951.55,16146.9,15914.35,16130.75,15545.153296758055,341289665
2021-08-04,16195.25,16290.2,16176.15,16258.8,15567.454756234365,427337646
2021-08-05,16288.95,16349.45,16210.3,16294.6,15590.17804510204,418174501
2021-08-06,16304.4,16336.75,16223.3,16238.2,15610.428731192602,320087294
2021-08-09,16281.35,16320.75,16179.05,16258.25,15630.673145842833,240452911
2021-08-10,16274.8,16359.25,16202.25,16280.1,15650.967735035245,287989498
2021-08-11,16327.3,16338.75,16162.55,16282.25,15670.695305815394,277895873
2021-08-12,16303.65,16375.5,16286.9,16364.4,15692.373577508662,280181309
2021-08-13,16385.699,16543.6,16376.3,16529.1,15718.521278211516,321866301
2021-08-16,16518.4,16589.4,16480.75,16563.051,15744.912832017406,254049337
2021-08-17,16545.25,16628.551,16495.4,16614.6,15772.090556016861,297388474
2021-08-18,16691.949,16701.85,16535.85,16568.85,15796.989288641334,251796816
2021-08-20,16382.5,16509.551,16376.05,16450.5,15817.411498371293,350819320
2021-08-23,16592.25,16592.5,16395.699,16496.449,15838.63142029719,275597787
2021-08-24,16561.4,16647.1,16495.301,16624.6,15863.192938412903,275362808
2021-08-25,16654,16712.449,16617.5,16634.65,15887.3009715875,265920135
2021-08-26,16627.949,16683.699,16603.4,16636.9,15910.72594122539,253530997
2021-08-27,16642.551,16722.051,16565.6,16705.199,15935.553224312096,217405735
2021-08-30,16775.85,16951.5,16764.85,16931.051,15966.662529802343,283483111
2021-08-31,16947.5,17153.5,16915.85,17132.199,16003.08554449602,464390259
2021-09-01,17185.6,17225.75,17055.051,17076.25,16036.62193373052,301894631
2021-09-02,17095.4,17245.5,17059.699,17234.15,16074.04468580144,242377523
2021-09-03,17262.449,17340.1,17212.199,17323.6,16113.093289370145,261373788
2021-09-06,17399.35,17429.551,17345.551,17377.801,16152.615405327328,228045537
2021-09-07,17401.551,17436.5,17287,17362.1,16190.411798910849,243417809
2021-09-08,17375.75,17383.4,17254.199,17353.5,16226.758305194886,252652421
2021-09-09,17312.85,17379.65,17302.699,17369.25,16262.461170657545,241509351
2021-09-13,17363.551,17378.35,17269.15,17355.301,16296.612415324496,241053925
2021-09-14,17420.35,17438.551,17367.051,17380,16330.468277345606,230354387
2021-09-15,17387.65,17532.699,17386.9,17519.449,16367.623924928555,388191617
2021-09-16,17539.199,17644.6,17510.449,17629.5,16407.05755227454,503310778
2021-09-17,17709.65,17792.949,17537.65,17585.15,16443.87294126596,508285911
2021-09-20,17443.85,17622.75,17361.801,17396.9,16473.6550368514,339102040
2021-09-21,17450.5,17578.35,17326.1,17562,16507.665816949793,363578491
2021-09-22,17580.9,17610.449,17524,17546.65,16540.134072670113,295191151
2021-09-23,17670.85,17843.9,17646.551,17822.949,16580.222039149172,320514490
2021-09-24,17897.449,17947.65,17819.4,17853.199,16620.002569175762,360130839
2021-09-27,17932.199,17943.5,17802.9,17855.1,16658.599363889018,295714652
2021-09-28,17906.449,17912.85,17576.1,17748.6,16692.661883767487,397997277
2021-09-29,17657.949,17781.75,17608.15,17711.301,16724.494356149753,562237735
2021-09-30,17718.9,17742.15,17585.35,17618.15,16752.421095020072,378592723
2021-10-01,17531.9,17557.15,17452.9,17532.051,16776.784529550696,305763910
2021-10-04,17615.551,17750.9,17581.35,17691.25,16805.361575502237,295761838
2021-10-05,17661.35,17833.449,17640.9,17822.301,16837.140932517792,427000201
2021-10-06,17861.5,17884.6,17613.15,17646,16862.41777837661,395833541
2021-10-07,17810.551,17857.551,17763.801,17790.35,16891.41566030234,419890954
2021-10-08,17886.85,17941.85,17840.35,17895.199,16922.78388966789,324066345
2021-10-11,17867.551,18041.949,17839.1,17945.949,16954.75779936577,375756456
2021-10-12,17915.801,18008.65,17864.949,17991.949,16987.17002438559,355568321
2021-10-13,18097.85,18197.801,18050.75,18161.75,17023.87564862354,506679755
2021-10-14,18272.85,18350.75,18248.699,18338.551,17064.959253354053,538714439
2021-10-18,18500.1,18543.15,18445.301,18477.051,17109.08712043674,469883519
2021-10-19,18602.35,18604.449,18377.699,18418.75,17150.014085423092,368230302
2021-10-20,18439.9,18458.301,18209.35,18266.6,17184.90739525362,371276481
2021-10-21,18382.699,18384.199,18048,18178.1,17215.944664151946,365902004
2021-10-22,18230.699,18314.25,18034.35,18114.9,17244.037018397197,324748083
2021-10-25,18229.5,18241.4,17968.5,18125.4,17271.579611572284,418703639
2021-10-26,18154.5,18310.449,18099.301,18268.4,17302.73024871065,341377876
2021-10-27,18295.85,18342.051,18167.9,18210.949,17331.11208468844,335248491
2021-10-28,18187.65,18190.699,17799.449,17857.25,17347.55389454193,374205776
2021-10-29,17833.051,17915.85,17613.1,17671.65,17357.681897837494,336466870
2021-11-01,17783.15,17954.1,17697.1,17929.65,17375.55590103007,281190138
2021-11-02,17970.9,18012.25,17847.6,17888.949,17391.599435372882,296442004
2021-11-03,17947.949,17988.75,17757.949,17829.199,17405.27442176748,330995991
2021-11-04,17935.051,17947.551,17900.6,17916.801,17421.259627337247,48515006
2021-11-08,18040.199,18087.801,17836.1,18068.551,17441.48748273296,338919489
2021-11-09,18084.35,18112.6,17983.051,18044.25,17460.323811397553,270197522
2021-11-10,17973.449,18061.25,17915,18017.199,17477.72616104138,261446516
2021-11-11,17967.449,17971.35,17798.199,17873.6,17490.097218508836,232121155
2021-11-12,17977.6,18123,17905.9,18102.75,17509.242617930435,249111904
2021-11-15,18140.949,18210.15,18071.301,18109.449,17527.99906737011,280428642
2021-11-16,18127.051,18132.65,17958.801,17999.199,17542.724065264796,267431821
2021-11-17,17939.35,18022.65,17879.25,17898.65,17553.84675072527,295715930
2021-11-18,17890.551,17945.6,17688.5,17764.801,17560.439071015106,278425141
2021-11-22,17796.25,17805.25,17280.449,17416.551,17555.942568795883,356400431
2021-11-23,17281.75,17553.699,17216.1,17503.35,17554.29905102101,308843249
2021-11-24,17550.051,17600.6,17354,17415.051,17549.947549426604,298052157
2021-11-25,17417.301,17564.35,17351.699,17536.25,17549.519501007024,255947030
2021-11-26,17338.75,17355.4,16985.699,17026.449,17533.173547850554,356330012
2021-11-29,17055.801,17160.699,16782.4,17053.949,17518.197780730225,348888760
2021-11-30,17051.15,17324.65,16931.4,16983.199,17501.479068832406,497999839
2021-12-01,17104.4,17213.051,17064.25,17166.9,17491.023472931392,295542128
2021-12-02,17183.199,17420.35,17149.301,17401.65,17488.230551902285,279867490
2021-12-03,17424.9,17489.801,17180.801,17196.699,17479.120190905338,292526489
2021-12-06,17209.051,17216.75,16891.699,16912.25,17461.405497439548,231716683
2021-12-07,17044.1,17251.65,16987.75,17176.699,17452.508419394562,254144217
2021-12-08,17315.25,17484.6,17308.949,17469.75,17453.04721878848,257791950
2021-12-09,17524.4,17543.25,17379.6,17516.85,17455.041055701342,237170278
2021-12-10,17476.051,17534.35,17405.25,17511.301,17456.799178960675,204467486
2021-12-13,17619.1,17639.5,17355.949,17368.25,17454.032017118152,256560529
2021-12-14,17283.199,17376.199,17225.801,17324.9,17449.99664158321,270965587
2021-12-15,17323.65,17351.199,17192.199,17221.4,17442.852996533733,214972104
2021-12-16,17373,17379.35,17184.949,17248.4,17436.776340392054,219496071
2021-12-17,17276,17298.15,16966.449,16985.199,17422.664548504803,354591375
2021-12-20,16824.25,16840.1,16410.199,16614.199,17397.400000114027,330614079
2021-12-21,16773.15,16936.4,16688.25,16770.85,17377.820312610464,241030840
2021-12-22,16865.551,16971,16819.5,16955.449,17364.621209091387,207946104
2021-12-23,17066.801,17118.65,17015.551,17072.6,17355.49554630728,196965302
2021-12-24,17149.5,17155.6,16909.6,17003.75,17344.503497985177,182564831
2021-12-27,16937.75,17112.051,16833.199,17086.25,17336.43307617314,144777461
2021-12-28,17177.6,17250.25,17161.15,17233.25,17333.208605042728,176026107
2021-12-29,17220.1,17285.949,17176.65,17213.6,17329.470836135144,161679425
2021-12-30,17201.449,17264.051,17146.35,17203.949,17325.54827875592,320831684
2021-12-31,17244.5,17400.801,17238.5,17354.051,17326.4389887948,167025721
2022-01-03,17387.15,17646.65,17383.301,17625.699,17335.79086414496,200456437
2022-01-04,17681.4,17827.6,17593.551,17805.25,17350.461462140433,247437475
2022-01-05,17820.1,17944.699,17748.85,17925.25,17368.423603948544,251460042
2022-01-06,17768.5,17797.949,17655.551,17745.9,17380.219741325152,236454821
2022-01-07,17797.6,17905,17704.551,17812.699,17393.734718158743,239338012
2022-01-10,17913.301,18017.449,17879.15,18003.301,17412.783664466282,232418082
2022-01-11,17997.75,18081.25,17964.4,18055.75,17432.876362451712,220238790
2022-01-12,18170.4,18227.949,18128.801,18212.35,17457.234913625096,244974288
2022-01-13,18257,18272.25,18163.801,18257.801,17482.252603824312,303700541
2022-01-14,18185,18286.949,18119.65,18255.75,17506.4243974548,229451612
2022-01-17,18235.65,18321.551,18228.75,18308.1,17531.476760034337,266702913
2022-01-18,18337.199,18350.949,18085.9,18113.051,17549.650955033263,227507322
2022-01-19,18129.199,18129.199,17884.9,17938.4,17561.799362688475,276662648
2022-01-20,17921,17943.699,17648.449,17757,17567.89938260446,258094252
2022-01-21,17613.699,17707.6,17485.85,17617.15,17569.43846439807,277645361
2022-01-24,17575.15,17599.4,16997.85,17149.1,17556.30288738563,323847389
2022-01-25,17001.551,17309.15,16836.801,17277.949,17547.60432840483,326515884
2022-01-27,17062,17182.5,16866.75,17110.15,17533.933880642177,395596562
2022-01-28,17208.301,17373.5,17077.1,17101.949,17520.43435312211,355284287
2022-01-31,17301.051,17410,17264.15,17339.85,17514.79109208704,321660354
2022-02-01,17529.449,17622.4,17244.551,17576.85,17516.73043295932,386391474
2022-02-02,17706.199,17794.6,17674.801,17780,17524.957606929343,271205908
2022-02-03,17767.75,17781.15,17511.15,17560.199,17526.058900462802,226614984
2022-02-04,17590.199,17617.801,17462.551,17516.301,17525.75396607334,261434163
2022-02-07,17456.301,17536.75,17119.4,17213.6,17515.999154633548,265037938
2022-02-08,17279.85,17306.449,17043.65,17266.75,17508.21011855125,268526206
2022-02-09,17370.1,17477.15,17339,17463.801,17506.822333596523,236350521
2022-02-10,17554.1,17639.449,17427.15,17605.85,17509.91694817163,273606443
2022-02-11,17451,17454.75,17303,17374.75,17505.692981041266,253141663
2022-02-14,17076.15,17099.5,16809.65,16842.801,17484.977606633725,305510744
2022-02-15,16933.25,17375,16839.25,17352.449,17480.83608767642,298658136
2022-02-16,17408.449,17490.6,17257.699,17322.199,17475.87867868653,244549222
2022-02-17,17396.551,17442.9,17235.85,17304.6,17470.526219977575,232136130
2022-02-18,17236.051,17380.801,17219.199,17276.301,17464.456681853277,189620895
2022-02-21,17192.25,17351.051,17070.699,17206.65,17456.400223045363,215183294
2022-02-22,16847.949,17148.551,16843.801,17092.199,17445.018934825195,300132007
2022-02-23,17194.5,17220.699,17027.85,17063.25,17433.088655611908,200229634
2022-02-24,16548.9,16705.25,16203.25,16247.95,17396.053072624036,457967861
2022-02-25,16515.65,16748.801,16478.301,16658.4,17373.001414104536,329780723
2022-02-28,16481.6,16815.9,16356.3,16793.9,17354.904494913768,404214677
2022-03-02,16593.1,16678.5,16478.65,16605.949,17331.499635697714,517723553
2022-03-03,16723.199,16768.949,16442.949,16498.051,17305.45436583216,442068271
2022-03-04,16339.45,16456,16133.8,16245.35,17272.326104399905,456143044
2022-03-07,15867.95,15944.6,15711.45,15863.15,17228.289351137406,585403662
2022-03-08,15747.75,16028.75,15671.45,16013.45,17190.325621414362,543600672
2022-03-09,16078,16418.051,15990,16345.35,17163.920133245163,462231437
2022-03-10,16757.1,16757.301,16447.9,16594.9,17146.138254081252,486445481
2022-03-11,16528.801,16694.4,16470.9,16630.449,17130.022964891214,343717052
2022-03-14,16633.699,16887.949,16606.5,16871.301,17121.937903488364,314669694
2022-03-15,16900.65,16927.75,16555,16663,17107.59609400435,381631889
2022-03-16,16876.65,16987.9,16837.85,16975.35,17103.463403566715,259973398
2022-03-17,17202.9,17344.6,17175.75,17287.051,17109.200515955254,448335249
2022-03-21,17329.5,17353.35,17096.4,17117.6,17109.462999831652,285451223
2022-03-22,17120.4,17334.4,17006.301,17315.5,17115.901656086913,338263474
2022-03-23,17405.051,17442.4,17199.6,17245.65,17119.956291834198,292120363
2022-03-24,17094.949,17291.75,17091.15,17222.75,17123.168595214378,290280112
2022-03-25,17289,17294.9,17076.551,17153,17124.10082661393,237115736
2022-03-28,17181.85,17235.1,17003.9,17222,17127.160175782243,253240836
2022-03-29,17297.199,17343.65,17235.699,17325.301,17133.35207653905,235149623
2022-03-30,17468.15,17522.5,17387.199,17498.25,17144.755136647203,505031852
2022-03-31,17519.199,17559.801,17435.199,17464.75,17154.754976126977,281111679
2022-04-01,17436.9,17703.699,17422.699,17670.449,17170.87041437301,291773447
2022-04-04,17809.1,18114.65,17791.4,18053.4,17198.449463923855,345526502
2022-04-05,18080.6,18095.449,17921.551,17957.4,17222.166668176233,283453612
2022-04-06,17842.75,17901,17779.85,17807.65,17240.463022295724,328824420
2022-04-07,17723.301,17787.5,17623.699,17639.551,17252.93452159898,308840215
2022-04-08,17698.15,17842.75,17600.551,17784.35,17269.541255299013,274447433
2022-04-11,17740.9,17779.051,17650.949,17674.949,17282.21024732092,251701846
2022-04-12,17584.85,17595.301,17442.35,17530.301,17289.96308334214,266029060
2022-04-13,17599.9,17663.65,17457.4,17475.65,17295.765799487697,245061941
2022-04-18,17183.449,17237.75,17067.85,17173.65,17291.949680753707,376130248
2022-04-19,17258.949,17275.65,16824.699,16958.65,17281.534065730153,401399563
2022-04-20,17045.25,17186.9,16978.949,17136.551,17277.003344926085,286069736
2022-04-21,17234.6,17414.699,17215.5,17392.6,17280.615740397145,285200022
2022-04-22,17242.75,17315.301,17149.199,17171.949,17277.219904759735,262739740
2022-04-25,17009.051,17054.301,16888.699,16953.949,17267.117688985993,275685925
2022-04-26,17121.301,17223.85,17064.449,17200.801,17265.04529245518,261065753
2022-04-27,17073.35,17110.699,16958.449,17038.4,17257.962627065954,265140480
2022-04-28,17189.5,17322.5,17071.051,17245.051,17257.559138720142,312914417
2022-04-29,17329.25,17377.65,17053.25,17102.551,17252.715134385136,336243642
2022-05-02,16924.449,17092.25,16917.25,17069.1,17246.9771614356,278155513
2022-05-04,17096.6,17132.85,16623.949,16677.6,17229.18412514074,310632799
2022-05-05,16854.75,16945.699,16651.85,16682.65,17212.10493373009,265793403
2022-05-06,16415.551,16484.199,16340.9,16411.25,17187.078217051025,300527719
2022-05-09,16227.7,16403.699,16142.1,16301.85,17159.41483526818,288402950
2022-05-10,16248.9,16404.551,16197.3,16240.05,17130.684684166048,283061200
2022-05-11,16270.05,16318.75,15992.6,16167.1,17100.57266278586,284294438
2022-05-12,16021.1,16041.95,15735.75,15808,17060.1797670738,314921678
2022-05-13,15977,16083.6,15740.85,15782.15,17020.241336852745,369135540
2022-05-16,15845.1,15977.95,15739.65,15842.3,16983.430670076097,217646558
2022-05-17,15912.6,16284.25,15900.8,16259.3,16960.80158663622,295687774
2022-05-18,16318.15,16399.801,16211.2,16240.3,16938.285912053838,290441105
2022-05-19,15917.4,15984.75,15775.2,15809.4,16903.008227302154,313876082
2022-05-20,16043.8,16283.05,16003.85,16266.15,16883.10640769896,252402013
2022-05-23,16290.95,16414.699,16185.75,16214.7,16862.218707458367,293829853
2022-05-24,16225.55,16262.8,16078.6,16125.15,16839.185310350294,249778296
2022-05-25,16196.35,16223.35,16006.95,16025.8,16813.767019401846,243342347
2022-05-26,16105,16204.45,15903.7,16170.15,16793.65398754554,314305739
2022-05-27,16296.6,16370.6,16221.95,16352.45,16779.86636293474,274064956
2022-05-30,16527.9,16695.5,16506.15,16661.4,16776.164289093027,251400757
2022-05-31,16578.449,16690.75,16521.9,16584.551,16770.17637380887,651613610
2022-06-01,16594.4,16649.199,16438.85,16522.75,16762.444299627343,249619038
2022-06-02,16481.65,16646.4,16443.051,16628,16758.24291526399,235958283
2022-06-03,16761.65,16793.85,16567.9,16584.301,16752.80723041199,245514871
2022-06-06,16530.699,16610.949,16444.551,16569.551,16747.080473211616,233589132
2022-06-07,16469.6,16487.25,16347.1,16416.35,16736.745145923753,233814633
2022-06-08,16474.949,16514.301,16293.35,16356.25,16724.854672613634,243481044
2022-06-09,16263.85,16492.801,16243.85,16478.1,16717.143589094456,204954394
2022-06-10,16283.95,16324.7,16172.6,16201.8,16701.039101935254,189680523
2022-06-13,15877.55,15886.15,15684,15774.4,16672.08162999978,225534385
2022-06-14,15674.25,15858,15659.45,15732.1,16642.707204062284,225425862
2022-06-15,15729.25,15783.65,15678.9,15692.15,16613.00229143534,183011236
2022-06-16,15832.25,15863.15,15335.1,15360.6,16573.864719827987,264735957
2022-06-17,15272.65,15400.4,15183.4,15293.5,16533.85332233336,342629997
2022-06-20,15334.5,15382.5,15191.1,15350.15,16496.862593510443,260022438
2022-06-21,15455.95,15707.25,15419.85,15638.8,16470.04813746324,262794687
2022-06-22,15545.65,15565.4,15385.95,15413.3,16437.024758167514,220889589
2022-06-23,15451.55,15628.45,15367.5,15556.65,16409.51304697478,259171810
2022-06-24,15657.4,15749.25,15619.45,15699.25,16387.317326756816,219599372
2022-06-27,15926.2,15927.45,15815.5,15832.05,16369.965222795665,210932505
2022-06-28,15757.45,15892.1,15710.15,15850.2,16353.7225595833,251865155
2022-06-29,15701.7,15861.6,15687.8,15799.1,16336.390604596323,444949551
2022-06-30,15774.5,15890,15728.85,15780.25,16319.011210702687,306027777
2022-07-01,15703.7,15793.95,15511.05,15752.05,16301.293672868229,364090131
2022-07-04,15710.5,15852.35,15661.8,15835.35,16286.732933091096,304328467
2022-07-05,15909.15,16025.75,15785.45,15810.85,16271.861591432,254164463
2022-07-06,15818.2,16011.35,15800.9,15989.8,16263.04716669975,288375300
2022-07-07,16113.75,16150.5,16045.95,16132.9,16258.980067740382,264615218
2022-07-08,16273.65,16275.5,16157.9,16220.6,16257.780690623495,281102369
2022-07-11,16136.15,16248.55,16115.5,16216,16256.47504404151,255915072
2022-07-12,16126.2,16158.75,16031.15,16058.3,16250.282073915212,208648707
2022-07-13,16128.2,16140,15950.15,15966.65,16241.418571605362,233264100
2022-07-14,16018.85,16070.85,15858.2,15938.65,16231.957053742693,228603433
2022-07-15,16010.8,16066.95,15927.3,16049.2,16226.245895813234,205768079
2022-07-18,16151.4,16287.95,16142.2,16278.5,16227.87883656907,227744850
2022-07-19,16187.05,16359.5,16187.05,16340.55,16231.399810426286,222630928
2022-07-20,16562.801,16588,16490.949,16520.85,16240.445128850464,284359582
2022-07-21,16523.551,16626.949,16483.9,16605.25,16251.845281073887,243625339
2022-07-22,16661.25,16752.25,16610.9,16719.449,16266.45789729033,190906776
2022-07-25,16662.551,16706.051,16564.25,16631,16277.849838000006,211392171
2022-07-26,16632.9,16636.1,16463.301,16483.85,16284.287343062506,208208122
2022-07-27,16475.35,16653.449,16438.75,16641.801,16295.459644841803,232514088
2022-07-28,16774.85,16947.65,16746.25,16929.6,16315.276530940497,376256315
2022-07-29,17079.5,17172.801,17018.15,17158.25,16341.619451848606,436059722
2022-08-01,17243.199,17356.25,17154.801,17340.051,16372.820437728338,381532671
2022-08-02,17310.15,17390.15,17215.85,17345.449,16403.215080299327,333639093
2022-08-03,17349.25,17407.5,17225.85,17388.15,16433.994296539975,285414666
2022-08-04,17463.1,17490.699,17161.25,17382,16463.619474773102,324981426
2022-08-05,17423.65,17474.4,17348.75,17397.5,16492.803241186444,355310802
2022-08-08,17401.5,17548.801,17359.75,17525.1,16525.062514899368,256994113
2022-08-10,17566.1,17566.1,17442.801,17534.75,16556.61524880876,312716544
2022-08-11,17711.65,17719.301,17631.949,17659,16591.064772283487,311247237
2022-08-12,17659.65,17724.65,17597.85,17698.15,16625.661185649627,303872483
2022-08-16,17797.199,17839.1,17764.051,17825.25,16663.14833609808,278042725
2022-08-17,17868.15,17965.949,17833.35,17944.25,16703.182763095014,262768582
2022-08-18,17898.65,17968.449,17852.051,17956.5,16742.348926748295,263914197
2022-08-19,17966.551,17992.199,17710.75,17758.449,16774.102054037412,295627263
2022-08-22,17682.9,17690.051,17467.35,17490.699,16796.495708598744,287559133
2022-08-23,17357.35,17625.551,17345.199,17577.5,16820.902092705033,285616338
2022-08-24,17525.449,17623.65,17499.25,17604.949,16845.403558558002,261953239
2022-08-25,17679,17726.5,17487.449,17522.449,16866.561228603066,230181848
2022-08-26,17619.301,17685.85,17519.35,17558.9,16888.19681520922,266636238
2022-08-29,17188.65,17380.15,17166.199,17312.9,16901.46878973393,244854637
2022-08-30,17414.949,17777.65,17401.5,17759.301,16928.276046304745,324687477
2022-09-01,17485.699,17695.6,17468.449,17542.801,16947.47995110772,308526598
2022-09-02,17598.4,17643.85,17476.449,17539.449,16965.978983885605,256268616
2022-09-05,17546.449,17683.15,17540.35,17665.801,16987.84842188918,230309013
2022-09-06,17695.699,17764.65,17587.65,17655.6,17008.715658705143,251204527
2022-09-07,17519.4,17650.75,17484.301,17624.4,17027.955794370606,354137885
2022-09-08,17748.15,17807.65,17691.949,17798.75,17052.043113296524,279845682
2022-09-09,17923.35,17925.949,17786,17833.35,17076.458953506008,270299618
2022-09-12,17890.85,17980.551,17889.15,17936.35,17103.330548708946,232067763
2022-09-13,18044.449,18088.301,18015.449,18070.051,17133.54056281179,259922741
2022-09-14,17771.15,18091.551,17771.15,18003.75,17160.734607723924,365866933
2022-09-15,18046.35,18096.15,17861.5,17877.4,17183.130401232553,289637528
2022-09-16,17796.801,17820.051,17497.25,17530.85,17193.996638694036,468464263
2022-09-19,17540.65,17667.199,17429.699,17622.25,17207.379556234846,258329581
2022-09-20,17770.4,17919.301,17744.4,17816.25,17226.406757602508,263100874
2022-09-21,17766.35,17838.699,17663.6,17718.35,17241.77998392743,245532498
2022-09-22,17609.65,17722.75,17532.449,17629.801,17253.9056406797,284094023
2022-09-23,17593.85,17642.15,17291.65,17327.35,17256.20077690846,390754862
2022-09-26,17156.301,17196.4,16978.301,17016.301,17248.70390888007,492002942
2022-09-27,17110.9,17176.449,16942.35,17007.4,17241.163161727567,359895458
2022-09-28,16870.551,17037.6,16820.4,16858.6,17229.20806292358,323922457
2022-09-29,16993.6,17026.051,16788.6,16818.1,17216.36093595722,340034380
2022-09-30,16798.051,17187.1,16747.699,17094.35,17212.548094208556,380204763
2022-10-03,17102.1,17114.65,16855.551,16887.35,17202.385653764537,285850587
2022-10-04,17147.449,17287.301,17117.301,17274.301,17204.633008334396,231601639
2022-10-06,17379.25,17428.801,17315.65,17331.801,17208.60700807395,268239320
2022-10-07,17287.199,17337.35,17216.949,17314.65,17211.92085157164,216273136
2022-10-10,17094.35,17280.15,17064.699,17241,17212.829574960026,234005512
2022-10-11,17256.051,17261.801,16950.301,16983.551,17205.664619492523,282617982
2022-10-12,17025.551,17142.35,16960.051,17123.6,17203.100100133383,256037322
2022-10-13,17087.35,17112.35,16956.949,17014.35,17197.201659504215,266438674
2022-10-14,17322.301,17348.551,17169.75,17185.699,17196.84220139471,226997138
2022-10-17,17144.801,17328.551,17098.551,17311.801,17200.434663851123,212223419
2022-10-18,17438.75,17527.801,17434.051,17486.949,17209.388236855775,239493630
2022-10-19,17568.15,17607.6,17472.85,17512.25,17218.852666954033,210480869
2022-10-20,17423.1,17584.15,17421,17563.949,17229.63692736172,249604832
2022-10-21,17622.85,17670.15,17520.75,17576.301,17240.470179631666,277702680
2022-10-24,17736.35,17777.55,17707.4,17730.75,17255.791424018178,45029477
2022-10-25,17808.301,17811.5,17637,17656.35,17268.308879517608,251358203
2022-10-27,17771.4,17783.9,17654.5,17736.949,17282.953883282684,324649088
2022-10-28,17756.4,17838.9,17723.699,17786.801,17298.6991056801,250030113
2022-10-31,17910.199,18022.801,17899.9,18012.199,17320.9959773776,227174539
2022-11-01,18130.699,18175.801,18060.15,18145.4,17346.75860308455,349924808
2022-11-02,18177.9,18178.75,18048.65,18082.85,17369.761459238158,270878019
2022-11-03,17968.35,18106.301,17959.199,18052.699,17391.103257386967,212968291
2022-11-04,18053.4,18135.1,18017.15,18117.15,17413.792218093626,267941526
2022-11-07,18211.75,18255.5,18064.75,18202.801,17438.4487425282,314758398
2022-11-09,18288.25,18296.4,18117.5,18157,17460.903469324192,307155149
2022-11-10,18044.35,18103.1,17969.4,18028.199,17478.63145465781,256451785
2022-11-11,18272.35,18362.301,18259.35,18349.699,17505.852315449752,378469072
2022-11-14,18376.4,18399.449,18311.4,18329.15,17531.58036809195,301401961
2022-11-15,18362.75,18427.949,18282,18403.4,17558.824731589077,250926391
2022-11-16,18398.25,18442.15,18344.15,18409.65,17585.41302122692,219268992
2022-11-17,18358.699,18417.6,18312.949,18343.9,17609.115739313576,200512910
2022-11-18,18382.949,18394.6,18209.801,18307.65,17630.944934960025,198794846
2022-11-21,18246.4,18262.301,18133.35,18159.949,17647.476311992526,213794598
2022-11-22,18179.15,18261.85,18137.699,18244.199,17666.12389599276,177681099
2022-11-23,18325.199,18325.4,18246,18267.25,17684.909086742988,178791087
2022-11-24,18326.1,18529.699,18294.25,18484.1,17709.883802782268,204044559
2022-11-25,18528.449,18534.9,18445.1,18512.75,17734.97337144532,205876043
2022-11-28,18430.551,18614.25,18365.6,18562.75,17760.841391087655,206468884
2022-11-29,18552.449,18678.1,18552.15,18618.051,17787.629191366166,195255179
2022-11-30,18625.699,18816.051,18616.551,18758.35,17817.964216635974,345636288
2022-12-01,18871.949,18887.6,18778.199,18812.5,17849.043459866098,324955829
2022-12-02,18752.4,18781.949,18639.199,18696.1,17875.513976745282,254401004
2022-12-05,18719.551,18728.6,18591.35,18701.051,17901.31200872199,288393766
2022-12-06,18600.65,18654.9,18577.9,18642.75,17924.48194594943,217777090
2022-12-07,18638.85,18668.301,18528.4,18560.5,17944.35751013851,200501720
2022-12-08,18570.85,18625,18536.949,18609.35,17965.13852544668,202811256
2022-12-09,18662.4,18664.699,18410.1,18496.6,17981.746696526472,215839572
2022-12-12,18402.15,18521.551,18345.699,18497.15,17997.85304976002,193883468
2022-12-13,18524.4,18617.25,18490.199,18608,18016.92014195502,187585567
2022-12-14,18671.25,18696.1,18632.9,18660.301,18037.025793768924,208030337
2022-12-15,18614.4,18652.9,18387.699,18414.9,18048.834362713646,183127544
2022-12-16,18319.1,18440.949,18255.15,18269,18055.714538878845,277650193
2022-12-19,18288.1,18431.65,18244.551,18420.449,18067.11249078888,154847475
2022-12-20,18340.301,18404.9,18202.65,18385.301,18077.05588170173,169041783
2022-12-21,18435.15,18473.35,18162.75,18199.1,18080.86976039855,187594274
2022-12-22,18288.801,18318.75,18068.6,18127.35,18082.322267886095,195699650
2022-12-23,17977.65,18050.449,17779.5,17806.801,18073.712228264656,221454773
2022-12-26,17830.4,18084.1,17774.25,18014.6,18071.864971131385,176652342
2022-12-27,18089.801,18149.25,17967.449,18132.301,18073.75359703353,214257094
2022-12-28,18084.75,18173.1,18068.35,18122.5,18075.27692212623,193873167
2022-12-29,18045.699,18229.699,17992.801,18191,18078.89326830979,281052828
2022-12-30,18259.1,18265.25,18080.301,18105.301,18079.718509925107,192005563
2023-01-02,18131.699,18215.15,18086.5,18197.449,18083.397587739946,256073979
2023-01-03,18163.199,18251.949,18149.801,18232.551,18088.05863187307,208699772
2023-01-04,18230.65,18243,18020.6,18042.949,18086.648955877037,235162202
2023-01-05,18101.949,18120.301,17892.6,17992.15,18083.69586350588,269949738
2023-01-06,18008.051,18047.4,17795.551,17859.449,18076.68814902132,238220578
2023-01-09,17952.551,18141.4,17936.15,18101.199,18077.454113114403,257237669
2023-01-10,18121.301,18127.6,17856,17914.15,18072.35085957958,283277918
2023-01-11,17924.25,17976.35,17824.35,17895.699,18066.830488967717,259853294
2023-01-12,17920.85,17945.801,17761.65,17858.199,18060.310754937476,227769060
2023-01-13,17867.5,17999.35,17774.25,17956.6,18057.06979384568,256700729
2023-01-16,18033.15,18049.65,17853.65,17894.85,18052.000425288003,206195816
2023-01-17,17922.801,18072.051,17886.949,18053.301,18052.041068247752,219055125
2023-01-18,18074.301,18183.75,18032.449,18165.35,18055.58197236501,255840928
2023-01-19,18119.801,18155.199,18063.75,18107.85,18057.2153482286,237833991
2023-01-20,18115.6,18145.449,18016.199,18027.65,18056.29143109646,237225269
2023-01-23,18118.449,18162.6,18063.449,18118.551,18058.237042624696,202460434
2023-01-24,18183.949,18201.25,18078.65,18118.301,18060.114041292676,216910302
2023-01-25,18093.35,18100.6,17846.15,17891.949,18054.85888375228,257227052
2023-01-27,17877.199,17884.75,17493.551,17604.35,18040.78048113502,476342611
2023-01-30,17541.949,17709.15,17405.551,17648.949,18028.535747349553,432434028
2023-01-31,17731.449,17735.699,17537.551,17662.15,18017.08619274488,398338541
2023-02-01,17811.6,17972.199,17353.4,17616.301,18004.5616554716,512870802
2023-02-02,17517.1,17653.9,17445.949,17610.4,17992.244103738114,490113567
2023-02-03,17721.75,17870.301,17584.199,17854.051,17987.925569246298,424123037
2023-02-06,17818.551,17823.699,17698.35,17764.6,17980.94664520735,282544790
2023-02-07,17790.1,17811.15,17652.551,17721.5,17972.83893754462,354395693
2023-02-08,17750.301,17898.699,17744.15,17871.699,17969.678314496352,290994265
2023-02-09,17885.5,17916.9,17779.801,17893.449,17967.29614841834,260854055
2023-02-10,17847.551,17876.949,17801,17856.5,17963.833768780267,231991834
2023-02-13,17859.1,17880.699,17719.75,17770.9,17957.804588505882,231276483
2023-02-14,17840.35,17954.551,17800.051,17929.85,17956.931007615072,244512944
2023-02-15,17896.6,18034.1,17853.801,18015.85,17958.7722261271,229273800
2023-02-16,18094.75,18134.75,18000.65,18035.85,17961.18090656063,230246175
2023-02-17,17974.85,18034.25,17884.6,17944.199,17960.65022198061,208053929
2023-02-20,17965.551,18004.35,17818.4,17844.6,17957.023652543714,174563233
2023-02-21,17905.801,17924.9,17800.301,17826.699,17952.95100715172,198248205
2023-02-22,17755.35,17772.5,17529.449,17554.301,17940.49319442823,204021979
2023-02-23,17574.65,17620.051,17455.4,17511.25,17927.079344602345,240807918
2023-02-24,17591.35,17599.75,17421.801,17465.801,17912.664396333523,209406363
2023-02-27,17428.6,17451.6,17299,17392.699,17896.4154776981,246448847
2023-02-28,17383.25,17440.449,17255.199,17303.949,17877.900900270037,420881259
2023-03-01,17360.1,17467.75,17345.25,17450.9,17864.557122136597,272881409
2023-03-02,17421.5,17445.801,17306,17321.9,17847.59908706983,310669094
2023-03-03,17451.25,17644.75,17427.699,17594.35,17839.685053098896,356169518
2023-03-06,17680.35,17799.949,17671.949,17711.449,17835.677676439554,362801096
2023-03-08,17665.75,17766.5,17602.25,17754.4,17833.137749050817,267041402
2023-03-09,17772.051,17772.35,17573.6,17589.6,17825.52719439298,262352056
2023-03-10,17443.801,17451.5,17324.35,17412.9,17812.6325945682,235927570
2023-03-13,17421.9,17529.9,17113.449,17154.301,17792.059732237944,254914657
2023-03-14,17160.551,17224.65,16987.1,17043.301,17768.661021855507,290604200
2023-03-15,17166.449,17211.35,16938.9,16972.15,17743.770052422522,248188970
2023-03-16,16994.65,17062.449,16850.15,16985.6,17720.077238284317,349820607
2023-03-17,17111.801,17145.801,16958.15,17100.051,17700.701418337932,408121255
2023-03-20,17066.6,17066.6,16828.35,16988.4,17678.44199901487,241777405
2023-03-21,17060.4,17127.699,17016,17107.5,17660.600061545658,246737873
2023-03-22,17177.449,17207.25,17107.85,17151.9,17644.703184622354,185700457
2023-03-23,17097.4,17205.4,17045.301,17076.9,17626.959335102907,219171517
2023-03-24,17076.199,17109.449,16917.35,16945.051,17605.64969963094,228038299
2023-03-27,16984.301,17091,16918.551,16985.699,17586.276240267474,218418670
2023-03-28,17031.75,17061.75,16913.75,16951.699,17566.445701509117,238840919
2023-03-29,16977.301,17126.15,16940.6,17080.699,17551.266117086958,345911087
2023-03-31,17210.35,17381.6,17204.65,17359.75,17545.28123842799,263889033
2023-04-03,17427.949,17428.051,17312.75,17398.051,17540.680293477115,230170687
2023-04-05,17422.301,17570.551,17402.699,17557.051,17541.191878055954,248345193
2023-04-06,17533.85,17638.699,17502.85,17599.15,17543.003069366707,242708337
2023-04-10,17634.9,17694.1,17597.949,17624.051,17545.535817198997,254819382
2023-04-11,17704.801,17748.75,17655.15,17722.301,17551.05972916153,304263454
2023-04-12,17759.551,17825.75,17717.25,17812.4,17559.226612625233,232816318
2023-04-13,17807.301,17842.15,17729.65,17828,17567.625780980696,285764798
2023-04-17,17863,17863,17574.051,17706.85,17571.97653782505,357401212
2023-04-18,17766.6,17766.6,17610.199,17660.15,17574.731958518016,258856690
2023-04-19,17653.35,17666.15,17579.85,17618.75,17576.107522314327,281463379
2023-04-20,17638.6,17684.449,17584.35,17624.449,17577.618193492006,215103396
2023-04-21,17639.75,17663.199,17553.949,17624.051,17579.069218695382,230156645
2023-04-24,17707.551,17754.5,17612.5,17743.4,17584.20455561115,255740393
2023-04-25,17761.551,17807.449,17716.85,17769.25,17589.987225748304,297445999
2023-04-26,17767.301,17827.75,17711.199,17813.6,17596.97512494367,233008677
2023-04-27,17813.1,17931.6,17797.9,17915.051,17606.91499603918,241434660
2023-04-28,17950.4,18089.15,17885.301,18065,17621.230152412958,290263674
2023-05-02,18124.801,18180.25,18101.75,18147.65,17637.680772650052,265216308
2023-05-03,18113.801,18116.35,18042.4,18089.85,17651.811061004737,226171254
2023-05-04,18081,18267.449,18066.699,18255.801,17670.685746598338,226643581
2023-05-05,18117.301,18216.949,18055.449,18069,17683.13306701714,239702311
2023-05-08,18120.6,18286.949,18100.301,18264.4,17701.297658672855,228399379
2023-05-09,18303.4,18344.199,18229.65,18265.949,17718.943013089327,245368649
2023-05-10,18313.6,18326.75,18211.949,18315.1,17737.572918930284,220450874
2023-05-11,18357.801,18389.699,18270.4,18297,17755.05501521371,248932544
2023-05-12,18273.75,18342.75,18194.551,18314.801,17772.547077238283,241702589
2023-05-15,18339.301,18458.9,18287.9,18398.85,17792.11904357459,216088535
2023-05-16,18432.35,18432.35,18264.35,18286.5,17807.568448462884,219490491
2023-05-17,18300.449,18309,18115.35,18181.75,17819.26162194842,229898510
2023-05-18,18287.5,18297.199,18104.85,18129.949,17828.97060251253,272103515
2023-05-19,18186.15,18218.1,18060.4,18203.4,17840.671521184013,260898407
2023-05-22,18201.1,18335.25,18178.85,18314.4,17855.475536147012,262560942
2023-05-23,18362.9,18419.75,18324.199,18348,17870.86692564242,270354216
2023-05-24,18294.801,18392.6,18262.949,18285.4,17883.82108421609,232621507
2023-05-25,18268.9,18338.1,18202.4,18321.15,17897.48761283434,235915651
2023-05-26,18368.35,18508.551,18333.15,18499.35,17916.295812433265,198668359
2023-05-29,18619.15,18641.199,18581.25,18598.65,17937.619380794727,265323978
2023-05-30,18606.65,18662.449,18575.5,18633.85,17959.376587644892,265323978
2023-05-31,18594.199,18603.9,18483.85,18534.4,17977.34606928099,696495765
2023-06-01,18579.4,18580.301,18464.551,18487.75,17993.29619211596,265630759
2023-06-02,18550.85,18573.699,18478.4,18534.1,18010.196311112333,270923679
2023-06-05,18612,18640.15,18582.801,18593.85,18028.435488890074,256111496
2023-06-06,18600.801,18622.75,18531.6,18599,18046.26562986226,220789926
2023-06-07,18665.6,18738.949,18636,18726.4,18067.519828929064,260109671
2023-06-08,18725.35,18777.9,18615.6,18634.551,18085.23955302503,286468927
2023-06-09,18655.9,18676.65,18555.4,18563.4,18100.182066992995,221760885
2023-06-12,18595.051,18633.6,18559.75,18601.5,18115.848252399464,179463966
2023-06-13,18631.801,18728.9,18631.801,18716.15,18134.60768201198,233167883
2023-06-14,18744.6,18769.699,18690,18755.9,18154.023066949107,261354575
2023-06-15,18774.449,18794.1,18669.051,18688.1,18170.712971106946,263004991
2023-06-16,18723.301,18864.699,18710.5,18826,18191.190690759853,272771256
2023-06-19,18873.301,18881.449,18719.15,18755.449,18208.823762923606,219815214
2023-06-20,18752.35,18839.699,18660.65,18816.699,18227.819864082245,211649257
2023-06-21,18849.4,18875.9,18794.85,18856.85,18247.477055829673,217481345
2023-06-22,18853.6,18886.6,18759.5,18771.25,18263.844960334995,252697871
2023-06-23,18741.85,18756.4,18647.1,18665.5,18276.396680324528,210562119
2023-06-26,18682.35,18722.051,18646.699,18691.199,18289.359252814385,171271325
2023-06-27,18748.551,18829.25,18714.25,18817.4,18305.860526163935,222464605
2023-06-28,18908.15,19011.25,18861.35,18972.1,18326.68050972131,398782019
2023-06-30,19076.85,19201.699,19024.6,19189.051,18353.62958754252,247906587
2023-07-03,19246.5,19345.1,19234.4,19322.551,18383.908381681817,226050219
2023-07-04,19406.6,19434.15,19300,19389,18415.31749475426,226916635
2023-07-05,19405.949,19421.6,19339.6,19398.5,18446.041948043192,224418797
2023-07-06,19385.699,19512.199,19373,19497.301,18478.893793416843,268261285
2023-07-07,19422.801,19523.6,19303.6,19331.801,18505.547143622567,237102566
2023-07-10,19400.35,19435.85,19327.1,19355.9,18532.120670384364,268246132
2023-07-11,19427.1,19515.1,19406.449,19439.4,18560.473149434853,251263638
2023-07-12,19497.449,19507.699,19361.75,19384.301,18586.217769765015,290629485
2023-07-13,19495.199,19567,19385.801,19413.75,18612.078151959857,310442517
2023-07-14,19493.449,19595.35,19433.5,19564.5,18641.841334711113,291165841
2023-07-17,19612.15,19731.85,19562.949,19711.449,18675.26657425139,268707894
2023-07-18,19787.5,19819.449,19690.199,19749.25,18708.828556306034,286353897
2023-07-19,19802.949,19851.699,19727.449,19833.15,18743.96360142147,259660464
2023-07-20,19831.699,19991.85,19758.4,19979.15,18782.56317637705,274698867
2023-07-21,19800.449,19887.4,19700,19745,18812.639327115266,312461795
2023-07-24,19748.449,19782.75,19658.301,19672.35,18839.505285642914,265562151
2023-07-25,19729.35,19729.35,19615.949,19680.6,18865.78949546657,369653496
2023-07-26,19733.35,19825.6,19716.699,19778.301,18894.305479983243,244747425
2023-07-27,19850.9,19867.551,19603.551,19659.9,18918.230308733768,334891351
2023-07-28,19659.75,19695.9,19563.1,19646.051,18940.974705335837,258671382
2023-07-31,19666.35,19772.75,19597.6,19753.801,18966.375527044092,293598529
2023-08-01,19784,19795.6,19704.6,19733.551,18990.349760573965,297060349
2023-08-02,19655.4,19678.25,19423.551,19526.551,19007.10604930603,290666798
2023-08-03,19463.75,19537.65,19296.449,19381.65,19018.810547765213,315688612
2023-08-04,19462.801,19538.85,19436.449,19517,19034.37896814755,280799561
2023-08-07,19576.85,19620.449,19524.801,19597.301,19051.970281642938,216586074
2023-08-08,19627.199,19634.4,19533.1,19570.85,19068.185272841598,260294052
2023-08-09,19578.801,19645.5,19467.5,19632.551,19085.821701815297,266495074
2023-08-10,19605.551,19623.6,19495.4,19543.1,19100.11164863357,312193785
2023-08-11,19554.25,19557.75,19412.75,19428.301,19110.367565863773,235524048
2023-08-14,19383.949,19465.85,19257.9,19434.551,19120.49829818053,243850815
2023-08-16,19369,19482.75,19317.199,19465,19131.26397636239,226627230
2023-08-17,19450.551,19461.551,19326.25,19365.25,19138.576039601063,268663456
2023-08-18,19301.75,19373.801,19253.6,19310.15,19143.93772586353,256142364
2023-08-21,19320.65,19425.949,19296.301,19393.6,19151.739671930292,187873827
2023-08-22,19417.1,19443.5,19381.301,19396.449,19159.38683843247,208704354
2023-08-23,19439.199,19472.051,19366.6,19444,19168.280999731454,225214991
2023-08-24,19535.15,19584.449,19369,19386.699,19175.106562239846,268256859
2023-08-25,19297.4,19339.551,19229.699,19265.801,19177.94076341985,466518212
2023-08-28,19298.35,19366.85,19249.699,19306.051,19181.94420831298,248178769
2023-08-29,19374.85,19377.9,19309.1,19342.65,19186.9662643032,307388116
2023-08-30,19433.449,19452.801,19334.75,19347.449,19191.981349793725,233004568
2023-08-31,19375.551,19388.199,19223.65,19253.801,19193.91321386267,562557215
2023-09-01,19258.15,19458.551,19255.699,19435.301,19201.45658217946,372502191
2023-09-04,19525.051,19545.15,19432.85,19528.801,19211.686095236353,396071122
2023-09-05,19564.65,19587.051,19525.75,19574.9,19223.03652976022,303958622
2023-09-06,19581.199,19636.449,19491.5,19611.051,19235.16198195521,287560926
2023-09-07,19598.65,19737,19550.051,19727.051,19250.53351376911,304929822
2023-09-08,19774.801,19867.15,19727.051,19819.949,19268.327747713825,288093693
2023-09-11,19890,20008.15,19865.35,19996.35,19291.07844309777,253184081
2023-09-12,20110.15,20110.35,19914.65,19993.199,19313.019710500965,328064239
2023-09-13,19989.5,20096.9,19944.1,20070,19336.67534454781,251394599
2023-09-14,20127.949,20167.65,20043.449,20103.1,19360.62611503069,275111881
2023-09-15,20156.449,20222.449,20129.699,20192.35,19386.61748643598,438185104
2023-09-18,20155.949,20195.35,20115.699,20133.301,19409.951346234855,264870758
2023-09-20,19980.75,20050.65,19878.85,19901.4,19425.309116665016,378065882
2023-09-21,19840.551,19848.75,19709.949,19742.35,19435.216644269232,275132260
2023-09-22,19744.85,19798.65,19657.5,19674.25,19442.68643663582,246410075
2023-09-25,19678.199,19734.15,19601.551,19674.551,19449.93220424095,188398392
2023-09-26,19682.801,19699.35,19637.449,19664.699,19456.643666608423,204869058
2023-09-27,19637.051,19730.699,19554,19716.449,19464.762583276908,203559874
2023-09-28,19761.801,19766.65,19492.1,19523.551,19466.599721299506,352810261
2023-09-29,19581.199,19726.25,19551.051,19638.301,19471.965386258897,243508919
2023-10-03,19622.4,19623.199,19479.65,19528.75,19473.739905438306,221719625
2023-10-04,19446.301,19457.801,19333.6,19436.1,19472.56365839336,277148310
2023-10-05,19521.85,19576.949,19487.301,19545.75,19474.850731568567,234865323
2023-10-06,19621.199,19675.75,19589.4,19653.5,19480.43352120705,159051277
2023-10-09,19539.449,19588.949,19480.5,19512.35,19481.43091116933,165094800
2023-10-10,19565.6,19717.801,19565.449,19689.85,19487.94400769529,216559447
2023-10-11,19767,19839.199,19756.949,19811.35,19498.05044495481,213729730
2023-10-12,19822.699,19843.301,19772.65,19794,19507.298868549973,217904144
2023-10-13,19654.551,19805.4,19635.301,19751.051,19514.916122657785,254955979
2023-10-16,19737.25,19781.301,19691.85,19731.75,19521.692181324728,180964341
2023-10-17,19843.199,19849.75,19775.65,19811.5,19530.74867565833,185846716
2023-10-18,19820.449,19840.949,19659.949,19671.1,19535.13465454401,198942937
2023-10-19,19545.199,19681.801,19512.35,19624.699,19537.93354033951,230312163
2023-10-20,19542.15,19593.801,19518.699,19542.65,19538.080929703898,198341255
2023-10-23,19521.6,19556.85,19257.85,19281.75,19530.07058815065,176044288
2023-10-25,19286.449,19347.301,19074.15,19122.15,19517.323069770944,225291741
2023-10-26,19027.25,19041.699,18837.85,18857.25,19496.695786340602,300356469
2023-10-27,18928.75,19076.15,18926.65,19047.25,19482.650605517458,205201044
2023-10-30,19053.4,19158.5,18940,19140.9,19471.97089909504,180132492
2023-10-31,19232.949,19233.699,19056.449,19079.6,19459.709308498317,206049341
2023-11-01,19064.051,19096.051,18973.699,18989.15,19445.004330107746,194103279
2023-11-02,19120,19175.25,19064.15,19133.25,19435.26200729188,245595109
2023-11-03,19241,19276.25,19210.9,19230.6,19428.866319564007,189516123
2023-11-06,19345.85,19423,19309.699,19411.75,19428.33143457763,180690631
2023-11-07,19404.051,19423.5,19329.1,19406.699,19427.65542099708,198660124
2023-11-08,19449.6,19464.4,19401.5,19443.5,19428.15056409092,194967997
2023-11-09,19457.4,19463.9,19378.35,19395.301,19427.124015213078,208418472
2023-11-10,19351.85,19451.301,19329.449,19425.35,19427.068577237667,152215785
2023-11-12,19547.25,19547.25,19510.25,19525.55,19430.146121698992,37311902
2023-11-13,19486.75,19494.4,19414.75,19443.551,19430.565024145897,189275733
2023-11-15,19651.4,19693.199,19579.65,19675.449,19438.21764839134,291464988
2023-11-16,19674.699,19875.25,19627,19765.199,19448.43581562911,282686669
2023-11-17,19674.75,19806,19667.449,19731.801,19457.2909776407,236827462
2023-11-20,19731.15,19756.449,19670.5,19694,19464.68813458943,173780543
2023-11-21,19770.9,19829.1,19754.051,19783.4,19474.64788038351,194969012
2023-11-22,19784,19825.551,19703.85,19811.85,19485.185446621523,184497984
2023-11-23,19828.449,19875.15,19786.75,19802,19495.0859014146,170024085
2023-11-24,19809.6,19832.85,19768.85,19794.699,19504.448810745394,145895044
2023-11-28,19844.65,19916.85,19800,19889.699,19516.487879159602,229595031
2023-11-29,19976.551,20104.65,19956.301,20096.6,19534.616382935863,236241768
2023-11-30,20108.5,20158.699,20015.85,20133.15,19553.320558469117,486585349
2023-12-01,20194.1,20291.551,20183.699,20267.9,19575.651166016956,265812566
2023-12-04,20601.949,20702.65,20507.75,20686.801,19610.374598328926,381107418
2023-12-05,20808.9,20864.051,20711.15,20855.1,19649.272267131146,421008350
2023-12-06,20950.75,20961.949,20852.15,20937.699,19689.5356025333,359212958
2023-12-07,20932.4,20941.25,20850.801,20901.15,19727.39855245413,274985308
2023-12-08,20934.1,21006.1,20862.699,20969.4,19766.21109768994,292440768
2023-12-11,20965.301,21026.1,20923.699,20997.1,19804.676375887128,212921451
2023-12-12,21018.551,21037.9,20867.15,20906.4,19839.105239140656,244867128
2023-12-13,20929.75,20950,20769.5,20926.35,19873.08163791751,260269318
2023-12-14,21110.4,21210.9,21074.449,21182.699,19914.007180482586,334410589
2023-12-15,21287.449,21492.301,21235.301,21456.65,19962.214768592505,508761756
2023-12-18,21434.801,21482.801,21365.35,21418.65,20007.72836957399,249668965
2023-12-19,21477.65,21505.051,21337.75,21453.1,20052.896233024803,249750062
2023-12-20,21543.5,21593,21087.35,21150.15,20087.18541324278,363886229
2023-12-21,21033.949,21288.35,20976.801,21255.051,20123.681212828942,277548079
2023-12-22,21295.85,21390.5,21232.449,21349.4,20161.984924928038,284708918
2023-12-26,21365.199,21477.15,21329.449,21441.35,20201.965083524035,219467748
2023-12-27,21497.65,21675.75,21495.801,21654.75,20247.36461216391,256542963
2023-12-28,21715,21801.449,21678,21778.699,20295.218811783787,393080755
2023-12-29,21737.65,21770.301,21676.9,21731.4,20340.099473915543,270922276
2024-01-01,21727.75,21834.35,21680.85,21741.9,20383.905740355684,153995217
2024-01-02,21751.35,21755.6,21555.65,21665.801,20423.96496721957,263711568
2024-01-03,21661.1,21677,21500.35,21517.35,20458.13324949396,311933117
2024-01-04,21605.801,21685.65,21564.551,21658.6,20495.647835447275,340364207
2024-01-05,21705.75,21749.6,21629.199,21710.801,20533.62137183955,309303266
2024-01-08,21747.6,21763.949,21492.9,21513,20564.226953969563,231452935
2024-01-09,21653.6,21724.449,21517.85,21544.85,20594.871424158013,228573407
2024-01-10,21529.301,21641.85,21448.65,21618.699,20626.866035903076,216991926
2024-01-11,21688,21726.5,21593.75,21647.199,20658.751441031105,212453866
2024-01-12,21773.551,21928.25,21715.15,21894.551,20697.370177248882,294678459
2024-01-15,22053.15,22115.551,21963.551,22097.449,20741.122640459853,345543523
2024-01-16,22080.5,22124.15,21969.801,22032.301,20781.471964195483,292433764
2024-01-17,21647.25,21851.5,21550.449,21571.949,20806.174371564375,455999867
2024-01-18,21414.199,21539.4,21285.551,21462.25,20826.676734952987,387341268
2024-01-19,21615.199,21670.6,21575,21622.4,20851.54308698571,343055124
2024-01-20,21706.15,21720.3,21541.8,21571.8,20874.051115517406,162073740
2024-01-23,21716.699,21750.25,21192.6,21238.801,20885.449549407487,449718534
2024-01-24,21185.25,21482.35,21137.199,21453.949,20903.215157238505,407460664
2024-01-25,21454.6,21459,21247.051,21352.6,20917.2584335748,418143077
2024-01-29,21433.1,21763.25,21429.6,21737.6,20942.894107525586,376702289
2024-01-30,21775.75,21813.051,21501.801,21522.1,20960.99429166541,375137333
2024-01-31,21487.25,21741.35,21448.85,21725.699,20984.89131380087,410583065
2024-02-01,21780.65,21832.949,21658.75,21697.449,21007.15874149459,332541208
2024-02-02,21812.75,22126.801,21805.551,21853.801,21033.616312072885,442794738
2024-02-05,21921.051,21964.301,21726.949,21771.699,21056.681396070606,440849699
2024-02-06,21825.199,21951.4,21737.551,21929.4,21083.9538524434,370968111
2024-02-07,22045.051,22053.301,21860.15,21930.5,21110.408419554544,346263704
2024-02-08,22009.65,22011.051,21665.301,21717.949,21129.394062693464,491069786
2024-02-09,21727,21804.449,21629.9,21782.5,21149.803623234293,349222850
2024-02-12,21800.801,21831.699,21574.75,21616.051,21164.37385375822,287436165
2024-02-13,21664.301,21766.801,21543.35,21743.25,21182.463733328277,365785766
2024-02-14,21578.15,21870.85,21530.199,21840.051,21203.013335411768,359120861
2024-02-15,21906.551,21953.85,21794.801,21910.75,21225.13010618015,345394395
2024-02-16,22020.301,22068.65,21968.949,22040.699,21250.61663411202,343892935
2024-02-19,22103.449,22186.65,22021.051,22122.25,21277.85517679602,218252325
2024-02-20,22099.199,22215.6,22045.85,22196.949,21306.576858771143,295705319
2024-02-21,22248.85,22249.4,21997.949,22055.051,21329.966675684544,364545679
2024-02-22,22081.551,22252.5,21875.25,22217.449,21357.700498319402,343495136
2024-02-23,22290,22297.5,22186.1,22212.699,21384.41920149692,225983194
2024-02-26,22169.199,22202.15,22075.15,22122.051,21407.47019520014,207775504
2024-02-27,22090.199,22218.25,22085.65,22198.35,21432.185189100135,252199186
2024-02-28,22214.1,22229.15,21915.85,21951.15,21448.402839440758,202952371
2024-02-29,21935.199,22060.551,21860.65,21982.801,21465.102781958234,360165824
2024-03-01,22048.301,22353.301,22047.75,22338.75,21492.40425752204,351503075
2024-03-02,22406.949,22419.551,22367.051,22378.4,21520.091624474477,35763814
2024-03-04,22403.5,22440.9,22358.301,22405.6,21547.763761209648,298794435
2024-03-05,22371.25,22416.9,22269.15,22356.301,21573.030549921845,296153036
2024-03-06,22327.5,22497.199,22224.35,22474.051,21601.187438986788,312262560
2024-03-07,22505.301,22525.65,22430,22493.551,21629.073800268452,379865142
2024-03-11,22517.5,22526.6,22307.25,22332.65,21651.060556510063,277897373
2024-03-12,22334.449,22452.551,22256,22335.699,21672.455507869123,299201167
2024-03-13,22432.199,22446.75,21905.65,21997.699,21682.619366998213,493341697
2024-03-14,21982.551,22204.6,21917.5,22146.65,21697.12032427952,426742460
2024-03-15,22064.85,22120.9,21931.699,22023.35,21707.315001645784,661460455
2024-03-18,21990.1,22123.699,21916.551,22055.699,21718.202001594353,356321519
2024-03-19,21946.449,21978.301,21793.1,21817.449,21721.30347029453,344157465
2024-03-20,21843.9,21930.9,21710.199,21839.1,21724.984611847827,312414696
2024-03-21,21989.9,22080.949,21941.301,22011.949,21733.95224897758,353172434
2024-03-22,21932.199,22180.699,21883.301,22096.75,21745.28967869703,388656439
2024-03-26,21947.9,22073.199,21947.551,22004.699,21753.39621998775,328403719
2024-03-27,22053.949,22193.6,22052.85,22123.65,21764.966650613133,409136866
2024-03-28,22163.6,22516,22163.6,22326.9,21782.527067781473,410532842
2024-04-01,22455,22529.949,22427.75,22462,21803.760596913304,243637071
2024-04-02,22458.801,22497.6,22388.15,22453.301,21824.058734509763,289524237
2024-04-03,22385.699,22521.1,22346.5,22434.65,21843.139711556334,309647491
2024-04-04,22592.1,22619,22303.801,22514.65,21864.124408070198,400986156
2024-04-05,22486.4,22537.6,22427.6,22513.699,21884.423614068004,242244731
2024-04-08,22578.35,22697.301,22550.35,22666.301,21908.85728237838,227633561
2024-04-09,22765.1,22768.4,22612.25,22642.75,21931.791429804056,232356772
2024-04-10,22720.25,22775.699,22673.699,22753.801,21957.47922887268,276847931
2024-04-12,22677.4,22726.449,22503.75,22519.4,21975.039252970408,357187778
2024-04-15,22339.051,22427.449,22259.551,22272.5,21984.334901315084,355465814
2024-04-16,22125.301,22213.75,22079.449,22147.9,21989.446310648986,317267066
2024-04-18,22212.35,22326.5,21961.699,21995.85,21989.646425941206,456906707
2024-04-19,21861.5,22179.551,21777.65,22147,21994.56372513054,362530569
2024-04-22,22336.9,22375.65,22198.15,22336.4,22005.246108720214,279259571
2024-04-23,22447.051,22447.551,22349.449,22368,22016.582167822708,231520813
2024-04-24,22421.551,22476.449,22384,22402.4,22028.638975078247,235898642
2024-04-25,22316.9,22625.949,22305.25,22570.35,22045.56744460705,475044740
2024-04-26,22620.4,22620.4,22385.551,22419.949,22057.266868213082,329887340
2024-04-29,22475.551,22655.801,22441.9,22643.4,22075.583528581425,291957361
2024-04-30,22679.65,22783.35,22568.4,22604.85,22092.123105813254,361859375
2024-05-02,22567.85,22710.5,22567.85,22648.199,22109.50047750659,445909456
2024-05-03,22766.35,22794.699,22348.051,22475.85,22120.94890008451,438060727
2024-05-06,22561.6,22588.801,22409.449,22442.699,22131.00359070687,320255789
2024-05-07,22489.75,22499.051,22232.051,22302.5,22136.36285349728,297815469
2024-05-08,22231.199,22368.65,22185.199,22302.5,22141.55463932549,277438692
2024-05-09,22224.801,22307.75,21932.4,21957.5,22135.80293184657,331327454
2024-05-10,21990.949,22131.301,21950.301,22055.199,22133.284058976365,265804411
2024-05-13,22027.949,22131.65,21821.051,22104.051,22132.370525883354,278186886
2024-05-14,22112.9,22270.051,22081.25,22217.85,22135.0417594495,230238941
2024-05-15,22255.6,22297.551,22151.75,22200.551,22137.088923216703,231935478
2024-05-16,22319.199,22432.25,22054.551,22403.85,22145.42520686618,368945092
2024-05-17,22415.25,22502.15,22345.65,22466.1,22155.446294151614,242654570
2024-05-18,22512.85,22520.25,22470.051,22502,22166.276097459377,19064566
2024-05-21,22404.551,22591.1,22404.551,22529.051,22177.61281316377,347591587
2024-05-22,22576.6,22629.5,22483.15,22597.801,22190.7436940024,290345590
2024-05-23,22614.1,22993.6,22577.449,22967.65,22215.022016064828,369767547
2024-05-24,22930.75,23026.4,22908,22957.1,22238.2119530628,261927120
2024-05-27,23038.949,23110.801,22871.199,22932.449,22259.90686077959,260006078
2024-05-28,22977.15,22998.551,22858.5,22888.15,22279.539458880226,217890750
2024-05-29,22762.75,22825.5,22685.449,22704.699,22292.82569454022,269932784
2024-05-30,22617.449,22705.75,22417,22488.65,22298.945204085838,373374457
2024-05-31,22568.1,22653.75,22465.1,22530.699,22306.187510208154,572122639
2024-06-03,23337.9,23338.699,23062.301,23263.9,22336.116025514148,569425569
2024-06-04,23179.5,23179.5,21281.449,21884.5,22322.00302471683,1006105058
2024-06-05,22128.35,22670.4,21791.949,22620.35,22331.326367694426,638487077
2024-06-06,22798.6,22910.15,22642.6,22821.4,22346.641168703976,480413289
2024-06-07,22821.85,23320.199,22789.051,23290.15,22376.125819681976,473554898
2024-06-10,23319.15,23411.9,23227.15,23259.199,22403.721856566914,304392368
2024-06-11,23283.75,23389.449,23206.65,23264.85,22430.6321110492,305185666
2024-06-12,23344.449,23441.949,23295.949,23322.949,22458.51701382891,295630910
2024-06-13,23480.949,23481.051,23353.9,23398.9,22487.903982146756,268279841
2024-06-14,23464.949,23490.4,23334.25,23465.6,22518.45698270467,223086741
2024-06-18,23570.801,23579.051,23499.699,23557.9,22550.939576995148,272207297
2024-06-19,23629.85,23664,23412.9,23516,22581.09771521405,328811255
2024-06-20,23586.15,23624,23442.6,23567,22611.907161613613,289375293
2024-06-21,23661.15,23667.1,23398.199,23501.1,22639.69443781319,609877803
2024-06-24,23382.301,23558.1,23350,23537.85,22667.761799131527,239358460
2024-06-25,23577.1,23754.15,23562.051,23721.301,22700.684899158667,298111025
2024-06-26,23723.1,23889.9,23670.449,23868.801,22737.188527309958,287824687
2024-06-27,23881.551,24087.449,23805.4,24044.5,22778.042010831523,515227010
2024-06-28,24085.9,24174,23985.801,24010.6,22816.559447993037,354779832
2024-07-01,23992.949,24164,23992.699,24141.949,22857.977871493254,242468081
2024-07-02,24228.75,24236.35,24056.4,24123.85,22897.53637550909,309629240
2024-07-03,24291.75,24309.15,24207.1,24286.5,22940.94148877443,289201551
2024-07-04,24369.949,24401,24281,24302.15,22983.47925475023,251189844
2024-07-05,24213.35,24363,24168.85,24323.85,23025.365840539285,298381204
2024-07-08,24329.449,24344.6,24240.551,24320.551,23065.840376772434,266299131
2024-07-09,24351,24443.6,24331.9,24433.199,23108.570333748296,250537091
2024-07-10,24459.85,24461.051,24141.801,24324.449,23146.56654206866,292263786
2024-07-11,24396.551,24402.65,24193.75,24315.949,23183.109743879013,306404194
2024-07-12,24387.949,24592.199,24331.15,24502.15,23224.329751882793,325823474
2024-07-15,24587.6,24635.051,24522.75,24586.699,23266.903790886456,305395888
2024-07-16,24615.9,24661.25,24587.65,24613,23308.969297421252,283212043
2024-07-18,24543.801,24837.75,24504.449,24800.85,23355.590569376836,350924425
2024-07-19,24853.801,24854.801,24508.15,24530.9,23392.31898908381,343772965
2024-07-22,24445.75,24595.199,24362.301,24509.25,23427.22308317494,324190553
2024-07-23,24568.9,24582.551,24074.199,24479.051,23460.092705575724,436408768
2024-07-24,24444.949,24504.25,24307.25,24413.5,23489.88668352648,366616574
2024-07-25,24230.949,24426.15,24210.801,24406.1,23518.51834966628,391821970
2024-07-26,24423.35,24861.15,24410.9,24834.85,23559.653713739208,383835943
2024-07-29,24943.301,24999.75,24774.6,24836.1,23599.54266018486,354966070
2024-07-30,24839.4,24971.75,24798.65,24857.301,23638.847608304084,384989431
2024-07-31,24886.699,24984.6,24856.5,24951.15,23679.85705804458,333646302
2024-08-01,25030.949,25078.301,24956.4,25010.9,23721.452149980687,431313292
2024-08-02,24789,24851.9,24686.85,24717.699,23752.58486404379,345027881
2024-08-05,24302.85,24350.051,23893.699,24055.6,23762.054087042423,486994718
2024-08-06,24189.85,24382.6,23960.4,23992.551,23769.25711557235,312339387
2024-08-07,24289.4,24337.699,24184.9,24297.5,23785.764705710713,317564429
2024-08-08,24248.551,24340.5,24079.699,24117,23796.115808657254,311875940
2024-08-09,24386.85,24419.75,24311.199,24367.5,23813.971564636715,215129992
2024-08-12,24320.051,24472.801,24212.1,24347,23830.62870324182,279925100
2024-08-13,24342.35,24359.949,24116.5,24139,23840.26530626551,239727640
2024-08-14,24184.4,24196.5,24099.699,24143.75,23849.749202944713,303254705
2024-08-16,24334.85,24563.9,24204.5,24541.15,23871.355477852692,271611087
2024-08-19,24636.35,24638.801,24522.949,24572.65,23893.270931669795,243645503
2024-08-20,24648.9,24734.301,24607.199,24698.85,23918.445277555114,238318940
2024-08-21,24680.551,24787.949,24654.5,24770.199,23945.062581381517,257114212
2024-08-22,24863.4,24867.35,24784.449,24811.5,23972.138750713344,220345125
2024-08-23,24845.4,24858.4,24771.65,24823.15,23998.732852253554,206800655
2024-08-26,24906.1,25043.801,24874.699,25010.6,24030.35370062063,210266456
2024-08-27,25024.801,25073.1,24973.65,25017.75,24061.20983497624,223346636
2024-08-28,25030.801,25129.6,24964.65,25052.35,24092.18296513323,220419448
2024-08-29,25035.301,25192.9,24998.5,25151.949,24125.300653722818,353993900
2024-08-30,25249.699,25268.35,25199.4,25235.9,24160.00688329398,638166179
2024-09-02,25333.6,25333.65,25235.5,25278.699,24194.966011941044,222815249
2024-09-03,25313.4,25321.699,25235.801,25279.85,24228.868636567888,212131921
2024-09-04,25089.949,25216,25083.801,25198.699,24259.17583542514,253788501
2024-09-05,25250.5,25275.449,25127.75,25145.1,24286.860965568103,222242223
2024-09-06,25093.699,25168.75,24801.301,24852.15,24304.5262478941,311671856
2024-09-09,24823.4,24957.5,24753.15,24936.4,24324.27230264741,254367252
2024-09-10,24999.4,25130.5,24896.8,25041.1,24346.673168189678,251274802
2024-09-11,25034,25113.699,24885.15,24918.449,24364.54116293375,279229206
2024-09-12,25059.65,25433.35,24941.449,25388.9,24396.55237659207,380069653
2024-09-13,25430.45,25430.5,25292.45,25356.5,24426.550739823568,250781898
2024-09-16,25406.65,25445.7,25336.2,25383.75,24456.46321670408,168694880
2024-09-17,25416.9,25441.65,25352.25,25418.55,24486.52842868208,215956868
2024-09-18,25402.4,25482.2,25285.55,25377.55,24514.372852785764,215727159
2024-09-19,25487.05,25611.95,25376.05,25415.8,24542.542451136207,314461263
2024-09-20,25525.95,25849.25,25426.6,25790.95,24581.5551870382,533067422
2024-09-23,25872.55,25956,25847.35,25939.05,24623.976899943256,209187756
2024-09-24,25921.45,26011.55,25886.85,25940.4,24665.11512182003,384115033
2024-09-25,25899.45,26032.8,25871.35,26004.15,24706.959961763154,278540972
2024-09-26,26005.4,26250.9,25998.4,26216.05,24754.119025458054,370895477
2024-09-27,26248.25,26277.35,26151.4,26178.95,24798.64499341249,490332370
2024-09-30,26061.3,26134.7,25794.1,25810.85,24830.27639986835,375370974
2024-10-01,25788.45,25907.6,25739.2,25796.9,24860.483387372464,247423786
2024-10-03,25452.85,25639.45,25230.3,25250.1,24872.658906517074,423395030
2024-10-04,25181.9,25485.05,24966.8,25014.6,24877.094565688414,374914801
2024-10-07,25084.1,25143,24694.35,24795.75,24874.55254801065,374345795
2024-10-08,24832.2,25044,24756.8,25013.15,24878.883718385317,333220055
2024-10-09,25065.8,25234.05,24947.7,24981.95,24882.104539685777,290562844
2024-10-10,25067.05,25134.05,24979.4,24998.45,24885.740335320595,261364749
2024-10-11,24985.3,25028.65,24920.05,24964.25,24888.193762341827,210462717
2024-10-14,25023.45,25159.75,25017.5,25127.95,24895.686144768646,206423311
2024-10-15,25186.3,25212.05,25008.15,25057.35,24900.738140244626,257228772
2024-10-16,25008.55,25093.4,24908.45,24971.3,24902.943198361983,226774456
2024-10-17,25027.4,25029.5,24728.9,24749.85,24898.15903591317,252755662
2024-10-18,24664.95,24886.2,24567.65,24854.05,24896.780628540884,290855392
2024-10-21,24956.15,24978.3,24679.6,24781.1,24893.16560889898,241978957
2024-10-22,24798.65,24882,24445.8,24472.1,24880.007308620887,279484697
2024-10-23,24378.15,24604.25,24378.1,24435.5,24866.116455226485,284556771
2024-10-24,24412.7,24480.65,24341.2,24399.4,24851.531566000656,216686434
2024-10-25,24418.05,24440.25,24073.9,24180.8,24830.571204563137,382969626
2024-10-28,24251.1,24492.6,24134.9,24339.15,24815.21429192054,278562235
2024-10-29,24328.85,24484.5,24140.85,24466.85,24804.327907798022,332044690
2024-10-30,24371.45,24498.2,24307.3,24340.85,24789.844223179334,285196335
2024-10-31,24349.85,24372.45,24172.6,24205.35,24771.57877870498,287007588
2024-11-01,24302.75,24368.25,24280.2,24304.35,24756.97787937045,38811387
2024-11-04,24315.75,24316.75,23816.15,23995.35,24733.177008140123,285531635
2024-11-05,23916.5,24229.05,23842.75,24213.3,24716.930851635745,289511197
2024-11-06,24308.75,24537.6,24204.05,24484.05,24709.65332502213,351082031
2024-11-07,24489.6,24503.35,24179.05,24199.35,24693.70634611519,322185588
2024-11-08,24207.7,24276.15,24066.65,24148.2,24676.65927279909,298725122
2024-11-11,24087.25,24336.8,24004.6,24141.3,24659.929295524118,273370562
2024-11-12,24225.8,24242,23839.15,23883.45,24635.66431753899,255825829
2024-11-13,23822.45,23873.6,23509.6,23559.05,24602.020120115896,304569316
2024-11-14,23542.15,23675.9,23484.15,23532.7,24568.603866362275,257708474
2024-11-18,23605.3,23606.8,23350.4,23453.8,24533.766245538452,263311912
2024-11-19,23529.55,23780.65,23464.8,23518.5,24502.039175365375,297477279
2024-11-21,23488.45,23507.3,23263.15,23349.9,24466.03482613521,420332354
2024-11-22,23411.8,23956.1,23359,23907.25,24448.57280031848,367562789
2024-11-25,24253.55,24351.55,24135.45,24221.9,24441.48927530853,687172787
2024-11-26,24343.3,24343.3,24125.4,24194.5,24433.770860455137,230691771
2024-11-27,24204.8,24354.55,24145.65,24274.9,24428.806146065916,295011445
2024-11-28,24274.15,24345.75,23873.35,23914.15,24412.723141501356,366745300
2024-11-29,23927.15,24188.45,23927.15,24131.1,24403.92241832944,282104071
2024-12-02,24140.85,24301.7,24008.65,24276.05,24399.926405256643,225981187
2024-12-03,24367.5,24481.35,24280,24457.15,24401.714642592375,339470947
2024-12-04,24488.75,24573.2,24366.3,24467.45,24403.768872511362,348003156
2024-12-05,24539.15,24857.75,24295.55,24708.4,24413.288595245383,361469920
2024-12-06,24729.45,24751.05,24620.5,24677.8,24421.554576643965,226731303
2024-12-09,24633.9,24705,24580.05,24619,24427.72474612384,248139308
2024-12-10,24652.65,24677.8,24510.65,24610.05,24433.42241030747,261048951
2024-12-11,24620.5,24691.75,24583.85,24641.8,24439.93420998536,187252712
2024-12-12,24604.45,24675.25,24527.95,24548.7,24443.333140923318,266051129
2024-12-13,24498.35,24792.3,24180.8,24768.3,24453.488355269463,310080852
2024-12-16,24753.4,24781.25,24601.75,24668.25,24460.199656667293,187551629
2024-12-17,24584.8,24624.1,24303.45,24336,24456.31841739644,264881033
2024-12-18,24297.95,24394.45,24149.85,24198.85,24448.272529352802,235346534
2024-12-19,23877.15,24004.9,23870.3,23951.7,24432.754637810525,271128027
2024-12-20,23960.7,24065.8,23537.35,23587.5,24406.340430378947,442714411
2024-12-23,23738.2,23869.55,23647.2,23753.45,24385.937604429604,189758237
2024-12-24,23769.1,23867.65,23685.15,23727.65,24365.366116791178,177664746
2024-12-26,23775.8,23854.5,23653.6,23750.2,24346.142175641453,177681783
2024-12-27,23801.4,23938.85,23800.6,23813.4,24329.493982652657,176821521
2024-12-30,23796.9,23915.35,23599.3,23644.9,24308.100420694762,364929453
2024-12-31,23560.6,23689.85,23460.45,23644.8,24287.37228254805,193627727
2025-01-01,23637.65,23822.8,23562.8,23742.9,24270.357523718423,154921938
2025-01-02,23783,24226.7,23751.55,24188.65,24267.80416360222,283200811
2025-01-03,24196.4,24196.45,23976,24004.75,24259.583720989653,312279515
2025-01-06,24045.8,24089.95,23551.9,23616.05,24239.473292208728,278061806
2025-01-07,23679.9,23795.2,23637.8,23707.9,24222.861626827205,262337253
2025-01-08,23746.65,23751.85,23496.15,23688.95,24206.176888488855,266375381
2025-01-09,23674.75,23689.5,23503.05,23526.5,24184.93698572358,273566395
2025-01-10,23551.9,23596.6,23344.35,23431.5,24161.39207991972,261022434
2025-01-13,23195.4,23340.95,23047.25,23085.95,24127.784514922227,316481107
2025-01-14,23165.9,23264.95,23134.15,23176.05,24098.042811330906,311235510
2025-01-15,23250.45,23293.65,23146.45,23213.2,24070.391473476815,228039156
2025-01-16,23377.25,23391.65,23272.05,23311.8,24046.685489930664,299416081
2025-01-17,23277.1,23292.1,23100.35,23203.2,24020.326568370332,272945267
2025-01-20,23290.4,23391.1,23170.65,23344.75,23999.21480060876,301455455
2025-01-21,23421.65,23426.3,22976.85,23024.65,23968.759650589735,312871897
2025-01-22,23099.15,23169.55,22981.3,23155.35,23943.340599008807,275951918
2025-01-23,23128.3,23270.8,23090.65,23205.35,23920.27839278978,275558357
2025-01-24,23183.9,23347.3,23050,23092.2,23894.400943015098,264336332
2025-01-27,22940.15,23007.45,22786.9,22829.15,23861.111851045876,257372790
2025-01-28,22960.45,23137.95,22857.65,22957.25,23832.866168200693,361868609
2025-01-29,23026.75,23183.35,22976.5,23163.1,23811.935975444423,251208119
2025-01-30,23169.5,23322.05,23139.2,23249.5,23794.359851211786,384687127
2025-01-31,23296.75,23546.8,23277.4,23508.4,23785.42360586142,326919177
2025-02-01,23528.6,23632.45,23318.3,23482.15,23775.946305678248,287703637
2025-02-03,23319.35,23381.6,23222,23361.05,23762.9807961258,347241171
2025-02-04,23509.9,23762.75,23423.15,23739.25,23762.23920874687,376742506
2025-02-05,23801.75,23807.3,23680.45,23696.3,23760.17860847353,267014345
2025-02-06,23761.95,23773.55,23556.25,23603.35,23755.27771445873,306978683
2025-02-07,23649.5,23694.5,23443.2,23559.95,23749.173723381897,368092482
2025-02-10,23543.8,23568.6,23316.3,23381.6,23737.687044526214,234202469
2025-02-11,23383.55,23390.05,22986.65,23071.8,23716.87807438477,281920833
2025-02-12,23050.8,23144.7,22798.35,23045.25,23695.889697060247,279656513
2025-02-13,23055.75,23235.5,22992.2,23031.4,23675.124394027116,265706855
2025-02-14,23096.45,23133.7,22774.85,22929.25,23651.815819213767,254479643
2025-02-17,22809.9,22974.2,22725.45,22959.5,23630.180949863337,207393944
2025-02-18,22963.65,22992.5,22801.5,22945.3,23608.778420180108,210616675
2025-02-19,22847.25,23049.95,22814.85,22932.9,23587.65721954948,206999204
2025-02-20,22821.1,22923.85,22812.75,22913.15,23566.57886893856,240836647
2025-02-21,22857.2,22921,22720.3,22795.9,23542.49515428423,242753984
2025-02-24,22609.35,22668.05,22518.8,22553.35,23511.584368212847,214317552
2025-02-25,22516.45,22625.3,22513.9,22547.55,23481.458294206197,250279519
2025-02-27,22568.95,22613.3,22508.4,22545.05,23452.19553501225,289230479
2025-02-28,22433.4,22450.35,22104.85,22124.7,23410.71129954312,551285287
2025-03-03,22194.55,22261.55,22004.7,22119.3,23370.354696432398,282399735
2025-03-04,21974.45,22105.05,21964.6,22082.65,23330.113924668884,253260641
2025-03-05,22073.05,22394.9,22067.8,22337.3,23299.08848952298,305942691
2025-03-06,22476.35,22556.45,22245.85,22544.7,23275.513849225386,372083680
2025-03-07,22508.65,22633.8,22464.75,22552.5,23252.919666437094,289765795
2025-03-10,22521.85,22676.75,22429.05,22460.3,23228.150301860936,293855491
2025-03-11,22345.95,22522.1,22314.7,22497.9,23205.32997992778,347924102
2025-03-12,22536.35,22577.4,22329.55,22470.5,23182.36654305504,369736725
2025-03-13,22541.5,22558.05,22377.35,22397.2,23157.830088584567,287535243
2025-03-17,22353.15,22577,22353.15,22508.75,23137.5463358163,251102239
2025-03-18,22662.25,22857.8,22599.2,22834.3,23128.06988782204,272578844
2025-03-19,22874.95,22940.7,22807.95,22907.6,23121.1802038276,323992121
2025-03-20,23036.6,23216.7,22973.95,23190.65,23123.351134957986,313729818
2025-03-21,23168.25,23402.7,23132.8,23350.4,23130.44641199055,540966316
2025-03-24,23515.4,23708.75,23433.5,23658.35,23146.943399115844,311900413
2025-03-25,23751.5,23869.6,23601.4,23668.65,23163.246730393475,338216746
2025-03-26,23700.95,23736.5,23451.7,23486.85,23173.359332568678,278590831
2025-03-27,23433.95,23646.45,23412.2,23591.95,23186.440290925908,510302142
2025-03-28,23600.4,23649.2,23450.2,23519.35,23196.843719334473,295359904
2025-04-01,23341.1,23565.15,23136.4,23165.7,23195.87047810527,375118343
2025-04-02,23192.6,23350,23158.45,23332.35,23200.13546316448,340970371
2025-04-03,23150.3,23306.5,23145.8,23250.1,23201.69685494059,283196379
2025-04-04,23190.4,23214.7,22857.45,22904.45,23192.407890723698,466776198
2025-04-07,21758.4,22254,21743.65,22161.6,23160.195144138583,647107618
2025-04-08,22446.75,22697.2,22270.85,22535.85,23140.684358384253,406248297
2025-04-09,22460.3,22468.7,22353.25,22399.15,23117.511409684746,358462687
2025-04-11,22695.4,22923.9,22695.4,22828.55,23108.4813656321,373244452
2025-04-15,23368.35,23368.35,23207,23328.55,23115.358510456095,388321931
2025-04-16,23344.1,23452.2,23273.05,23437.2,23125.416057004342,348424960
2025-04-17,23401.85,23872.35,23298.55,23851.65,23148.110867722957,505333905
2025-04-21,23949.15,24189.55,23903.65,24125.55,23178.655840606614,406145632
2025-04-22,24185.4,24242.6,24072,24167.25,23209.549408087656,440940490
2025-04-23,24357.6,24359.3,24119.95,24328.95,23244.530676584916,415042544
2025-04-24,24277.9,24347.85,24216.15,24246.7,23275.848467941636,358768165
2025-04-25,24289,24365.45,23847.85,24039.35,23299.70789081846,387741866
2025-04-28,24070.25,24355.1,24054.05,24328.5,23331.857644230382,320467976
2025-04-29,24370.7,24457.65,24290.75,24335.95,23363.23553034818,357563224
2025-04-30,24342.05,24396.15,24198.75,24334.2,23393.5781700248,424452559
2025-05-02,24311.9,24589.15,24238.5,24346.7,23423.363227211525,421112627
2025-05-05,24419.5,24526.4,24400.65,24461.15,23455.794063861165,291471628
2025-05-06,24500.75,24509.65,24331.8,24379.6,23484.662999365504,302354059
2025-05-07,24233.3,24449.6,24220,24414.4,23513.717280635334,330137191
2025-05-08,24431.5,24447.25,24150.2,24273.8,23537.46986561548,411362230
2025-05-09,23935.75,24164.25,23935.75,24008,23552.173932314996,335550680
2025-05-12,24420.1,24944.8,24378.85,24924.7,23595.06537193015,368707684
2025-05-13,24864.05,24973.8,24547.5,24578.35,23625.793016557334,422977876
2025-05-14,24613.8,24767.55,24535.55,24666.9,23658.327609789918,345490805
2025-05-15,24694.45,25116.25,24494.45,25062.1,23702.195496983983,500821889
2025-05-16,25064.65,25070,24953.05,25019.8,23743.370637703232,432717092
2025-05-19,25005.35,25062.95,24916.65,24945.45,23780.935617775005,255254340
2025-05-20,24996.2,25010.35,24669.7,24683.9,23809.153254719535,414799113
2025-05-21,24744.25,24946.2,24685.35,24813.45,23840.53752800955,332724952
2025-05-22,24733.95,24737.5,24462.4,24609.7,23864.573855259252,403279638
2025-05-23,24639.5,24909.05,24614.05,24853.15,23895.466859782402,270470348
2025-05-26,24919.35,25079.2,24900.5,25001.15,23930.0194579142,302799227
2025-05-27,24956.65,25062.9,24704.1,24826.2,23958.02509985438,525653668
2025-05-28,24832.5,24864.25,24737.05,24752.45,23982.850877983932,684425319
2025-05-29,24825.1,24892.6,24677.3,24833.6,24009.436788046933,345370611
2025-05-30,24812.6,24863.95,24717.4,24750.7,24032.601263420467,853890976
2025-06-02,24669.7,24754.4,24526.15,24716.6,24053.97622393858,311100908
2025-06-03,24786.3,24845.1,24502.15,24542.5,24069.242591940496,349288937
2025-06-04,24560.45,24644.25,24530.45,24620.2,24086.460010942355,280862575
2025-06-05,24691.2,24899.85,24613.1,24750.9,24107.223760600406,388405978
2025-06-06,24748.7,25029.5,24671.45,25003.05,24135.218330581643,335581057
2025-06-09,25160.1,25160.1,25077.15,25103.2,24165.46775775097,279219989
2025-06-10,25196.05,25199.3,25055.45,25104.25,24194.80470282125,307323471
2025-06-11,25134.15,25222.4,25081.3,25141.4,24224.385805858084,301245273
2025-06-12,25164.45,25196.2,24825.9,24888.2,24245.12999942502,328310748
2025-06-13,24473,24754.35,24473,24718.6,24259.925936942986,327875182
2025-06-16,24732.35,24967.1,24703.6,24946.5,24281.381376413516,305813047
2025-06-17,24977.85,24982.05,24813.7,24853.4,24299.256958400594,242415740
2025-06-18,24788.35,24947.55,24750.45,24812.05,24315.281740950577,237599011
2025-06-19,24803.25,24863.1,24733.4,24793.25,24330.218249045873,274619935
2025-06-20,24787.65,25136.2,24783.65,25112.4,24354.66142876319,574654035
2025-06-23,24939.75,25057,24824.85,24971.9,24373.95013411434,248534153
2025-06-24,25179.9,25317.7,24999.7,25044.35,24394.900129923266,450185468
2025-06-25,25150.35,25266.8,25125.05,25244.75,24421.457938363164,260582584
2025-06-26,25268.95,25565.3,25259.9,25549,24456.693627789315,428891818
2025-06-27,25576.65,25654.2,25523.55,25637.8,24493.603201920898,563957748
2025-06-30,25661.65,25669.35,25473.3,25517.05,24525.58591436087,270981274
2025-07-01,25551.35,25593.4,25501.8,25541.8,24557.34260453709,260669106
2025-07-02,25588.3,25608.1,25378.75,25453.4,24585.344398145306,309828013
2025-07-03,25505.1,25587.5,25384.35,25405.3,24610.968010703265,293428797
2025-07-04,25428.85,25470.25,25331.65,25461,24637.53151036879,193511595
2025-07-07,25450.45,25489.8,25407.25,25461.3,24663.274275669766,196051345
2025-07-08,25427.85,25548.05,25424.15,25522.5,24690.125079555088,210410530
2025-07-09,25514.6,25548.7,25424.35,25476.1,24714.68679581899,239081546
2025-07-10,25511.65,25524.05,25340.45,25355.25,24734.704395949648,219609322
2025-07-11,25255.5,25322.45,25129,25149.85,24747.67769607622,249987681
2025-07-14,25149.5,25151.1,25001.95,25082.3,24758.13464307384,259533624
2025-07-15,25089.5,25245.2,25088.45,25195.8,24771.811685477784,241340130
2025-07-16,25196.6,25255.3,25121.05,25212.05,24785.569132806602,228815928
2025-07-17,25230.75,25238.35,25101,25111.45,24795.752909906398,243412540
2025-07-18,25108.55,25144.6,24918.65,24968.4,24801.148131471822,316979826
2025-07-21,24999,25111.4,24882.3,25090.7,24810.196627363326,305216414
2025-07-22,25166.65,25182,25035.55,25060.9,24818.031107758223,483725116
2025-07-23,25139.35,25233.5,25085.5,25219.9,24830.589510640777,271539651
2025-07-24,25243.3,25246.25,25018.7,25062.1,24837.824213433254,338728860
2025-07-25,25010.35,25010.35,24806.35,24837,24837.798456763463,278136104
2025-07-28,24782.45,24889.2,24646.6,24680.9,24832.895379989604,262142969
2025-07-29,24609.65,24847.15,24598.6,24821.1,24832.52677436493,284657235
2025-07-30,24890.4,24902.3,24771.95,24855.05,24833.230625166027,243886726
2025-07-31,24642.25,24956.5,24635,24768.35,24831.20310562959,346303628
2025-08-01,24734.9,24784.15,24535.05,24565.35,24822.895196078665,263357194
2025-08-04,24596.05,24736.25,24554,24722.75,24819.765658701206,259329477
2025-08-05,24720.25,24733.1,24590.3,24649.55,24814.44641936679,251849778
2025-08-06,24641.35,24671.4,24539.2,24574.2,24806.93871876158,225091071
2025-08-07,24464.2,24634.2,24344.15,24596.15,24800.35157130028,617246304
2025-08-08,24544.25,24585.5,24337.5,24363.3,24786.69370969715,312630157
2025-08-11,24371.5,24600.85,24347.45,24585.05,24780.392343769112,241145497
2025-08-12,24563.35,24702.6,24465.65,24487.4,24771.23633302633,237002462
2025-08-13,24586.2,24664.55,24535.25,24619.35,24766.489885119256,236006791
2025-08-14,24607.25,24673.65,24596.9,24631.3,24762.26520120928,270162203
2025-08-18,24938.2,25022,24852.85,24876.95,24765.84910117149,363071305
2025-08-19,24891.35,25012.65,24873.95,24980.65,24772.561629259882,252340828
2025-08-20,24965.8,25088.7,24929.7,25050.55,24781.24876584551,287054119
2025-08-21,25142,25153.65,25054.9,25083.75,24790.701929412837,226542052
2025-08-22,25064.15,25084.85,24859.15,24870.1,24793.183119118687,210165384
2025-08-25,24949.15,25021.55,24894.35,24967.75,24798.638334146228,221791155
2025-08-26,24899.5,24919.65,24689.6,24712.05,24795.93244870416,750473923
2025-08-28,24695.8,24702.65,24481.6,24500.9,24786.712684682156,326601486
2025-08-29,24466.7,24572.45,24404.7,24426.85,24775.46697578584,325543583
2025-09-01,24432.7,24635.6,24432.7,24625.05,24770.76644529253,229327424
2025-09-02,24653,24756.1,24522.35,24579.6,24764.79249387714,271558516
2025-09-03,24616.5,24737.05,24533.2,24715.05,24763.238040943477,340283328
2025-09-04,24980.75,24980.75,24708.2,24734.3,24762.333727163994,314094160
2025-09-05,24818.85,24832.35,24621.6,24741,24761.66704819012,210071924
2025-09-08,24802.6,24885.5,24751.55,24773.15,24762.02589043418,213228202
2025-09-09,24864.1,24891.8,24814,24868.6,24765.35633135811,226919775
2025-09-10,24991,25035.7,24915.05,24973.1,24771.84832100317,244146466
2025-09-11,24945.5,25037.3,24940.15,25005.5,24779.149935971822,224570983
2025-09-12,25074.45,25139.45,25038.05,25114,24789.614000472702,225739766
2025-09-15,25118.9,25138.45,25048.75,25069.2,24798.35106295793,185375759
2025-09-16,25073.6,25261.4,25070.45,25239.1,24812.124467240494,240122320
2025-09-17,25276.6,25346.5,25275.35,25330.25,24828.315890139227,268936695
2025-09-18,25441.05,25448.95,25329.75,25423.6,24846.918518572376,272193683
2025-09-19,25410.2,25428.75,25286.3,25327.05,24861.92262736699,380362832
2025-09-22,25238.1,25331.7,25151.05,25202.35,24872.56098276177,254509892
2025-09-23,25209,25261.9,25084.65,25169.5,24881.840327050464,299204338
2025-09-24,25108.75,25149.85,25027.45,25056.9,24887.310941830136,244382281
2025-09-25,25034.5,25092.7,24878.3,24890.85,24887.421537397942,342534768
2025-09-26,24818.55,24868.6,24629.45,24654.7,24880.148989354257,291537949
2025-09-29,24728.55,24791.3,24606.2,24634.9,24872.484958436937,394388242
2025-09-30,24691.95,24731.8,24587.7,24611.1,24864.316678485782,304924720
2025-10-01,24620.55,24867.95,24605.95,24836.3,24863.4411572831,308135228
2025-10-03,24759.55,24904.8,24747.55,24894.25,24864.403933618003,366929642
2025-10-06,24916.55,25095.95,24881.65,25077.65,24871.06787319244,271953070
2025-10-07,25085.3,25220.9,25076.3,25108.3,24878.481377155178,286833765
2025-10-08,25079.75,25192.5,25008.5,25046.15,24883.72102161908,225967495
2025-10-09,25074.3,25199.25,25024.3,25181.8,24893.035989693482,286253252
2025-10-10,25167.65,25330.75,25156.85,25285.35,24905.29580251556,232943306
2025-10-13,25177.3,25267.3,25152.3,25227.35,24915.359996186948,256135569
2025-10-14,25277.55,25310.35,25060.55,25145.5,24922.551871306106,292129083
2025-10-15,25181.95,25365.15,25159.35,25323.55,24935.08306282779,289930172
2025-10-16,25394.9,25625.4,25376.85,25585.3,24955.402342114423,372777021
2025-10-17,25546.85,25781.5,25508.6,25709.85,24978.97883142335,422055809
2025-10-20,25824.6,25926.2,25788.5,25843.15,25005.98418044137,301133193
2025-10-21,25901.2,25934.35,25825.8,25868.6,25032.940924802577,42477128
2025-10-23,26057.2,26104.2,25862.45,25891.4,25059.767770902497,448404894
2025-10-24,25935.1,25944.15,25718.2,25795.15,25082.748465561795,284913477
2025-10-27,25843.2,26005.95,25827,25966.05,25110.351638512988,266337274
2025-10-28,25939.95,26041.7,25810.05,25936.2,25136.159399809458,395231207
2025-10-29,25982,26097.85,25960.3,26053.9,25164.838793565414,321880610
2025-10-30,25984.4,26032.05,25845.25,25877.85,25187.120393766494,257373001
2025-10-31,25863.8,25953.75,25711.2,25722.1,25203.838506461292,334384400
2025-11-03,25696.85,25803.1,25645.5,25763.35,25221.323240634378,275858501
2025-11-04,25744.75,25787.4,25578.4,25597.65,25233.083451864553,305143084
2025-11-06,25593.35,25679.15,25491.55,25509.7,25241.727718993785,371852417
2025-11-07,25433.8,25551.25,25318.45,25492.3,25249.55810277523,305606393
2025-11-10,25503.5,25653.45,25503.5,25574.35,25259.707849563503,243592948
2025-11-11,25617,25715.8,25449.25,25694.95,25273.309166764644,297714069
2025-11-12,25834.3,25934.55,25781.15,25875.8,25292.137005303248,343864299
2025-11-13,25906.1,26010.7,25808.4,25879.15,25310.48116138752,385170023
2025-11-14,25767.9,25940.2,25740.8,25910.05,25329.217687594162,518943416
2025-11-17,25948.2,26024.2,25906.35,26013.45,25350.599947356844,264610565
2025-11-18,26021.8,26029.85,25876.5,25910.05,25368.082761501944,280000989
2025-11-19,25918.1,26074.65,25856.2,26052.65,25389.475487705007,250110008
2025-11-20,26132.1,26246.65,26063.2,26192.15,25414.559066214228,240425729
2025-11-21,26109.55,26179.2,26052.2,26068.15,25434.983782895033,235581427
2025-11-24,26122.8,26142.8,25912.15,25959.5,25451.374914679564,464655063
2025-11-25,25998.5,26032.6,25857.5,25884.8,25464.91944859583,260454909
2025-11-26,25842.95,26215.15,25842.95,26205.3,25488.05634082721,275265169
2025-11-27,26261.25,26310.45,26141.9,26215.55,25510.79051767636,240287057
2025-11-28,26237.45,26280.75,26172.4,26202.95,25532.420501498975,202511545
2025-12-01,26325.8,26325.8,26124.2,26175.75,25552.524548327132,213828573
2025-12-02,26087.95,26154.6,25997.85,26032.2,25567.51440619191,254803113
2025-12-03,26004.9,26066.45,25891,25986,25580.592080998413,265660108
2025-12-04,25981.85,26098.25,25938.95,26033.75,25594.75326596721,248099545
2025-12-05,25999.8,26202.6,25985.35,26186.45,25613.243788905736,249254405
2025-12-08,26159.8,26178.7,25892.25,25960.55,25624.097108002432,320729920
2025-12-09,25867.1,25923.65,25728,25839.65,25630.833135877358,275978160
2025-12-10,25864.05,25947.65,25734.55,25758,25634.80710038119,207944446
2025-12-11,25771.4,25922.8,25693.25,25898.55,25643.049065994277,206099631
2025-12-12,25971.2,26057.6,25938.45,26046.95,25655.670970181956,216344338
2025-12-15,25930.05,26047.15,25904.75,26027.3,25667.28437736377,181557703
2025-12-16,25951.5,25980.75,25834.35,25860.1,25673.30986557115,264351195
2025-12-17,25902.4,25929.15,25770.35,25818.55,25677.848619772052,206521258
2025-12-18,25764.7,25902.35,25726.3,25815.55,25682.151787904175,197553755
2025-12-19,25911.5,25993.35,25880.45,25966.4,25691.03454453217,382927284
2025-12-22,26055.85,26180.7,26047.8,26172.4,25706.07721501554,252990050
2025-12-23,26205.2,26233.55,26119.05,26177.15,25720.798239546304,216553840
2025-12-24,26170.65,26236.4,26123,26142.1,25733.963919560483,188846828
2025-12-26,26121.25,26144.2,26008.6,26042.3,25743.599422074218,142243763
2025-12-29,26063.35,26106.8,25920.3,25942.1,25749.8025651344,234312888
2025-12-30,25940.9,25976.75,25878,25938.85,25755.71029747395,396893959
2025-12-31,25971.05,26187.95,25969,26129.6,25767.39435067789,246314941
2026-01-01,26173.3,26197.55,26113.4,26146.55,25779.242964719204,425631910
2026-01-02,26155.1,26340,26118.4,26328.55,25796.408809571727,357547806
2026-01-05,26333.7,26373.2,26210.05,26250.3,25810.59290927261,338777649
2026-01-06,26189.7,26273.95,26124.75,26178.7,25822.096255857843,383040203
2026-01-07,26143.1,26187.15,26067.9,26140.75,25832.054185362285,338216740
2026-01-08,26106.5,26133.2,25858.45,25876.85,25833.454054569713,328520950
2026-01-09,25840.4,25940.6,25623,25683.3,25828.76174036441,348757262
2026-01-12,25669.05,25813.15,25473.4,25790.25,25827.558248478024,275757268
2026-01-13,25897.35,25899.8,25603.3,25732.3,25824.581428213085,349710456
2026-01-14,25648.55,25791.75,25603.95,25665.6,25819.613258581427,393126596
2026-01-16,25696.05,25873.5,25662.4,25694.35,25815.698781750758,434041776
2026-01-19,25653.1,25653.3,25494.35,25585.5,25808.505069821047,443087953
2026-01-20,25580.3,25585,25171.35,25232.5,25790.50491138914,409772324
2026-01-21,25141,25300.95,24919.8,25157.5,25770.72350790823,395624981
2026-01-22,25344.15,25435.75,25168.5,25289.9,25755.697773286098,486395433
2026-01-23,25344.6,25347.95,25025.3,25048.65,25733.602530370907,393944908
2026-01-27,25063.35,25246.65,24932.55,25175.4,25716.158701296816,618696080
2026-01-28,25258.85,25372.1,25187.65,25342.75,25704.48967938129,574903942
2026-01-29,25345,25458.15,25159.8,25418.9,25695.565001900624,582389331
2026-01-30,25247.55,25370.7,25213.65,25320.65,25683.84890809123,508388604
2026-02-01,25333.75,25440.9,24571.75,24825.45,25657.023942213378,379370206
2026-02-02,24796.5,25108.1,24679.4,25088.4,25639.25444401921,449215604
2026-02-03,26308.05,26341.2,25641.3,25727.55,25642.01368014361,637263148
2026-02-04,25675.05,25818.55,25563.95,25776,25646.20075263912,429788986
2026-02-05,25755.9,25757.65,25579.5,25642.8,25646.094479119147,343812628
2026-02-06,25605.8,25703.95,25491.9,25693.7,25647.582151646675,375476124
2026-02-09,25888.7,25922.25,25780.9,25867.3,25654.448334407716,359386006
2026-02-10,25922.65,25989.45,25870.45,25935.15,25663.220261457474,460878237
2026-02-11,25997.45,26009.4,25899.8,25953.85,25672.302440786927,331389240
2026-02-12,25906.7,25906.7,25752.4,25807.2,25676.517989512336,419388014
2026-02-13,25571.15,25630.35,25444.3,25471.1,25670.098677340076,453523192
2026-02-16,25423.6,25697,25372.7,25682.75,25670.4940311732,325487729
2026-02-17,25637.95,25764.4,25570.3,25725.4,25672.209842699038,378436265
2026-02-18,25752.65,25828.05,25645.15,25819.35,25676.807972614693,400807585
2026-02-19,25873.35,25885.3,25388.75,25454.35,25669.856160970485,333658812
2026-02-20,25406.55,25663.55,25379.75,25571.25,25666.774718440156,309373691
2026-02-23,25678.4,25771.45,25609.35,25713,25668.2192584889,399135843
2026-02-24,25641.8,25641.8,25327.6,25424.65,25660.607719161122,458774084
2026-02-25,25512.6,25652.6,25428.2,25482.5,25655.04185293734,423522007
2026-02-26,25556.3,25572.95,25400.95,25496.55,25650.088982533045,415397049
2026-02-27,25459.85,25476.4,25141.3,25178.65,25635.356514328887,459280844
2026-03-02,24659.25,24989.35,24603.5,24865.7,25611.30474825611,564529257
2026-03-04,24388.8,24602.45,24305.4,24480.5,25575.967099873105,598993881
2026-03-05,24615.95,24854.2,24529.4,24765.9,25550.65250300207,504339053
2026-03-06,24656.4,24700.9,24415.75,24450.45,25516.271174783258,433408256
2026-03-09,23868.05,24078.15,23697.8,24028.05,25469.76426307128,526901605
2026-03-10,24280.8,24303.8,24079.95,24261.6,25432.009129850303,444283436
2026-03-11,24231.85,24299,23834.3,23866.85,25383.09790704248,407400643
2026-03-12,23674.85,23833.15,23556.3,23639.15,25328.599534947403,501004098
2026-03-13,23462.5,23492.4,23112,23151.1,25260.552674480296,519776752
2026-03-16,23116.1,23502,22955.25,23408.8,25202.685403402786,540293230
2026-03-17,23493.2,23656.8,23346.6,23581.15,25152.01242204645,458788167
2026-03-18,23632.9,23862.25,23618.45,23777.8,25109.068283857498,382876401
2026-03-19,23197.75,23378.7,22930.35,23002.15,25043.22708748695,550147401
2026-03-20,23110.15,23345.15,23067.6,23114.5,24982.95436600298,663289390
2026-03-23,22824.35,22851.7,22471.25,22512.65,24905.757354565387,550275334
2026-03-24,22878.45,23057.3,22624.2,22912.4,24843.464937235218,538098322
2026-03-25,23064.4,23465.35,23063.2,23306.45,24795.43322044662,505418973
2026-03-27,23173.55,23186.1,22804.55,22819.6,24733.688432307663,612556883
2026-03-30,22549.65,22714.1,22283.85,22331.4,24658.61691879805,698599891
2026-04-01,22899,22941.3,22618.6,22679.4,24596.76639008561,517954448
2026-04-02,22383.4,22782.3,22182.55,22713.1,24537.901815395435,495121035
2026-04-06,22780.3,22998.35,22542.95,22968.25,24488.850196164327,426416812
2026-04-07,22838.7,23153.85,22719.3,23123.65,24446.187690034192,476981883
2026-04-08,23855.15,24025.15,23828.5,23997.35,24432.161512220624,639257993
2026-04-09,23909.05,23990.75,23682.8,23775.1,24411.62833996373,466587329
2026-04-10,23880.55,24074.05,23856.35,24050.6,24400.34620433986,481302436
2026-04-13,23589.6,23907.4,23555.6,23842.65,24382.91819795424,488844789
2026-04-15,24163.8,24280.9,24145.8,24231.3,24378.18012926817,460255064