time,open,high,low,close,EMA,Volume
2016-07-11,7111.64990234,7156.75,7110.39990234,7151.35009766,6749.359172801529,817870976
2016-07-12,7179.5,7195.10009766,7158.20019531,7192.25,6763.199511151482,1126578944
2016-07-13,7208.89990234,7213.10009766,7161.04980469,7177,6776.130776427998,1199186048
2016-07-14,7178.39990234,7218.25,7169.64990234,7215.35009766,6789.856380216498,914641024
2016-07-15,7223.60009766,7245.04980469,7181.5,7194.39990234,6802.498365282858,938742976
2016-07-18,7214.29980469,7232,7154.54980469,7162.25,6813.740603867768,912136000
2016-07-19,7169.25,7186.20019531,7134.54980469,7178.20019531,6825.129966100338,886824000
2016-07-20,7174,7222.75,7174,7221.29980469,6837.510273556265,782366976
2016-07-21,7241.85009766,7243.70019531,7182.64990234,7186.70019531,6848.4224586110695,1027550016
2016-07-22,7197,7230.10009766,7173.89990234,7227.45019531,6860.267075382911,865433984
2016-07-25,7222.54980469,7307.60009766,7222.54980469,7305.60009766,6874.183732329069,887788992
2016-07-26,7309.10009766,7320.79980469,7259.89990234,7270,6886.552990693785,1062230976
2016-07-27,7282.5,7328.14990234,7258,7297.89990234,6899.40758168273,966712000
2016-07-28,7315.70019531,7343.79980469,7309.95019531,7338.64990234,6913.13390420327,1252334976
2016-07-29,7344.5,7357.45019531,7324.39990234,7330,6926.160969696917,885873024
2016-08-01,7350.25,7395,7292.35009766,7335.04980469,6938.938745790451,923438976
2016-08-02,7346.14990234,7372.35009766,7306.75,7310.89990234,6950.562531932625,858352000
2016-08-03,7321.54980469,7321.54980469,7220.64990234,7232.79980469,6959.382446706292,781003008
2016-08-04,7281.70019531,7281.70019531,7215.39990234,7248.54980469,6968.418926643283,742043008
2016-08-05,7289.54980469,7368.20019531,7289.54980469,7364.04980469,6980.782391582243,801980992
2016-08-08,7391.29980469,7406.39990234,7376.45019531,7398.25,6993.828254345298,709225024
2016-08-09,7411.89990234,7411.89990234,7337.85009766,7368.45019531,7005.535190000444,878566016
2016-08-10,7377.60009766,7377.60009766,7270.10009766,7277,7014.018465312931,804948992
2016-08-11,7277.64990234,7297.60009766,7237.89990234,7289.5,7022.627263271902,792478976
2016-08-12,7301,7357.29980469,7301,7347.45019531,7032.777979898093,785100032
2016-08-16,7350.60009766,7362.85009766,7305.45019531,7339.25,7042.355230526277,818302016
2016-08-17,7341.25,7368.25,7322.85009766,7343.70019531,7051.772260675769,781678016
2016-08-18,7364.64990234,7398.64990234,7364.64990234,7390.20019531,7062.348133633089,760771008
2016-08-19,7408.14990234,7413.29980469,7378.95019531,7397.79980469,7072.830998353617,794488000
2016-08-22,7400.60009766,7414,7354.14990234,7363.79980469,7081.923773551629,641974016
2016-08-23,7363.85009766,7369.54980469,7320.89990234,7359.75,7090.605843128141,726408000
2016-08-24,7372.95019531,7393.35009766,7364.10009766,7386.04980469,7099.838466926949,643187968
2016-08-25,7404.10009766,7416.04980469,7337.20019531,7343.5,7107.452889835482,1060689984
2016-08-26,7363.29980469,7374.29980469,7317.89990234,7334.79980469,7114.5574809246855,749654016
2016-08-29,7344.60009766,7367.85009766,7308.10009766,7361,7122.258809645789,628763008
2016-08-30,7393,7465.54980469,7393,7461.95019531,7132.874165447796,704913984
2016-08-31,7473.89990234,7520.45019531,7473.89990234,7490.64990234,7144.054657225678,1163819008
2016-09-01,7498.25,7512.29980469,7463.60009766,7474.29980469,7154.374818083938,935852032
2016-09-02,7491.5,7513.89990234,7474.75,7504.60009766,7165.31935807069,713606976
2016-09-06,7540.79980469,7619.95019531,7540.79980469,7615,7179.371878130981,725809984
2016-09-07,7638.14990234,7638.54980469,7599.85009766,7607.20019531,7192.741513042825,1206086016
2016-09-08,7610.54980469,7647.5,7598.20019531,7642.70019531,7206.802721863674,1074798976
2016-09-09,7634.5,7634.5,7567.60009766,7575.54980469,7218.326068201997,1021073024
2016-09-12,7459.70019531,7469.5,7410.10009766,7420.5,7224.644003570685,892731008
2016-09-14,7423.39990234,7462.75,7409.85009766,7455.29980469,7231.851997355663,877742976
2016-09-15,7471,7475.35009766,7435.20019531,7462.70019531,7239.066003541736,795284992
2016-09-16,7499.10009766,7553.79980469,7461.45019531,7487.20019531,7246.820197034494,1126452992
2016-09-19,7500.10009766,7525.89990234,7486.04980469,7513.79980469,7255.1633097737285,709937984
2016-09-20,7522.89990234,7523.85009766,7478.10009766,7490.29980469,7262.511325239862,687040000
2016-09-21,7504.64990234,7534.10009766,7478.45019531,7491.70019531,7269.673477429554,645844992
2016-09-22,7570.39990234,7588.29980469,7540.95019531,7573,7279.15243125988,751974016
2016-09-23,7587.70019531,7592.45019531,7547.14990234,7554.89990234,7287.7695397311345,767011008
2016-09-26,7540.95019531,7541.14990234,7472.14990234,7479.75,7293.768929114536,649190016
2016-09-27,7503.5,7520.5,7456,7469.95019531,7299.274593683144,648932992
2016-09-28,7478.25,7529.70019531,7472.04980469,7514.95019531,7306.014456233984,791321024
2016-09-29,7555.70019531,7562,7303.95019531,7336.85009766,7306.978070028546,1598983040
2016-09-30,7326.60009766,7409.14990234,7308.85009766,7394.85009766,7309.724070892029,877315968
2016-10-03,7443.14990234,7535,7429.5,7532.25,7316.678006176653,753009024
2016-10-04,7560.60009766,7576.10009766,7533.04980469,7567.70019531,7324.52244958707,805640000
2016-10-05,7599.39990234,7600.54980469,7542.64990234,7565.5,7332.052998037474,827830016
2016-10-06,7588.85009766,7605.64990234,7509.75,7537.25,7338.465404348803,827398976
2016-10-07,7552.39990234,7557.89990234,7496.85009766,7527.20019531,7344.36336656634,741361024
2016-10-10,7559.5,7567.45019531,7527.95019531,7532.70019531,7350.2488924645795,543014976
2016-10-13,7508.29980469,7514.35009766,7377.20019531,7418.35009766,7352.377055126936,835702976
2016-10-14,7437.89990234,7453.04980469,7404,7439.85009766,7355.1105877060945,666704000
2016-10-17,7464.14990234,7465.45019531,7371.35009766,7384.5,7356.029006840279,791366016
2016-10-18,7416.14990234,7517.29980469,7416,7512.29980469,7360.912469273083,748400000
2016-10-19,7533.64990234,7534.29980469,7486.10009766,7507.70019531,7365.4995857117365,760185024
2016-10-20,7539.35009766,7565.5,7526.5,7538.79980469,7370.915217554807,767934016
2016-10-21,7550,7550.10009766,7505.14990234,7541.70019531,7376.252248109657,750915968
2016-10-24,7559,7575.45019531,7535.35009766,7551.54980469,7381.730296752792,696304000
2016-10-25,7561.04980469,7561.25,7512.5,7541.5,7386.723099979267,725841024
2016-10-26,7519.29980469,7519.29980469,7459.29980469,7476.75,7389.536440604915,842635008
2016-10-27,7467.14990234,7467.79980469,7407.10009766,7452.14990234,7391.493111284136,1009171968
2016-10-28,7464.54980469,7502.20019531,7439.35009766,7494.10009766,7394.699579608382,747852992
2016-11-01,7525.25,7539.10009766,7491.79980469,7502.20019531,7398.058973849058,702081024
2016-11-02,7433.54980469,7433.54980469,7383.29980469,7391.39990234,7397.8508778644,669596992
2016-11-03,7382.75,7420,7335.75,7344.10009766,7396.1711659830125,701510016
2016-11-04,7359.70019531,7359.89990234,7245.5,7274.10009766,7392.356445097918,825475968
2016-11-07,7360.75,7366.95019531,7317.85009766,7330.95019531,7390.437499792046,603971968
2016-11-08,7366.35009766,7377.60009766,7314.25,7366.04980469,7389.675384320107,593582016
2016-11-09,6924.95019531,7276.70019531,6829.79980469,7247.45019531,7385.230847163541,1373547008
2016-11-10,7358.04980469,7408.79980469,7329.89990234,7342.29980469,7383.889252086243,1034870016
2016-11-11,7280.45019531,7284.75,7112.54980469,7126.5,7375.845837958548,972161024
2016-11-15,7120.89990234,7122.20019531,6902.89990234,6916.45019531,7361.489724125781,1153104000
2016-11-16,7002,7014.25,6897.75,6928.10009766,7347.946298298726,890950016
2016-11-17,6928.45019531,6966.5,6884.85009766,6903.45019531,7334.055795080329,667222016
2016-11-18,6920.54980469,6943.54980469,6873.04980469,6908.5,7320.757176484069,662190976
2016-11-21,6934.35009766,6934.35009766,6751.14990234,6761.54980469,7303.281946115504,790198976
2016-11-22,6811.75,6850.39990234,6764.25,6835.29980469,7288.657504195957,746472000
2016-11-23,6881.20019531,6890.14990234,6817.35009766,6882.64990234,7275.969766637958,673683008
2016-11-24,6863.25,6879.29980469,6820.14990234,6837.5,7262.267586430522,932060992
2016-11-25,6873.89990234,6966.45019531,6849.75,6960.75,7252.845161854568,703846016
2016-11-28,6940,7000.95019531,6929.20019531,6983.39990234,7244.424997494738,677899008
2016-11-29,6993.5,7048.70019531,6991.54980469,7003.60009766,7236.899219374903,670265984
2016-11-30,7030.25,7085.79980469,7009.64990234,7079.39990234,7231.977365717562,1078139008
2016-12-01,7099.60009766,7103.79980469,7034.64990234,7040.25,7225.985885538888,675633024
2016-12-02,7005.5,7008.64990234,6934.85009766,6947.29980469,7217.276945512361,654769984
2016-12-05,6951.79980469,6993.60009766,6929.45019531,6984.25,7209.994853465099,544148992
2016-12-06,7007.14990234,7030.35009766,6994.04980469,7001.60009766,7203.48251734619,532424000
2016-12-07,7026.60009766,7037.75,6948.95019531,6971.20019531,7196.2236947825595,669721984
2016-12-08,7015.79980469,7094.20019531,7014.75,7089.25,7192.880766820605,602272000
2016-12-09,7111.75,7112.25,7085.20019531,7101.14990234,7190.014177305586,624344000
2016-12-12,7083.10009766,7083.10009766,7009.25,7023.20019531,7184.801240368223,488752992
2016-12-13,7040.5,7050.20019531,7007.64990234,7045.35009766,7180.443392158591,610337024
2016-12-14,7053.89990234,7053.89990234,6999.20019531,7004.64990234,7174.949845601761,569891008
2016-12-15,6957.45019531,7047.35009766,6953.10009766,6989.25,7169.146725426706,612044992
2016-12-16,7009.39990234,7009.54980469,6965.60009766,6976.5,7163.126515257121,608380032
2016-12-19,6973.04980469,6973.5,6936.54980469,6943.35009766,7156.258502207212,470096992
2016-12-20,6948.89990234,6960.10009766,6892.79980469,6908.10009766,7148.503552065111,556070976
2016-12-21,6929.75,6933.85009766,6889.70019531,6896,7140.612816063076,544385024
2016-12-22,6883.39990234,6883.89990234,6806.10009766,6816.35009766,7130.47960611298,509297984
2016-12-23,6814.04980469,6850.89990234,6779.20019531,6814.89990234,7120.617740370074,554432000
2016-12-26,6800.20019531,6801.79980469,6720.25,6724.45019531,7108.237504586947,499942016
2016-12-27,6730.89990234,6840.85009766,6711.64990234,6832,7099.605082568604,568809024
2016-12-28,6849.45019531,6902,6839.89990234,6847.39990234,7091.7236706864605,565569984
2016-12-29,6846.79980469,6920.89990234,6839.79980469,6915.45019531,7086.215124580946,864984000
2016-12-30,6931.85009766,6993.39990234,6928.85009766,6982.79980469,7082.983395834354,636193984
2017-01-02,7007.39990234,7014.14990234,6955.45019531,7002.5,7080.46828971453,602244992
2017-01-03,7019,7048,6989,7028.75,7078.852093160951,627404032
2017-01-04,7042.25,7058.60009766,7024.20019531,7030.75,7077.348902749672,800040000
2017-01-05,7063.14990234,7112.60009766,7061.79980469,7106.89990234,7078.27237148687,827121984
2017-01-06,7119.04980469,7140.25,7073.5,7083.10009766,7078.42323792978,702348032
2017-01-09,7099.54980469,7101.75,7076.85009766,7085.14990234,7078.6334461926,576556032
2017-01-10,7108.35009766,7136.04980469,7106.45019531,7132.20019531,7080.3074071025185,667841024
2017-01-11,7163.89990234,7220.35009766,7160.35009766,7214.14990234,7084.48998507869,824934016
2017-01-12,7225.35009766,7244.20019531,7209.10009766,7231.85009766,7089.094988596856,786924032
2017-01-13,7268.95019531,7271,7202.95019531,7228.29980469,7093.4451390997665,676587008
2017-01-16,7224,7255.64990234,7209.29980469,7247.95019531,7098.2734221063365,603670016
2017-01-17,7255.70019531,7276.04980469,7227,7243.64990234,7102.816437113638,614870976
2017-01-18,7252.25,7299.20019531,7249.79980469,7269,7108.0096734538365,701131008
2017-01-19,7271.95019531,7295.39990234,7260.35009766,7287.75,7113.626558658404,735467008
2017-01-20,7267.10009766,7281.85009766,7196.64990234,7202.75,7116.411666200329,869233024
2017-01-23,7191.39990234,7251,7189.79980469,7242.54980469,7120.353483028131,663616000
2017-01-24,7259.79980469,7319.70019531,7254.60009766,7315.25,7126.4439991835025,683408000
2017-01-25,7338.89990234,7424.89990234,7334.79980469,7417.70019531,7135.545755312455,1113982976
2017-01-27,7426.85009766,7483.89990234,7424.39990234,7455.14990234,7145.533384907066,1043955968
2017-01-30,7451.70019531,7473,7432.10009766,7452.14990234,7155.115151076845,943492992
2017-01-31,7453.79980469,7455.20019531,7372.54980469,7379.29980469,7162.120921502256,1303181056
2017-02-01,7390.54980469,7520.70019531,7366.89990234,7516.04980469,7173.181199101873,1321645952
2017-02-02,7525.45019531,7564.45019531,7501.54980469,7547.10009766,7184.866164681815,1229929984
2017-02-03,7555.70019531,7578.04980469,7544,7569.89990234,7196.8984689836325,1326925952
2017-02-06,7610.79980469,7638.35009766,7600.25,7628.10009766,7210.3735198797685,1172443008
2017-02-07,7637.54980469,7638.79980469,7576.04980469,7603.20019531,7222.649353486963,1242439040
2017-02-08,7615.14990234,7630.60009766,7562.35009766,7614.75,7234.902498690496,1048216000
2017-02-09,7636.29980469,7660.29980469,7577.54980469,7623.60009766,7247.049298658293,1036209024
2017-02-10,7651.89990234,7656.79980469,7613.75,7631.25,7259.055570575221,897908992
2017-02-13,7655.29980469,7660.04980469,7583.10009766,7626.95019531,7270.5522775981835,922497024
2017-02-14,7640.60009766,7640.64990234,7593.14990234,7605.04980469,7281.005325319803,853294976
2017-02-15,7597.39990234,7613.60009766,7519.85009766,7531.60009766,7288.836411955434,941513984
2017-02-16,7543.29980469,7602.45019531,7522.45019531,7599.45019531,7298.543092685264,874726016
2017-02-17,7672.79980469,7681.10009766,7617.20019531,7638,7309.15112103885,1003038016
2017-02-20,7640.10009766,7694.70019531,7632.14990234,7691.85009766,7321.110464058261,975532992
2017-02-21,7704.39990234,7735.35009766,7690.25,7725.25,7333.73982455644,883760000
2017-02-22,7745.10009766,7756.45019531,7706.29980469,7721.60009766,7345.860458090926,1005987008
2017-02-23,7741.60009766,7762.60009766,7720.75,7729.64990234,7357.853878223709,1303404032
2017-02-27,7733.29980469,7746.14990234,7700.39990234,7706.5,7368.749069529218,980073984
2017-02-28,7713.39990234,7729.29980469,7695.25,7709.10009766,7379.385039158305,1121630976
2017-03-01,7733.29980469,7769.95019531,7729.35009766,7754.70019531,7391.113637788045,1029100992
2017-03-02,7787.95019531,7793.89990234,7676,7691.64990234,7400.505396055293,1038115968
2017-03-03,7679.10009766,7703.70019531,7659.25,7696.20019531,7409.745858532003,793372992
2017-03-06,7716.14990234,7749.60009766,7715.45019531,7745.39990234,7420.235047401003,719451008
2017-03-07,7758.75,7758.79980469,7723.25,7735.29980469,7430.0808210662835,759198976
2017-03-08,7740.95019531,7745.54980469,7678.70019531,7710.95019531,7438.8579890114,809433024
2017-03-09,7704.04980469,7731.89990234,7692.75,7710,7447.331176854794,776934976
2017-03-10,7732.5,7751.29980469,7690.95019531,7710.89990234,7455.5676995262065,685080000
2017-03-14,7844.29980469,7864.60009766,7807.5,7835.64990234,7467.4452683641375,990880000
2017-03-15,7842.14990234,7869.54980469,7836.10009766,7854.75,7479.5485412277585,980792000
2017-03-16,7893.5,7931.64990234,7892.64990234,7928.54980469,7493.5798307109535,1059425024
2017-03-17,7967.70019531,7974.95019531,7913.39990234,7933.10009766,7507.314839053111,1167890944
2017-03-20,7944.89990234,7945.04980469,7906,7918.60009766,7520.167503384577,1046729984
2017-03-21,7927.5,7933.20019531,7874.5,7909.20019531,7532.324775007246,873916032
2017-03-22,7849.64990234,7861.14990234,7817.64990234,7830.10009766,7541.630253840144,860628992
2017-03-23,7852.04980469,7895.70019531,7852.04980469,7885.70019531,7552.382439511077,834966016
2017-03-24,7900.5,7926.85009766,7894.75,7905.29980469,7563.4111071729185,953176000
2017-03-27,7899.75,7900.60009766,7847.75,7865.29980469,7572.845128970327,809937984
2017-03-28,7895.29980469,7919.85009766,7894,7912.10009766,7583.446846741879,778033984
2017-03-29,7935.64990234,7950.95019531,7916.79980469,7945.29980469,7594.754751677758,947156992
2017-03-30,7950,7983.85009766,7946.75,7976.89990234,7606.696787635953,1367623040
2017-03-31,7975.04980469,8005.75,7971,7995.04980469,7618.8328194188925,1036665984
2017-04-03,8028.54980469,8057.39990234,8014.39990234,8053.14990234,7632.405228260177,836438016
2017-04-05,8077.85009766,8100.70019531,8045.75,8095.10009766,7646.864442928922,1073057024
2017-04-06,8081.5,8096.25,8056.35009766,8092.10009766,7660.778057139268,944827008
2017-04-07,8064.04980469,8100.5,8035,8045.35009766,7672.79593340554,988923008
2017-04-10,8070.45019531,8077.95019531,8038.29980469,8052.10009766,7684.649188538492,781737984
2017-04-11,8056.54980469,8108.45019531,8050.10009766,8107.10009766,7697.8507794485395,1155746944
2017-04-12,8115.20019531,8122.54980469,8028.70019531,8078.85009766,7709.7570081426475,1091554944
2017-04-13,8080.70019531,8080.70019531,8040.35009766,8044.89990234,7720.230223586314,812041984
2017-04-17,8044,8058,8017.20019531,8042.60009766,7730.304282151117,1083549952
2017-04-18,8065.10009766,8117.20019531,7995.35009766,8003.14990234,7738.83070778202,1276921984
2017-04-19,8008.39990234,8031.25,7983.20019531,8021,7747.648498163832,947705984
2017-04-20,8036.25,8069.35009766,8032.54980469,8063.10009766,7757.506360648087,946942976
2017-04-21,8099.95019531,8106.5,8030.45019531,8057.70019531,7766.887417981272,1084273024
2017-04-24,8075.20019531,8142.45019531,8072.79980469,8137.35009766,7778.464376721232,1066422976
2017-04-25,8183.60009766,8218.90039063,8167.70019531,8216.70019531,7792.159246052131,1055422976
2017-04-26,8244.70019531,8260.34960938,8178.95019531,8230.84960938,7805.868319906126,1193506048
2017-04-27,8241.95019531,8245.25,8210.65039063,8222.20019531,7818.878691012497,1141232000
2017-04-28,8226.40039063,8227.79980469,8195.54980469,8214.29980469,7831.235600814919,1159223040
2017-05-02,8244.70019531,8260.04980469,8186,8231.34960938,7843.739163582578,1032444992
2017-05-03,8259.54980469,8260.79980469,8215.40039063,8227.70019531,7855.73794582406,967974976
2017-05-04,8263.84960938,8269.09960938,8235.79980469,8265.79980469,7868.5523789136205,1051473024
2017-05-05,8277.70019531,8279,8174.25,8193.25,7878.69917957257,1205539968
2017-05-08,8216.95019531,8241.25,8206.59960938,8226.09960938,7889.555443004052,879982976
2017-05-09,8246.29980469,8256,8222.65039063,8242.70019531,7900.591216513613,999272000
2017-05-10,8266.65039063,8325.59960938,8265.04980469,8320.20019531,7913.703997101001,926169984
2017-05-11,8354.65039063,8358.5,8323.70019531,8331,7926.744497191595,897411968
2017-05-12,8343.15039063,8343.90039063,8271.95019531,8299.20019531,7938.383737757795,832310976
2017-05-15,8329.75,8353.70019531,8322.5,8351.29980469,7951.287364849426,975100992
2017-05-16,8367.25,8401.40039063,8359.09960938,8398.95019531,7965.276828301319,1057491968
2017-05-17,8402,8404.09960938,8371.75,8396,7978.736927416903,920329024
2017-05-18,8334.29980469,8361.45019531,8269.25,8279.15039063,7988.124848142313,1067028992
2017-05-19,8318.20019531,8352.45019531,8218.54980469,8258.20019531,7996.564702741303,1038523008
2017-05-22,8304.90039063,8322.5,8228.79980469,8235.04980469,8004.0173621772,953726976
2017-05-23,8242.79980469,8243.34960938,8119.89990234,8159.14990234,8008.8652540572875,1134902016
2017-05-24,8178.35009766,8192.25,8087,8106.60009766,8011.919467919873,1136034048
2017-05-25,8130.70019531,8240.95019531,8119.14990234,8233.90039063,8018.856371754564,1370274048
2017-05-26,8238.95019531,8335.79980469,8231.34960938,8331.84960938,8028.637410430359,1079848960
2017-05-29,8315.70019531,8353.70019531,8266.09960938,8299.5,8037.10186635441,1054420992
2017-05-30,8286,8334.34960938,8262.40039063,8328.95019531,8046.222126634272,1114056960
2017-05-31,8344.25,8369.09960938,8330.20019531,8350.95019531,8055.744878780389,1568690944
2017-06-01,8343.84960938,8374.65039063,8338.04980469,8367.15039063,8065.476301025689,922033984
2017-06-02,8403.95019531,8416.84960938,8385.09960938,8406.54980469,8076.134848015199,1211153024
2017-06-05,8418.65039063,8448.29980469,8404.5,8435.75,8087.372821514724,817892992
2017-06-06,8457.45019531,8460.5,8383.75,8397.20019531,8097.054926945826,774633984
2017-06-07,8420.09960938,8442,8400.20019531,8431.5,8107.506335478769,798784000
2017-06-08,8451.75,8456.84960938,8415.54980469,8429.15039063,8117.557712202245,737185984
2017-06-09,8427.15039063,8459.20019531,8398.5,8452.75,8128.032471195925,783395008
2017-06-12,8439,8439.15039063,8392.25,8408.70019531,8136.80333757449,780961984
2017-06-13,8415.75,8448.5,8396.70019531,8408,8145.278233275287,885822016
2017-06-14,8421.04980469,8424.95019531,8381.09960938,8420.79980469,8153.888282381997,938115968
2017-06-15,8420.84960938,8427.70019531,8383.54980469,8400.20019531,8161.585529660997,1009350976
2017-06-16,8416.54980469,8440.95019531,8392.20019531,8411.45019531,8169.393800462529,1015022976
2017-06-19,8446.95019531,8467.45019531,8428.70019531,8453.09960938,8178.2596069912,687265984
2017-06-20,8467.29980469,8475.90039063,8444.75,8454,8186.876494272725,768611008
2017-06-21,8451.54980469,8454.95019531,8424.04980469,8443.59960938,8194.899091619827,917604992
2017-06-22,8455.90039063,8496,8412.09960938,8423.84960938,8202.053795299833,1223792000
2017-06-23,8435.59960938,8438.34960938,8332.70019531,8355.09960938,8206.836476989838,1156696064
2017-06-27,8372.34960938,8382.15039063,8249.5,8285.5,8209.294712083905,1178882944
2017-06-28,8286.70019531,8303.09960938,8249.09960938,8279.70019531,8211.494883434721,1006721984
2017-06-29,8308.40039063,8352.95019531,8292.75,8301.09960938,8214.295031120511,1507416064
2017-06-30,8280.09960938,8343.79980469,8250.29980469,8331.59960938,8217.96079919112,1119484032
2017-07-03,8380,8423.45019531,8348.40039063,8416.40039063,8224.162036423584,913304000
2017-07-04,8442.90039063,8450.79980469,8394.79980469,8410.70019531,8229.991353888785,934758976
2017-07-05,8419.40039063,8456.40039063,8412.40039063,8451.5,8236.913499079761,971201984
2017-07-06,8470.25,8506.15039063,8463.54980469,8481.75,8244.564639733519,1033171968
2017-07-07,8480.15039063,8494.34960938,8457.25,8479.45019531,8251.904813345283,1103558016
2017-07-10,8521.15039063,8563.84960938,8465.5,8556.95019531,8261.43748153168,264839008
2017-07-11,8580,8596.95019531,8539.59960938,8544.90039063,8270.295697441003,1023665984
2017-07-12,8564.29980469,8591.65039063,8552.25,8585.5,8280.145831895972,977086016
2017-07-13,8620.54980469,8649.65039063,8619.20019531,8646.29980469,8291.588143545785,886921984
2017-07-14,8664.29980469,8664.29980469,8599.5,8640.70019531,8302.497895163417,916142976
2017-07-17,8659.70019531,8668,8637.45019531,8659.5,8313.65421093956,1082884992
2017-07-18,8605.40039063,8642.34960938,8579.95019531,8589.79980469,8322.283760744262,1111840000
2017-07-19,8617.95019531,8665.59960938,8616.15039063,8662.15039063,8332.904592928191,1123372032
2017-07-20,8678.04980469,8680.34960938,8634.29980469,8641.59960938,8342.55131219231,951254016
2017-07-21,8663.84960938,8678.15039063,8602.59960938,8669.75,8352.776271186302,1408935936
2017-07-24,8687.90039063,8719.45019531,8676.20019531,8702.84960938,8363.716063004855,1476060032
2017-07-25,8735.20019531,8735.84960938,8693.29980469,8710.59960938,8374.556173829078,1217117952
2017-07-26,8727.34960938,8753.40039063,8717.34960938,8748.75,8386.24973089692,1580850944
2017-07-27,8783.29980469,8817.34960938,8724.70019531,8737.09960938,8397.213789599517,1708642048
2017-07-28,8715.75,8755.95019531,8691.34960938,8747.45019531,8408.158677277968,1281149056
2017-07-31,8767.04980469,8799.29980469,8752.25,8793.29980469,8420.194337509594,1021000000
2017-08-01,8815.25,8820.75,8786.04980469,8812.59960938,8432.457002255545,835152000
2017-08-02,8831.5,8832.79980469,8765.95019531,8786.84960938,8443.531771228185,1007830016
2017-08-03,8788.34960938,8788.34960938,8715.04980469,8729.29980469,8452.462022273867,1217762944
2017-08-04,8722.70019531,8784.95019531,8705.04980469,8776.20019531,8462.578840181246,1064910976
2017-08-07,8789.84960938,8822.40039063,8784.15039063,8806.45019531,8473.32482002902,991041984
2017-08-08,8820.84960938,8831.04980469,8695.5,8726.84960938,8481.247469696238,1190541056
2017-08-09,8709.09960938,8711.90039063,8620.70019531,8637.15039063,8486.119435975419,1223891968
2017-08-10,8603.70019531,8606.90039063,8443.09960938,8497.75,8486.482891101186,1289168000
2017-08-11,8395.40039063,8487.75,8371.20019531,8427.70019531,8484.645931857713,1413559040
2017-08-14,8479.45019531,8558.70019531,8477.5,8541.5,8486.42262148716,1107300992
2017-08-16,8575,8640.5,8526.95019531,8635.70019531,8491.087545669123,1055929984
2017-08-17,8674.15039063,8685.25,8627.40039063,8643.29980469,8495.844178763526,1010278976
2017-08-18,8607.04980469,8607.04980469,8541.5,8594.25,8498.919360677166,966617024
2017-08-21,8618.5,8635.40039063,8497.25,8509.40039063,8499.246892863192,862636032
2017-08-22,8558.95019531,8575.95019531,8487.09960938,8499.29980469,8499.24854635778,947422016
2017-08-23,8536.65039063,8589.40039063,8523.04980469,8585,8501.928279284099,830977984
2017-08-24,8610.20019531,8622.09960938,8586.54980469,8605.75,8505.17270805647,896332992
2017-08-28,8646.29980469,8677.34960938,8632.75,8669.59960938,8510.311048722831,863491968
2017-08-29,8648.70019531,8648.90039063,8561.75,8571.79980469,8512.232572346806,914942016
2017-08-30,8628.45019531,8678.70019531,8625.79980469,8663.15039063,8516.948754168156,950574976
2017-08-31,8683.40039063,8700.5,8647.75,8694.95019531,8522.511299203838,1356536064
2017-09-01,8717.04980469,8763.29980469,8700.45019531,8755.25,8529.784383603717,1060246976
2017-09-04,8763.75,8765.79980469,8639.90039063,8700.34960938,8535.114546909226,1039897984
2017-09-05,8723,8754.90039063,8698.40039063,8747.20019531,8541.74222342175,889160000
2017-09-06,8703.29980469,8745.70019531,8686.95019531,8732.40039063,8547.700291147008,1029620992
2017-09-07,8766.20019531,8785.90039063,8747.90039063,8757.15039063,8554.245606755852,1030305024
2017-09-08,8785.70019531,8792.04980469,8729.95019531,8749.95019531,8560.36137514817,1042880000
2017-09-11,8789.29980469,8830.40039063,8782.54980469,8810.95019531,8568.192275778227,1008576000
2017-09-12,8854.84960938,8894.20019531,8833.75,8890.65039063,8578.269091867345,1046348032
2017-09-13,8900.75,8928.09960938,8853.09960938,8866.84960938,8587.287233039615,1175074944
2017-09-14,8894.75,8918.70019531,8865.90039063,8884.95019531,8596.589200610564,1005620992
2017-09-15,8864,8906.79980469,8839.25,8887.59960938,8605.683275884609,1225799040
2017-09-18,8932.90039063,8963.79980469,8931.79980469,8946.90039063,8616.346310720402,999080000
2017-09-19,8967.79980469,8970.09960938,8930.09960938,8951.75,8626.827676010389,1203916032
2017-09-20,8970.34960938,8976.75,8932.70019531,8938.40039063,8636.564323342252,1102961024
2017-09-21,8942,8957.54980469,8845.90039063,8911.20019531,8645.146694341245,1084413056
2017-09-22,8886.70019531,8887.04980469,8726.25,8738,8648.04836014308,1079873024
2017-09-25,8737.84960938,8738.04980469,8574.79980469,8638.29980469,8647.743717785172,1154747008
2017-09-26,8641.09960938,8677.5,8592.90039063,8654.59960938,8647.95796439751,949782016
2017-09-27,8700.34960938,8700.34960938,8502.40039063,8520.95019531,8643.988971613526,992819968
2017-09-28,8529.15039063,8571.95019531,8476.29980469,8557.09960938,8641.273679043728,1392077952
2017-09-29,8597.79980469,8653.5,8586.5,8600,8639.983876573611,984529024
2017-10-03,8689.75,8691.90039063,8640.79980469,8662.40039063,8640.684392637873,850196992
2017-10-04,8687.79980469,8725.84960938,8658.29980469,8706.84960938,8642.752055661065,848300992
2017-10-05,8721.75,8746.15039063,8699.75,8706.45019531,8644.742622525095,866179968
2017-10-06,8729.95019531,8793.40039063,8729,8787.40039063,8649.200677778374,1005987968
2017-10-09,8799.79980469,8824.75,8774.65039063,8798.29980469,8653.860025494361,1012518976
2017-10-10,8823.45019531,8848.59960938,8816.54980469,8836.40039063,8659.56441190485,1009078016
2017-10-11,8865.75,8886.79980469,8760.65039063,8792.40039063,8663.715536240012,1163303040
2017-10-12,8818.59960938,8895.70019531,8784.65039063,8890.04980469,8670.788482129074,956777024
2017-10-13,8916.65039063,8954.65039063,8913.95019531,8937.20019531,8679.113848165978,1071880000
2017-10-16,8974.25,9000.09960938,8937.65039063,8985.25,8688.680602910792,980766016
2017-10-17,8988.75,9011.09960938,8972.79980469,9002.34960938,8698.482759362954,950649024
2017-10-18,8991.65039063,9005.90039063,8957.04980469,8984.65039063,8707.42549784005,928563968
2017-10-19,8992.95019531,8994.79980469,8915.09960938,8937.65039063,8714.620025739736,225142000
2017-10-23,8961.95019531,8998.20019531,8922.75,8972.90039063,8722.691287142557,1021686016
2017-10-24,9002.70019531,9017.90039063,8973.70019531,8993.79980469,8731.163428315915,1063577984
2017-10-25,9089.5,9103,9017.79980469,9065.15039063,8741.60052088823,2292504064
2017-10-26,9067.20019531,9115.15039063,9047.40039063,9106.75,8753.011442110474,2042280960
2017-10-27,9128.84960938,9136.45019531,9094.5,9104.45019531,8763.993903147959,1355835008
2017-10-30,9137.54980469,9177.20019531,9132.15039063,9165.09960938,8776.52845646771,1191683968
2017-10-31,9173.95019531,9175.5,9130.95019531,9153.59960938,8788.311929996218,1372829056
2017-11-01,9203.95019531,9249.15039063,9201.04980469,9234.84960938,8802.26623247696,1464563968
2017-11-02,9243.29980469,9264.09960938,9217.59960938,9237.75,8815.875100212055,1267259008
2017-11-03,9272.09960938,9272.15039063,9219.70019531,9260.65039063,8829.774328037616,1413632000
2017-11-06,9254.29980469,9305.75,9242.25,9273.09960938,8843.628243079565,1249656960
2017-11-07,9303.15039063,9309.65039063,9152.65039063,9169.54980469,8853.813291879891,1451997952
2017-11-08,9183.90039063,9201.20019531,9097.59960938,9117.54980469,8862.055057905207,1186397952
2017-11-09,9169.65039063,9183.20019531,9087.20019531,9147.29980469,8870.968956242232,1130286976
2017-11-10,9144.75,9178.40039063,9100.34960938,9154.95019531,8879.843369963099,1247207040
2017-11-13,9163.04980469,9171.15039063,9075.79980469,9082.45019531,8886.174833255189,1329949056
2017-11-14,9085.70019531,9106.95019531,9042,9051.5,8891.341244715964,1216705024
2017-11-15,9039.84960938,9043.15039063,8949,8973.75,8893.91651831859,1219383040
2017-11-16,9005.09960938,9078.59960938,8993.90039063,9065,8899.262877121135,1221664000
2017-11-17,9161.79980469,9185.5,9125.15039063,9137.09960938,8906.695275004224,1206402944
2017-11-20,9143.5,9169.95019531,9122.34960938,9161.90039063,8914.670434867528,1061712000
2017-11-21,9192.04980469,9215.84960938,9166.40039063,9185.40039063,8923.130745985105,1237395968
2017-11-22,9210.84960938,9219.95019531,9161.75,9195.70019531,8931.648541276509,1128604032
2017-11-23,9212.34960938,9226.75,9164.29980469,9207.40039063,8940.265786568805,1033169024
2017-11-24,9226.75,9254.5,9221,9246.04980469,8949.821537135093,1034707008
2017-11-27,9228.20019531,9272.84960938,9212.95019531,9267.5,8959.74898909962,1058846016
2017-11-28,9266.29980469,9286.84960938,9234.79980469,9254.29980469,8968.95370208682,1182659968
2017-11-29,9265.5,9280.65039063,9231.65039063,9244.70019531,8977.570780000044,1019347968
2017-11-30,9220.34960938,9220.34960938,9143.40039063,9154.5,8983.099818125042,1643928960
2017-12-01,9191.45019531,9209.15039063,9046.70019531,9060.40039063,8985.51546101582,1035376000
2017-12-04,9106.70019531,9110.84960938,9023.59960938,9059.34960938,8987.822778152202,857208000
2017-12-05,9052.45019531,9074.95019531,8995,9056.59960938,8989.972054128071,882286976
2017-12-06,9034.84960938,9050.95019531,8981.95019531,8988.54980469,8989.927608833132,889916992
2017-12-07,9005.75,9114.40039063,9005.54980469,9103.04980469,8993.46267745366,933062016
2017-12-08,9136.59960938,9197.04980469,9135.40039063,9190.54980469,8999.621650179795,1247949056
2017-12-11,9232.25,9241.15039063,9205.20019531,9231.90039063,9006.880360818865,960848000
2017-12-12,9237.15039063,9237.59960938,9149.34960938,9156.5,9011.555974543275,903756992
2017-12-13,9155.84960938,9197.54980469,9078.79980469,9101.79980469,9014.37609423536,1062934016
2017-12-14,9135.25,9150.25,9043.84960938,9133.65039063,9018.103415997693,883771008
2017-12-15,9217.79980469,9242.84960938,9207.59960938,9216.75,9024.311121747765,989840000
2017-12-18,9162.54980469,9318.65039063,9000.40039063,9270.84960938,9032.015449486273,1128818944
2017-12-19,9300.84960938,9367.04980469,9297.75,9360.45019531,9042.279035293264,992137024
2017-12-20,9386.65039063,9398.95019531,9351,9363.45019531,9052.315634043787,1466198016
2017-12-21,9391.29980469,9399.75,9364.29980469,9387.75,9062.79795797992,1846385024
2017-12-22,9408.75,9440.20019531,9402.25,9431.5,9074.319896793048,1387623936
2017-12-26,9452,9477.40039063,9427.90039063,9470.34960938,9086.69582531139,1567203968
2017-12-27,9478.15039063,9493.84960938,9413.25,9438.25,9097.681893270408,1971469952
2017-12-28,9450.25,9481.09960938,9425.79980469,9435.84960938,9108.249634398833,2440259072
2017-12-29,9456.79980469,9496.40039063,9454.65039063,9490.65039063,9120.199658031057,2597135872
2018-01-01,9500.20019531,9518.90039063,9421.70019531,9434.5,9130.021543717587,2172220928
2018-01-02,9474.09960938,9487.79980469,9377.29980469,9417.84960938,9139.016170769537,2064774016
2018-01-03,9455.54980469,9483.34960938,9424.09960938,9439.34960938,9148.401590726115,1576712960
2018-01-04,9468.09960938,9511.84960938,9441.90039063,9505.75,9159.568728515924,1878324992
2018-01-05,9536.75,9577.29980469,9529.95019531,9573.45019531,9172.502524353238,2006483968
2018-01-08,9608.15039063,9645.75,9606.5,9639.25,9187.0883829672,1577758976
2018-01-09,9661.09960938,9669.45019531,9607.70019531,9640.75,9201.265308499474,1590019968
2018-01-10,9655.75,9658.79980469,9593.5,9630.59960938,9214.682005401992,1557811968
2018-01-11,9635.90039063,9669.29980469,9614.65039063,9650.29980469,9228.295061629742,1385931008
2018-01-12,9681.84960938,9689.75,9583.20019531,9665.20019531,9241.94834705725,1654153984
2018-01-15,9700.95019531,9743.65039063,9690.90039063,9699.84960938,9256.257761504836,1342816000
2018-01-16,9720.09960938,9720.34960938,9598.04980469,9612.59960938,9267.393444250934,1659510016
2018-01-17,9612.09960938,9696.40039063,9536.20019531,9686.59960938,9280.493636911218,1740907008
2018-01-18,9761.09960938,9769.79980469,9605.40039063,9646.79980469,9291.940704654306,1772007936
2018-01-19,9658.40039063,9733.5,9625.09960938,9723.09960938,9305.414420426983,1306075008
2018-01-22,9721.45019531,9793.40039063,9710.95019531,9787.29980469,9320.473338685202,1266281984
2018-01-23,9816.40039063,9885.25,9814.65039063,9877.20019531,9337.871052954728,1513980032
2018-01-24,9865.70019531,9895,9825.25,9853.90039063,9353.99696975708,1371131008
2018-01-25,9866.84960938,9866.84960938,9780.34960938,9810,9368.24706445217,1641756032
2018-01-29,9829,9868.40039063,9806.04980469,9819.45019531,9382.347162291479,1145942016
2018-01-30,9809.95019531,9810,9729.15039063,9743.04980469,9393.619119866433,1365907968
2018-01-31,9716.70019531,9746.04980469,9648.15039063,9697.90039063,9403.127909577794,1261812992
2018-02-01,9717.29980469,9764.34960938,9551.54980469,9687.04980469,9412.00046880005,1440391936
2018-02-02,9606.09960938,9611.34960938,9392.90039063,9409.79980469,9411.93169804661,1886119040
2018-02-05,9254.54980469,9367.54980469,9221.04980469,9344.40039063,9409.82134468984,1482923008
2018-02-06,8985.79980469,9265.90039063,8968.5,9190.54980469,9402.969109064845,1560141056
2018-02-07,9300.15039063,9306.79980469,9181.70019531,9206.34960938,9396.824749699694,1254792960
2018-02-08,9246.04980469,9365.75,9220.34960938,9322.59960938,9394.505214064704,1240850048
2018-02-09,9167,9272.04980469,9155,9251.09960938,9390.023788918306,1263444992
2018-02-12,9314.29980469,9362.29980469,9296.59960938,9348.45019531,9388.724614118048,1234157952
2018-02-14,9397.79980469,9399.79980469,9292.84960938,9326.70019531,9386.786351030296,1403458048
2018-02-15,9360.45019531,9399.40039063,9293.34960938,9323.59960938,9384.811765353725,1263171968
2018-02-16,9369.25,9386,9212.20019531,9235.59960938,9380.148885479546,1141022976
2018-02-19,9265,9265.25,9091.75,9159.95019531,9373.267676411748,1198868992
2018-02-20,9171.20019531,9207.34960938,9135.70019531,9151.04980469,9366.323367920442,1058004992
2018-02-21,9205.09960938,9205.40039063,9129.34960938,9167.59960938,9360.113250466053,988129984
2018-02-22,9133.90039063,9160.59960938,9119.29980469,9138.5,9353.187836388988,1341924992
2018-02-23,9165.45019531,9257.5,9157.09960938,9251.34960938,9350.005391794957,1221133056
2018-02-26,9291.04980469,9338.20019531,9280.79980469,9332.65039063,9349.463048008553,1210833024
2018-02-27,9360.90039063,9374.90039063,9289.25,9302.25,9347.987640258285,1164669952
2018-02-28,9244.5,9290.20019531,9213.84960938,9261.90039063,9345.297413707402,1396254976
2018-03-01,9254.40039063,9297.40039063,9215.79980469,9225.34960938,9341.54904482217,1034790016
2018-03-05,9202.09960938,9202.20019531,9104.15039063,9136.09960938,9335.128749964602,1138804992
2018-03-06,9191.45019531,9214.45019531,9013.45019531,9039.79980469,9325.899720424772,1189842944
2018-03-07,9025.09960938,9029.95019531,8924.70019531,8936.84960938,9313.741904454622,1460121984
2018-03-08,8992.40039063,9021.65039063,8898.90039063,9000.70019531,9303.959351043854,1399985024
2018-03-09,9032.54980469,9051.40039063,8972.5,8986.40039063,9294.03563353092,1152448000
2018-03-12,9053.70019531,9130.40039063,9034.25,9121.75,9288.651707483079,1269014016
2018-03-13,9102.70019531,9194.34960938,9096.20019531,9157.90039063,9284.56572883142,1544582016
2018-03-14,9126.90039063,9158.20019531,9091.45019531,9151.54980469,9280.408981202001,1300651008
2018-03-15,9151.34960938,9177.95019531,9122.65039063,9133.90039063,9275.830587746626,1382803968
2018-03-16,9127.79980469,9128.5,8991.84960938,9004.45019531,9267.349950482982,1777873024
2018-03-19,9026.40039063,9032.29980469,8879.29980469,8894.20019531,9255.689020633827,1232942976
2018-03-20,8854,8945.34960938,8847.79980469,8920.45019531,9245.212807342457,1232377984
2018-03-21,8970.84960938,9015.65039063,8929.65039063,8949.09960938,9235.95926990613,1181020032
2018-03-22,8961.95019531,8991.70019531,8897.29980469,8904,9225.585542721565,1201574016
2018-03-23,8765.65039063,8815.54980469,8744.5,8800.79980469,9212.310988408079,1397593984
2018-03-26,8795.04980469,8923.04980469,8765.84960938,8914.34960938,9202.99969531345,1363187968
2018-03-27,8968.34960938,8995.34960938,8938.90039063,8978.09960938,9195.97156762803,1204690944
2018-03-28,8940.20019531,8953.90039063,8899,8912.09960938,9187.10056893278,1591782016
2018-04-02,8949.45019531,9030.70019531,8933.45019531,9023.59960938,9181.991163946755,1013168000
2018-04-03,9004.90039063,9082.04980469,8997.70019531,9074.84960938,9178.642990366545,1221800960
2018-04-04,9105.5,9120.09960938,8962.45019531,8975.59960938,9172.297884710715,1468146944
2018-04-05,9069.04980469,9150.84960938,9068.40039063,9146.15039063,9171.480775520693,1303778944
2018-04-06,9148.45019531,9183.45019531,9116.54980469,9172.04980469,9171.498557682235,1337000960
2018-04-09,9179.20019531,9223.34960938,9175.90039063,9205.20019531,9172.551733858103,1063830016
2018-04-10,9237.79980469,9246.45019531,9199.20019531,9219.15039063,9174.007941882224,1122743040
2018-04-11,9242.29980469,9242.29980469,9179.84960938,9230.84960938,9175.78424399153,1147360000
2018-04-12,9226.45019531,9263.34960938,9210.25,9247.25,9178.017548866794,1099927040
2018-04-13,9276.65039063,9304.09960938,9240.70019531,9267.65039063,9180.818575171894,1022185024
2018-04-16,9205.04980469,9317.84960938,9202.79980469,9311.29980469,9184.896113594335,992249024
2018-04-17,9339.40039063,9340.5,9287.59960938,9330.29980469,9189.439978941075,970105984
2018-04-18,9359.09960938,9366.75,9295.75,9311.59960938,9193.257467392292,1102376960
2018-04-19,9345.65039063,9360.79980469,9328.5,9356.40039063,9198.35568374347,1153392000
2018-04-20,9349.20019531,9359.09960938,9315.15039063,9347.65039063,9203.021143333674,1078176000
2018-04-23,9366.79980469,9410.90039063,9324,9373.40039063,9208.345494811683,928299008
2018-04-24,9375.95019531,9403.40039063,9359.04980469,9390.40039063,9214.034710306005,1208241024
2018-04-25,9387.45019531,9393.5,9323.40039063,9349.95019531,9218.28206921238,1201784960
2018-04-26,9368.75,9388.84960938,9339.65039063,9381.34960938,9223.377929842618,1494558976
2018-04-27,9412.95019531,9467.04980469,9410.45019531,9443.65039063,9230.261444242224,1131763968
2018-04-30,9464,9503.59960938,9463.20019531,9496.5,9238.581399109655,1032980992
2018-05-02,9531.59960938,9531.65039063,9416.5,9444.5,9245.016355387477,1292909056
2018-05-03,9442.09960938,9442.20019531,9355.04980469,9388.65039063,9249.504918988807,1251129984
2018-05-04,9402.5,9402.5,9327.29980469,9339.75,9252.325077770407,1220621056
2018-05-07,9371.70019531,9424.40039063,9353.29980469,9418.79980469,9257.527412986645,1043699968
2018-05-08,9451.90039063,9452.45019531,9396.75,9419.84960938,9262.599981623936,1272519040
2018-05-09,9401.20019531,9443.15039063,9399.45019531,9418.90039063,9267.484369405376,1021612032
2018-05-10,9444.65039063,9448.5,9351.5,9360.95019531,9270.405176464896,1188185984
2018-05-11,9385.79980469,9421.34960938,9356,9416.34960938,9274.965939993494,1113449984
2018-05-14,9425.25,9432.40039063,9371.45019531,9389.95019531,9278.559197972134,1125970944
2018-05-15,9391.09960938,9490.79980469,9341.20019531,9365.90039063,9281.288610242693,1318818944
2018-05-16,9324.70019531,9365,9275.59960938,9328.70019531,9282.770222276045,1392164992
2018-05-17,9359.15039063,9360.15039063,9290.29980469,9304.45019531,9283.447721433356,1766082944
2018-05-18,9298.95019531,9300.54980469,9200.29980469,9209.20019531,9281.127486242001,1898459008
2018-05-21,9221.09960938,9224.95019531,9099.84960938,9108.70019531,9275.739133400377,1438290048
2018-05-22,9110.65039063,9152.25,9080.34960938,9145.65039063,9271.673860188803,1444779008
2018-05-23,9136.65039063,9151.79980469,9059.34960938,9069.79980469,9265.365295954465,1183800960
2018-05-24,9098.75,9130.95019531,9046.70019531,9115.54980469,9260.683561852451,1168274944
2018-05-25,9135.04980469,9230.70019531,9126.59960938,9215.54980469,9259.273131941125,1183260032
2018-05-28,9256.79980469,9320.09960938,9251.79980469,9307.54980469,9260.781777964527,1200766976
2018-05-29,9309.95019531,9337.25,9250.5,9270.59960938,9261.08858519626,1249154048
2018-05-30,9220.79980469,9283.54980469,9209.84960938,9255,9260.898316908877,1383565056
2018-05-31,9299.40039063,9333.65039063,9249.20019531,9315.34960938,9262.5999197986,2395000064
2018-06-01,9317.79980469,9334.70019531,9245.54980469,9255.09960938,9262.365535098019,1469063936
2018-06-04,9308.29980469,9310.90039063,9167.95019531,9175.90039063,9259.663499333394,1070792000
2018-06-05,9176.65039063,9178.29980469,9072.65039063,9110.5,9255.002139979226,1303737984
2018-06-06,9114.20019531,9214.29980469,9096,9205.90039063,9253.467710312063,1333872000
2018-06-07,9244.70019531,9327.84960938,9243.70019531,9300.09960938,9254.924957157937,1297032960
2018-06-08,9275.20019531,9324.70019531,9254.29980469,9316.25,9256.841364746751,1104529024
2018-06-11,9334.45019531,9386.15039063,9324.29980469,9332.40039063,9259.202584305604,1056190016
2018-06-12,9355.65039063,9394.90039063,9338.29980469,9386.45019531,9263.17907214949,1048244992
2018-06-13,9421,9423.20019531,9382.54980469,9386.40039063,9267.029738352006,1130236032
2018-06-14,9372.29980469,9372.54980469,9322.5,9356.65039063,9269.830383735694,976718976
2018-06-15,9358.34960938,9376.65039063,9303.25,9343.70019531,9272.13881534739,1205000960
2018-06-18,9350.65039063,9354.04980469,9311.34960938,9318.54980469,9273.589158764347,910419008
2018-06-19,9305.40039063,9305.40039063,9225.75,9234.5,9272.367622552962,1150583040
2018-06-20,9255,9286.65039063,9239.04980469,9276.40039063,9272.49364655537,1024894016
2018-06-21,9305.04980469,9307,9229.79980469,9240.25,9271.486032600515,938201984
2018-06-22,9241.15039063,9307.25,9204.04980469,9296.65039063,9272.272418788936,940316992
2018-06-25,9297.65039063,9310.5,9225.34960938,9234.40039063,9271.08891790897,929772032
2018-06-26,9217.04980469,9261.70019531,9209.84960938,9231.79980469,9269.861133120878,1038102976
2018-06-27,9246.5,9246.5,9110.25,9129.25,9265.46703521085,1220235008
2018-06-28,9119.84960938,9125.59960938,9018.04980469,9036.95019531,9258.325883963947,1686966016
2018-06-29,9065.90039063,9167.5,9065.54980469,9162.45019531,9255.329768693511,1190894976
2018-07-02,9185.20019531,9186.54980469,9060.59960938,9109,9250.756963421838,1151475968
2018-07-03,9113.84960938,9156.34960938,9078.79980469,9149.40039063,9247.589570522094,939099008
2018-07-04,9158.79980469,9200.25,9123.59960938,9194.54980469,9245.932077839841,887966976
2018-07-05,9207.59960938,9207.59960938,9153.45019531,9166.59960938,9243.452938200471,918697984
2018-07-06,9160.70019531,9233,9153.40039063,9194.5,9241.923158881706,974190976
2018-07-09,9250.40039063,9281.29980469,9231.79980469,9277.95019531,9243.04900377009,907169984
2018-07-10,9321.45019531,9365.15039063,9305.40039063,9359.40039063,9246.684984609461,970108032
2018-07-11,9362.59960938,9379.59960938,9333.84960938,9344.25,9249.733891340415,1117502976
2018-07-12,9392.75,9442.40039063,9373.09960938,9380.90039063,9253.832844443214,1156782976
2018-07-13,9406,9408.29980469,9335.09960938,9349.04980469,9256.808374450926,1104169984
2018-07-16,9350.09960938,9350.20019531,9222.29980469,9231.25,9256.009675249334,1149735936
2018-07-17,9232.54980469,9321.90039063,9214.70019531,9315.25,9257.860935397792,1315780992
2018-07-18,9359.5,9371.95019531,9244.95019531,9269.54980469,9258.226212563173,1360868992
2018-07-19,9284.84960938,9287.79980469,9210.09960938,9236.29980469,9257.541012317137,1206208000
2018-07-20,9238.59960938,9295.04980469,9217.59960938,9286.09960938,9258.433468475352,1089614976
2018-07-23,9301.70019531,9369.79980469,9295.95019531,9363.84960938,9261.727722878622,1275971968
2018-07-24,9385.95019531,9454.79980469,9383.34960938,9450.65039063,9267.631556245853,1528614016
2018-07-25,9466.95019531,9476.5,9433.90039063,9449.90039063,9273.327457320358,1342061056
2018-07-26,9455.84960938,9502.15039063,9454,9487.90039063,9280.032861486285,1607396992
2018-07-27,9537,9583.15039063,9526.54980469,9579.04980469,9289.3771409614,1325794048
2018-07-30,9598.5,9624.90039063,9566.34960938,9618.70019531,9299.668486409793,1334688000
2018-07-31,9615.09960938,9657.59960938,9582.70019531,9650.59960938,9310.635084002612,1449451008
2018-08-01,9661.70019531,9683.59960938,9620.95019531,9651.70019531,9321.293368730967,1409792000
2018-08-02,9642.09960938,9642.09960938,9579.70019531,9588.79980469,9329.652944854686,1197536000
2018-08-03,9631.40039063,9690.54980469,9630.45019531,9685.70019531,9340.779421431414,1337083008
2018-08-06,9723.04980469,9743.65039063,9698,9709.34960938,9352.297239804808,1215417984
2018-08-07,9740.65039063,9744.25,9675.75,9704.79980469,9363.31294495747,1395132032
2018-08-08,9723.79980469,9754.29980469,9696.70019531,9744.75,9375.23285292755,1308851968
2018-08-09,9779.34960938,9784.04980469,9752.95019531,9769.09960938,9387.541189066687,1797016064
2018-08-10,9776.70019531,9777.84960938,9715.29980469,9724.45019531,9398.069595511792,1448203008
2018-08-13,9673,9704.90039063,9641.15039063,9656.5,9406.145545652049,1289193984
2018-08-14,9678.70019531,9730.65039063,9672.15039063,9726.15039063,9416.14569705761,1152985984
2018-08-16,9696.90039063,9742.5,9666.5,9685.65039063,9424.567718731747,1363367040
2018-08-17,9730.84960938,9776.29980469,9728.20019531,9770.20019531,9435.368733624817,1292601984
2018-08-20,9800.79980469,9846.54980469,9798.90039063,9839.75,9448.005648199041,1230534016
2018-08-21,9862.90039063,9868.5,9831.04980469,9862.5,9460.95859669282,1270781952
2018-08-23,9900.04980469,9900.04980469,9839,9872.54980469,9473.820821942732,1083251968
2018-08-24,9860.90039063,9889.95019531,9821.45019531,9850.79980469,9485.601415153584,1247917056
2018-08-27,9893.45019531,9966.90039063,9887.5,9958.79980469,9500.388864826597,1129320960
2018-08-28,9990.25,10012.84960938,9963.34960938,9985.90039063,9515.561100007953,1230222976
2018-08-29,9995.09960938,10015.34960938,9964.34960938,9973.65039063,9529.876390339892,1381556992
2018-08-30,9979.34960938,9986.34960938,9947,9975.20019531,9543.792759245209,1588291968
2018-08-31,9978.25,10027,9951.54980469,9992,9557.799235518796,1516605952
2018-09-03,10049.84960938,10049.84960938,9908.70019531,9921.65039063,9569.169584116022,1313564032
2018-09-04,9933,9937.75,9784.25,9806.04980469,9576.572091008959,1317239040
2018-09-05,9795.70019531,9817.84960938,9678.20019531,9764.54980469,9582.446394561492,1454461056
2018-09-06,9801.95019531,9832.40039063,9730.84960938,9815.45019531,9589.727763334882,1142129024
2018-09-07,9834.54980469,9885.59960938,9779.34960938,9875.20019531,9598.648776834105,1157981056
2018-09-10,9862.79980469,9870.70019531,9730.20019531,9740.09960938,9603.069115351163,1113547008
2018-09-11,9770.90039063,9775.04980469,9596.5,9607.09960938,9603.195068289564,1196888064
2018-09-12,9641.65039063,9669.20019531,9552.20019531,9660.59960938,9604.98896019864,1349558016
2018-09-14,9724.20019531,9799.15039063,9722.75,9792.75,9610.856492692432,1167248000
2018-09-17,9754.59960938,9754.59960938,9687.29980469,9696.45019531,9613.53129589923,1237276032
2018-09-18,9701.29980469,9728.15039063,9586,9594.25,9612.92875540238,1479396992
2018-09-19,9633.90039063,9640.29980469,9516.25,9545.70019531,9610.827862899492,1265966976
2018-09-21,9585.09960938,9630.70019531,9134.54980469,9425.54980469,9605.037923580445,2503151104
2018-09-24,9445.20019531,9449.75,9223.25,9243.15039063,9593.728938175744,1566194048
2018-09-25,9238.29980469,9317.09960938,9149,9303.34960938,9584.654584150876,1798999040
2018-09-26,9367.59960938,9367.59960938,9255.34960938,9302.25,9575.829440896161,1506736000
2018-09-27,9319.79980469,9324.5,9188.59960938,9202.34960938,9564.158196161281,1572872960
2018-09-28,9230.09960938,9249.34960938,9041.65039063,9116,9550.153252531241,1859224064
2018-10-01,9107,9185.5,8986.40039063,9165.5,9538.13283838964,1602110976
2018-10-03,9147.25,9157.20019531,9042.04980469,9056.70019531,9523.0880682934,1533585024
2018-10-04,8963.70019531,8963.70019531,8812,8854.84960938,9502.205616452356,1494204032
2018-10-05,8793.20019531,8815.79980469,8582.15039063,8624.95019531,9474.791384541659,1568350976
2018-10-08,8611.34960938,8671.29980469,8483.15039063,8602.59960938,9447.535391567857,1543005952
2018-10-09,8635.84960938,8645.79980469,8519.29980469,8562.95019531,9419.892104184799,1371015936
2018-10-10,8590.45019531,8762.25,8588.34960938,8748.5,9398.911100929025,1466989952
2018-10-11,8501.40039063,8657,8473.54980469,8565.59960938,9372.870116818118,1477783040
2018-10-12,8649.29980469,8783.90039063,8643.34960938,8767.09960938,9353.939788460677,1350685952
2018-10-15,8815.15039063,8821.65039063,8732.29980469,8812,9337.00417007128,1107985024
2018-10-16,8849.25,8902.65039063,8835.40039063,8893.79980469,9323.154033653116,1239761024
2018-10-17,8982.54980469,8999.65039063,8746.75,8758.59960938,9305.51170789458,1284352000
2018-10-19,8676.5,8716.54980469,8595.45019531,8640.65039063,9284.734791730063,1356601984
2018-10-22,8717.25,8719.5,8560.54980469,8576.95019531,9262.616523091936,1122188032
2018-10-23,8502.59960938,8559.09960938,8447.45019531,8489.90039063,9238.469143952501,1126713984
2018-10-24,8585.90039063,8600,8474.54980469,8555.65039063,9217.131057911172,1110642048
2018-10-25,8476.09960938,8500.84960938,8432.5,8473.5,9193.892587351449,1592158976
2018-10-26,8473.20019531,8493.84960938,8370.79980469,8417.25,9169.622506496717,1355768960
2018-10-29,8457.5,8623.45019531,8409.59960938,8610.09960938,9152.137415961819,1412128000
2018-10-30,8607.40039063,8652.75,8575.04980469,8600.29980469,9134.892490609574,1439038976
2018-10-31,8617.40039063,8760.34960938,8536,8753.45019531,9122.972418881463,1388547968
2018-11-01,8798.29980469,8800.84960938,8742.5,8772.5,9112.020155791417,1460051968
2018-11-02,8844.09960938,8953.59960938,8840.20019531,8899.40039063,9105.375788130123,1720674048
2018-11-05,8904.25,8913,8839.79980469,8877.90039063,9098.267181958243,1245600000
2018-11-06,8902.75,8934.90039063,8839.65039063,8870.29980469,9091.14320141861,1049916992
2018-11-07,8938.70019531,8940.70019531,8926.40039063,8929.84960938,9086.102776667403,1378300000
2018-11-09,8947.59960938,8966.5,8898,8946.34960938,9081.735490189672,1214489984
2018-11-12,8967.79980469,8991.15039063,8846.40039063,8859.25,9074.782818621245,1086381952
2018-11-13,8834.54980469,8932.95019531,8814.59960938,8923.54980469,9070.056786935893,1095635968
2018-11-14,8967.25,8980.25,8887.95019531,8921.45019531,9065.412830947584,1352519936
2018-11-15,8926.54980469,8971.09960938,8894.95019531,8954.65039063,9061.951504687659,1121958016
2018-11-16,8975.54980469,9011.15039063,8951.5,8993.25,9059.80458266617,1339945984
2018-11-19,9031.79980469,9060.34960938,8996.34960938,9052.75,9059.584126957852,1172818944
2018-11-20,9033.20019531,9039.70019531,8948.75,8960.15039063,9056.476822697607,1144610048
2018-11-21,8973.90039063,8982.90039063,8896.09960938,8940.29980469,9052.846290884869,1096697984
2018-11-22,8952.45019531,8973.90039063,8868.20019531,8879,9047.413594294716,1014968000
2018-11-26,8913.95019531,8950.70019531,8841.09960938,8943,9044.150669473007,1074664960
2018-11-27,8938.29980469,8990.45019531,8924.40039063,8983.90039063,9042.267848259164,1129600000
2018-11-28,9001.29980469,9027.34960938,8984.5,8993.25,9040.736040501064,1256593024
2018-11-29,9051.84960938,9097,9031.04980469,9081.84960938,9042.02083952853,1752542976
2018-11-30,9107.79980469,9134.34960938,9074.70019531,9109.15039063,9044.118638000451,1605201024
2018-12-03,9153.59960938,9157.95019531,9097.5,9126.90039063,9046.705567770125,1523134976
2018-12-04,9125.20019531,9137.65039063,9094.84960938,9116.45019531,9048.885087380746,1353090944
2018-12-05,9075.04980469,9075.34960938,8999.65039063,9029.45019531,9048.277747003534,1198625024
2018-12-06,8975.40039063,8975.65039063,8874.95019531,8883.25,9043.120629909674,1229440000
2018-12-07,8917.34960938,8947.34960938,8876.54980469,8940.65039063,9039.918434932184,1166333056
2018-12-10,8789.75,8818.65039063,8760.15039063,8769.59960938,9031.470971633678,1077537024
2018-12-11,8655.09960938,8859.65039063,8646.54980469,8845.15039063,9025.648453477314,1292270976
2018-12-12,8882.20019531,9031.59960938,8865,9021.59960938,9025.521927099273,1237969024
2018-12-13,9078.75,9113.15039063,9037.84960938,9077.29980469,9027.139985773983,1270743040
2018-12-14,9072.45019531,9104.45019531,9046.45019531,9091.29980469,9029.144980115108,1325671040
2018-12-17,9127.54980469,9162.95019531,9118.5,9153.95019531,9033.045143089948,941830016
2018-12-18,9126.5,9183.25,9108.09960938,9177.34960938,9037.554657661512,1061222976
2018-12-19,9203.04980469,9258.34960938,9201.54980469,9246.79980469,9044.093568506152,1433672960
2018-12-20,9188.34960938,9241.09960938,9180,9234.45019531,9050.042213093773,1263836032
2018-12-21,9236.54980469,9255.79980469,9071.45019531,9082.54980469,9051.058075331155,1379367040
2018-12-24,9100.90039063,9102.04980469,8992.20019531,9002.45019531,9049.539079080494,1031756032
2018-12-26,8977.95019531,9056.20019531,8879.45019531,9041.70019531,9049.294113962666,1098579968
2018-12-27,9110.84960938,9119.79980469,9070.65039063,9078.79980469,9050.216166797894,1494020992
2018-12-28,9111.95019531,9173.59960938,9109.70019531,9152.54980469,9053.414092982022,985262976
2018-12-31,9194.65039063,9207.09960938,9159.29980469,9170,9057.057402576334,857723008
2019-01-01,9186.70019531,9206.04980469,9128.40039063,9197.90039063,9061.458745953012,724662016
2019-01-02,9169.70019531,9195.25,9065.45019531,9103.40039063,9062.769422349167,1109342976
2019-01-03,9106.65039063,9130,9006.75,9014.79980469,9061.270371797318,992707968
2019-01-04,9034.25,9064.84960938,8978.20019531,9054.90039063,9061.07130988584,1181698944
2019-01-07,9117.20019531,9136.29980469,9064.65039063,9081.15039063,9061.698781159095,985072000
2019-01-08,9090.79980469,9109.09960938,9052.09960938,9098.65039063,9062.85351895506,976174016
2019-01-09,9143.20019531,9149.34960938,9050.15039063,9127.45019531,9064.872165091152,1101309056
2019-01-10,9132.79980469,9144,9102.54980469,9119.40039063,9066.576172139241,907529024
2019-01-11,9130.70019531,9142.29980469,9057.15039063,9098.20019531,9067.564422863326,861744000
2019-01-14,9102.40039063,9102.90039063,9014.95019531,9051.45019531,9067.060853252286,911936000
2019-01-15,9082.5,9163.29980469,9082.5,9157.15039063,9069.876151295339,978894016
2019-01-16,9167.45019531,9195.04980469,9150,9158.75,9072.65345906736,973276032
2019-01-17,9182,9191.84960938,9119.59960938,9161.59960938,9075.43302626463,1007574976
2019-01-18,9173.20019531,9180.29980469,9113.45019531,9140.09960938,9077.453856986986,959390976
2019-01-21,9150.59960938,9195.79980469,9125.45019531,9155.29980469,9079.886542852704,998814976
2019-01-22,9146.29980469,9146.29980469,9075.25,9131.15039063,9081.488538095744,1007068032
2019-01-23,9138.75,9151.04980469,9055.15039063,9068.84960938,9081.093571573378,988569024
2019-01-24,9080.25,9086.34960938,9039.45019531,9072.20019531,9080.815653565147,979857984
2019-01-25,9085.59960938,9133.15039063,8974.54980469,8994.34960938,9078.11358968436,1262667008
2019-01-28,8999.29980469,9001.15039063,8849.95019531,8876.59960938,9071.81627779985,1346540032
2019-01-29,8865.29980469,8904.90039063,8825.59960938,8875.65039063,9065.686093825792,1213360000
2019-01-30,8913.45019531,8919.45019531,8851.04980469,8884.90039063,9060.036540600924,1172562944
2019-01-31,8916.40039063,9007.45019531,8899.54980469,9003.84960938,9058.28069900027,1659907968
2019-02-01,9024.95019531,9130.09960938,8988.25,9056.29980469,9058.218796053074,1490461952
2019-02-04,9045,9052.54980469,8974.65039063,9042,9057.711958676415,1623654016
2019-02-05,9039.70019531,9064.59960938,9016.70019531,9033.59960938,9056.958447760902,1988467968
2019-02-06,9056.90039063,9128.04980469,9039.29980469,9118.70019531,9058.887877371812,1825508992
2019-02-07,9125.5,9179.75,9116.15039063,9145.79980469,9061.603875100505,1757383040
2019-02-08,9112.70019531,9122.65039063,9024.75,9036.90039063,9060.831891210802,1520976000
2019-02-11,9026.09960938,9026.09960938,8949.84960938,8967.15039063,9057.904344317652,1176179968
2019-02-12,8961.90039063,8987.84960938,8917.65039063,8925.29980469,9053.760452454288,1218531968
2019-02-13,8955.34960938,8970.79980469,8873.40039063,8887.90039063,9048.57732552228,1378217984
2019-02-14,8878.84960938,8891.90039063,8837.75,8869.29980469,9042.974902996271,1824006016
2019-02-15,8887.54980469,8889.90039063,8753.65039063,8827.04980469,9036.2272436742,1473778944
2019-02-18,8836,8849.04980469,8744.95019531,8754.34960938,9027.418567602506,1263366016
2019-02-19,8753.70019531,8825.79980469,8729.70019531,8742.29980469,9018.50860626149,1127867008
2019-02-20,8781.40039063,8858.04980469,8780,8845.59960938,9013.105200108943,1221300992
2019-02-21,8857.5,8912.40039063,8839.75,8901.70019531,9009.623793708975,1378299008
2019-02-22,8899.59960938,8925.70019531,8885.90039063,8919.75,9006.81523765557,1693773952
2019-02-25,8941.15039063,8989.90039063,8921.90039063,8983.84960938,9006.097561771958,1469383936
2019-02-26,8899,8994,8846.09960938,8953.15039063,9004.442962673771,1482886016
2019-02-27,8991.79980469,9057.40039063,8896.20019531,8946.20019531,9002.622876193653,1511872000
2019-02-28,8990.34960938,8990.59960938,8941.59960938,8955.95019531,9001.164354916038,1812729984
2019-03-01,8995.45019531,9045.70019531,8994,9037.5,9002.299843824912,1525230976
2019-03-05,9042.90039063,9178.95019531,9014.70019531,9173.59960938,9007.652961498508,1929443968
2019-03-06,9211.79980469,9243.29980469,9197.90039063,9230.45019531,9014.615375055117,1918348032
2019-03-07,9251.65039063,9254.45019531,9210.90039063,9225.34960938,9021.20081987777,1668088960
2019-03-08,9213.29980469,9225.29980469,9184.54980469,9211.04980469,9027.133600653151,1422520064
2019-03-11,9240.79980469,9353.40039063,9235.59960938,9345.59960938,9037.085663425865,1539735040
2019-03-12,9399.59960938,9461.59960938,9396.84960938,9440.84960938,9049.703286736933,1621296000
2019-03-13,9461.25,9471.40039063,9416.65039063,9450.25,9062.220371526404,1443337984
2019-03-14,9481.84960938,9486.5,9424.5,9447.20019531,9074.250991019642,1351916032
2019-03-15,9473.84960938,9540.95019531,9471.40039063,9499.40039063,9087.536909757466,1861142016
2019-03-18,9536.04980469,9572.95019531,9481.65039063,9516.70019531,9100.948262430982,1413548032
2019-03-19,9549.75,9576.04980469,9513.45019531,9570.15039063,9115.610828937202,1553819008
2019-03-20,9587.5,9588.5,9540.90039063,9553,9129.279240532915,1519216000
2019-03-22,9572.34960938,9594.09960938,9485.45019531,9500.04980469,9140.865820662824,1566060032
2019-03-25,9446.84960938,9446.84960938,9381.90039063,9411.65039063,9149.327838474299,1267949056
2019-03-26,9431.90039063,9522.45019531,9421.59960938,9512.59960938,9160.680081315102,1475116032
2019-03-27,9552.20019531,9569.59960938,9475.40039063,9501.79980469,9171.340072670568,1564259968
2019-03-28,9518.70019531,9613.54980469,9510.79980469,9601.95019531,9184.79663900305,1882550016
2019-03-29,9647.75,9667.45019531,9613,9663.70019531,9199.762375137643,1875536000
2019-04-01,9703,9756.29980469,9683.95019531,9702,9215.457300914592,1581590016
2019-04-02,9735.04980469,9735.04980469,9681.59960938,9720.79980469,9231.249254157574,1613305984
2019-04-03,9742.34960938,9765.65039063,9647.20019531,9658.40039063,9244.597727172337,1471683968
2019-04-04,9674,9675.20019531,9590.84960938,9626.65039063,9256.536872905388,1509400064
2019-04-05,9659.65039063,9700.40039063,9641.45019531,9684.95019531,9269.924789230532,1256930048
2019-04-08,9715.45019531,9719.95019531,9593.84960938,9634.40039063,9281.314651774266,1368193024
2019-04-09,9641.90039063,9685.84960938,9594.95019531,9677.75,9293.703256406321,1197577984
2019-04-10,9661.54980469,9690.34960938,9612.84960938,9622.95019531,9303.992223247062,1231431040
2019-04-11,9630.15039063,9641.75,9599.20019531,9634.54980469,9314.322147667153,1176515968
2019-04-12,9646.59960938,9682.29980469,9626.95019531,9674.59960938,9325.58081834568,1247836032
2019-04-15,9697.65039063,9726.84960938,9683.79980469,9716.5,9337.797042772378,1287768960
2019-04-16,9751.34960938,9796.09960938,9748.70019531,9781.40039063,9351.659647392928,1341665024
2019-04-18,9826.45019531,9826.45019531,9721.40039063,9738.70019531,9363.754664515336,1438091008
2019-04-22,9715.95019531,9715.95019531,9591.79980469,9599.79980469,9371.131075145795,1124114048
2019-04-23,9614.84960938,9642.15039063,9577,9587.29980469,9377.886347944052,1233581056
2019-04-24,9607.40039063,9696.54980469,9585.25,9687.54980469,9387.563330967363,1288201984
2019-04-25,9697.79980469,9742.84960938,9616.29980469,9628.79980469,9395.101970771195,1654760960
2019-04-26,9661.09960938,9695.40039063,9632.04980469,9689.70019531,9404.308165288032,1242304000
2019-04-30,9684.79980469,9684.79980469,9592.15039063,9664.29980469,9412.432904019344,1598972032
2019-05-02,9646.40039063,9694.95019531,9620.70019531,9637.5,9419.466250768739,1451788032
2019-05-03,9637.5,9665.5,9613.59960938,9624.54980469,9425.875111828778,1194984960
2019-05-06,9544.95019531,9567.40039063,9513.84960938,9532.45019531,9429.205583187566,1132429952
2019-05-07,9573.29980469,9578.54980469,9441.5,9450.79980469,9429.880402609517,1293892992
2019-05-08,9433.09960938,9433.45019531,9331.70019531,9340.25,9427.079452527969,1485442048
2019-05-09,9313.54980469,9339.54980469,9261.5,9299.75,9423.10040713647,1332587008
2019-05-10,9309.34960938,9335.15039063,9271.09960938,9290.20019531,9418.947275516892,1410354944
2019-05-13,9274.04980469,9288.84960938,9143.95019531,9159.95019531,9410.853616760427,1448551040
2019-05-14,9156,9261.84960938,9108.45019531,9212.34960938,9404.65036652979,1610461952
2019-05-15,9247.15039063,9265.65039063,9145.79980469,9160.09960938,9397.008155368858,1354438016
2019-05-16,9176.5,9238.95019531,9136.40039063,9221.65039063,9391.528225220769,1288215040
2019-05-17,9224.75,9339.34960938,9221.59960938,9329.70019531,9389.596099286058,1401304064
2019-05-20,9538.29980469,9681.09960938,9485.84960938,9671.90039063,9398.418108390557,1760817024
2019-05-21,9701,9713.5,9556.75,9578.84960938,9404.056592796476,1357570944
2019-05-22,9595.59960938,9629.75,9555.79980469,9598.20019531,9410.123580375024,1471502976
2019-05-23,9730,9835.70019531,9521.59960938,9552.75,9414.580655988304,2087015936
2019-05-24,9618.75,9728.79980469,9563.59960938,9722.04980469,9424.189066885232,1618253056
2019-05-27,9732.65039063,9820.95019531,9702.5,9804.90039063,9436.086295752257,1493185024
2019-05-28,9834.95019531,9834.95019531,9768.29980469,9815.5,9447.942974009999,2083467008
2019-05-29,9802.40039063,9812,9737.95019531,9757.15039063,9457.605705779373,1228743040
2019-05-30,9762.79980469,9827.25,9759.5,9815.29980469,9468.78364637033,1700061056
2019-05-31,9855.54980469,9889.29980469,9734.20019531,9805.04980469,9479.29196381782,1722899968
2019-06-03,9827.75,9931.65039063,9796.84960938,9922.59960938,9493.145327741637,1186518016
2019-06-04,9898,9941.45019531,9865.59960938,9876.20019531,9505.115792353148,1222701056
2019-06-06,9889.54980469,9889.54980469,9712.04980469,9722.5,9511.909048842112,1535008000
2019-06-07,9736.04980469,9761.75,9653.70019531,9735.84960938,9518.907191358921,1358724992
2019-06-10,9784.45019531,9813.65039063,9727.90039063,9765.84960938,9526.62414192208,1501544960
2019-06-11,9791.90039063,9826.65039063,9743.04980469,9805.09960938,9535.32650028014,1403395968
2019-06-12,9801.95019531,9802.04980469,9727.75,9749.95019531,9542.033490749824,1126420992
2019-06-13,9727.15039063,9758.90039063,9668.04980469,9747.04980469,9548.440250560454,1364818048
2019-06-14,9742.79980469,9745.15039063,9652.59960938,9669.95019531,9552.237436333877,1208569984
2019-06-17,9681.90039063,9681.95019531,9533.34960938,9543.59960938,9551.967504241567,1168363008
2019-06-18,9547.5,9587.04980469,9514.09960938,9551.34960938,9551.948195027144,1394994944
2019-06-19,9592.15039063,9634.15039063,9476.09960938,9526.20019531,9551.143570035983,1778939008
2019-06-20,9501.54980469,9655.25,9476.25,9646,9554.107833472359,1877805056
2019-06-21,9641.15039063,9641.25,9566.09960938,9581.59960938,9554.966951469472,1724487936
2019-06-24,9585.95019531,9605.04980469,9543.40039063,9564.09960938,9555.252347029176,1303670016
2019-06-25,9548.65039063,9643.75,9525.95019531,9632.84960938,9557.67726147764,1394461056
2019-06-26,9611.95019531,9699.65039063,9604.15039063,9682.79980469,9561.587340953027,1657314944
2019-06-27,9694.54980469,9733.95019531,9675.5,9692.34960938,9565.67366184137,2023508992
2019-06-28,9707.45019531,9713.75,9644.09960938,9657.95019531,9568.557303512265,1289867008
2019-07-01,9697,9724.34960938,9691.90039063,9713,9573.071137777508,1077596032
2019-07-02,9734.75,9750.04980469,9675.79980469,9744.84960938,9578.439215015085,1196770048
2019-07-03,9762.84960938,9774.79980469,9731.5,9757.29980469,9584.028608442426,1065752000
2019-07-04,9767.79980469,9793.5,9765.20019531,9776.79980469,9590.052708325162,1147118976
2019-07-05,9793.65039063,9805.29980469,9644.84960938,9657.65039063,9592.165135897189,1396093952
2019-07-08,9619.40039063,9620.90039063,9418,9447.79980469,9587.653719296964,1288620032
2019-07-09,9428.04980469,9473.40039063,9375.79980469,9455.65039063,9583.528615276122,1214460032
2019-07-10,9443.65039063,9482.5,9385.70019531,9400.09960938,9577.796458841867,1026048000
2019-07-11,9447.15039063,9475.70019531,9414.09960938,9466.40039063,9574.315331710246,1079846016
2019-07-12,9480.04980469,9519.75,9448.40039063,9457.75,9570.6726650943,1190248960
2019-07-15,9499.25,9502.70019531,9427.84960938,9469.15039063,9567.50009401729,1033881984
2019-07-16,9473.84960938,9533.54980469,9456.59960938,9529.84960938,9566.323516372375,1190720000
2019-07-17,9535.25,9563.95019531,9520.15039063,9543.34960938,9565.605581778864,1212551040
2019-07-18,9534.15039063,9534.5,9447.65039063,9456.15039063,9562.185107055462,1228257024
2019-07-19,9484.54980469,9494.90039063,9288.79980469,9304.65039063,9554.137147167166,1315032064
2019-07-22,9282.59960938,9285.29980469,9197.29980469,9247.75,9544.562548818192,1243917952
2019-07-23,9265.84960938,9277.65039063,9208.90039063,9233.54980469,9534.843400564187,1269991040
2019-07-24,9228.79980469,9256.40039063,9134.65039063,9160.45019531,9523.143612899994,1308471040
2019-07-25,9173.75,9232.45019531,9148.45019531,9159.15039063,9511.768824704057,1414136960
2019-07-26,9156,9206.70019531,9125.34960938,9192.59960938,9501.79478672518,1347460992
2019-07-29,9205.34960938,9208.20019531,9081.70019531,9108.90039063,9489.516836847206,1802169984
2019-07-30,9123.65039063,9165.79980469,8995.25,9004.04980469,9474.345992092292,1691504000
2019-07-31,8963.29980469,9058.45019531,8928,9044.95019531,9460.927373442846,1516265984
2019-08-01,9001.70019531,9026.15039063,8859.54980469,8935.75,9444.515580522757,1376491008
2019-08-02,8890.5,9007.04980469,8821.09960938,8943.95019531,9428.872912234858,1610763008
2019-08-05,8866.90039063,8866.90039063,8765.20019531,8831.95019531,9410.219077330956,1391133056
2019-08-06,8792.65039063,8960.95019531,8791.59960938,8918.59960938,9394.855968957489,1429481984
2019-08-07,8928.59960938,8953.25,8840.15039063,8854.65039063,9377.974544634755,1477931008
2019-08-08,8888.45019531,8998.90039063,8844.40039063,8979.65039063,9365.526914822107,1415256960
2019-08-09,9022.5,9103.09960938,9010.34960938,9046.54980469,9355.558880130478,1488638976
2019-08-13,9066.34960938,9070.20019531,8874.84960938,8890.09960938,9341.013277919526,1550221952
2019-08-14,8942,8998.25,8897,8971.09960938,9329.453475777666,1399939968
2019-08-16,8971.65039063,8999.20019531,8886.29980469,8988.79980469,9318.808048556177,1409192960
2019-08-19,9022.59960938,9061.40039063,8983.65039063,8997.95019531,9308.781240642234,1129496960
2019-08-20,9004.75,9012.09960938,8930.5,8957.40039063,9297.800589079352,1200636032
2019-08-21,8957.84960938,8965.09960938,8858.45019531,8864.5,9284.259945670623,1342390016
2019-08-22,8851.34960938,8853.25,8706.45019531,8719.25,9266.603384868416,1748359936
2019-08-23,8687.45019531,8812.84960938,8628.34960938,8790.54980469,9251.726710487841,1720372992
2019-08-26,8933.04980469,8973.20019531,8735.29980469,8964.70019531,9242.757131888533,1807501952
2019-08-27,9004,9047.84960938,8972.90039063,9022.25,9235.866284017016,1856674944
2019-08-28,9023.79980469,9047.54980469,8930.09960938,8970.90039063,9227.586099848671,1445504000
2019-08-29,8938.04980469,8954.65039063,8874.25,8906.09960938,9217.539647021526,1630841984
2019-08-30,8936.45019531,8991.20019531,8859.75,8977.54980469,9210.039964448666,1523912960
2019-09-03,8927.90039063,8931.65039063,8783.75,8802.34960938,9197.29964085277,1255667968
2019-09-04,8798.75,8841.95019531,8751.25,8833.09960938,9185.918389869246,1269570048
2019-09-05,8848,8894.90039063,8825,8846.29980469,9175.305309082394,1351088000
2019-09-06,8873.75,8928.45019531,8859.25,8920.40039063,9167.339530380757,1284952064
2019-09-09,8914.70019531,8986.59960938,8882.90039063,8972.40039063,9161.247682263547,1180692992
2019-09-11,8992.70019531,9026.25,8981.09960938,9015.15039063,9156.682141899999,1686706048
2019-09-12,9036.95019531,9061,8969.84960938,8981.59960938,9151.210812758749,1510572032
2019-09-13,8992.65039063,9056.79980469,8945.59960938,9050.84960938,9148.074525153163,1528791040
2019-09-16,8992.15039063,9044.45019531,8978.95019531,9009.15039063,9143.733145949314,1267057024
2019-09-17,9010.54980469,9012.09960938,8838.25,8853.90039063,9134.675872345586,1528208000
2019-09-18,8898.95019531,8912.20019531,8841.54980469,8877.70019531,9126.645382438224,1327293056
2019-09-19,8884.5,8884.5,8738.65039063,8766.45019531,9115.389282840468,1654852992
2019-09-20,8799.45019531,9293.90039063,8748.04980469,9230.5,9118.986492751703,3274046976
2019-09-23,9425.40039063,9552.25,9386.90039063,9486.59960938,9130.474402646338,2217212928
2019-09-24,9489.09960938,9530.34960938,9434.65039063,9474.75,9141.233015063639,1693302016
2019-09-25,9458.04980469,9458.45019531,9326.09960938,9344.15039063,9147.574183050088,1574023936
2019-09-26,9365.5,9471.25,9363.25,9443.79980469,9156.831233726336,1911437952
2019-09-27,9435.54980469,9465.34960938,9388.5,9395.59960938,9164.292745465513,1570413952
2019-09-30,9384.65039063,9389.54980469,9276.90039063,9340.90039063,9169.811734376903,2050502016
2019-10-01,9372.70019531,9402,9140.04980469,9236.40039063,9171.892629884813,887822016
2019-10-03,9207.15039063,9243.79980469,9153.70019531,9198.40039063,9172.7209974081,1908267008
2019-10-04,9253.09960938,9264,9078.79980469,9091.65039063,9170.187540946285,1766454016
2019-10-07,9104.5,9120.29980469,9031.59960938,9040.65039063,9166.1395049989,1548608000
2019-10-09,9059.09960938,9183.29980469,9008.84960938,9177.95019531,9166.508589071122,1756098944
2019-10-10,9153.5,9165.04980469,9097.54980469,9112.75,9164.82863316265,1726704000
2019-10-11,9132.40039063,9207.34960938,9076.29980469,9161.40039063,9164.721500583504,1698055936
2019-10-14,9187.70019531,9248.5,9156.90039063,9192.65039063,9165.594278397457,1461661952
2019-10-15,9208.70019531,9277.25,9196.84960938,9253.84960938,9168.352257490662,1467693952
2019-10-16,9282.95019531,9301.75,9246.65039063,9281.84960938,9171.899049737203,1630620032
2019-10-17,9286.65039063,9399.25,9268.04980469,9391,9178.745954432916,1837598976
2019-10-18,9391.84960938,9494.70019531,9373.5,9479.20019531,9188.135149460324,2189425920
2019-10-22,9481.04980469,9526.79980469,9435.84960938,9448.25,9196.263738539688,1993947008
2019-10-23,9457.25,9497.75,9418.25,9458.65039063,9204.46332141751,1700032000
2019-10-24,9501.34960938,9516.65039063,9402.5,9437.65039063,9211.7504173304,2226127104
2019-10-25,9478.45019531,9479.04980469,9365.54980469,9431.09960938,9218.60507958195,2062339968
2019-10-27,9493.70019531,9504.04980469,9462.75,9478.34960938,9226.722096138139,360188768
2019-10-29,9490.09960938,9615.75,9475.5,9598.34960938,9238.335455926946,2171347968
2019-10-30,9666.59960938,9673.70019531,9602.09960938,9647.54980469,9251.123404325792,1918247936
2019-10-31,9686.40039063,9733.34960938,9671.29980469,9689.65039063,9264.827372647798,2885647104
2019-11-01,9703.09960938,9730.75,9678.20019531,9704,9278.551517252554,2681832960
2019-11-04,9736.75,9780,9712.09960938,9732.40039063,9292.734294545598,1982356992
2019-11-05,9757.75,9760.79980469,9657.70019531,9694.04980469,9305.275404237611,1694414976
2019-11-06,9694.84960938,9750.54980469,9646.09960938,9721.34960938,9318.27772314831,1691222016
2019-11-07,9768.90039063,9771.29980469,9718.25,9764.29980469,9332.215913196489,1686471040
2019-11-08,9753.25,9785.40039063,9669.95019531,9683.29980469,9343.187284805661,1975277056
2019-11-11,9665.65039063,9708.34960938,9655.5,9695.84960938,9354.20798244861,1565757056
2019-11-13,9698.09960938,9730.59960938,9618.25,9633.95019531,9362.949926600528,1821346944
2019-11-14,9648.84960938,9671.09960938,9596.84960938,9650.40039063,9371.932753601448,1953117952
2019-11-15,9676.95019531,9721.29980469,9657.79980469,9667.29980469,9381.162973947965,2261245952
2019-11-18,9685.84960938,9705.70019531,9654.40039063,9668.59960938,9390.145368805215,1816857984
2019-11-19,9692.20019531,9714.25,9662.59960938,9702.15039063,9399.89552573724,2512103936
2019-11-20,9748.40039063,9776.70019531,9725.70019531,9744.90039063,9410.676927765138,3435997952
2019-11-21,9768.04980469,9769.5,9703.90039063,9712.34960938,9420.104199065603,2441099008
2019-11-22,9715.04980469,9715.5,9650.20019531,9679.29980469,9428.204061741366,1764518016
2019-11-25,9688.84960938,9809.09960938,9687.04980469,9802.04980469,9439.886741208511,1905490048
2019-11-26,9833.59960938,9852.90039063,9739.20019531,9762.84960938,9449.97933083887,3702935040
2019-11-27,9787.29980469,9824.5,9778.15039063,9815.95019531,9461.415920353593,1674524032
2019-11-28,9838.45019531,9874.90039063,9816.75,9869.75,9474.176360342542,2287410944
2019-11-29,9871.09960938,9872.09960938,9781.04980469,9813.65039063,9484.784923789026,2409349120
2019-12-02,9863.09960938,9863.15039063,9778.59960938,9798,9494.572894920619,2971109120
2019-12-03,9814.75,9815.95019531,9715.5,9743.15039063,9502.340941661536,2125137024
2019-12-04,9722.25,9790.09960938,9699.59960938,9782.09960938,9511.083400027737,2277504000
2019-12-05,9801.09960938,9805.59960938,9741.95019531,9757.59960938,9518.787031569995,1629874048
2019-12-06,9781.90039063,9787.25,9642.15039063,9669.40039063,9523.49369904062,2004142976
2019-12-09,9682,9714.29980469,9636.75,9671.45019531,9528.117339549039,1647513984
2019-12-10,9680.54980469,9682.65039063,9585,9595.40039063,9530.219934895318,1688748032
2019-12-11,9605.59960938,9645.95019531,9574.84960938,9636.25,9533.533374429839,1909171968
2019-12-12,9666.5,9714.95019531,9657.34960938,9691.15039063,9538.458906186093,1509129984
2019-12-13,9732.34960938,9791.04980469,9731.15039063,9783.59960938,9546.119553160903,1718731008
2019-12-16,9815.25,9817.65039063,9747.95019531,9753,9552.584567124624,1240487040
2019-12-17,9776.45019531,9842.90039063,9766.54980469,9831.34960938,9561.295974695106,1516669952
2019-12-18,9854.75,9876.40039063,9821.20019531,9864.54980469,9570.772656882446,1518631040
2019-12-19,9866.15039063,9898.54980469,9845.54980469,9892.29980469,9580.82038025143,1471143936
2019-12-20,9899.5,9920.65039063,9891.65039063,9905.34960938,9590.961918661698,1813934976
2019-12-23,9882.95019531,9922.04980469,9861.40039063,9897.65039063,9600.545933410707,1346948992
2019-12-24,9905.34960938,9915.25,9860.34960938,9868.40039063,9608.91638519881,1131662976
2019-12-26,9871.45019531,9877.15039063,9811.34960938,9817.20019531,9615.425254264785,1372867968
2019-12-27,9852.15039063,9916.25,9842.95019531,9908.70019531,9624.590096172447,1199484032
2019-12-30,9931.59960938,9946.04980469,9891.04980469,9924.70019531,9633.968536770495,1147357952
2019-12-31,9921.5,9921.70019531,9861.5,9872.54980469,9641.42420139298,1186237952
2020-01-01,9897.95019531,9914.40039063,9875.09960938,9888.54980469,9649.146876496012,866988032
2020-01-02,9903.25,9984.40039063,9901.40039063,9980,9659.48603660551,1380726016
2020-01-03,9966.79980469,9976.75,9913.59960938,9941.65039063,9668.303672668777,1377737984
2020-01-06,9896.45019531,9901.59960938,9731.84960938,9747.40039063,9670.775445105066,1330514944
2020-01-07,9814.45019531,9883.45019531,9765.5,9805.40039063,9674.98247465272,1270515968
2020-01-08,9708.70019531,9798.25,9700.34960938,9792.20019531,9678.64552842326,1544669056
2020-01-09,9894.04980469,9951.20019531,9882.15039063,9943.90039063,9686.93474286722,1668231936
2020-01-10,9985,10023.15039063,9947.34960938,9978,9696.03053215262,1622316032
2020-01-13,10012.79980469,10046.45019531,10006.25,10042.5,9706.85770302285,1297556992
2020-01-14,10051.20019531,10083.84960938,10032.84960938,10075.84960938,9718.388700096511,1398398976
2020-01-15,10070,10095.95019531,10030.95019531,10087.04980469,9729.909359615058,1740690944
2020-01-16,10099.95019531,10132.15039063,10076.59960938,10110.04980469,9741.78874852365,1397385984
2020-01-17,10096.40039063,10138.45019531,10089.5,10118.70019531,9753.567231235724,2252534016
2020-01-20,10174.95019531,10174.95019531,10019.04980469,10025.70019531,9762.071386363044,1570477056
2020-01-21,10001.84960938,10033.29980469,9977.70019531,9987.54980469,9769.117586935761,1785828992
2020-01-22,10029.54980469,10034.04980469,9935,9947,9774.676412344019,1599056000
2020-01-23,9961.79980469,10027.79980469,9944.09960938,10021.40039063,9782.386536665455,2347532032
2020-01-24,10019.95019531,10101.25,9999.25,10083.70019531,9791.802588498098,1553492992
2020-01-27,10046.45019531,10077.45019531,9989.54980469,9999.59960938,9798.296245400657,1254822016
2020-01-28,10023.5,10041.04980469,9934.20019531,9956.95019531,9803.254181335324,1524536064
2020-01-29,10006.95019531,10039.04980469,9990.20019531,10009.29980469,9809.693107065157,1421067008
2020-01-30,10025.34960938,10026.90039063,9902.29980469,9919.20019531,9813.115203572808,1576056064
2020-01-31,9968.40039063,9971.20019531,9849.25,9861.45019531,9814.625672064596,1676016000
2020-02-01,9844.90039063,9918.34960938,9582.84960938,9606.04980469,9808.10767620914,1355422080
2020-02-03,9578.5,9682.65039063,9559.84960938,9650.54980469,9803.183992724167,1517063040
2020-02-04,9711.95019531,9858.65039063,9711.09960938,9853.04980469,9804.7422993481,1476302976
2020-02-05,9880.15039063,9955.90039063,9847.04980469,9951.34960938,9809.323777786596,1662530944
2020-02-06,9979.65039063,10022.5,9953.20019531,10004.20019531,9815.413665834203,1584091008
2020-02-07,10019.45019531,10021.70019531,9974.54980469,10000.75,9821.205426276883,1351687936
2020-02-10,10008.75,10008.75,9917.65039063,9945.65039063,9825.094331412918,1272077056
2020-02-11,10004.04980469,10044.15039063,9979.59960938,9987.04980469,9830.155439952827,1280164992
2020-02-12,10020.59960938,10067.70019531,10015.84960938,10037.09960938,9836.622445247425,1515201024
2020-02-13,10049.84960938,10053.20019531,9990.34960938,10017.75,9842.282681333443,1280744960
2020-02-14,10031.25,10071.70019531,9947.65039063,9961.04980469,9845.994153938336,2684045056
2020-02-17,9976.15039063,9990.75,9884.95019531,9891,9847.400586627764,1949024000
2020-02-18,9876.70019531,9877.59960938,9768.45019531,9845.54980469,9847.342749692209,2125060992
2020-02-19,9921.29980469,9974.84960938,9895.40039063,9970.5,9851.191413764327,2195341056
2020-02-20,9969.90039063,10016.65039063,9950.59960938,9958.65039063,9854.54950679138,2312898048
2020-02-24,9904.5,9904.5,9745.54980469,9758.20019531,9851.538590807586,1923334016
2020-02-25,9796.45019531,9813.79980469,9711.75,9724.70019531,9847.574890948286,1837784064
2020-02-26,9680.09960938,9713.20019531,9596.29980469,9622.70019531,9840.54755670959,1657208960
2020-02-27,9612.40039063,9613.5,9496.54980469,9579.34960938,9832.385120855539,1774704000
2020-02-28,9372.70019531,9374.84960938,9214.09960938,9236.04980469,9813.749642225366,2252869888
2020-03-02,9380.40039063,9436.5,9105,9178.79980469,9793.907459802385,1860299008
2020-03-03,9251.40039063,9348.54980469,9201,9324.29980469,9779.232220580123,1821056000
2020-03-04,9362.90039063,9368.54980469,9125.45019531,9258.25,9762.951526186995,1876930048
2020-03-05,9305.54980469,9365.54980469,9250.04980469,9280.15039063,9747.863990700838,2499416064
2020-03-06,8997.04980469,9089.20019531,8918.54980469,9059.95019531,9726.366684594874,2936171008
2020-03-09,8862.70019531,8870.15039063,8520.95019531,8631.34960938,9692.147400994409,3206622976
2020-03-11,8556.09960938,8709.5,8555.79980469,8618.04980469,9658.581851109895,2871410944
2020-03-12,8272.40039063,8272.84960938,7841.5,7901.35009766,9603.668358814586,3471570944
2020-03-13,7425.04980469,8298,7028.70019531,8163,9558.64747260163,4173446912
2020-03-16,7867,7904.25,7564.79980469,7591.89990234,9497.186611030953,3175597056
2020-03-17,7642.35009766,7746.14990234,7383.35009766,7417.64990234,9432.201088884362,2541985024
2020-03-18,7512.29980469,7543.04980469,6969.35009766,7010.54980469,9356.524486253287,4874271232
2020-03-19,6676.85009766,7041.70019531,6483.14990234,6807.20019531,9276.85810216131,2741581056
2020-03-20,6833.64990234,7267.25,6744.79980469,7160.10009766,9210.709414520645,2868160000
2020-03-23,6522.79980469,6692.85009766,6226.10009766,6243,9117.968495316874,1653661056
2020-03-24,6421,6556.64990234,6151.60009766,6365.45019531,9031.95229844166,1821833984
2020-03-25,6299.75,6758.75,6291.85009766,6724,8959.828789115358,1608267008
2020-03-26,6826.04980469,7079.75,6722.35009766,6993.85009766,8898.391955007377,2057869056
2020-03-27,7230.54980469,7311.04980469,6902.89990234,7003.29980469,8839.170325309959,1952801024
2020-03-30,6810.5,6947.95019531,6721.25,6749.20019531,8773.85875874746,1341652992
2020-03-31,6938.04980469,7041.64990234,6808.75,6996.75,8718.324110036601,1636686976
2020-04-01,6995.54980469,6998.39990234,6720.45019531,6761.95019531,8657.187425201395,1323960960
2020-04-03,6831.64990234,6831.64990234,6619.54980469,6638.45019531,8594.101886767288,1628774016
2020-04-07,6913.5,7164.70019531,6842.95019531,7149,8548.94245280581,1904733056
2020-04-08,7090.39990234,7435.5,7061.35009766,7161.45019531,8505.583319759065,2173924096
2020-04-09,7335.20019531,7454.89990234,7298.39990234,7441.64990234,8472.335400464719,1902043008
2020-04-13,7450.20019531,7453.64990234,7279,7360.35009766,8437.585859752071,2414827008
2020-04-15,7503,7581.60009766,7298.54980469,7344.35009766,8403.422242186694,2822717952
2020-04-16,7297.79980469,7453.04980469,7268.25,7412.29980469,8372.449666014923,2105707008
2020-04-17,7665.39990234,7665.64990234,7489.20019531,7614.39990234,8348.760610900083,2496642048
2020-04-20,7712.20019531,7712.39990234,7602.10009766,7614.60009766,8325.81809486133,2219055104
2020-04-21,7436.5,7446.04980469,7346.54980469,7395.85009766,8296.756594948789,1882945024
2020-04-22,7421.85009766,7543.79980469,7350.25,7533.79980469,8272.9141952532,2142369024
2020-04-23,7575.54980469,7655.60009766,7540.39990234,7625.29980469,8252.6762455481,2285042944
2020-04-24,7519.60009766,7599.89990234,7485.54980469,7493.45019531,8228.950431478159,1939421952
2020-04-27,7578,7657.64990234,7572.10009766,7603.95019531,8209.419174097904,1630333056
2020-04-28,7690.54980469,7698.54980469,7584.85009766,7672.45019531,8192.638893510783,1782032000
2020-04-29,7702.60009766,7828.29980469,7692.95019531,7797.20019531,8180.281434192008,2061250944
2020-04-30,7947.14990234,8041.04980469,7933.29980469,8012.89990234,8175.050761321633,2658018048
2020-05-04,7764.95019531,7765.79980469,7578.75,7596.89990234,8156.9835469784575,2167488000
2020-05-05,7704.5,7727.75,7513.25,7523.04980469,8137.173117531943,1839700992
2020-05-06,7544.14990234,7620.79980469,7451.20019531,7575.5,8119.62083260907,2096199040
2020-05-07,7551.60009766,7592.45019531,7509.79980469,7520.85009766,8100.909247141912,1629283968
2020-05-08,7649.35009766,7654.14990234,7542.79980469,7552,8083.755833168727,1635030016
2020-05-11,7628.5,7692.35009766,7542.75,7556.39990234,8067.275960330329,2505750016
2020-05-12,7508.54980469,7552.60009766,7403.29980469,7520.89990234,8050.201708518131,2249676032
2020-05-13,7819.14990234,7819.20019531,7632.85009766,7667,8038.2266551269395,2904380928
2020-05-14,7558.14990234,7614.79980469,7495.89990234,7514.54980469,8021.861753550786,2144455936
2020-05-15,7547.60009766,7547.60009766,7447.70019531,7504.04980469,8005.680130148886,1829355008
2020-05-18,7522.45019531,7522.5,7234.45019531,7245.25,7981.916688581733,2235846912
2020-05-19,7350.10009766,7398.04980469,7266.14990234,7284.5,7960.122417063554,2674471936
2020-05-20,7292.89990234,7446.85009766,7281.79980469,7426.85009766,7943.457657082193,2053410944
2020-05-21,7444.45019531,7525.29980469,7429.25,7470.60009766,7928.680858350249,1993004032
2020-05-22,7446,7507.5,7368.70019531,7416,7912.659581526804,2012105984
2020-05-26,7463.60009766,7502.70019531,7395.95019531,7424.5,7897.4045946040915,1846215040
2020-05-27,7462.95019531,7607.39990234,7394.04980469,7595.54980469,7887.971632419276,2021181056
2020-05-28,7635,7746.39990234,7616.79980469,7732.25,7883.105331406174,2575437056
2020-05-29,7687.60009766,7834.04980469,7658.79980469,7822.39990234,7881.208286747856,5152476160
2020-06-01,7935.70019531,8087,7923.70019531,8020.10009766,7885.54865583886,2991531008
2020-06-02,8068.14990234,8147.39990234,8030.64990234,8137.45019531,7893.4205789473335,3195725056
2020-06-03,8241.59960938,8295.34960938,8182.14990234,8203,7903.09493585523,3483800064
2020-06-04,8209,8266.95019531,8117.20019531,8185.89990234,7911.932591057879,3295276032
2020-06-05,8243.59960938,8319.40039063,8206.09960938,8299.34960938,7924.039372880446,4518405120
2020-06-08,8444.54980469,8445.65039063,8287.90039063,8323.95019531,7936.536586081369,4757123072
2020-06-09,8350.29980469,8422.15039063,8213.59960938,8238.09960938,7945.960430559451,4062025984
2020-06-10,8260.15039063,8314.59960938,8224.70019531,8293.34960938,7956.816342397593,3271454976
2020-06-11,8284.09960938,8306.45019531,8125,8137,7962.447081697668,4593849856
2020-06-12,7839.79980469,8212.79980469,7839.14990234,8196.40039063,7969.758122601804,3756578048
2020-06-15,8171.75,8196.40039063,8030.39990234,8086.45019531,7973.404749873935,2907939072
2020-06-16,8239.40039063,8260.20019531,8015.14990234,8152.29980469,7978.995220336937,3098568960
2020-06-17,8126.29980469,8223.95019531,8098,8140.45019531,7984.0406883048445,2294565888
2020-06-18,8130.89990234,8297,8117.95019531,8283.65039063,7993.403491502506,3027588096
2020-06-19,8314.95019531,8420.84960938,8282.5,8403.40039063,8006.21589460024,3211337984
2020-06-22,8471.90039063,8538.75,8447.95019531,8486.45019531,8021.22321649742,3839180032
2020-06-23,8527.5,8629.90039063,8488.34960938,8621.09960938,8039.969353775001,2834695936
2020-06-24,8678.70019531,8699.54980469,8476.84960938,8496.25,8054.228123969532,3725012992
2020-06-25,8440.75,8543.54980469,8410.15039063,8499.90039063,8068.155382302672,3294913024
2020-06-26,8572.45019531,8595.45019531,8515.65039063,8559,8083.494276605713,3177608960
2020-06-29,8514.59960938,8521.40039063,8426.95019531,8488.04980469,8096.136636858347,2842414080
2020-06-30,8544.70019531,8560.29980469,8448.54980469,8474.79980469,8107.969860853086,2658365952
2020-07-01,8493.75,8567.34960938,8466.70019531,8554.75,8121.931740201428,2168763904
2020-07-02,8602.45019531,8677.95019531,8598.79980469,8647.84960938,8138.366673613258,2239602944
2020-07-03,8700.84960938,8712.90039063,8660.65039063,8696.25,8155.800527562844,2107608064
2020-07-06,8782,8843.09960938,8761.95019531,8815.70019531,8176.422392179942,2347367936
2020-07-07,8847.25,8861.45019531,8762.20019531,8850.29980469,8197.481061320881,2505916928
2020-07-08,8872.04980469,8894.04980469,8763.54980469,8785,8215.841028154604,3096890880
2020-07-09,8823.75,8867.29980469,8808,8851.5,8235.705371024773,2300275968
2020-07-10,8818.70019531,8865.34960938,8772.45019531,8813.95019531,8253.775521783686,2816561920
2020-07-13,8879.54980469,8901.29980469,8796.54980469,8834.20019531,8271.913792831383,2073867008
2020-07-14,8799.54980469,8802.70019531,8655.40039063,8693.34960938,8285.083662098526,1953580032
2020-07-15,8764.04980469,8846.90039063,8661.45019531,8689.84960938,8297.732597951073,2327525888
2020-07-16,8750.59960938,8776.04980469,8650.59960938,8766.59960938,8312.384692058227,2663984128
2020-07-17,8783.04980469,8915.25,8781.45019531,8895.29980469,8330.60078932797,2616293120
2020-07-20,8965.25,8994.95019531,8938.09960938,8985.09960938,8351.053877454595,2673758976
2020-07-21,9066.15039063,9089.20019531,9049.45019531,9070.59960938,8373.539681577264,2512380928
2020-07-22,9119.15039063,9123.04980469,8988.54980469,9046.59960938,8394.572804321098,2483755008
2020-07-23,9054.84960938,9129.29980469,9034.59960938,9114.04980469,8417.056460582626,1727152000
2020-07-24,9066.65039063,9108.20019531,9011.5,9085.95019531,8437.959389792857,2024564992
2020-07-27,9112.45019531,9112.45019531,8995.09960938,9024.90039063,8456.301296069018,1664748032
2020-07-28,9045.45019531,9153,9043.90039063,9141.75,8477.721568066861,1802092032
2020-07-29,9135.5,9180.70019531,9057.90039063,9096.09960938,8497.045881857897,2109107968
2020-07-30,9136.20019531,9163.95019531,9013.90039063,9031.70019531,8513.753829153275,1999603968
2020-07-31,9061.5,9076.95019531,8997.70019531,9035.75,8530.066209492235,1981752064
2020-08-03,9029.59960938,9029.79980469,8925.04980469,8932.04980469,8542.628196842166,2139020032
2020-08-04,8980.54980469,9085.75,8951,9074.95019531,8559.263259294286,1877917056
2020-08-05,9126.65039063,9175.45019531,9060.79980469,9088.75,8575.80971994134,2032452992
2020-08-06,9150.15039063,9205.09960938,9115.75,9169.09960938,8594.350028986299,1905149952
2020-08-07,9170.04980469,9211.75,9142.29980469,9198.65039063,8613.234415287665,2334380032
2020-08-10,9257.20019531,9308.75,9241.5,9268.54980469,8633.713021206488,2076848000
2020-08-11,9315.15039063,9346.90039063,9283,9291,8654.253239293785,2023005056
2020-08-12,9269.15039063,9294.90039063,9229.20019531,9284.79980469,8673.957819462416,2142368000
2020-08-13,9314.95019531,9339.20019531,9280.29980469,9307.84960938,8693.76693789734,2339223040
2020-08-14,9350.65039063,9365.84960938,9157.65039063,9214.40039063,8710.036733295236,2466561024
2020-08-17,9278.84960938,9281.95019531,9184.25,9267.90039063,8727.469972586947,1752048000
2020-08-18,9286.09960938,9392.75,9282.09960938,9382.04980469,8747.925592340167,1901499008
2020-08-19,9436.95019531,9449.15039063,9402.25,9412.54980469,8768.695098976099,2285933056
2020-08-20,9347.90039063,9398.59960938,9325.04980469,9368.75,8787.446814633096,2506406912
2020-08-21,9451.20019531,9465.04980469,9415.65039063,9423.54980469,8807.325033072375,2430436096
2020-08-24,9466.79980469,9523.40039063,9465.70019531,9498.34960938,8828.919551081988,2314297088
2020-08-25,9545.59960938,9556.5,9469.20019531,9509.25,8850.179877610675,2115961984
2020-08-26,9547.04980469,9575.20019531,9508,9567.15039063,8872.585206142528,2107070976
2020-08-27,9619.59960938,9625.65039063,9568.79980469,9580.70019531,8894.713799554012,2349891072
2020-08-28,9623,9675.90039063,9614.75,9641.04980469,8918.036799714511,4071042048
2020-08-31,9735.70019531,9747.04980469,9324.65039063,9372.04980469,8932.224706119996,3863172096
2020-09-01,9422.45019531,9479.09960938,9353.20019531,9442.25,8948.162996553747,3777992960
2020-09-02,9457.65039063,9534.5,9429.70019531,9518.40039063,8965.98291511863,2007897984
2020-09-03,9550.34960938,9567.75,9520.09960938,9534.65039063,8983.75377372836,2952517888
2020-09-04,9388.34960938,9476.59960938,9355.04980469,9377.95019531,8996.072411902787,3338625024
2020-09-07,9403.45019531,9420.70019531,9307.54980469,9379.09960938,9008.04201182395,2722786048
2020-09-08,9400.59960938,9436.70019531,9306.25,9329.84960938,9018.098499247577,1928505984
2020-09-09,9250.09960938,9306.29980469,9203.5,9290.20019531,9026.601677249528,2036824064
2020-09-10,9359.54980469,9429.90039063,9345.59960938,9420.25,9038.90318733548,1865326976
2020-09-11,9424.45019531,9460.65039063,9405.15039063,9446.40039063,9051.637474938434,1498488960
2020-09-14,9520,9577.84960938,9446.84960938,9493.29980469,9065.439422743171,2131565056
2020-09-15,9538.15039063,9583.20019531,9515.34960938,9573.34960938,9081.311616075573,2191699968
2020-09-16,9595.75,9640.95019531,9575,9632.5,9098.53625307321,1554081024
2020-09-17,9584.54980469,9624.65039063,9553.84960938,9566.75,9113.167932664674,1464978944
2020-09-18,9622.15039063,9626.54980469,9517.79980469,9559.5,9127.115809768902,2202981888
2020-09-21,9565.95019531,9582.34960938,9284.75,9313,9132.924690713624,1873058048
2020-09-22,9339.79980469,9340.25,9117.95019531,9213.90039063,9135.45518133601,2194027008
2020-09-23,9296.45019531,9309.04980469,9106,9194.34960938,9137.295632212385,2220225024
2020-09-24,9094.09960938,9097.40039063,8933.95019531,8944.75,9131.278581205748,2116114944
2020-09-25,9032.70019531,9171.15039063,8985.75,9156.09960938,9132.054238336194,2341530112
2020-09-28,9237.75,9338.70019531,9212.75,9330.25,9138.247855888187,1915555968
2020-09-29,9385.75,9401.79980469,9286.04980469,9319.70019531,9143.91824149512,1981281024
2020-09-30,9344.29980469,9375.84960938,9292.34960938,9341.75,9150.100483948398,1685665024
2020-10-01,9433.70019531,9472.40039063,9423.79980469,9461.70019531,9159.837974928447,1649559040
2020-10-05,9518.20019531,9567.54980469,9476.79980469,9516.29980469,9170.977407108496,1770098944
2020-10-06,9592.65039063,9633.34960938,9564.04980469,9622.34960938,9185.08278842948,1562304000
2020-10-07,9637.15039063,9673.29980469,9593.70019531,9654.5,9199.752076291059,1529748992
2020-10-08,9724.54980469,9759.29980469,9674.95019531,9711.79980469,9215.753567803526,1758662016
2020-10-09,9728.75,9774.75,9691.20019531,9750.15039063,9232.453468516853,1619492992
2020-10-12,9793.34960938,9822.95019531,9698.90039063,9745.34960938,9248.481472918826,1459705984
2020-10-13,9745.90039063,9784.79980469,9715.95019531,9736.45019531,9263.73049549355,1321281024
2020-10-14,9726.45019531,9781.25,9657.5,9763.40039063,9279.345179716564,1600130944
2020-10-15,9801.54980469,9802.90039063,9535.70019531,9550.04980469,9287.804699246983,1639784960
2020-10-16,9588.79980469,9635,9536.45019531,9626.25,9298.381114895514,1471544960
2020-10-19,9710.95019531,9717.59960938,9664.45019531,9709.29980469,9311.222323951592,1622403968
2020-10-20,9699.29980469,9760.34960938,9682.29980469,9733,9324.402876328104,1573496960
2020-10-21,9780.5,9821.95019531,9635.29980469,9756.59960938,9337.909024235976,1722900992
2020-10-22,9726.45019531,9763.79980469,9683.79980469,9745.04980469,9350.632173625165,1634024960
2020-10-23,9794.40039063,9807.15039063,9764.54980469,9780.34960938,9364.060843492503,1865192960
2020-10-26,9794.95019531,9797.70019531,9609.20019531,9647.65039063,9372.92301684055,1624386048
2020-10-27,9674.15039063,9756.04980469,9607.59960938,9748.29980469,9384.653541460846,1604881024
2020-10-28,9773.84960938,9782.95019531,9602.75,9632.34960938,9392.39404358332,1687601024
2020-10-29,9557.15039063,9637.84960938,9530.25,9593.40039063,9398.675491928529,1573368960
2020-10-30,9605.09960938,9665,9500.70019531,9581.65039063,9404.39345751295,1888020992
2020-11-02,9622.70019531,9634.15039063,9524.20019531,9595.95019531,9410.379605569107,1680963968
2020-11-03,9648.65039063,9715.45019531,9643,9696.29980469,9419.314611791635,1671296000
2020-11-04,9684.09960938,9778.09960938,9654.59960938,9764.59960938,9430.104767966272,1508973952
2020-11-05,9874.34960938,9941.5,9857.25,9935.34960938,9445.893669260451,1733350016
2020-11-06,9965.04980469,10044.90039063,9951.20019531,10033.5,9464.256367096063,1791085952
2020-11-09,10137.29980469,10183.5,10100.45019531,10176.34960938,9486.509280917435,1683043968
2020-11-10,10252.79980469,10277,10181.65039063,10269,9510.962115888766,2334225920
2020-11-11,10308.5,10378.04980469,10233.34960938,10356.5,9537.385174767242,2188064000
2020-11-12,10334.75,10367.84960938,10294.54980469,10342.70019531,9562.551269159203,2196573952
2020-11-13,10324.09960938,10394.15039063,10293.25,10387.20019531,9588.321548101416,1792263936
2020-11-14,10470.90039063,10476.54980469,10415.95019531,10440.34960938,9614.947425016371,604088000
2020-11-17,10543.25,10543.84960938,10459.59960938,10524,9643.35531798461,2506789888
2020-11-18,10516.75,10594.95019531,10491.5,10588.34960938,9672.886389590716,2500353024
2020-11-19,10522.90039063,10633.15039063,10453.59960938,10477.5,9698.030564916005,2687305984
2020-11-20,10514.84960938,10583.75,10456.95019531,10560.54980469,9724.984291158942,2575894016
2020-11-23,10642.84960938,10661.25,10567.45019531,10635.95019531,9753.451975663662,2656755968
2020-11-24,10698.29980469,10749.34960938,10686.5,10733.59960938,9784.081589217298,2423523072
2020-11-25,10794.40039063,10804.09960938,10556.20019531,10574.95019531,9808.796233157695,2733605888
2020-11-26,10611.04980469,10694.75,10531.90039063,10674.04980469,9835.83540726808,2081229952
2020-11-27,10703.25,10751,10670.20019531,10719.04980469,9863.435857187515,4521357824
2020-12-01,10803.25,10850.15039063,10734.29980469,10835.15039063,9893.801936357591,2708249088
2020-12-02,10856.25,10866.15039063,10755.90039063,10858.15039063,9923.937825553605,2782309120
2020-12-03,10936.75,10936.75,10871.79980469,10893.59960938,9954.23975629818,2734426880
2020-12-04,10934.65039063,10990.20019531,10888.95019531,10978.84960938,9986.258814206987,2681966080
2020-12-07,10994.15039063,11078.34960938,10982.75,11070.25,10020.133538763019,2437378048
2020-12-08,11112.59960938,11136.79980469,11008.40039063,11088.65039063,10053.524690383862,3179014912
2020-12-09,11147.54980469,11201.75,11143.45019531,11181.20019531,10088.764549912803,3173850112
2020-12-10,11156.90039063,11156.90039063,11060.20019531,11141.34960938,10121.657833021152,2666430976
2020-12-11,11172.65039063,11221.95019531,11082,11171.40039063,10154.46228794643,3056558080
2020-12-14,11223.29980469,11240.40039063,11157.65039063,11215.25,10187.611903948104,2152356096
2020-12-15,11212.34960938,11234.45019531,11128.40039063,11223.90039063,10219.995919156912,2330266112
2020-12-16,11299.20019531,11328.40039063,11265.79980469,11320.09960938,10254.374159476383,2505620992
2020-12-17,11347.09960938,11385.59960938,11322.75,11346.34960938,10288.498392285872,2010452992
2020-12-18,11368.70019531,11376.70019531,11263.15039063,11355,10321.826567526938,2277337088
2020-12-21,11338.40039063,11365.54980469,10787.5,10964.25,10341.90229979172,2778874880
2020-12-22,10979.84960938,11097.29980469,10791.84960938,11075.75,10364.83504042323,2984708096
2020-12-23,11092.40039063,11239.59960938,11062.20019531,11225.54980469,10391.732376806565,2577729024
2020-12-24,11292.04980469,11342.45019531,11245.75,11325.25,10420.90480253136,2167447040
2020-12-28,11387.45019531,11443.45019531,11386.09960938,11434.70019531,10452.585908555693,1946769024
2020-12-29,11475.25,11506.20019531,11405.79980469,11467,10484.286348913327,2019677952
2020-12-30,11507.04980469,11521.20019531,11414.09960938,11509.65039063,10516.328975216973,1868452992
2020-12-31,11508.54980469,11548.34960938,11483.54980469,11518.29980469,10547.640563638006,2695070976
2021-01-01,11535.84960938,11594.84960938,11532.59960938,11574.84960938,10579.740846317443,2196135936
2021-01-04,11651.5,11703.25,11542.15039063,11691.79980469,10614.492688766586,3238413056
2021-01-05,11647.59960938,11780.79980469,11613.5,11767,10650.508542242631,2858305024
2021-01-06,11806.75,11817.09960938,11640.15039063,11737.90039063,10684.489537504736,3205478912
2021-01-07,11833.59960938,11834.40039063,11753.79980469,11766.09960938,10718.289852250839,2917178112
2021-01-08,11865.5,11940.45019531,11841.84960938,11925.59960938,10756.018282161125,2872203008
2021-01-11,12024.65039063,12024.65039063,11921.75,12006.5,10795.09583584359,2406290944
2021-01-12,12000.79980469,12083.70019531,11969.75,12058.34960938,10834.572516266602,3495361024
2021-01-13,12123,12133.40039063,11925,12041.09960938,10872.276487926396,3837509888
2021-01-14,12043.40039063,12081.54980469,11976.15039063,12069.5,10909.689722678697,2480282112
2021-01-15,12078.59960938,12100.84960938,11864.04980469,11931.20019531,10941.611924948425,3917208064
2021-01-18,11943.65039063,11948.20019531,11733.34960938,11776.20019531,10967.692808397225,2837636096
2021-01-19,11851.15039063,11993.29980469,11849.15039063,11981.84960938,10999.385208427937,2212472064
2021-01-20,12002.09960938,12092.04980469,11987.59960938,12078.34960938,11033.102845957688,2407564032
2021-01-21,12154.70019531,12167.95019531,11959.59960938,12015.95019531,11063.816825624948,2731310080
2021-01-22,12020.29980469,12053.09960938,11842.40039063,11854.5,11088.525674824168,3039832064
2021-01-25,11951.09960938,11968.40039063,11719.54980469,11743.70019531,11108.999878589351,2692960000
2021-01-27,11744.29980469,11744.29980469,11511.54980469,11546.34960938,11122.66705767656,2600762880
2021-01-28,11419.29980469,11503.20019531,11365.84960938,11442.54980469,11132.663393520728,2946473984
2021-01-29,11549.84960938,11568.90039063,11273.54980469,11302.40039063,11137.967674680393,2755192064
2021-02-01,11396.90039063,11806.45019531,11304,11770.15039063,11157.723384553818,3206043904
2021-02-02,11921.70019531,12102.59960938,11916.65039063,12053.25,11185.708591286511,3115604992
2021-02-03,12139.70019531,12234.70019531,12005.40039063,12174.04980469,11216.59425420537,3076712960
2021-02-04,12184.65039063,12297.54980469,12140.84960938,12285.84960938,11250.008484054579,3399691008
2021-02-05,12345.25,12386.25,12247.45019531,12279.84960938,11282.191019220998,3526704896
2021-02-08,12389.5,12469.29980469,12376.65039063,12441.29980469,11318.413168766905,2547801088
2021-02-09,12487.59960938,12545.45019531,12396.20019531,12434.20019531,11353.281513346377,2929107968
2021-02-10,12452.95019531,12490.45019531,12347.09960938,12452.45019531,11387.630534657741,2382576128
2021-02-11,12433.5,12522.45019531,12426.15039063,12514.09960938,11422.832693242812,2377550080
2021-02-12,12531.34960938,12571,12443.04980469,12508.54980469,11456.761352975536,2428997120
2021-02-15,12592,12648.70019531,12576.70019531,12632.04980469,11493.489117091613,2190269952
2021-02-16,12679.65039063,12724.54980469,12580.95019531,12647.20019531,11529.542588285938,2735367936
2021-02-17,12631.09960938,12669.84960938,12561.54980469,12597.45019531,11562.91470100544,3441422080
2021-02-18,12633.29980469,12655.40039063,12535.65039063,12565.70019531,11594.251747702458,3895777024
2021-02-19,12540.84960938,12592.5,12360.70019531,12438.79980469,11620.643874483318,4127493120
2021-02-22,12457.25,12471.65039063,12174.59960938,12212.54980469,11639.140934802277,2744803072
2021-02-23,12294.29980469,12356.45019531,12190.65039063,12263.70019531,11658.658411693143,2791756032
2021-02-24,12299.54980469,12470.20019531,12294.84960938,12455.20019531,11683.55034243117,1820861056
2021-02-25,12543.5,12615.40039063,12533.29980469,12567.84960938,11711.184694523321,3273660928
2021-02-26,12401.04980469,12449,12134.5,12181.40039063,11725.878935026654,4142695936
2021-03-01,12316.29980469,12395.79980469,12271.84960938,12368.29980469,11745.954587203634,2891250944
2021-03-02,12458.34960938,12548.20019531,12385.95019531,12519.40039063,11770.124768560709,2938297088
2021-03-03,12635.84960938,12781.84960938,12603.04980469,12764.79980469,11801.20836343975,2957964032
2021-03-04,12607.54980469,12771.09960938,12589.75,12688.84960938,11828.947152375382,3126110976
2021-03-05,12621.95019531,12697.04980469,12478.45019531,12539,11851.136303863652,2792552960
2021-03-08,12607.04980469,12682.54980469,12534.75,12558.95019531,11873.25548797135,2155684096
2021-03-09,12638.40039063,12679.65039063,12494.59960938,12617.20019531,11896.503760075682,2352079104
2021-03-10,12705.09960938,12722.59960938,12627.79980469,12691.34960938,11921.342692866443,1672893056
2021-03-12,12806.15039063,12816.15039063,12534.45019531,12593.90039063,11942.360120921554,2326914048
2021-03-15,12623.04980469,12624.29980469,12364.95019531,12510.15039063,11960.103566849943,2056744960
2021-03-16,12564.79980469,12601.04980469,12487.79980469,12512.70019531,11977.372211489319,1862226048
2021-03-17,12540.15039063,12546.54980469,12301.15039063,12319.90039063,11988.076217087466,1936540032
2021-03-18,12426.90039063,12449.84960938,12100.59960938,12174.45019531,11993.90040390692,2309129984
2021-03-19,12096.79980469,12342.29980469,11951.40039063,12314.5,12003.919141284829,3133135104
2021-03-22,12322.75,12360.45019531,12235.59960938,12338.59960938,12014.377905912803,1849336960
2021-03-23,12375.40039063,12462,12340.29980469,12417.29980469,12026.96921524959,1926921984
2021-03-24,12346.04980469,12390.59960938,12183.70019531,12197.20019531,12032.288933376478,1908994048
2021-03-25,12218.79980469,12221.54980469,11939,11993.29980469,12031.070523105025,2802712064
2021-03-26,12134.75,12191.95019531,12072.20019531,12148.90039063,12034.75270646518,2170639872
2021-03-30,12256,12404.25,12249,12387.90039063,12045.78857159533,2336890880
2021-03-31,12376.79980469,12376.79980469,12298.70019531,12313.70019531,12054.160809836414,2019549056
2021-04-01,12401.34960938,12492.54980469,12334.34960938,12479,12067.437034529026,2027276032
2021-04-05,12463.70019531,12466.25,12149.40039063,12298.59960938,12074.660864993119,2044174976
2021-04-06,12374.70019531,12422.84960938,12254.95019531,12358.09960938,12083.518325755209,1904967936
2021-04-07,12389.25,12510.70019531,12347.70019531,12481.29980469,12095.948996971922,1878109056
2021-04-08,12533.45019531,12624.25,12501.25,12541.65039063,12109.877165523736,2104536064
2021-04-09,12552.90039063,12591.95019531,12490,12527.40039063,12122.924766308306,2087271936
2021-04-12,12357.34960938,12361.40039063,11978.45019531,12024.09960938,12119.836480154296,2868965120
2021-04-13,12068.04980469,12201.54980469,12006.70019531,12186.70019531,12121.925971252911,2278193920
2021-04-15,12189.79980469,12248.90039063,12055.15039063,12237.59960938,12125.540772444383,2038256000
2021-04-16,12261.90039063,12358.54980469,12232.40039063,12298.04980469,12130.931679702058,1823336960
2021-04-19,12032.75,12094.54980469,11923.20019531,12076.45019531,12129.229133314806,1955789056
2021-04-20,12213.54980469,12232.84960938,11981.34960938,12055.40039063,12126.921985105906,1782738048
2021-04-22,11997.20019531,12147.5,11950.65039063,12132.04980469,12127.08222946791,1933350016
2021-04-23,12086.20019531,12199.40039063,12044.90039063,12105.59960938,12126.410897590162,1935911936
2021-04-26,12197.09960938,12263.59960938,12180.84960938,12216.84960938,12129.237107333594,1763459968
2021-04-27,12238.54980469,12374,12232.79980469,12362.54980469,12136.528129125982,1936434944
2021-04-28,12422.5,12537.04980469,12412,12517.95019531,12148.447568694231,1900780032
2021-04-29,12613.79980469,12659.40039063,12471.90039063,12532.79980469,12160.458576069099,2198554112
2021-04-30,12425.79980469,12524.09960938,12341.20019531,12364.34960938,12166.830170860065,2331619072
2021-05-03,12256.84960938,12419,12210.54980469,12395.25,12173.968290520688,2324429056
2021-05-04,12457.40039063,12487.15039063,12272.34960938,12300.45019531,12177.920850045355,3088691968
2021-05-05,12394.84960938,12426.95019531,12319.25,12413,12185.267073481438,2150244096
2021-05-06,12465.70019531,12514.09960938,12407.65039063,12501.90039063,12195.16186464233,2207868928
2021-05-07,12579.90039063,12600.15039063,12527.34960938,12563.09960938,12206.659919165382,2592854016
2021-05-10,12649.45019531,12685.79980469,12625.90039063,12669.90039063,12221.136183898652,3082470912
2021-05-11,12559.95019531,12675.20019531,12538.65039063,12642.25,12234.295990651819,3754461952
2021-05-12,12646.25,12646.95019531,12496.65039063,12537.95019531,12243.785184547387,4147314944
2021-05-14,12595.15039063,12595.34960938,12408.09960938,12472.15039063,12250.92159723747,2986077952
2021-05-17,12544.54980469,12683.79980469,12511.29980469,12672.09960938,12264.083410116924,2443941888
2021-05-18,12794.95019531,12855.59960938,12783.15039063,12839.09960938,12282.052666343896,2444483072
2021-05-19,12816.54980469,12882.5,12791.15039063,12809,12298.519770520648,2425698048
2021-05-20,12831.29980469,12854.65039063,12718.20019531,12736.45019531,12312.205096295316,2676486912
2021-05-21,12815.54980469,12929.04980469,12803.15039063,12917.84960938,12331.131487329212,2665129984
2021-05-24,12963,13003.59960938,12912.25,12962.45019531,12350.860196953612,2947919872
2021-05-25,13045.40039063,13046.15039063,12929.15039063,12963,12369.98956579881,2543995904
2021-05-26,13010,13043.84960938,12954.15039063,13022.20019531,12390.371147971036,2368609024
2021-05-27,13052.84960938,13091.34960938,13007.15039063,13066.25,12411.492362096942,3504218112
2021-05-28,13134.70019531,13160.34960938,13098.84960938,13117.04980469,12433.541032177975,2523333888
2021-05-31,13135.84960938,13244.40039063,13080.65039063,13226.34960938,12458.316300215538,2215144960
2021-06-01,13274.25,13292.40039063,13164.84960938,13210.40039063,12481.81892804099,2038765952
2021-06-02,13183.79980469,13290.70019531,13177.79980469,13274.25,12506.58239903971,2618059008
2021-06-03,13347.04980469,13392.75,13332,13380.5,12533.892324069719,2700135936
2021-06-04,13412.75,13433.59960938,13352.15039063,13393.90039063,12560.767576149727,3064708096
2021-06-07,13454.09960938,13498.29980469,13418.5,13479.65039063,12589.482664102236,3330512896
2021-06-08,13510.04980469,13513.04980469,13420.54980469,13496.54980469,12617.828512245604,2761167104
2021-06-09,13532.20019531,13569.75,13333.84960938,13396.40039063,12642.158883445116,3365161984
2021-06-10,13458.65039063,13524.84960938,13431.25,13517.20019531,12669.503924440893,2588466944
2021-06-11,13577.04980469,13601,13513.84960938,13563.84960938,12697.45222709524,2690844928
2021-06-14,13551.75,13565,13342.40039063,13554.15039063,12724.224044705701,2886671104
2021-06-15,13601.34960938,13634.34960938,13587.75,13607.79980469,12751.835787205211,2288097024
2021-06-16,13595.09960938,13621.65039063,13487.15039063,13510.59960938,12775.547156648174,2247314944
2021-06-17,13405.90039063,13520.90039063,13372.40039063,13425.15039063,12795.847257710106,2299074048
2021-06-18,13471.90039063,13474.95019531,13155.54980469,13386.54980469,12814.306712303227,3643105024
2021-06-21,13240.90039063,13468.79980469,13221.04980469,13456.09960938,12834.362740336876,2605849088
2021-06-22,13543.40039063,13589.65039063,13473.34960938,13491.09960938,12854.885767494474,2643719936
2021-06-23,13570.09960938,13570.20019531,13412.45019531,13423.34960938,12872.650262553396,2587101952
2021-06-24,13460.79980469,13486.75,13434.5,13468.25,12891.262754348601,1928526720
2021-06-25,13512.15039063,13549.09960938,13471,13539.40039063,12911.517055482394,2381374464
2021-06-28,13589.75,13589.84960938,13515.04980469,13533.04980469,12930.939953895133,2291881728
2021-06-29,13535.54980469,13567.79980469,13461.25,13481.95019531,12948.159023939348,2121753728
2021-06-30,13513.25,13552.95019531,13462.20019531,13473.54980469,12964.577485837806,2234841600
2021-07-01,13504.70019531,13505.04980469,13441.54980469,13454.09960938,12979.8750521985,2051043584
2021-07-02,13480.29980469,13506.09960938,13435.25,13494.45019531,12995.955525420735,1807176448
2021-07-05,13558.40039063,13593.5,13536.90039063,13585.75,13014.386602751338,1986517504
2021-07-06,13579.15039063,13661.90039063,13561.75,13574.15039063,13031.879221122546,2228290048
2021-07-07,13577.5,13644.45019531,13542.04980469,13631,13050.601745462467,1791166720
2021-07-08,13627.70019531,13660.84960938,13488.09960938,13532.70019531,13065.667322020203,1869770368
2021-07-09,13513.5,13545.65039063,13470.20019531,13527.95019531,13080.113661810508,1565534336
2021-07-12,13603.59960938,13620.15039063,13512.70019531,13549,13094.76635987893,1809425536
2021-07-13,13633.09960938,13635.54980469,13580.45019531,13628.84960938,13111.456461425838,1537130240
2021-07-14,13638.29980469,13678.79980469,13606.34960938,13661.09960938,13128.632809799405,1353870464
2021-07-15,13686.34960938,13738.59960938,13677.34960938,13720.34960938,13147.123959786299,1622455680
2021-07-16,13756.75,13761.09960938,13706.5,13742.34960938,13165.724761336101,2078937088
2021-07-19,13624.29980469,13693.34960938,13573.65039063,13619.84960938,13179.916162837473,2356465408
2021-07-20,13594.84960938,13614.75,13437.15039063,13495.59960938,13189.781270541927,1799075072
2021-07-22,13592.40039063,13678.95019531,13590.29980469,13670.20019531,13204.794361940929,2171789312
2021-07-23,13711.25,13728.40039063,13629.65039063,13687,13219.863288130275,2597135872
2021-07-26,13692.20019531,13731.09960938,13648.45019531,13675.09960938,13234.08942316933,1796617600
2021-07-27,13715.15039063,13740.90039063,13569.34960938,13610.29980469,13245.84599759185,1838503808
2021-07-28,13631.54980469,13631.54980469,13409.09960938,13579.15039063,13256.261759874293,2019384960
2021-07-29,13631.5,13668.90039063,13608.90039063,13643.75,13268.370767378221,2106240256
2021-07-30,13671.54980469,13739.70019531,13635.45019531,13664.25,13280.74199339765,2157998080
2021-08-02,13759.79980469,13789.90039063,13732.84960938,13783.70019531,13296.459437207412,1946413696
2021-08-03,13840.59960938,13950.25,13817.90039063,13939.20019531,13316.545085898117,2412772352
2021-08-04,13998.04980469,14045.04980469,13944.09960938,13969.34960938,13336.945227256925,3150952448
2021-08-05,14000.90039063,14003.09960938,13891.70019531,13981.54980469,13357.089120301709,3957455104
2021-08-06,13996.59960938,14029.79980469,13946.04980469,13954.65039063,13375.762909999468,2805276928
2021-08-09,13993.59960938,14007.54980469,13870.25,13935.04980469,13393.240625458548,2356923136
2021-08-10,13957.59960938,13996.84960938,13809.45019531,13892.75,13408.850293412968,1935174400
2021-08-11,13924.04980469,13938.59960938,13716.70019531,13876.54980469,13423.465903140375,1971251712
2021-08-12,13901.09960938,13979.84960938,13884.04980469,13971.95019531,13440.606037270676,1493031424
2021-08-13,13997.75,14079.65039063,13991.70019531,14065.29980469,13460.12771750253,1557284736
2021-08-16,14063.75,14087.40039063,14016.75,14070.79980469,13479.211220227138,1309598208
2021-08-17,14063.90039063,14123.59960938,14010.90039063,14113.09960938,13499.020232388166,1569484672
2021-08-18,14171.04980469,14186.5,14072,14095.54980469,13517.661781522598,1753353344
2021-08-20,13951.5,14047.90039063,13910.20019531,13943.95019531,13530.983294453454,1890113024
2021-08-23,14063.34960938,14063.5,13841,13930.54980469,13543.469747898345,2034607104
2021-08-24,13986.95019531,14075.90039063,13942.5,14063.25,13559.712880776522,1610603136
2021-08-25,14103.09960938,14145.45019531,14070.54980469,14093.59960938,13576.39684104538,1376531456
2021-08-26,14106.45019531,14147.04980469,14074.90039063,14106.95019531,13592.97663336615,1491898368
2021-08-27,14126.29980469,14203.95019531,14064.09960938,14192.5,13611.711738573458,1322925568
2021-08-30,14257.40039063,14411.95019531,14250.54980469,14397.90039063,13636.280133950226,1418191872
2021-08-31,14421.29980469,14571.79980469,14393.5,14555.90039063,13665.018266971469,1939879168
2021-09-01,14611.65039063,14640.59960938,14527.04980469,14551.34960938,13692.716121421736,1842265984
2021-09-02,14571.29980469,14692,14548.5,14684.34960938,13723.704667920432,2204479232
2021-09-03,14724.70019531,14770.84960938,14682.20019531,14759.29980469,13756.067015944482,2454372096
2021-09-06,14827.04980469,14843.40039063,14783.45019531,14805.84960938,13788.87272198934,1605956352
2021-09-07,14834.95019531,14852.25,14713.54980469,14784.25,13819.978261927174,2369606912
2021-09-08,14802.84960938,14825.09960938,14716.65039063,14803.59960938,13850.716429035074,2677527552
2021-09-09,14780.59960938,14844.40039063,14774.15039063,14836.45019531,13881.520609231166,1826184448
2021-09-13,14839.79980469,14865.75,14769.09960938,14852.20019531,13911.85434629613,1673709952
2021-09-14,14917.04980469,14935.54980469,14881.54980469,14904.34960938,13942.869823267501,2920040192
2021-09-15,14927.95019531,15028.65039063,14921.09960938,15020.54980469,13976.547322686954,3135906048
2021-09-16,15050.84960938,15115.34960938,15012.25,15104.90039063,14011.808356060175,5345606144
2021-09-17,15169.90039063,15207.70019531,14979.34960938,15027.25,14043.540907433295,4288419840
2021-09-20,14907.5,15047.65039063,14800.84960938,14826.75,14068.016191576004,2432340480
2021-09-21,14856.84960938,14959.45019531,14734.70019531,14946.29980469,14095.462554485815,2228665088
2021-09-22,14977.29980469,15030.84960938,14950.34960938,14990.54980469,14123.434031054696,2024443520
2021-09-23,15097.09960938,15219.34960938,15085.54980469,15205.45019531,14157.247036187675,2046704640
2021-09-24,15274.09960938,15305.20019531,15160.45019531,15191.95019531,14189.581509910247,2678377728
2021-09-27,15261.34960938,15262.65039063,15139.59960938,15189.04980469,14220.814894122115,1855011072
2021-09-28,15235.09960938,15239.65039063,14967.04980469,15095.59960938,14248.151916473924,2245338368
2021-09-29,15023.29980469,15141.04980469,14985.40039063,15086.95019531,14274.364362687551,3074300416
2021-09-30,15109.70019531,15137.54980469,15026.95019531,15052.65039063,14298.685801060752,3246246400
2021-10-01,14994.79980469,15031.54980469,14932.75,15013.95019531,14321.03781338104,2547877376
2021-10-04,15094.40039063,15195.20019531,15075.25,15181.15039063,14347.91633142007,2050818304
2021-10-05,15171.25,15287.70019531,15150.5,15280.09960938,14377.047058856318,2528673280
2021-10-06,15328.95019531,15349.20019531,15109.09960938,15134.54980469,14400.71901966362,2579412224
2021-10-07,15274.65039063,15335.95019531,15251,15290.15039063,14428.51375000632,2134120576
2021-10-08,15375.29980469,15402.70019531,15317.40039063,15365.20019531,14457.785201422059,1859852032
2021-10-11,15374.5,15497.79980469,15356.54980469,15428,14488.10441387762,2171059968
2021-10-12,15426.59960938,15493.25,15371.79980469,15481.90039063,14519.16053815113,2776371712
2021-10-13,15573.59960938,15660.20019531,15546.84960938,15631.40039063,14553.918033541095,3027680000
2021-10-14,15733.29980469,15781,15710.09960938,15769.25,14591.897157492935,2579631616
2021-10-18,15924.09960938,15949.20019531,15871.40039063,15886.15039063,14632.342571028468,3729469440
2021-10-19,16003.95019531,16004.45019531,15716.70019531,15757.84960938,14667.514665976954,2962494720
2021-10-20,15768,15776.34960938,15497,15568.65039063,14695.675157372361,2611891200
2021-10-21,15666.59960938,15667,15373.45019531,15487.65039063,14720.424383411662,2521989888
2021-10-22,15537.04980469,15600.45019531,15328.90039063,15399.70019531,14741.651752533486,2658091264
2021-10-25,15492,15498.40039063,15181.59960938,15334.34960938,14760.173560559939,2423972352
2021-10-26,15360.34960938,15528.90039063,15356.5,15499.65039063,14783.282211499629,2377318400
2021-10-27,15541.75,15583.20019531,15454.09960938,15484.34960938,14805.19056768339,1908733568
2021-10-28,15475.40039063,15475.45019531,15148.20019531,15190.84960938,14817.24241273641,2387292928
2021-10-29,15163.5,15266.40039063,14961.5,15086.90039063,14825.669224545585,2341648896
2021-11-01,15179.40039063,15318.15039063,15111.29980469,15302.70019531,14840.576442381973,1862589568
2021-11-02,15344.34960938,15373.70019531,15278.70019531,15314.65039063,14855.391253264723,1708887552
2021-11-03,15367.70019531,15397.29980469,15212.15039063,15282.75,14868.7462141002,1616821760
2021-11-04,15380.95019531,15396.84960938,15363.34960938,15376.90039063,14884.626032116756,371110880
2021-11-08,15474.25,15535.04980469,15313.20019531,15520.15039063,14904.486168320294,1763977472
2021-11-09,15542.04980469,15579.5,15487.70019531,15541.95019531,14924.406919163723,2044209920
2021-11-10,15492.04980469,15562.45019531,15458.5,15521.09960938,14943.053565732982,1892814848
2021-11-11,15497.25,15499.90039063,15351.20019531,15411.09960938,14957.680004596952,1512806144
2021-11-12,15504.34960938,15591.45019531,15429.59960938,15579,14977.096254453298,1540358016
2021-11-15,15625.75,15664.45019531,15558.04980469,15592.59960938,14996.330734294757,1327750912
2021-11-16,15613.09960938,15626.65039063,15492.59960938,15525.40039063,15012.864161055233,1506596736
2021-11-17,15487.15039063,15560.75,15436.95019531,15454.95019531,15026.679349625694,1369963648
2021-11-18,15461.5,15502.59960938,15239.79980469,15302.54980469,15035.300301346453,1728508800
2021-11-22,15333.90039063,15339.65039063,14846.70019531,14976.70019531,15033.469048032814,2110732800
2021-11-23,14876,15137.15039063,14820.40039063,15107.79980469,15035.79188417835,2144403200
2021-11-24,15159.95019531,15199.20019531,14997.29980469,15046.5,15036.126512797777,1873347968
2021-11-25,15057.59960938,15166.65039063,14984.70019531,15150.59960938,15039.703797065971,1860055552
2021-11-26,14990.84960938,15012.09960938,14674.75,14707.20019531,15029.313059511098,2236682752
2021-11-29,14683.04980469,14749.5,14402.09960938,14656.45019531,15017.661095004814,2238980096
2021-11-30,14662.04980469,14912.75,14608.59960938,14648.34960938,15006.120111079039,2704457216
2021-12-01,14743.70019531,14822.5,14694.29980469,14784.70019531,14999.200738711257,2319175424
2021-12-02,14808.79980469,14990.29980469,14786.65039063,14973.95019531,14998.411659229969,2144311168
2021-12-03,15002.65039063,15054.95019531,14845.25,14856.29980469,14993.970663775595,2468668672
2021-12-06,14876.25,14882.15039063,14599.34960938,14618.34960938,14982.232505825734,2912566272
2021-12-07,14733.25,14881.75,14683.25,14834.5,14977.615865018679,2065368320
2021-12-08,14945.29980469,15084.5,14941.29980469,15073.25,14980.604431736845,1735807872
2021-12-09,15126.54980469,15141,15023.20019531,15126.59960938,14985.166781038193,3133102848
2021-12-10,15103.65039063,15168.79980469,15069.79980469,15155,14990.474069130749,2452708096
2021-12-13,15258.09960938,15280,15052.90039063,15064.25,14992.779566970414,2054226944
2021-12-14,15005.5,15072,14947.95019531,15043.25,14994.356768002588,1823370368
2021-12-15,15050.09960938,15075.70019531,14936.59960938,14953.09960938,14993.067481795631,1514823168
2021-12-16,15072.95019531,15078.84960938,14891.59960938,14936.45019531,14991.298191592956,1663158016
2021-12-17,14952.75,14966.09960938,14658.5,14673.15039063,14981.356072812863,1918778496
2021-12-20,14523.5,14533.79980469,14128.15039063,14300.70019531,14960.085576640899,2117724160
2021-12-21,14423.70019531,14584.95019531,14386.45019531,14461.40039063,14944.501664578058,1659721728
2021-12-22,14542.70019531,14652.34960938,14522.54980469,14639.75,14934.978175059994,1409969408
2021-12-23,14738.29980469,14779.29980469,14708.70019531,14751.45019531,14929.242925692806,1281598464
2021-12-24,14813.90039063,14819.20019531,14605.04980469,14664.79980469,14920.979078161468,1397256064
2021-12-27,14617.15039063,14745.54980469,14515.25,14727.59960938,14914.935969762048,1358258560
2021-12-28,14809.5,14880.84960938,14805.29980469,14867.84960938,14913.464521000109,1228712064
2021-12-29,14866.20019531,14922.34960938,14835.34960938,14863.40039063,14911.900016926043,1617140096
2021-12-30,14856.09960938,14894.65039063,14815,14842.04980469,14909.717197793667,1816746496
2021-12-31,14879.25,15022.34960938,14877.84960938,14996.20019531,14912.419791466053,1838520960
2022-01-03,15030.5,15220.04980469,15028.54980469,15204.59960938,14921.550410775864,1749990784
2022-01-04,15260.90039063,15333.59960938,15168.15039063,15318.75,14933.962897939118,2029970816
2022-01-05,15329.75,15410.59960938,15264.84960938,15396.40039063,14948.414069585708,1913511680
2022-01-06,15275.75,15315.5,15197.09960938,15290.09960938,14959.091742704279,1876975744
2022-01-07,15333.45019531,15418.40039063,15255.45019531,15348.54980469,14971.262307141333,1962350976
2022-01-10,15427.65039063,15504,15400.54980469,15495.54980469,14987.646291439729,1857423616
2022-01-11,15497.5,15559.09960938,15462.04980469,15530.54980469,15004.6120262288,3916173568
2022-01-12,15627.04980469,15678.70019531,15595.65039063,15667.90039063,15025.339787616338,2486878976
2022-01-13,15710.29980469,15730.95019531,15629.45019531,15721.04980469,15047.08072564989,1901143424
2022-01-14,15667.95019531,15754.45019531,15619.54980469,15730.40039063,15068.434465180519,1601054080
2022-01-17,15731.34960938,15794.95019531,15718.25,15781.25,15090.709950643628,1696886400
2022-01-18,15819.45019531,15834.20019531,15546.65039063,15573.09960938,15105.784627479139,1880377984
2022-01-19,15580.40039063,15580.40039063,15403.20019531,15472.5,15117.244482870416,1823623168
2022-01-20,15464.45019531,15486.15039063,15280.54980469,15361.09960938,15124.86495557384,1452364928
2022-01-21,15252.90039063,15294.70019531,15069.04980469,15180.79980469,15126.612919608719,1624156672
2022-01-24,15155,15165.40039063,14577.15039063,14712.04980469,15113.657822267509,2092790912
2022-01-25,14577.54980469,14853,14410.90039063,14832.20019531,15104.862271425087,2059618944
2022-01-27,14671.70019531,14735.75,14489.79980469,14679.70019531,15091.57595654649,2247371264
2022-01-28,14773.04980469,14952.15039063,14701.59960938,14723.25,15080.065770404413,2108354432
2022-01-31,14894.75,14975.79980469,14857.54980469,14921.45019531,15075.109033682713,1701833600
2022-02-01,15073.15039063,15138.20019531,14850.29980469,15116.20019531,15076.393132483565,2290902272
2022-02-02,15218.25,15304.59960938,15201.45019531,15293.34960938,15083.173022386578,1979267968
2022-02-03,15289.15039063,15296.34960938,15101,15135.90039063,15084.820752644186,1718538240
2022-02-04,15159.59960938,15188.40039063,15048.34960938,15085.45019531,15084.840422727493,1700283520
2022-02-07,15065.04980469,15126.65039063,14796.20019531,14870.59960938,15078.145397310383,1777758208
2022-02-08,14926.5,14955.25,14689.15039063,14857.04980469,15071.236160040997,1793708416
2022-02-09,14942.75,15026.5,14925.04980469,15016.34960938,15069.52095533284,1413173376
2022-02-10,15084.34960938,15134.09960938,14972.34960938,15112.20019531,15070.854681582126,1675851520
2022-02-11,14988.95019531,14990.59960938,14862.04980469,14891.29980469,15065.243591679247,1399113728
2022-02-14,14606.54980469,14638.65039063,14370.70019531,14400.40039063,15044.467241646458,1733846912
2022-02-15,14469,14822.75,14348.40039063,14805.54980469,15037.001071741568,1813119360
2022-02-16,14876.65039063,14935.59960938,14756.5,14789.90039063,15029.279175456832,1468717184
2022-02-17,14857.09960938,14895.65039063,14725.04980469,14772.04980469,15021.240757620368,1173686784
2022-02-18,14711.29980469,14815,14692.65039063,14710.70019531,15011.536365048169,1107629312
2022-02-21,14638.34960938,14733.09960938,14498.20019531,14597.09960938,14998.585216433537,1685206912
2022-02-22,14269.45019531,14527.20019531,14267.59960938,14489.04980469,14982.662234816551,1789782528
2022-02-23,14581.04980469,14629.04980469,14482.29980469,14506.95019531,14967.796233581972,1359046144
2022-02-24,14055.84960938,14180.84960938,13747.45019531,13775.70019531,14930.543232385973,2896660224
2022-02-25,14018.09960938,14247.04980469,14007.70019531,14187.40039063,14907.320018581098,2082555264
2022-02-28,14047.75,14320.95019531,13928.79980469,14307.95019531,14888.589711603876,2039609344
2022-03-02,14161.70019531,14265.5,14104.75,14199.79980469,14867.065027012817,1960825472
2022-03-03,14327.70019531,14364.59960938,14094.29980469,14135.95019531,14844.217688522103,1981292544
2022-03-04,14020.20019531,14075,13828.45019531,13893.15039063,14814.496835462975,2163358464
2022-03-07,13594.75,13637.5,13438.29980469,13564.25,14775.426621854756,2132125312
2022-03-08,13504.75,13720.09960938,13423.54980469,13706.75,14742.030477421795,1986681472
2022-03-09,13786.40039063,14037.65039063,13721.95019531,13979.59960938,14718.204512795488,1863587328
2022-03-10,14313.20019531,14316.79980469,14079.84960938,14189,14701.666871770629,1946810496
2022-03-11,14145.5,14268.29980469,14098.70019531,14237.15039063,14687.150731734984,1529739392
2022-03-14,14248.90039063,14389.34960938,14189.09960938,14374.59960938,14677.383509161391,1450414976
2022-03-15,14408.75,14433.75,14130.90039063,14215.84960938,14662.960574793222,1766275712
2022-03-16,14392.54980469,14491.45019531,14369.5,14481.79980469,14657.299300727496,1284516864
2022-03-17,14667.20019531,14756.54980469,14644.75,14721.70019531,14659.3118286832,2600172800
2022-03-21,14773.04980469,14789.84960938,14590.70019531,14602.34960938,14657.531759329975,1498216576
2022-03-22,14613.09960938,14738.15039063,14492.25,14724.04980469,14659.610448247477,1520859008
2022-03-23,14806.59960938,14833.29980469,14660.45019531,14695.15039063,14660.721071446931,1679968640
2022-03-24,14598.75,14744.70019531,14595.70019531,14699.34960938,14661.928213257339,1609080064
2022-03-25,14763.90039063,14768.29980469,14590.45019531,14651.70019531,14661.608587696484,1396675584
2022-03-28,14686.25,14694.84960938,14515.65039063,14675.84960938,14662.053619624094,1547370752
2022-03-29,14744.04980469,14773.15039063,14689.59960938,14761.90039063,14665.173831218028,1722624128
2022-03-30,14880.70019531,14924.75,14823.54980469,14896.90039063,14672.415286199652,2148589824
2022-03-31,14925.54980469,14963.40039063,14871,14894.5,14679.355433505913,1815251712
2022-04-01,14890.09960938,15111.34960938,14882.59960938,15087.29980469,14692.103695105416,1854339968
2022-04-04,15192.79980469,15393.34960938,15184.70019531,15384.20019531,14713.731710736809,1956545536
2022-04-05,15433.04980469,15477.79980469,15360.20019531,15390.5,14734.880719776284,1870375936
2022-04-06,15318.15039063,15387.40039063,15293.84960938,15327.90039063,14753.412584490463,2840470528
2022-04-07,15292.34960938,15361.20019531,15185.70019531,15201.25,14767.407503725135,3302558464
2022-04-08,15271.34960938,15386.09960938,15202.5,15342.40039063,14785.376031440912,2385134848
2022-04-11,15337.5,15386.84960938,15294.29980469,15325.5,14802.254905458383,1750682880
2022-04-12,15281.84960938,15283.34960938,15078.45019531,15164.70019531,14813.581320766247,1771426816
2022-04-13,15239.65039063,15284.70019531,15126.65039063,15138.54980469,14823.736585888864,1388629120
2022-04-18,14942.59960938,14971.5,14821.25,14926.04980469,14826.933873976399,1667169920
2022-04-19,15012.75,15041.65039063,14617.04980469,14726.65039063,14823.800015121824,1853656960
2022-04-20,14807.15039063,14905.25,14747.95019531,14850.29980469,14824.62813354583,1461913600
2022-04-21,14946.29980469,15067.45019531,14929.15039063,15053.95019531,14831.79444797596,1435941504
2022-04-22,14948.09960938,15015.34960938,14875.79980469,14894.84960938,14833.764921769836,1486943488
2022-04-25,14758.59960938,14769.09960938,14623.09960938,14673,14828.741017964529,1525996928
2022-04-26,14818.79980469,14915.34960938,14785.84960938,14898.34960938,14830.916286446261,1357486720
2022-04-27,14797.34960938,14825.54980469,14678.95019531,14756,14828.575152494815,1542960512
2022-04-28,14886.5,14964.59960938,14765.84960938,14913.90039063,14831.24156618654,1613145984
2022-04-29,14991.45019531,15011.70019531,14743.34960938,14783.34960938,14829.744942536336,1609557504
2022-05-02,14647.25,14751.04980469,14617.75,14736.29980469,14826.824781978637,1413251712
2022-05-04,14771.45019531,14798.29980469,14343.59960938,14393.34960938,14813.27868283493,1621304192
2022-05-05,14542.15039063,14606.04980469,14365.54980469,14395.5,14800.22309899634,1345800832
2022-05-06,14159.09960938,14205,14073.45019531,14145.75,14779.770814652704,1527249408
2022-05-09,14002.75,14088.29980469,13879.54980469,13991.75,14755.145164194806,1419933056
2022-05-10,13953.95019531,14068.40039063,13823.34960938,13855.95019531,14727.045321417156,1346115328
2022-05-11,13888.15039063,13949.09960938,13589.34960938,13771.79980469,14697.193899019432,1786896640
2022-05-12,13656.95019531,13671,13389.75,13465.25,14658.695652175074,1829316992
2022-05-13,13621.20019531,13738.54980469,13435.04980469,13471.5,14621.595788044604,1731899648
2022-05-16,13540.25,13646.29980469,13434.45019531,13571.20019531,14588.770925771647,1504557312
2022-05-17,13648.45019531,13944.70019531,13632.15039063,13926.04980469,14568.060890737845,1544459648
2022-05-18,13989.34960938,14064,13896.59960938,13918.20019531,14547.752744005724,1588777216
2022-05-19,13625.75,13680.65039063,13520.95019531,13550.90039063,14516.601107962733,1523213312
2022-05-20,13755.04980469,13906.40039063,13733.54980469,13895.04980469,14497.17762973546,1395979136
2022-05-23,13929.75,14005.5,13813.59960938,13835.79980469,14476.509572702791,1569104128
2022-05-24,13858.04980469,13883.54980469,13709.40039063,13747.25,14453.720211055828,1571206272
2022-05-25,13805.09960938,13821.40039063,13574.5,13587.75,14426.658641960334,1367445888
2022-05-26,13651.54980469,13756.84960938,13445.25,13722.54980469,14404.655240795635,1681237760
2022-05-27,13839.29980469,13885.04980469,13768.29980469,13873.15039063,14388.04571422796,1251551488
2022-05-30,14022.59960938,14163.04980469,14009.65039063,14154.79980469,14380.756779554898,1395876224
2022-05-31,14106,14215.45019531,14067.04980469,14119.59960938,14372.595617986934,2586988032
2022-06-01,14132.09960938,14186.90039063,14009.04980469,14082.90039063,14363.54264213203,1370310784
2022-06-02,14059.25,14179.29980469,14029.79980469,14167.95019531,14357.430378168841,1277668352
2022-06-03,14280.34960938,14300,14064.90039063,14077.90039063,14348.695066058253,1205397632
2022-06-06,14042.40039063,14081.20019531,13932.15039063,14054.09960938,14339.488958037058,1118137600
2022-06-07,13978.65039063,13990.20019531,13883.75,13935.59960938,14326.867415891526,1115121664
2022-06-08,13981.65039063,14020.45019531,13832.45019531,13886.90039063,14313.118446352102,1231348224
2022-06-09,13816.70019531,13989,13790,13977.09960938,14302.617857696723,1113757824
2022-06-10,13825,13860.04980469,13757.95019531,13781.75,14286.3407371437,1032795200
2022-06-13,13521.20019531,13527.75,13356.20019531,13416.90039063,14259.170726315147,1305922944
2022-06-14,13341.95019531,13506.5,13324.15039063,13388.29980469,14231.95601001436,1238021632
2022-06-15,13412.20019531,13448.45019531,13366.75,13380.84960938,14205.358934994538,973337664
2022-06-16,13508.70019531,13527.79980469,13064.04980469,13089.20019531,14170.478974379395,1384745472
2022-06-17,13011.40039063,13111.95019531,12903.84960938,12994.75,14133.73744393004,1644428800
2022-06-20,13026.15039063,13049.40039063,12855.54980469,12950.75,14096.769086307226,1552709504
2022-06-21,13042.79980469,13275.5,13019.34960938,13241.90039063,14070.054439567313,1451610624
2022-06-22,13176.09960938,13184.90039063,13028.34960938,13047.75,14038.107425830834,1284495488
2022-06-23,13081.90039063,13231.90039063,13021.25,13178.79980469,14011.254062670183,1234691328
2022-06-24,13269.20019531,13337.70019531,13247.95019531,13322.5,13989.73049821174,1193475584
2022-06-27,13506.34960938,13510.79980469,13432.65039063,13444.54980469,13972.693601539186,1203120640
2022-06-28,13389.84960938,13487.5,13330.75,13464.25,13956.804738991086,1242357504
2022-06-29,13337.65039063,13462.04980469,13328.20019531,13417.84960938,13939.96239119074,1413401728
2022-06-30,13410.79980469,13492.15039063,13352.40039063,13387.54980469,13922.699497862592,1296248192
2022-07-01,13335.25,13422.45019531,13192.90039063,13394.45019531,13906.191707157823,1292269824
2022-07-04,13378.40039063,13483.70019531,13337.20019531,13472.65039063,13892.643541016329,1089768448
2022-07-05,13533.75,13628.45019531,13439.40039063,13461.84960938,13879.181230652694,1143160448
2022-07-06,13472.79980469,13647.20019531,13443.34960938,13631.29980469,13871.43493609136,1162372736
2022-07-07,13736.95019531,13777.75,13687.54980469,13765.59960938,13868.12758213163,1222448768
2022-07-08,13873.75,13874.70019531,13770.90039063,13828.25,13866.881407690016,1089808768
2022-07-11,13771.40039063,13905.95019531,13755.75,13886.84960938,13867.505413992829,1251289984
2022-07-12,13823.59960938,13866.65039063,13757.29980469,13779,13864.739619805552,1228800000
2022-07-13,13842.79980469,13861.29980469,13714.20019531,13726.95019531,13860.433700290067,1100870016
2022-07-14,13771.20019531,13797.59960938,13617.15039063,13702.65039063,13855.502971863189,1079600000
2022-07-15,13761.09960938,13804.04980469,13695.20019531,13790.20019531,13853.462260095901,1083209984
2022-07-18,13883.79980469,13993.40039063,13877.59960938,13984.40039063,13857.554076675091,1171449984
2022-07-19,13922.54980469,14067.75,13922.34960938,14051.65039063,13863.619586486182,1281730048
2022-07-20,14220.20019531,14230.90039063,14140,14164.40039063,13873.018986615676,1355879936
2022-07-21,14172.79980469,14288.59960938,14141.65039063,14271.79980469,13885.480887180498,1381479936
2022-07-22,14325.04980469,14359.75,14265.25,14336.59960938,13899.578347249233,1246599936
2022-07-25,14307.90039063,14335.09960938,14228.15039063,14279.5,13911.450898897694,1389059968
2022-07-26,14284.70019531,14286.5,14122.54980469,14141.45019531,13918.638376910578,1492339968
2022-07-27,14131.79980469,14272.20019531,14099.90039063,14262.54980469,13929.385609028684,1507670016
2022-07-28,14365.04980469,14481.45019531,14330.29980469,14469.09960938,13946.251671539663,1741949952
2022-07-29,14588.15039063,14677.75,14553.65039063,14665.65039063,13968.732881511236,1916390016
2022-08-01,14741.40039063,14858.29980469,14666.20019531,14846.84960938,13996.174029257134,2120230016
2022-08-02,14831.90039063,14906,14765.29980469,14876.59960938,14023.687328635973,3264570112
2022-08-03,14880.65039063,14906.70019531,14750.75,14878.04980469,14050.38615601266,2401939968
2022-08-04,14944.95019531,14974.70019531,14688,14892.45019531,14076.700657240703,2319360000
2022-08-05,14933.20019531,14972.09960938,14874.25,14900.40039063,14102.441273909119,2152620032
2022-08-08,14910.59960938,15009.90039063,14867.20019531,14993.34960938,14130.282159392584,1442019968
2022-08-10,15033.29980469,15033.29980469,14919.20019531,14985.79980469,14157.017085808127,1694579968
2022-08-11,15123.65039063,15130.04980469,15069.90039063,15095.15039063,14186.33375158381,1496589952
2022-08-12,15102.79980469,15162.29980469,15060.75,15140.54980469,14216.153003243378,1736429952
2022-08-16,15222.90039063,15287.45019531,15203.5,15280.5,14249.413846892023,1634318111
2022-08-17,15325.34960938,15398.45019531,15306.54980469,15379.04980469,14284.71497057321,1881469952
2022-08-18,15355.59960938,15415.25,15325.20019531,15404.59960938,14319.711365535923,1749040000
2022-08-19,15426.20019531,15445.5,15205.54980469,15236.65039063,14348.365710070113,1925120000
2022-08-22,15183.09960938,15186.15039063,14980.40039063,15001.75,14368.783969130422,1648240000
2022-08-23,14887,15128.25,14879.90039063,15090.5,14391.337595095096,1844199936
2022-08-24,15062.45019531,15152.45019531,15037.15039063,15140.40039063,14414.745807455562,1754770048
2022-08-25,15208.84960938,15252.79980469,15075.09960938,15100.65039063,14436.180325679763,2157550080
2022-08-26,15187.09960938,15242.65039063,15116.20019531,15147.54980469,14458.410621898833,1714470016
2022-08-29,14797.79980469,15016.25,14793.95019531,14972.75,14474.483727464494,1543810048
2022-08-30,15071.45019531,15338.79980469,15065.34960938,15325.04980469,14501.06391737779,1849360000
2022-09-01,15142.70019531,15309.84960938,15141.45019531,15211.20019531,14523.255676063172,1887719936
2022-09-02,15272.45019531,15305,15184.29980469,15201.59960938,14544.453923979323,1721100032
2022-09-05,15221.75,15311.95019531,15217.34960938,15294.40039063,14567.889751062157,2063020032
2022-09-06,15339.29980469,15386.75,15248,15313.04980469,14591.176002738028,2340270080
2022-09-07,15222.25,15334,15199.40039063,15319.40039063,14613.933014859653,2329469952
2022-09-08,15430.20019531,15448.75,15365.70019531,15440.70019531,14639.769489248727,1962089984
2022-09-09,15547.54980469,15548.84960938,15426.40039063,15467.40039063,14665.632954916891,1883280000
2022-09-12,15524.70019531,15600.15039063,15522.40039063,15577.40039063,14694.125687282925,1403830016
2022-09-13,15667.34960938,15686.84960938,15635.15039063,15669.84960938,14724.617059848459,1799280000
2022-09-14,15423.90039063,15688.09960938,15423.90039063,15630.70019531,14752.932157831632,2023789952
2022-09-15,15686,15724.45019531,15543.90039063,15580.34960938,14778.78895319252,1805670016
2022-09-16,15529.34960938,15542,15197.90039063,15243.95019531,14793.32524200869,2582889984
2022-09-19,15264.25,15348.79980469,15135.15039063,15293.54980469,14808.95725959248,1592809984
2022-09-20,15423.5,15557.29980469,15410.25,15470.34960938,14829.62577052334,1514540032
2022-09-21,15449.25,15516.5,15320.04980469,15361.25,14846.239027694486,1633799936
2022-09-22,15284.59960938,15386.75,15224.95019531,15335.29980469,14861.522176975595,1868220032
2022-09-23,15324.29980469,15360.20019531,15032.75,15057.65039063,14867.651183652295,1723229952
2022-09-26,14916.90039063,14932.5,14671.04980469,14725.70019531,14863.215215266599,1994240000
2022-09-27,14805.84960938,14874.45019531,14652.29980469,14727.29980469,14858.96785868608,1676739968
2022-09-28,14617.40039063,14768.25,14577.04980469,14620.59960938,14851.518850895263,1559120000
2022-09-29,14748.20019531,14783.75,14569.09960938,14602.5,14843.737011804786,1813590016
2022-09-30,14586.90039063,14881.29980469,14516.29980469,14829.34960938,14843.287405479012,1867970048
2022-10-03,14837.09960938,14858.65039063,14585.79980469,14638.5,14836.887799057793,1650749952
2022-10-04,14869.54980469,14975.59960938,14852.54980469,14965.79980469,14840.916299233799,1537440000
2022-10-06,15063.54980469,15119.90039063,15042.20019531,15053.04980469,14847.545471279305,1649250048
2022-10-07,15030.20019531,15055.65039063,14943.15039063,15036.70019531,14853.456556405265,1535859968
2022-10-10,14857,14989.04980469,14818.5,14951.65039063,14856.525113724787,1420460032
2022-10-11,14980.45019531,14982.75,14692.54980469,14721.90039063,14852.318091128074,1498800000
2022-10-12,14761.45019531,14844.84960938,14676.54980469,14829.95019531,14851.61909438376,1418989952
2022-10-13,14811.20019531,14832.34960938,14683.54980469,14730.29980469,14847.827866580828,1316039936
2022-10-14,14979.15039063,14989.15039063,14803.70019531,14815.09960938,14846.805108543302,1270080000
2022-10-17,14783.20019531,14920.70019531,14718.79980469,14906.15039063,14848.65964860851,1400729984
2022-10-18,15009.09960938,15071.95019531,15007.25,15056.54980469,14855.156215986057,1737720064
2022-10-19,15120.40039063,15153.04980469,15039.79980469,15068.59960938,14861.826322029618,1895840000
2022-10-20,14998.45019531,15128.40039063,14979.59960938,15112.09960938,14869.647362259317,1946680064
2022-10-21,15159.59960938,15181.90039063,15036.09960938,15081.09960938,14876.255244981838,1652009984
2022-10-24,15225.45019531,15248.04980469,15179.15039063,15198.75,14886.333206076155,396649984
2022-10-25,15251.75,15253.75,15143.45019531,15158.09960938,14894.8259061794,1717820032
2022-10-27,15246.54980469,15273.29980469,15172.15039063,15244.25,14905.745409111294,1790189952
2022-10-28,15265.45019531,15290.15039063,15191.59960938,15241.59960938,14916.24085286969,1488530048
2022-10-31,15333.15039063,15433.04980469,15327.40039063,15424,14932.108326217513,1436080000
2022-11-01,15507.95019531,15545.84960938,15460.70019531,15537.40039063,14951.023703230403,1756370048
2022-11-02,15560.45019531,15561.09960938,15470.40039063,15497.54980469,14968.102643901015,1356370048
2022-11-03,15407.79980469,15519.15039063,15401.29980469,15484.70019531,14984.246317382545,1533580032
2022-11-04,15495.75,15542.15039063,15454.29980469,15530.84960938,15001.327670257466,1799750016
2022-11-07,15610.95019531,15647.25,15505.75,15615.15039063,15020.509630269107,2098710016
2022-11-09,15684.45019531,15686.34960938,15534.84960938,15567.25,15037.595266823198,2286510080
2022-11-10,15490.25,15523.90039063,15384.34960938,15440,15050.170414734974,1696140032
2022-11-11,15633.5,15662.04980469,15612.45019531,15649.09960938,15068.88695206763,2301540096
2022-11-14,15672.5,15684.25,15627.75,15650.20019531,15087.052990918955,1975810048
2022-11-15,15678.5,15708.90039063,15609.5,15693.90039063,15106.016972159925,1490599936
2022-11-16,15696.54980469,15711.29980469,15607.25,15663.29980469,15123.43206067649,1895670016
2022-11-17,15630.54980469,15661.09960938,15573.95019531,15597.25,15138.23887128035,1751069952
2022-11-18,15634.29980469,15644.79980469,15472.34960938,15550.84960938,15151.132956845964,1740989952
2022-11-21,15514.59960938,15523.15039063,15431.20019531,15453.79980469,15160.59129584109,1897049984
2022-11-22,15472.65039063,15518.09960938,15437.29980469,15509.20019531,15171.485323949493,1889430016
2022-11-23,15572.75,15572.90039063,15520.25,15538.15039063,15182.94360728326,1966560000
2022-11-24,15588.45019531,15706.5,15567.75,15680.79980469,15198.50161345222,1938019968
2022-11-25,15719.79980469,15743.09960938,15668.34960938,15727.25,15215.025000531838,2580920064
2022-11-28,15683.75,15817.34960938,15642.79980469,15784.45019531,15232.819537868656,2407259904
2022-11-29,15784.54980469,15859.34960938,15782.40039063,15812.45019531,15250.932995913698,2085340032
2022-11-30,15827.45019531,15991.59960938,15820.54980469,15946.15039063,15272.658539498581,3148620032
2022-12-01,16041.15039063,16041.65039063,15972.75,16003.95019531,15295.511403742688,2087260032
2022-12-02,15977.5,15991.04980469,15909.59960938,15963.5,15316.386047375729,2231200000
2022-12-05,15994.95019531,15999.79980469,15881.79980469,15967.20019531,15336.723989498674,2366550016
2022-12-06,15904.09960938,15936.70019531,15881.59960938,15922.84960938,15355.040415119965,2311630080
2022-12-07,15932.25,15953.25,15836.04980469,15862,15370.882902147467,2008440064
2022-12-08,15881.79980469,15918.75,15860.29980469,15911.09960938,15387.764674248483,1967289984
2022-12-09,15964.84960938,15967.29980469,15727.34960938,15812.75,15401.045465678219,3679340032
2022-12-12,15759.65039063,15836.84960938,15687.95019531,15828,15414.387794875774,2791389952
2022-12-13,15863.25,15913.79980469,15830.65039063,15904.5,15429.703801285907,3497299968
2022-12-14,15958.15039063,15988.54980469,15946.29980469,15963.79980469,15446.394301392285,4415929856
2022-12-15,15938.04980469,15968.20019531,15758.84960938,15783.79980469,15456.938223370338,3335429888
2022-12-16,15710.90039063,15799.34960938,15625.25,15636.34960938,15462.54482918314,2877750016
2022-12-19,15658.84960938,15764,15606.15039063,15755.20019531,15471.690309374604,2537050112
2022-12-20,15704.04980469,15740.25,15580.79980469,15726.20019531,15479.643743310085,2326129920
2022-12-21,15772.95019531,15812.04980469,15497.59960938,15527.54980469,15481.140807728209,3062020096
2022-12-22,15599.54980469,15636.09960938,15369.59960938,15431.5,15479.589532486702,2756029952
2022-12-23,15300.75,15349.34960938,15018.75,15046,15466.039859596493,2817100032
2022-12-26,15060.84960938,15350.34960938,14985.40039063,15298.54980469,15460.805795380664,2912950016
2022-12-27,15375.20019531,15433.65039063,15278.59960938,15418.34960938,15459.479039568143,2551300096
2022-12-28,15390.54980469,15468.15039063,15363.65039063,15432.79980469,15458.6453134782,2369750016
2022-12-29,15370,15517.45019531,15307,15485.20019531,15459.475153535444,2121590016
2022-12-30,15557.75,15581.95019531,15425.65039063,15448.84960938,15459.143105280587,2141699968
2023-01-02,15479.95019531,15536.34960938,15433.29980469,15523.65039063,15461.158957947757,2100339968
2023-01-03,15515.75,15575.70019531,15500.75,15557.79980469,15464.178984408452,2077110016
2023-01-04,15563.15039063,15574.5,15375.79980469,15393,15461.954641145689,2139049984
2023-01-05,15446.5,15462.15039063,15286.40039063,15386.20019531,15459.587314713322,1756669952
2023-01-06,15401.34960938,15419.40039063,15219.84960938,15272,15453.72521112853,1731459968
2023-01-09,15360.40039063,15472.15039063,15353.34960938,15450.09960938,15453.61191107389,1622489984
2023-01-10,15470,15472.45019531,15262.09960938,15325.25,15449.60060135283,1603160064
2023-01-11,15342.75,15375.09960938,15257,15301.34960938,15444.96775785368,1618850048
2023-01-12,15329.70019531,15347.20019531,15203.54980469,15279.59960938,15439.800003213877,1525410048
2023-01-13,15295.90039063,15370.04980469,15215,15346.09960938,15436.871865906569,1654329984
2023-01-16,15398.15039063,15421.25,15276.5,15305.45019531,15432.764938700426,1862739968
2023-01-17,15328.84960938,15411,15291.59960938,15396.15039063,15431.620734073225,1662009984
2023-01-18,15416.59960938,15479.65039063,15376.5,15466.34960938,15432.706011426562,1456710016
2023-01-19,15427.15039063,15455.15039063,15387.25,15419.70019531,15432.29957967292,1397939968
2023-01-20,15428.20019531,15443.45019531,15336.70019531,15347.90039063,15429.662105015328,1456579968
2023-01-23,15411.5,15427.5,15364.25,15403.20019531,15428.835170337037,1746349952
2023-01-24,15451.20019531,15459.29980469,15364.20019531,15388.54980469,15427.576252660567,1385159936
2023-01-25,15364.40039063,15368.70019531,15146.40039063,15171.95019531,15419.587938368362,1796460032
2023-01-27,15160.15039063,15165.40039063,14779.09960938,14874.75,15402.56175279435,2361979904
2023-01-30,14807.5,14955.15039063,14675.04980469,14854.20019531,15385.425454122964,2176669952
2023-01-31,14906.45019531,14962.95019531,14787.84960938,14935.5,15371.365283681622,2135709952
2023-02-01,15054.79980469,15154.09960938,14622.65039063,14847.65039063,15354.99919327376,2638249984
2023-02-02,14760.34960938,14887.45019531,14698.40039063,14839.40039063,15338.886730691142,2056909952
2023-02-03,14904.09960938,14972.15039063,14746.45019531,14962.34960938,15327.119945650169,2022620032
2023-02-06,14939.40039063,14954.29980469,14870.54980469,14934.15039063,15314.83964705579,2178289920
2023-02-07,14950.15039063,14970.79980469,14845.95019531,14902.20019531,15301.944664188733,1680000000
2023-02-08,14927.54980469,15046.70019531,14924.04980469,15028.29980469,15293.393262329399,1730150016
2023-02-09,15036.84960938,15054.75,14956.90039063,15030.09960938,15285.16533567473,1569289984
2023-02-10,14992.65039063,15031.09960938,14969.54980469,15015.84960938,15276.74921922802,1567459968
2023-02-13,15011.34960938,15022.54980469,14875.84960938,14900.5,15264.991431127144,1389240064
2023-02-14,14936.20019531,14988,14879.34960938,14968.90039063,15255.738586111609,1317350016
2023-02-15,14939,15053.54980469,14923.25,15039.65039063,15248.985830002808,1261219968
2023-02-16,15098.45019531,15135.34960938,15060,15083.75,15243.82221031522,1262809984
2023-02-17,15036.25,15077,14966.29980469,15003.95019531,15236.326209846307,1178870016
2023-02-20,15023.45019531,15036.45019531,14920.70019531,14938.65039063,15227.023840495798,1487040000
2023-02-21,14982,14992.70019531,14894.15039063,14913.95019531,15217.240289083742,1362140032
2023-02-22,14854.15039063,14861.04980469,14674.25,14701.90039063,15201.135917257063,1445330048
2023-02-23,14715.20019531,14740.79980469,14599.09960938,14666.75,15184.43635734278,1738279936
2023-02-24,14723.40039063,14741.95019531,14598.95019531,14630.45019531,15167.124289779256,1443459968
2023-02-27,14600.90039063,14609.40039063,14465.70019531,14548.70019531,15147.798536827093,1359789952
2023-02-28,14550,14584.45019531,14476,14518.75,15128.140770051246,2038550016
2023-03-01,14557,14675.04980469,14550.09960938,14664.84960938,15113.662921280269,1609699968
2023-03-02,14654.79980469,14668.40039063,14575.95019531,14587.25,15097.212517490261,1559920000
2023-03-03,14686.25,14813.04980469,14676.04980469,14774.75,15087.13556381869,1831399936
2023-03-06,14848.34960938,14942.04980469,14843.70019531,14881,15080.693827449357,1618599936
2023-03-08,14843.09960938,14932.40039063,14791.25,14921.95019531,15075.733088945002,1383640064
2023-03-09,14947.04980469,14952.84960938,14788.90039063,14803.95019531,15067.239873518909,1337600000
2023-03-10,14695.04980469,14699.34960938,14593.40039063,14679.84960938,15055.133927764567,1254040064
2023-03-13,14681.54980469,14752.84960938,14420.5,14454.45019531,15036.362561125363,1820009984
2023-03-14,14462,14499.20019531,14306.79980469,14358.54980469,15015.180912486758,1541520000
2023-03-15,14458.15039063,14494.34960938,14298.15039063,14320.29980469,14993.46587786811,1386569984
2023-03-16,14328.5,14387.65039063,14189,14330.34960938,14972.743494477856,2166810112
2023-03-17,14436.25,14464.90039063,14327.75,14420.84960938,14955.496810568548,2335800064
2023-03-20,14389.84960938,14393.59960938,14196.5,14317.09960938,14935.546898031405,1617970048
2023-03-21,14379.04980469,14428.15039063,14339.95019531,14411.29980469,14919.164176364486,1329389952
2023-03-22,14470.04980469,14497.15039063,14432.20019531,14460,14904.815295853095,1288568714
2023-03-23,14422.95019531,14490.65039063,14388.29980469,14403.59960938,14889.15230565081,1162230016
2023-03-24,14409,14434.09960938,14257.5,14279,14870.085046099222,1396050048
2023-03-27,14306.59960938,14348.95019531,14238.90039063,14262.70019531,14851.10426951206,1481560064
2023-03-28,14289.95019531,14300.20019531,14177.5,14211.79980469,14831.12600498637,1461520000
2023-03-29,14218.59960938,14377.29980469,14218.59960938,14345.59960938,14815.953305123672,1955709952
2023-03-31,14442.29980469,14577.15039063,14438.79980469,14557.84960938,14807.887564631683,1740560000
2023-04-03,14621.04980469,14621.04980469,14541.59960938,14601.95019531,14801.45202184038,1382489984
2023-04-05,14620.70019531,14718.90039063,14611.25,14709.40039063,14798.575408365055,1345240064
2023-04-06,14701.09960938,14786,14673.70019531,14759.20019531,14797.344932957085,1301689984
2023-04-10,14797.34960938,14833.45019531,14767,14790.54980469,14797.132585198739,1206320000
2023-04-11,14854.65039063,14893.59960938,14814.34960938,14867.25,14799.323754411278,1244489984
2023-04-12,14902.20019531,14949.90039063,14871.90039063,14941.54980469,14803.768318482487,1196589952
2023-04-13,14946.45019531,14965.70019531,14885.25,14954.25,14808.47087102991,1296249984
2023-04-17,14970.34960938,14970.34960938,14794.45019531,14904.29980469,14811.465525206788,1396019968
2023-04-18,14949.09960938,14949.09960938,14852.65039063,14897,14814.138477544077,1588349952
2023-04-19,14901.25,14905.59960938,14832.90039063,14856.90039063,14815.474787328012,1465720064
2023-04-20,14878.54980469,14905.79980469,14835.90039063,14861.75,14816.920887724013,1113299968
2023-04-21,14879.59960938,14888.65039063,14789.95019531,14847.09960938,14817.863972775762,1446489984
2023-04-24,14903.95019531,14937.20019531,14841.59960938,14930.15039063,14821.372923333707,1560380032
2023-04-25,14945.79980469,14981.29980469,14916.34960938,14955.70019531,14825.570650582966,1999030016
2023-04-26,14954.20019531,15003.09960938,14918.54980469,14994.40039063,14830.846579959436,2112790016
2023-04-27,14999.90039063,15085.84960938,14989.20019531,15075.04980469,14838.477930732266,1984700032
2023-04-28,15111.04980469,15235.45019531,15077.45019531,15219.54980469,14850.386426793446,2214479872
2023-05-02,15276.20019531,15327.75,15261.15039063,15300.75,14864.46028845615,2188090112
2023-05-03,15277.75,15305.04980469,15239.5,15276.40039063,14877.333416649082,2173390080
2023-05-04,15282.25,15414.70019531,15272.70019531,15405.5,14893.838622378798,2225520128
2023-05-05,15330.34960938,15394.90039063,15265.84960938,15278.59960938,14905.862403222585,2111149952
2023-05-08,15321.90039063,15440.84960938,15310.75,15427.09960938,14922.151065915004,1756130048
2023-05-09,15462.75,15502.70019531,15393.95019531,15420.59960938,14937.727582898286,1814850048
2023-05-10,15458.04980469,15476.09960938,15372.45019531,15466.04980469,14954.237652329277,1633260032
2023-05-11,15512.34960938,15526.75,15461.84960938,15484.04980469,14970.79428209055,1597880064
2023-05-12,15475.04980469,15506.15039063,15401.65039063,15477.34960938,14986.624136068345,1349779968
2023-05-15,15495.84960938,15591.95019531,15464.65039063,15549.70019531,15004.220262919647,1356770048
2023-05-16,15584.40039063,15592.25,15476.65039063,15492.40039063,15019.475891910595,1781789952
2023-05-17,15508.25,15512.84960938,15367,15426.34960938,15032.190695581514,1707389952
2023-05-18,15506.65039063,15514.90039063,15346.84960938,15361.59960938,15042.484724137717,1592850048
2023-05-19,15399.5,15418.79980469,15278.70019531,15407.54980469,15053.893007904977,1395760000
2023-05-22,15409.04980469,15517.65039063,15386.90039063,15504,15067.958851407946,1699219968
2023-05-23,15551.04980469,15595.65039063,15528.75,15544.75,15082.858574801448,1488310016
2023-05-24,15517.20019531,15591.40039063,15493.29980469,15515.95019531,15096.392687942342,1759570048
2023-05-25,15510.20019531,15568.54980469,15474.15039063,15555.25,15110.731978944143,1791619968
2023-05-26,15589.5,15704,15567.84960938,15696.75,15129.045042102138,1555180032
2023-05-29,15791.75,15805.75,15758.15039063,15772.34960938,15149.14830982957,1756009984
2023-05-30,15784.25,15823.90039063,15759.34960938,15799.45019531,15169.470243750833,1635980032
2023-05-31,15773.79980469,15789.20019531,15706.5,15766.40039063,15188.124310840807,3452740096
2023-06-01,15801.95019531,15823.95019531,15743.40039063,15760.34960938,15206.006351420157,1756669952
2023-06-02,15816.79980469,15838.45019531,15774.65039063,15811.20019531,15224.918659041716,1850569984
2023-06-05,15877.45019531,15899.15039063,15851.75,15859.5,15244.749325946663,1789970048
2023-06-06,15873.75,15895.70019531,15816.70019531,15878.40039063,15264.550921718017,1727379968
2023-06-07,15938.29980469,16016,15920.25,16006.70019531,15287.743086517767,3113270016
2023-06-08,16021.70019531,16048.79980469,15906.15039063,15921.04980469,15307.533921460648,2368750080
2023-06-09,15947.95019531,15961.70019531,15866.79980469,15877.40039063,15325.34224862219,1899270016
2023-06-12,15913.20019531,15946.15039063,15874.40039063,15929.09960938,15344.20966614587,1724889984
2023-06-13,15964.79980469,16057.5,15964.29980469,16048.20019531,15366.20937018225,1911980032
2023-06-14,16082.15039063,16094.09960938,16035.15039063,16084.04980469,15388.641883760618,2015520000
2023-06-15,16106.84960938,16138.70019531,16039.04980469,16058.25,15409.567137393098,1704320000
2023-06-16,16100.90039063,16211.25,16091.79980469,16181.45019531,15433.688482953,2041479936
2023-06-19,16231.04980469,16244.95019531,16117.84960938,16142.15039063,15455.827917567907,1733299968
2023-06-20,16147.54980469,16215.59960938,16080.95019531,16199.95019531,15479.081738747347,1693219968
2023-06-21,16244.54980469,16277.34960938,16201.40039063,16240.95019531,15502.89012801493,1856150016
2023-06-22,16252.75,16264.15039063,16128.79980469,16140.79980469,15522.824805411024,1797200000
2023-06-23,16126.70019531,16133.95019531,15999.40039063,16011.79980469,15538.105274138492,1506649984
2023-06-26,16017.5,16079,15995.09960938,16066.15039063,15554.606684028851,1333430016
2023-06-27,16118.65039063,16171.20019531,16104.20019531,16163.5,15573.63460015295,1483209984
2023-06-28,16239.84960938,16296,16210.45019531,16277.20019531,15595.621025001607,2074189952
2023-06-30,16354.95019531,16437.44921875,16326,16430,15621.695367970306,2166299904
2023-07-03,16490.94921875,16541.90039063,16485.30078125,16527.94921875,15650.01580080717,2214330112
2023-07-04,16597.5,16599.25,16499.15039063,16556.05078125,15678.329393946009,2893789952
2023-07-05,16580.19921875,16611.15039063,16540.19921875,16597.19921875,15707.044075971135,2338439936
2023-07-06,16600.75,16703.30078125,16590.69921875,16695.05078125,15737.9192855111,2484570112
2023-07-07,16653.30078125,16718.19921875,16541.59960938,16564.90039063,15763.762445046064,2179399936
2023-07-10,16620.90039063,16623.94921875,16530.75,16553.75,15788.449556138376,1783750016
2023-07-11,16610.94921875,16698.80078125,16597.55078125,16648,15815.310507509052,1975160064
2023-07-12,16697.09960938,16703.25,16627.30078125,16641.05078125,15841.114891063457,2112050048
2023-07-13,16726.94921875,16774.5,16596.44921875,16623.90039063,15865.57693792491,2156359936
2023-07-14,16695.69921875,16786,16655.05078125,16765.44921875,15893.697946700695,1682710016
2023-07-17,16811.65039063,16884.94921875,16784.34960938,16872.05078125,15924.271472780361,2046130048
2023-07-18,16932.94921875,16940.15039063,16818.30078125,16872,15953.887989255974,1999920000
2023-07-19,16919.05078125,16964.25,16877.44921875,16953.5,15985.125864591726,1986819968
2023-07-20,16965.44921875,17051,16912.69921875,17042.55078125,16018.170393237297,2161649920
2023-07-21,16931.94921875,16991.40039063,16874.94921875,16904.30078125,16045.861967862693,2357179904
2023-07-24,16921.75,16948.40039063,16852.19921875,16865.15039063,16071.464731074171,2884000000
2023-07-25,16918.80078125,16918.84960938,16832.44921875,16896.90039063,16097.259595435291,2288029952
2023-07-26,16950.69921875,17011,16931.59960938,16975,16124.688983077938,2313609984
2023-07-27,17038.34960938,17056.19921875,16873,16919.19921875,16149.51742794269,2480260096
2023-07-28,16935.05078125,16960.5,16880.59960938,16948.34960938,16174.480933612605,2068540032
2023-07-31,16972.5,17072.80078125,16939,17059,16202.122154437211,2443429888
2023-08-01,17096.59960938,17102.09960938,17026.30078125,17051.15039063,16228.654286818235,2330919936
2023-08-02,17005.59960938,17018.84960938,16755.90039063,16858.94921875,16248.351003441103,2424630016
2023-08-03,16818.34960938,16878.75,16691.65039063,16772.30078125,16264.724433997631,2549860096
2023-08-04,16847.40039063,16914.44921875,16836.55078125,16890.59960938,16284.28303322833,2629070080
2023-08-07,16948.34960938,16970.05078125,16897.5,16956.34960938,16305.285113733069,2250350080
2023-08-08,16991.84960938,16998.15039063,16889.84960938,16949.25,16325.40901642891,2394540032
2023-08-09,16966.84960938,17011.94921875,16881.75,17003.84960938,16346.610284958631,2114889984
2023-08-10,16999.5,17013.44921875,16901.55078125,16939.84960938,16365.1490138468,2345380096
2023-08-11,16970.05078125,16972.05078125,16845.80078125,16860.15039063,16380.617806871274,2276879872
2023-08-14,16827.75,16854.09960938,16661,16825.55078125,16394.52196232061,2026870016
2023-08-16,16779.59960938,16867.80078125,16732.75,16853.05078125,16408.850987912152,1964390016
2023-08-17,16858.84960938,16869.40039063,16781.59960938,16802.25,16421.144707039897,2047869952
2023-08-18,16768,16803.25,16722.05078125,16757.69921875,16431.662035530837,1900550016
2023-08-21,16780.75,16872.55078125,16766.69921875,16852.05078125,16444.799183834562,1765280000
2023-08-22,16886.94921875,16925.44921875,16874.80078125,16905.25,16459.188271839732,2251640064
2023-08-23,16950.90039063,16981.84960938,16912.15039063,16950.25,16474.53395084474,2283719936
2023-08-24,17039.25,17074.25,16916.40039063,16930.15039063,16488.771964588028,2414340096
2023-08-25,16871,16905.69921875,16785.25,16820.84960938,16499.149390987775,2505019904
2023-08-28,16866.40039063,16918.25,16823.40039063,16875.30078125,16510.90412193347,2442609920
2023-08-29,16933.84960938,16938.80078125,16898.05078125,16927.30078125,16523.91651753711,2514030080
2023-08-30,17010.15039063,17035.59960938,16959.09960938,16968.94921875,16537.823789450013,2247510016
2023-08-31,17001.34960938,17011.80078125,16904.69921875,16924.30078125,16549.901195443763,3889499904
2023-09-01,16940.19921875,17088.09960938,16931.5,17074.55078125,16566.296495000206,3946589952
2023-09-04,17157.90039063,17191.19921875,17074.55078125,17180.94921875,16585.504392617386,4456719872
2023-09-05,17228.19921875,17264.90039063,17180.94921875,17252.09960938,16606.335493141218,3770249984
2023-09-06,17274.19921875,17298.80078125,17198.75,17284.59960938,16627.53124677368,3048649984
2023-09-07,17292.34960938,17395,17269.09960938,17385.5,16651.217770312003,2765479936
2023-09-08,17437.65039063,17519.59960938,17385.5,17487.44921875,16677.35000307569,2991389952
2023-09-11,17567.19921875,17660.80078125,17550.19921875,17653.34960938,16707.849990772702,3717220096
2023-09-12,17753.94921875,17754.05078125,17422.05078125,17460.55078125,16731.37189047512,4434019840
2023-09-13,17458.40039063,17540.84960938,17364.34960938,17526.75,16756.22745639777,3477319936
2023-09-14,17593.25,17648.55078125,17546,17603.5,16782.70472338534,2950880000
2023-09-15,17662.80078125,17691.84960938,17620.90039063,17665.80078125,16810.30147519361,4139200000
2023-09-18,17666.84960938,17671.59960938,17601.55078125,17613.59960938,16835.404541886935,4463920128
2023-09-20,17513.19921875,17571.15039063,17419.75,17449.34960938,16854.590325246092,3096780032
2023-09-21,17409.09960938,17422.75,17273.09960938,17303.5,16868.61875258215,2882269952
2023-09-22,17314.40039063,17361.80078125,17226.05078125,17260.80078125,16880.874440978023,3034800128
2023-09-25,17276.34960938,17308.19921875,17198.19921875,17272.55078125,16893.11432661152,2341570048
2023-09-26,17284.90039063,17312.34960938,17250.30078125,17276.75,16905.10294140491,2387170048
2023-09-27,17270.40039063,17352.09960938,17217.44921875,17341.59960938,16918.743462279133,2417639936
2023-09-28,17384.05078125,17389.19921875,17147,17170.44921875,16926.60926716885,2924750080
2023-09-29,17227.55078125,17357.15039063,17205.19921875,17292.59960938,16938.046465362946,2088080000
2023-10-03,17294.5,17295.44921875,17201.69921875,17254.40039063,16947.93252552754,2473840128
2023-10-04,17195.55078125,17200.69921875,17032.59960938,17123.09960938,16953.40649689793,2995739904
2023-10-05,17202.25,17234,17154.30078125,17195.80078125,16960.98131828393,2478390016
2023-10-06,17263.34960938,17310.09960938,17237.09960938,17293.59960938,16971.375639880684,2240979968
2023-10-09,17170.5,17206.84960938,17096.65039063,17127.69921875,16976.26075172035,2336940032
2023-10-10,17184.55078125,17319.30078125,17184.55078125,17303.34960938,16986.482278522213,2004729984
2023-10-11,17380.65039063,17447.80078125,17375.5,17407.34960938,16999.63438261152,2194629888
2023-10-12,17438.30078125,17457.84960938,17402.44921875,17419.69921875,17012.761408740847,2136729984
2023-10-13,17323.05078125,17436.5,17306.55078125,17390.34960938,17024.56104001082,2275970048
2023-10-16,17390.34960938,17431.5,17353.15039063,17393,17036.074757510483,2160920064
2023-10-17,17490.05078125,17494.5,17437.94921875,17467.69921875,17049.56302192422,2188910080
2023-10-18,17484.34960938,17492.40039063,17332.30078125,17344,17058.764177489087,2315569920
2023-10-19,17251.19921875,17344.59960938,17202.25,17310.5,17066.630921942553,2047680000
2023-10-20,17258.30078125,17295.05078125,17190.59960938,17208.75,17071.07214313185,2592829952
2023-10-23,17204.75,17224.80078125,16859.84960938,16888.69921875,17065.372989244916,2543980032
2023-10-25,16912.40039063,16967.09960938,16677.15039063,16760.80078125,17055.855107745076,2453600000
2023-10-26,16678.69921875,16689.09960938,16466.25,16555.44921875,17040.21742371398,2559079936
2023-10-27,16636.05078125,16793.09960938,16634.59960938,16765.44921875,17031.630917308856,2144659968
2023-10-30,16784.94921875,16837.80078125,16661.94921875,16826.09960938,17025.20806393608,2056329984
2023-10-31,16909.69921875,16910,16785.55078125,16801.09960938,17018.2046747312,1845549952
2023-11-01,16808.5,16834.09960938,16719.09960938,16732.94921875,17009.290441731788,2394599936
2023-11-02,16849.94921875,16903.75,16823,16890.80078125,17005.58763984173,2235610112
2023-11-03,16990.34960938,17027.44921875,16983.05078125,17000.94921875,17005.442689182615,2448290048
2023-11-06,17105.34960938,17168.75,17080.94921875,17159.40039063,17010.253867352847,1888870016
2023-11-07,17170.34960938,17200.59960938,17120.75,17187.80078125,17015.802208412133,2161929984
2023-11-08,17242.65039063,17269.25,17215,17259.69921875,17023.423989985193,2311200000
2023-11-09,17284.94921875,17288.59960938,17209.55078125,17218.90039063,17029.53262750534,2149690112
2023-11-10,17189.69921875,17274.90039063,17156.84960938,17256.59960938,17036.628470688924,1653299968
2023-11-12,17380.5,17384.15039063,17347.44921875,17361.09960938,17046.76819377302,423507808
2023-11-13,17335,17339.15039063,17278.65039063,17318.59960938,17055.26292551074,2274390016
2023-11-15,17493.30078125,17518.90039063,17448.30078125,17508.05078125,17069.41254600259,2778710016
2023-11-16,17518.09960938,17668.65039063,17486.5,17593.09960938,17085.777766733132,2235480064
2023-11-17,17537.44921875,17649.05078125,17528.84960938,17600.5,17101.862836522723,2971840000
2023-11-20,17618.55078125,17636.40039063,17556.09960938,17573.65039063,17116.606197588575,2184320000
2023-11-21,17644.5,17665,17617.19921875,17627.59960938,17132.574741707056,2017500032
2023-11-22,17637.44921875,17654.59960938,17533.75,17627.69921875,17148.047381614648,1813910016
2023-11-23,17654.15039063,17693.25,17627.34960938,17639.40039063,17163.402163146377,1688920064
2023-11-24,17661.30078125,17684.15039063,17631.75,17643.5,17178.40522054805,1805570048
2023-11-28,17701.05078125,17760,17665.65039063,17741.80078125,17196.011331819987,2261319936
2023-11-29,17831.65039063,17911.34960938,17823.44921875,17904.09960938,17218.139090493736,2241819904
2023-11-30,17926.90039063,18007.09960938,17845.90039063,17987.94921875,17242.195657001743,4614589952
2023-12-01,18061.80078125,18141.65039063,18053.15039063,18115.34960938,17269.481718013565,2479000064
2023-12-04,18422.34960938,18460,18315.44921875,18448.5,17306.326039325642,2947849984
2023-12-05,18541.30078125,18594.90039063,18453.65039063,18588.55078125,17346.395562510777,2852499968
2023-12-06,18677.25,18698.80078125,18594.40039063,18680,17388.070701182314,2728849920
2023-12-07,18696.75,18721.80078125,18619.75,18703.84960938,17429.18879206349,3279300096
2023-12-08,18752.25,18785.69921875,18588.15039063,18703.5,17469.011017311506,3554180096
2023-12-11,18726.34960938,18780.44921875,18710.15039063,18770.19921875,17509.67314860646,2910990080
2023-12-12,18809.90039063,18819.69921875,18635.34960938,18686.80078125,17546.45838712657,3315089920
2023-12-13,18723.69921875,18770.44921875,18601.5,18751.44921875,17584.114350614804,2980090112
2023-12-14,18906.40039063,18996.25,18893.75,18973.84960938,17627.543577451215,3964130048
2023-12-15,19071.94921875,19165.09960938,19020.55078125,19145.05078125,17674.965677569926,4026700032
2023-12-18,19149.15039063,19201.55078125,19073.09960938,19155.55078125,17721.233962059927,3411919872
2023-12-19,19212.55078125,19213.55078125,19067.19921875,19169.25,17766.484463245553,2952379904
2023-12-20,19264.40039063,19303.59960938,18727.09960938,18779.44921875,17798.139611855066,3869600000
2023-12-21,18647.84960938,18965.80078125,18582.94921875,18941.80078125,17833.87902339866,3061270016
2023-12-22,19011.25,19089.94921875,18934.75,19054.69921875,17872.02965450339,2606960128
2023-12-26,19095,19173.80078125,19059.40039063,19148.84960938,17911.93027809328,2213220096
2023-12-27,19219.40039063,19312.30078125,19189.80078125,19296.94921875,17955.212119988802,2085420032
2023-12-28,19358.34960938,19414.55078125,19313.09960938,19399.25,18000.338303739154,3239140096
2023-12-29,19394.5,19450.09960938,19338.34960938,19429.15039063,18044.98868145449,4243089920
2024-01-01,19452,19543.25,19421.40039063,19469.5,18089.50466015904,4273809920
2024-01-02,19496.80078125,19499.80078125,19271.65039063,19418.40039063,18131.03265173626,4059849984
2024-01-03,19434.30078125,19442.19921875,19343.15039063,19367.15039063,18169.661331076688,3635620096
2024-01-04,19451.80078125,19560.40039063,19433.5,19541.25,18212.523476980543,3245959936
2024-01-05,19602.09960938,19637.09960938,19490.94921875,19590.59960938,18255.588356118027,4034289920
2024-01-08,19636,19641.84960938,19400.59960938,19417.69921875,18291.904320575275,3520349952
2024-01-09,19549.5,19596.05078125,19439.09960938,19459.55078125,18328.39327247136,3705250048
2024-01-10,19463.55078125,19532.30078125,19354.09960938,19517.84960938,18365.563782999754,3610340096
2024-01-11,19589.75,19626.5,19532.30078125,19584.34960938,18403.650840074137,3371840000
2024-01-12,19691.25,19775.90039063,19635.75,19745.59960938,18445.586739114944,3100890112
2024-01-15,19876.5,19896.90039063,19763.80078125,19885.55078125,18490.585615431664,3512189952
2024-01-16,19894.30078125,19923.30078125,19736.19921875,19827.55078125,18532.365776863488,4145479936
2024-01-17,19556.40039063,19707.69921875,19470.05078125,19487.59960938,18562.216834129627,4149070080
2024-01-18,19388.40039063,19468.65039063,19143.5,19414.80078125,18588.86008247714,3717799936
2024-01-19,19555.94921875,19618.94921875,19537.15039063,19606.40039063,18620.658217106917,3753880064
2024-01-20,19698.05078125,19718.69921875,19582.69921875,19601.90039063,18651.322035029512,2821863936
2024-01-23,19743.5,19752.34960938,19158.75,19206.44921875,18668.669759520777,4475899904
2024-01-24,19193.15039063,19470.65039063,19080.5,19451,18693.117579535752,4176940032
2024-01-25,19479.65039063,19480.05078125,19289.80078125,19393,18714.98890517526,3856349952
2024-01-29,19475.40039063,19728.90039063,19470.05078125,19711.65039063,18746.134576595723,4154040064
2024-01-30,19770.25,19799.25,19558.80078125,19574.19921875,18772.011596663044,3966479872
2024-01-31,19574.15039063,19813.30078125,19546.40039063,19802.09960938,18804.20184706045,3599209984
2024-02-01,19869.94921875,19871.25,19703.75,19777.34960938,18834.612714632935,4212849920
2024-02-02,19884.65039063,20101.15039063,19874.80078125,19910.80078125,18868.24359171472,4994599936
2024-02-05,19989.65039063,20044,19805.75,19853.5,18899.032854473633,5177880064
2024-02-06,19923.19921875,20044.44921875,19824.84960938,20033.75,18934.49276527133,4596299776
2024-02-07,20157.19921875,20169.90039063,20011.44921875,20109.55078125,18971.213328270664,5801829888
2024-02-08,20207.55078125,20209.05078125,19949.34960938,19987.55078125,19002.973873676267,5597799936
2024-02-09,20015,20040.65039063,19745.44921875,19961.5,19032.927815123883,5412700160
2024-02-12,19999.94921875,20015,19634.59960938,19675.19921875,19052.998796487198,4040120064
2024-02-13,19709.80078125,19796.05078125,19508.75,19782.90039063,19075.80822130416,3926880000
2024-02-14,19618.09960938,19943.75,19579.19921875,19922.30078125,19102.261113802466,3452440064
2024-02-15,20011.69921875,20065.75,19952,20037,19131.47170399614,3540689920
2024-02-16,20136.84960938,20191.44921875,20098.09960938,20164.90039063,19163.766350453447,3105920000
2024-02-19,20244.25,20301,20174.90039063,20241.09960938,19197.4330147949,2713250048
2024-02-20,20242.65039063,20285.80078125,20190.69921875,20271.90039063,19231.010120289746,2683279872
2024-02-21,20329.09960938,20342.30078125,20077.80078125,20128.30078125,19259.050453444754,3136440064
2024-02-22,20179.25,20308.90039063,20004.09960938,20283.94921875,19291.078539860544,3174390016
2024-02-23,20358.69921875,20365.65039063,20280.15039063,20313.5,19323.0292104899,3983559936
2024-02-26,20299.5,20335.75,20210.34960938,20255.80078125,19352.178322076154,2815089920
2024-02-27,20249.25,20329.09960938,20234.94921875,20292.84960938,19381.574299804397,2851269888
2024-02-28,20323.5,20335.65039063,19987.34960938,20020.40039063,19401.537615142697,3851290112
2024-02-29,20009.25,20160.05078125,19901.30078125,20090.05078125,19423.053651583552,4894870016
2024-03-01,20171.90039063,20360.19921875,20171,20349.80078125,19452.01449938563,2820280064
2024-03-02,20419.55078125,20446.80078125,20400.19921875,20421.34960938,19482.306221572955,330593984
2024-03-04,20456.75,20482.59960938,20383.15039063,20432.05078125,19511.985739062864,2541260032
2024-03-05,20422.30078125,20440.40039063,20328,20382,19539.17368471715,2710700032
2024-03-06,20368.75,20396.75,20139.34960938,20379.55078125,19565.4354689838,3554789888
2024-03-07,20413.65039063,20471.34960938,20384.5,20434.80078125,19592.603134992118,2434629888
2024-03-11,20478.75,20483.25,20264.30078125,20288.75,19614.357724523616,2281679872
2024-03-12,20299.80078125,20326.25,20135.30078125,20171.40039063,19631.76530783944,2434739968
2024-03-13,20236.80078125,20247.90039063,19549.5,19646.30078125,19632.219541383518,4148630016
2024-03-14,19598.40039063,19933.90039063,19514.69921875,19916.34960938,19641.098606008407,3824940032
2024-03-15,19867.75,19942.40039063,19671.15039063,19825.19921875,19646.85175015658,4157459968
2024-03-18,19804.30078125,19894.44921875,19709.19921875,19843.09960938,19652.98449575731,2242830080
2024-03-19,19785.80078125,19798.94921875,19594.09960938,19610.55078125,19651.65844217896,2128710016
2024-03-20,19651.69921875,19697.44921875,19465.84960938,19632.05078125,19651.04570277493,2152100096
2024-03-21,19790.84960938,19916.44921875,19790.84960938,19897.40039063,19658.7442867704,2205649920
2024-03-22,19855,20048.59960938,19806.69921875,19994.59960938,19669.239765601953,2601580032
2024-03-26,19895.55078125,20044.5,19895.30078125,20005.25,19679.740085426893,2342850048
2024-03-27,20063,20174.40039063,20063,20087.80078125,19692.491982171363,2821929984
2024-03-28,20150.34960938,20380.5,20146.15039063,20255.15039063,19710.075057435693,2647140096
2024-04-01,20392.25,20504.5,20387.05078125,20492.55078125,19734.52742380489,2475630080
2024-04-02,20524.15039063,20579.25,20481.84960938,20569.75,19760.62812931099,2812869888
2024-04-03,20528.19921875,20657.90039063,20496.55078125,20605.69921875,19787.036600855958,3025870080
2024-04-04,20755.34960938,20772.40039063,20537.5,20664.65039063,19814.462031786396,3312179968
2024-04-05,20654.75,20730.15039063,20609.90039063,20715.09960938,19842.606956086194,2829769984
2024-04-08,20806.84960938,20866.09960938,20768.5,20819.09960938,19873.122351501625,2748150016
2024-04-09,20912.75,20912.75,20741.5,20790.69921875,19901.796628603137,2279239936
2024-04-10,20864.55078125,20933.84960938,20822.84960938,20915.19921875,19933.465459545227,2571950080
2024-04-12,20873.19921875,20931.40039063,20735.15039063,20745.5,19958.841538934437,3259739904
2024-04-15,20493.30078125,20623.80078125,20362.30078125,20478.75,19975.088678342738,3195279872
2024-04-16,20361.25,20495.19921875,20326.25,20423,19989.085907144527,3114109952
2024-04-18,20515.15039063,20617.09960938,20291.15039063,20324.69921875,19999.5738231322,2963630080
2024-04-19,20178.25,20428.40039063,20038.34960938,20385.19921875,20011.624616745255,2718299904
2024-04-22,20566.19921875,20604.09960938,20468.09960938,20574.84960938,20029.22539776509,3699079936
2024-04-23,20687.90039063,20689.75,20621.55078125,20652.65039063,20048.70742879212,4892630016
2024-04-24,20723.19921875,20772.55078125,20710.19921875,20730.65039063,20070.018146349554,3698429952
2024-04-25,20690.84960938,20894,20686.69921875,20867.90039063,20094.951966483317,4472010240
2024-04-26,20926.40039063,20941.09960938,20814.5,20839.34960938,20118.214392823837,6609930240
2024-04-29,20911.09960938,21002.09960938,20847.84960938,20992.19921875,20145.52641863403,4106540032
2024-04-30,21052.34960938,21146.5,20971.84960938,20997.19921875,20172.141193637653,3682350080
2024-05-02,21010.44921875,21126.09960938,21009.34960938,21083.59960938,20200.624269129603,3285590016
2024-05-03,21193.44921875,21208.69921875,20830.65039063,20959.55078125,20224.340722633366,4063049984
2024-05-06,21044.09960938,21048.94921875,20805.05078125,20864.94921875,20244.35973813701,3088819968
2024-05-07,20911.34960938,20914.90039063,20548.80078125,20636.05078125,20256.60008323429,3745390080
2024-05-08,20586.80078125,20768.75,20516.25,20704.90039063,20270.609467840408,2700519936
2024-05-09,20681.09960938,20736.25,20318.90039063,20344.80078125,20272.927946384458,2629590016
2024-05-10,20398,20482.05078125,20299.09960938,20469.09960938,20279.05831085307,2251109888
2024-05-13,20471.65039063,20540.25,20184.09960938,20511,20286.30648863891,2403859968
2024-05-14,20544.34960938,20709.75,20508,20683.80078125,20298.72818528301,2613659904
2024-05-15,20744.5,20811.25,20681.90039063,20741.84960938,20312.57572978604,2168809984
2024-05-16,20846.84960938,20950.55078125,20667.80078125,20929.05078125,20331.840575144288,2468000000
2024-05-17,20967.40039063,21078.65039063,20934.44921875,21064.55078125,20354.73776908509,2674259968
2024-05-18,21131.44921875,21156.44921875,21115.80078125,21144.44921875,20379.41625188712,482887872
2024-05-21,21114.65039063,21224.69921875,21068.84960938,21187.65039063,20404.673568722836,3541799936
2024-05-22,21255.19921875,21261.75,21103.19921875,21237.75,20430.70720720025,2968300032
2024-05-23,21280.05078125,21505.25,21249.15039063,21489.55078125,20463.796068889304,3429639936
2024-05-24,21483,21567.44921875,21444.94921875,21483.75,20495.669629236512,5235850240
2024-05-27,21573.80078125,21613.59960938,21439.15039063,21493,20526.83620332287,3597179904
2024-05-28,21542.5,21558.15039063,21345.34960938,21387.34960938,20553.727247262155,2846080000
2024-05-29,21288.34960938,21356.15039063,21243.19921875,21256.30078125,20575.682670199276,2528100096
2024-05-30,21201.80078125,21262.84960938,20983.94921875,21038.55078125,20590.14729866961,3528930048
2024-05-31,21129.34960938,21177.25,21003,21103.30078125,20606.18334500025,6422819840
2024-06-03,21926.59960938,21926.59960938,21629.30078125,21797.40039063,20643.40887767618,5205919744
2024-06-04,21753.34960938,21753.34960938,19624.25,20323.84960938,20633.42265054192,9292930048
2024-06-05,20570.75,21092.15039063,20116.59960938,21054.40039063,20646.578204919675,5521350144
2024-06-06,21253.69921875,21462.80078125,21193.19921875,21365,20669.028886015934,3836689920
2024-06-07,21390.19921875,21781.34960938,21333.5,21764.15039063,20703.251433035122,3728219904
2024-06-10,21844.30078125,21930.5,21758.30078125,21808.25,20737.782638252775,3708559872
2024-06-11,21856.34960938,21961.44921875,21782.34960938,21852,20772.601930807374,4474509824
2024-06-12,21935.19921875,22023.90039063,21904.69921875,21960.94921875,20809.73778355558,3547259904
2024-06-13,22120.75,22120.80078125,21992.15039063,22074.30078125,20849.25537723353,3119000064
2024-06-14,22148.25,22229.40039063,22054.15039063,22214.30078125,20891.913046109046,3423140096
2024-06-18,22323.55078125,22338.15039063,22253.34960938,22329.59960938,20936.840751211264,3239119872
2024-06-19,22406.30078125,22406.30078125,22127.25,22224.90039063,20977.0926149431,5221060096
2024-06-20,22293.55078125,22333.59960938,22182.19921875,22305.09960938,21018.59283351925,3470269952
2024-06-21,22392.59960938,22393.30078125,22186.19921875,22236.19921875,21056.643033057713,4820720128
2024-06-24,22150.65039063,22309.09960938,22073.65039063,22289.09960938,21095.157301067786,3220280064
2024-06-25,22349.75,22391.75,22287.09960938,22370.65039063,21135.016460116603,2647419904
2024-06-26,22379.5,22464.84960938,22309.5,22436.80078125,21175.697220152022,3830080000
2024-06-27,22459.90039063,22571.65039063,22395.90039063,22537.40039063,21218.25044422946,4298990080
2024-06-28,22592.25,22673.65039063,22537.69921875,22559.69921875,21260.170718433226,4300789760
2024-07-01,22580.40039063,22739.69921875,22570.40039063,22727.59960938,21306.027871275313,2754980096
2024-07-02,22806.30078125,22810.65039063,22592.19921875,22677.80078125,21348.895774712022,2902279936
2024-07-03,22820.55078125,22871.65039063,22764.09960938,22851.19921875,21395.84275733821,3147579904
2024-07-04,22937.59960938,22962.80078125,22866.69921875,22914.19921875,21443.29139675733,3070439936
2024-07-05,22878.5,23011.80078125,22838.19921875,22987.65039063,21491.55261531585,4125900032
2024-07-08,23029.34960938,23040.75,22897.94921875,22971.15039063,21537.790045794416,3703429888
2024-07-09,23035.05078125,23082.34960938,22974.94921875,23067.34960938,21585.588782156465,3256179968
2024-07-10,23124.15039063,23125.30078125,22685.65039063,22977.65039063,21629.090707421263,3295879936
2024-07-11,23059.94921875,23063.09960938,22904.30078125,23005.25,21672.095685314347,3376630016
2024-07-12,23086.25,23189.40039063,23021.40039063,23095.44921875,21716.57548323421,3536969984
2024-07-15,23188.80078125,23234.30078125,23081.30078125,23209.84960938,21763.240299676265,3431429888
2024-07-16,23258.19921875,23288.05078125,23181.34960938,23204.25,21808.27185281138,3433520128
2024-07-18,23167.65039063,23233.84960938,22993.55078125,23210.05078125,21852.07744432509,3562230016
2024-07-19,23232.5,23232.5,22833,22853.59960938,21883.375011983055,3021860096
2024-07-22,22761.5,23001.05078125,22667.75,22942.65039063,21916.47736756577,2960900096
2024-07-23,23022.80078125,23031.94921875,22307.19921875,22865.19921875,21946.12492541528,4563160064
2024-07-24,22856.84960938,22965.44921875,22816.75,22921.44921875,21976.60380958199,3151239936
2024-07-25,22753.19921875,22938.65039063,22732.19921875,22917.25,22005.999003032553,3443940096
2024-07-26,22970.40039063,23306.75,22965.5,23292.05078125,22046.188121101848,3452519936
2024-07-29,23423.15039063,23496.40039063,23326.05078125,23394.19921875,22088.313467903354,3610729984
2024-07-30,23421.19921875,23530,23381.34960938,23440.90039063,22130.58180923856,2998710016
2024-07-31,23495.84960938,23556,23459.59960938,23530.80078125,22174.33865211392,3214909952
2024-08-01,23608.84960938,23637.75,23429.55078125,23506.59960938,22215.971807028483,2921489920
2024-08-02,23296.09960938,23395.09960938,23225.65039063,23259.44921875,22248.58047614478,3092359936
2024-08-05,22772.55078125,22868.34960938,22397.69921875,22542.44921875,22257.763874351192,4019340032
2024-08-06,22696.94921875,22910.75,22406.05078125,22443.30078125,22263.56190269178,2700059904
2024-08-07,22773.44921875,22870.84960938,22650.80078125,22848.90039063,22281.85373043985,2459160064
2024-08-08,22842,22905.59960938,22676,22705.69921875,22295.09890194954,2438259968
2024-08-09,22948.15039063,22982.44921875,22869.40039063,22923.5,22314.736436263614,2111890048
2024-08-12,22862.90039063,22993.25,22753.75,22915.84960938,22333.5212229235,2532430080
2024-08-13,22952.69921875,22962.75,22684.44921875,22705.80078125,22345.154959121202,2758249984
2024-08-14,22765.65039063,22778.94921875,22599.94921875,22672.65039063,22355.38919135585,2357619968
2024-08-16,22846.09960938,23071.75,22750.30078125,23056.5,22377.29890412598,2045490048
2024-08-19,23174.19921875,23195.59960938,23104.09960938,23139.75,22401.125500872044,2133709952
2024-08-20,23223.59960938,23292.69921875,23175.40039063,23280.34960938,22428.601254262918,2172699904
2024-08-21,23283.75,23383.19921875,23256.25,23368.65039063,22457.977789774388,2234070016
2024-08-22,23467.15039063,23474.84960938,23408.94921875,23440.69921875,22488.687834429875,2186319872
2024-08-23,23485.30078125,23496.84960938,23401,23418.65039063,22517.749164311128,2341179904
2024-08-26,23514.30078125,23579.75,23466.75,23561.75,22550.374190426406,1999430016
2024-08-27,23592,23633.19921875,23555.55078125,23604.84960938,22583.326547268705,2213029888
2024-08-28,23646.80078125,23679.34960938,23547.25,23615.94921875,22615.596005752497,2448859904
2024-08-29,23618.25,23664.34960938,23494.44921875,23631.40039063,22647.33989277992,2980430080
2024-08-30,23728.55078125,23766.40039063,23673.94921875,23734.55078125,22681.31523304461,7015020032
2024-09-02,23835.19921875,23835.19921875,23693.65039063,23760.69921875,22715.045982597905,2522870016
2024-09-03,23817,23817.55078125,23771.19921875,23788.44921875,22748.58983372766,1814620032
2024-09-04,23611.80078125,23761.40039063,23605.34960938,23748.90039063,22779.849538630857,2062019968
2024-09-05,23821,23836.34960938,23749.05078125,23762.80078125,22810.566764962707,2317939968
2024-09-06,23746,23794.34960938,23434.90039063,23477.69921875,22831.41465414356,3870419968
2024-09-09,23452.84960938,23526.55078125,23294.44921875,23502.15039063,22852.375145908758,2364879872
2024-09-10,23591.84960938,23712.94921875,23531.65039063,23643.65039063,22877.102497306296,2226530048
2024-09-11,23665.09960938,23723.05078125,23498.15039063,23531.25,22897.544606765474,2309009920
2024-09-12,23680,23934.59960938,23593.59960938,23907.34960938,22929.101013097177,2374010112
2024-09-13,23966.5,23966.55078125,23885.19921875,23928.19921875,22960.322832023827,2057779968
2024-09-16,24006.15039063,24026,23917.5,23968.19921875,22991.81896910902,1720979968
2024-09-17,24008.25,24008.25,23912.55078125,23969.90039063,23022.38401353155,1618380032
2024-09-18,23972.55078125,24000.30078125,23800.84960938,23898.65039063,23049.767337815876,1856460032
2024-09-19,24012.30078125,24078,23702,23853.94921875,23074.89802159507,4513809920
2024-09-20,23956.55078125,24243.15039063,23885,24193.80078125,23109.863732834285,4237230080
2024-09-23,24294.80078125,24393.69921875,24262.30078125,24379.19921875,23149.530466769153,3569129984
2024-09-24,24390.05078125,24429,24353.75,24389.69921875,23188.285740268555,2602540032
2024-09-25,24377.25,24394.34960938,24268.5,24371.25,23225.253373385163,2928160000
2024-09-26,24399.15039063,24512.65039063,24338.40039063,24496.90039063,23264.992342674064,3099810048
2024-09-27,24529.55078125,24573.40039063,24469,24489.55078125,23303.259793879562,4199369984
2024-09-30,24410,24456.09960938,24217.40039063,24245.19921875,23332.695400906763,2612090112
2024-10-01,24248.5,24329.44921875,24191.05078125,24271.30078125,23362.02681904249,2211680000
2024-10-03,23931.84960938,24122,23713,23755.44921875,23374.32126903335,2732059904
2024-10-04,23704.94921875,23920.30078125,23483.40039063,23534.94921875,23379.340892461994,2622309888
2024-10-07,23616.35,23659.65,23089.5,23181.95,23373.172427072557,3232862694
2024-10-08,23175.2,23544.8,23106.5,23512.55,23377.527976226538,2810041395
2024-10-09,23600.1,23797.45,23570.7,23599.6,23384.46772696946,2751735379
2024-10-10,23695.55,23755.5,23580.6,23598.15,23391.145298001662,2125914089
2024-10-11,23608.3,23654,23546.3,23611.25,23398.02356993911,1829162500
2024-10-14,23670.5,23740.2,23646.1,23727.05,23408.30564587851,1840705125
2024-10-15,23800.4,23814.95,23662.3,23735.7,23418.536719444808,1904844780
2024-10-16,23702.85,23768.15,23588.8,23673.15,23426.49338446216,1845587160
2024-10-17,23717.3,23720.15,23366,23377,23424.946716197715,1907024412
2024-10-18,23285.65,23471.2,23120.95,23440.7,23425.439006316537,2141929523
2024-10-21,23527.6,23559.05,23224.55,23263.25,23420.370599869144,2155833761
2024-10-22,23277.1,23306.2,22789.7,22814.45,23401.435581123234,2607019773
2024-10-23,22751.8,22989.05,22673.3,22841.1,23383.925094213133,2791551300
2024-10-24,22841.85,22893.2,22747.55,22787.85,23365.297747518973,2075210903
2024-10-25,22819.8,22839.2,22362.8,22499.05,23338.227505409006,2769453865
2024-10-28,22548.7,22756.05,22407,22649.95,23316.718833364976,3055165403
2024-10-29,22670.8,22808.8,22450,22795.05,23300.41668232232,2475717003
2024-10-30,22731.15,22896.55,22685.4,22749.8,23283.209910999747,2893383714
2024-10-31,22758.6,22779.5,22621.1,22689.35,23264.651788781004,2513087023
2024-11-01,22806.95,22881.5,22799.7,22823.55,23250.867357881598,631588919
2024-11-04,22831.8,22832.65,22362.65,22518.3,23227.9746279478,2469332613
2024-11-05,22458.3,22697.5,22343.95,22679.85,23210.84573332443,2379242155
2024-11-06,22782.2,23052.2,22720.3,23031.2,23205.23180415804,2353131097
2024-11-07,23067.15,23073.55,22793.9,22806.25,23192.7636227781,2266981251
2024-11-08,22821.9,22857.1,22600.25,22645.65,23175.666322066285,2117594047
2024-11-11,22590.1,22770.55,22478.7,22591.4,23157.407999501713,2222181787
2024-11-12,22664.2,22721.9,22286.85,22331.05,23131.584312017283,2207366212
2024-11-13,22263,22309.8,21867.7,21914.95,23093.564489766744,2657162169
2024-11-14,21924.1,22096.85,21907.55,21963.1,23058.237474461534,2141987533
2024-11-18,22045.9,22049.15,21787.35,21899.4,23022.02380338461,2310697465
2024-11-19,21977.65,22233.4,21948.45,22004.35,22990.22149702884,2095125950
2024-11-21,21947.75,21954.2,21692.8,21820.85,22953.67863774669,2955662518
2024-11-22,21864.65,22260.15,21819.2,22225.55,22930.924617817105,2531509248
2024-11-25,22578.65,22676.25,22510.8,22553.5,22919.13009851032,4236243454
2024-11-26,22649.3,22675.7,22523,22562.45,22907.98384543187,3524357092
2024-11-27,22594.2,22732.1,22526.1,22691.7,22901.224975262125,3772882258
2024-11-28,22722.3,22821.75,22472.25,22514.35,22889.135132285184,3782715583
2024-11-29,22537.8,22733.75,22531.9,22687,22882.818409401272,2780171811
2024-12-02,22695.4,22843.5,22603.1,22835.85,22881.350646607483,2157263395
2024-12-03,22922.6,23029.55,22876.8,23020.85,22885.710001401,2638970338
2024-12-04,23075.95,23149.9,22978.85,23099.5,22892.390938857217,3053509529
2024-12-05,23183.3,23357.1,22993.85,23277.95,22904.439659517928,3210432595
2024-12-06,23315.8,23358.2,23221.7,23312.1,22917.17904515799,2776209664
2024-12-09,23289.4,23351.9,23243.3,23292,22928.892199996804,2483765641
2024-12-10,23328.8,23341.35,23216.25,23314.9,22940.954943746903,2422578044
2024-12-11,23326.7,23394.2,23301.15,23358.15,22953.992289254813,1997806458
2024-12-12,23348.7,23386.25,23242.75,23256.4,22963.4425302156,2259854103
2024-12-13,23208.35,23378.55,22879.9,23358.95,22975.802138646362,2401390119
2024-12-16,23370.55,23417.65,23281.2,23352.45,22987.572384313662,1655721567
2024-12-17,23308.9,23349.1,23067.3,23095.75,22990.95293480386,2167913628
2024-12-18,23076.95,23125.55,22876.7,22934.4,22989.185655591238,2832791177
2024-12-19,22594.95,22782.25,22590,22752.15,22981.77829135401,2129466974
2024-12-20,22783.65,22855,22279.9,22319.4,22961.078969749196,3072361313
2024-12-23,22446.6,22535.2,22331.5,22412.3,22943.929626944533,1825123397
2024-12-24,22431.6,22516.3,22340.1,22402.7,22927.016201102517,1579765919
2024-12-26,22444.7,22492.3,22324.6,22430.35,22911.495382318062,1747730642
2024-12-27,22473.9,22555.45,22435.55,22445.2,22896.923651620622,1384489125
2024-12-30,22438.15,22522.4,22266.15,22357.15,22880.055725007478,3266610137
2024-12-31,22273.7,22414.45,22160.15,22375.4,22864.285233600993,1961325524
2025-01-01,22375.85,22518.7,22313.75,22481.8,22852.332570050963,1566982968
2025-01-02,22521.75,22833.35,22482.7,22819.75,22851.31436473687,2082423960
2025-01-03,22850.1,22867.85,22681.3,22708.15,22846.840478338843,2478963727
2025-01-06,22753.65,22757.4,22163.55,22225.4,22827.420463390754,2593610773
2025-01-07,22278.15,22435.5,22247.75,22341.65,22812.240136409793,2088435959
2025-01-08,22378.15,22384.25,22065.2,22231.8,22794.101382146986,2062220641
2025-01-09,22231.05,22239.2,22028.5,22046.55,22770.740401454892,1849709216
2025-01-10,22049.4,22075.4,21738.45,21799,22740.373513909428,2161257528
2025-01-13,21557,21630.55,21194.45,21243.45,22693.594654099757,2770285576
2025-01-14,21328,21528.7,21325,21481.05,22655.70263365914,2812539611
2025-01-15,21572.45,21634.6,21445.4,21551.2,22621.18692635729,3380902684
2025-01-16,21734.4,21776.35,21687.45,21714.55,22592.854522408627,2399771597
2025-01-17,21699.45,21730.85,21563.8,21680.25,22564.335631083355,2134346612
2025-01-20,21769.95,21848.95,21628.5,21809,22540.731392612,3582776389
2025-01-21,21855.1,21863.05,21411.3,21433.2,22506.121036592875,2438992363
2025-01-22,21484.45,21500.3,21178.8,21396.55,22471.44694169935,2153538873
2025-01-23,21377.8,21595,21338.95,21538.05,22442.278287271245,1883081983
2025-01-24,21533.05,21611.2,21279,21318.9,22407.17271579402,1831365907
2025-01-27,21158.85,21163,20861.15,20910.95,22360.415755925456,2455872972
2025-01-28,21009.2,21100.45,20757.9,20924.75,22315.551201052785,2694137059
2025-01-29,20971.4,21259.85,20968.35,21245.5,22282.112101019888,2014630798
2025-01-30,21282.1,21404.2,21209.6,21297.5,22251.342972863014,2184694531
2025-01-31,21339.35,21613,21310.3,21580.9,22230.391629961046,2512227148
2025-02-01,21628.65,21713.95,21388.2,21581.75,22210.121579024762,3186015104
2025-02-03,21422.85,21445.95,21286.7,21402.55,22184.884967180238,2514236798
2025-02-04,21551.4,21743.55,21474.45,21727.45,22170.590124455855,2351260360
2025-02-05,21797.7,21870.4,21763.7,21784.25,22158.51699556661,2074693233
2025-02-06,21860.1,21870.9,21620.15,21672.45,22143.327401955154,1785255633
2025-02-07,21703.75,21765.15,21521.75,21646.15,22127.790608144056,2321180771
2025-02-10,21636.2,21659.25,21301.85,21371.3,22104.150276639553,1611882303
2025-02-11,21366.25,21376.45,20860.6,20950.45,22068.097142994568,1991293554
2025-02-12,20924.15,21002,20545.75,20907.85,22031.839419775988,2803646515
2025-02-13,20926,21122,20866.5,20904.35,21996.605375407988,2295236268
2025-02-14,20964.6,20984.7,20476.65,20633.1,21953.995832426488,2250384936
2025-02-17,20511.05,20667.55,20339,20652.35,21913.31940016316,2167616698
2025-02-18,20663.6,20692.3,20466.75,20611.4,21872.634418908063,1819195339
2025-02-19,20511.2,20802.55,20459.2,20731.45,21836.972405817185,1967002364
2025-02-20,20645.7,20840.35,20630.2,20831.1,21805.5388931354,1765301483
2025-02-21,20792.05,20903.35,20616.6,20690.25,21770.68611522492,1964843085
2025-02-24,20510.95,20546.05,20429.3,20468.45,21729.99123662414,1591972509
2025-02-25,20445.55,20548.9,20388.75,20418.75,21689.014947979635,1673260366
2025-02-27,20436.5,20471.85,20278.65,20315.55,21646.09416835527,2087753558
2025-02-28,20185.4,20197.85,19816,19880.9,21590.931850594166,3325238555
2025-03-03,19935.55,19997.05,19658.3,19896.95,21537.9949177631,2533415191
2025-03-04,19736.05,19957.5,19681.65,19917.85,21487.365389083003,2224714611
2025-03-05,19901.6,20265.05,19901.6,20256.5,21448.900845674158,2328029885
2025-03-06,20411.45,20467.15,20262.75,20447.1,21417.59456924684,2226176263
2025-03-07,20428.15,20549.2,20377.6,20443.4,21387.150988957877,2077644586
2025-03-10,20434.95,20543.7,20230.65,20266.5,21352.130645552945,2140133198
2025-03-11,20122.55,20333.75,20073.4,20302.5,21319.329687879414,2145543364
2025-03-12,20351.9,20397.95,20108.7,20264.35,21286.36157263318,2282339251
2025-03-13,20337.85,20357.3,20157.5,20176.05,21251.664335988393,1890448687
2025-03-17,20166.6,20358.25,20166.5,20288.3,21221.559200488755,1838158316
2025-03-18,20418.55,20676.95,20370.2,20657.2,21203.92297547348,2157252911
2025-03-19,20713.25,20895.25,20664,20864.5,21193.316007489935,2893972377
2025-03-20,20989.35,21092.2,20873.55,21070.05,21189.463944755873,2383743437
2025-03-21,21065.25,21297,21031.45,21273.9,21192.102571482254,4003230483
2025-03-24,21427.2,21595.85,21346.8,21538.1,21202.914991123434,2660267185
2025-03-25,21652.85,21674.05,21385.8,21437.75,21210.253585150826,2575747143
2025-03-26,21464.95,21525.6,21255.7,21275.45,21212.29097311486,2684092701
2025-03-27,21218.4,21447.9,21195.7,21407.95,21218.405317705023,4649798417
2025-03-28,21439.2,21514.1,21277.9,21339.55,21222.19108902674,3011212964
2025-04-01,21227.1,21398.35,21042.45,21070.75,21217.458554994653,4030677752
2025-04-02,21101.85,21279.1,21007.15,21265.65,21218.96453765107,2631394157
2025-04-03,21100.55,21263.45,21096.75,21243.4,21219.728145849476,2535079990
2025-04-04,21199.2,21212.1,20736.8,20805.35,21206.77882879168,2674857818
2025-04-07,19524.25,20189.35,19519.85,20105.7,21172.37011539194,3342851312
2025-04-08,20430.1,20588.4,20227.15,20480.8,21150.75854928594,2510958713
2025-04-09,20422.95,20423.25,20252.35,20356.75,21125.945782120754,2140438818
2025-04-11,20684.85,20817.5,20629,20752.85,21114.286538929482,2305955244
2025-04-15,21199.05,21302.75,21067.6,21279.4,21119.446334587934,2443625068
2025-04-16,21302.75,21414.85,21246.4,21404.35,21128.349574132062,2365381213
2025-04-17,21379.35,21704.1,21296.35,21681.55,21145.637087440435,2549628630
2025-04-21,21787.05,22033.75,21732.45,22005.75,21172.51561595792,3402381702
2025-04-22,22072,22157.95,21953.4,22085.15,21201.035440459236,2913963444
2025-04-23,22238.6,22263.85,21988.35,22237.6,21233.428082944883,2737828671
2025-04-24,22217.65,22270.15,22155.4,22180.65,21263.028767852855,2506747899
2025-04-25,22220.3,22271.85,21661.6,21848.15,21281.31380635745,4201789219
2025-04-28,21843.45,22125.45,21841.4,22101.85,21306.95556240878,2089794267
2025-04-29,22160.75,22255.9,22084.55,22112.4,21332.125701083507,2253023699
2025-04-30,22119.2,22175,21920.55,22030.05,21353.935835424647,2304570363
2025-05-02,22009.95,22238.9,21920.85,22006,21374.312840567625,2186597999
2025-05-05,22086.25,22209.95,22070.95,22195.15,21399.964001799886,1971421783
2025-05-06,22235.6,22244.5,21916.9,21956.6,21417.35887674364,2484500555
2025-05-07,21756.8,22084.7,21752.9,22072.45,21437.830474345403,2504160397
2025-05-08,22109.35,22145.2,21730.55,21843.05,21450.493584522108,2568917652
2025-05-09,21463.75,21716.05,21463.75,21675.55,21457.526597505792,2954454282
2025-05-12,22149.4,22525,22126.4,22511.4,21490.460141333737,3042801837
2025-05-13,22491.5,22575.7,22317.5,22349.4,21517.302011917058,2657476066
2025-05-14,22402.65,22544.9,22366.4,22499.5,21547.995699044648,2610961529
2025-05-15,22547.05,22814.1,22408.65,22788.8,21586.770833449504,2949543775
2025-05-16,22825.55,22885.35,22750.35,22870.9,21626.899869904206,3312384803
2025-05-19,22896.25,22965.05,22827.65,22865.8,21665.6154989697,3926433546
2025-05-20,22942.65,22958.6,22565.55,22585.6,21694.365014626896,2985171636
2025-05-21,22632.4,22811.95,22577.4,22730.65,21726.748920419806,2518362667
2025-05-22,22674,22675.35,22464.45,22595,21753.881766656687,2506613131
2025-05-23,22628.75,22813.25,22580.8,22781.05,21785.980773948664,2622617830
2025-05-26,22852.7,22970.7,22845.4,22908.3,21821.05324976277,2559286663
2025-05-27,22895.05,22963.1,22721.8,22816.5,21852.160960707683,2531676704
2025-05-28,22843.25,22871.2,22765.7,22779.4,21881.137180685568,3348712801
2025-05-29,22859.45,22899.15,22750.15,22861.35,21911.768831289144,2672107252
2025-05-30,22868.25,22912.3,22759.15,22801.95,21939.586992811357,5308300677
2025-06-02,22758.6,22863.35,22664.15,22834.5,21967.553024286,3989014480
2025-06-03,22906.2,22946.15,22691.25,22711.3,21990.795117277063,4616889691
2025-06-04,22742.2,22823.95,22667.9,22807.85,22016.328082362154,3224761806
2025-06-05,22879.2,23026.3,22828.85,22934.5,22045.020954788335,2586314687
2025-06-06,22962,23180.35,22891.6,23165.1,22080.0234249512,3001908853
2025-06-09,23308.65,23335.35,23254.55,23330.55,22119.102380421475,3223145107
2025-06-10,23422.3,23423.8,23287.35,23339.95,22157.253868533302,3157406721
2025-06-11,23376.6,23423.6,23271.4,23337.85,22194.147497641636,3457438441
2025-06-12,23363.5,23370.3,23009.65,23046.45,22220.781950840334,2557885275
2025-06-13,22631.7,22932.25,22631.7,22906.2,22242.201264876574,2589545931
2025-06-16,22914.85,23106.7,22789.4,23095.05,22268.85278784918,2381576841
2025-06-17,23126.8,23128.5,22959.15,22981.5,22291.123013228895,2965715712
2025-06-18,22937.75,23066.85,22868.35,22925.2,22310.93791906549,1979550354
2025-06-19,22921.6,22973.15,22712.55,22763.5,22325.080484094695,2422698558
2025-06-20,22760.65,23064.7,22760.6,23041.1,22347.456093966735,3322450480
2025-06-23,22880.35,23063.35,22837.8,23001.5,22367.894966030275,2114698118
2025-06-24,23212.3,23307.95,23074.25,23113.2,22391.185748341828,3130959865
2025-06-25,23216.15,23303.65,23190.85,23296.85,22419.487756206145,2934934350
2025-06-26,23341.2,23529.65,23319.85,23517.55,22453.802201324703,2955009135
2025-06-27,23566.7,23644.35,23538.55,23620.15,22490.250570033306,3460778162
2025-06-30,23672.35,23677.55,23563,23617.2,22525.467739719767,2455176060
2025-07-01,23659.75,23669.95,23558.9,23615.45,22559.529685353526,2583338740
2025-07-02,23653.05,23669.3,23463.85,23547.25,22590.39594518623,2645420950
2025-07-03,23591.8,23647.1,23503.55,23521.85,22619.503884399157,2399306933
2025-07-04,23553.45,23570.9,23448.9,23562.45,22648.970950511684,1897671145
2025-07-07,23561.6,23595.3,23506.5,23551.2,22677.165608308194,2445432591
2025-07-08,23540.6,23600.35,23469.95,23572.55,22705.146370548562,2999492109
2025-07-09,23576.45,23613.9,23513.85,23557.45,22731.78085896892,2346570735
2025-07-10,23595.85,23605.5,23444.95,23471.4,22754.89395712614,2099747023
2025-07-11,23408.8,23462.35,23256.3,23282.7,22771.38789596595,2261564153
2025-07-14,23290.15,23329.2,23200.1,23309.05,22788.189836717014,4049015095
2025-07-15,23334.55,23469.45,23332.8,23449.15,22808.844841819606,2761647522
2025-07-16,23458.9,23502.9,23403.5,23472.5,22829.584065512743,2608663717
2025-07-17,23507.65,23514.7,23409.05,23419.7,22848.02518846547,2199155817
2025-07-18,23430,23449.45,23240.85,23275.15,22861.372838825926,1993158475
2025-07-21,23296.75,23394.5,23184.9,23378.45,22877.531500112615,1774272579
2025-07-22,23449.75,23456,23306.4,23320.9,22891.386765734096,2053223144
2025-07-23,23382.4,23435.55,23296,23428.4,22908.168429304904,2026180809
2025-07-24,23447.35,23449.4,23257.6,23301.1,22920.447540889127,1997546917
2025-07-25,23255.25,23255.25,22993,23014.8,22923.396055236342,2217592857
2025-07-28,22967.4,23094.85,22818.15,22846.95,22921.007116010205,2053433736
2025-07-29,22793,23024.15,22777.7,23007.35,22923.705331134886,1767025805
2025-07-30,23064.25,23070.35,22959.45,23033.55,22927.13797703692,1734777941
2025-07-31,22804.2,23071.25,22802.15,22914.95,22926.757102754516,2249541751
2025-08-01,22901.6,22917.85,22646.75,22673.65,22918.847505793437,2182603697
2025-08-04,22699.7,22871.6,22648.6,22860.4,22917.021021237393,1915561429
2025-08-05,22869.5,22878.1,22736.05,22798.5,22913.317239323726,1761317515
2025-08-06,22807.55,22818.2,22622.35,22666.85,22905.615138094858,1601928436
2025-08-07,22563.4,22726.9,22425.85,22694.1,22899.005290029392,2090515313
2025-08-08,22680.9,22690.35,22419.7,22443.15,22884.759812215972,1721381191
2025-08-11,22447.55,22650.1,22406,22633.45,22876.906380584223,1563083182
2025-08-12,22633.65,22730.25,22554.3,22568.6,22867.271806190965,1530653377
2025-08-13,22655.15,22733.8,22624.45,22698.1,22861.985187247497,2111734689
2025-08-14,22713.65,22754.15,22646.7,22680.25,22856.305962646013,2074242781
2025-08-18,22958.3,23040.85,22913.05,22931.5,22858.655776313324,2424705294
2025-08-19,22959.5,23077.1,22908.15,23066.6,22865.154033303534,2348053158
2025-08-20,23067.7,23171.15,23025.85,23143.15,22873.841407262797,2947394303
2025-08-21,23221.75,23230.95,23126.75,23137.15,22882.069800785834,2362165582
2025-08-22,23133.85,23144.55,22980.85,22991.3,22885.483244511277,3243770174
2025-08-25,23069.3,23106.9,23022.1,23052,22890.6868931203,2768987603
2025-08-26,22994.85,23013.05,22746.75,22768.65,22886.87324021029,4372345798
2025-08-28,22762.25,22762.25,22529.6,22541.65,22876.085013953718,2857431710
2025-08-29,22524.15,22624.7,22443.8,22462.95,22863.174544767666,2860433351
2025-09-01,22491.9,22720.55,22491.9,22713.55,22858.498777743676,2741115005
2025-09-02,22758.2,22858.2,22678.45,22724.4,22854.308190939188,2558607297
2025-09-03,22764,22877.35,22709.2,22864.65,22854.631372472337,3090927248
2025-09-04,23116.9,23116.9,22795,22819.65,22853.538204582575,3018574167
2025-09-05,22891.75,22916,22718.5,22829.15,22852.77607318937,3416378005
2025-09-08,22892.8,22974.85,22835.9,22878.65,22853.584633402203,2380027255
2025-09-09,22949.55,22964.05,22893.05,22949.1,22856.569488608384,2041914713
2025-09-10,23056.8,23121.75,23027.05,23074.15,22863.368879589372,2395728283
2025-09-11,23073.45,23128.55,23065.7,23102.65,22870.846414602205,2387169347
2025-09-12,23171.55,23210.4,23129.9,23190.25,22880.827776645885,2626843986
2025-09-15,23213.15,23249.2,23182.05,23215.85,22891.2972211257,3342394538
2025-09-16,23240.25,23386.65,23217.3,23369.3,22906.23480796552,2392784216
2025-09-17,23419.1,23464.4,23395.75,23445.2,22923.077470216598,2207813347
2025-09-18,23534.15,23538.9,23434.45,23518.9,22941.696924272328,2127293631
2025-09-19,23530.6,23541.3,23451.6,23486.65,22958.726707888818,5282575804
2025-09-22,23434.75,23523.55,23335.1,23381.45,22971.936810767293,2624662872
2025-09-23,23408.2,23434.3,23253.1,23325.25,22982.977847930815,2993867105
2025-09-24,23293.4,23317.2,23165.95,23178.25,22989.080102682976,2277463475
2025-09-25,23169.45,23235.55,23009.55,23022.4,22990.12134947413,2337721400
2025-09-26,22965.9,22994.15,22692.7,22713.15,22981.465994803064,3090910445
2025-09-29,22783.9,22865.1,22677,22739.1,22973.89205746547,2709415658
2025-09-30,22793.65,22829.2,22669.3,22734.1,22966.39855566967,2235298699
2025-10-01,22745.95,22943.2,22726.25,22928.3,22965.207975804995,2343299432
2025-10-03,22905.1,23037.5,22874.15,23027.7,22967.16085156109,2561630791
2025-10-06,23055.15,23177.25,23008.3,23169.65,22973.488637449806,2740938373
2025-10-07,23191.35,23275.1,23170.85,23209.5,22980.8639925295,2982704582
2025-10-08,23197.95,23265.2,23087.9,23109.35,22984.879180262953,2582025106
2025-10-09,23144.3,23251.65,23101.85,23241.75,22992.906393379737,2202318327
2025-10-10,23247.45,23374.25,23220.05,23337.55,23003.67650608662,2844734863
2025-10-13,23245.05,23315.65,23201.55,23294.8,23012.77411527141,2669163039
2025-10-14,23349.75,23374,23121.5,23184.05,23018.126486669178,2346872850
2025-10-15,23227.55,23400.95,23224.15,23377.35,23029.352221460766,2314775775
2025-10-16,23443.3,23592.85,23428.15,23563.8,23046.053714540118,2246039394
2025-10-17,23547,23679.05,23515.85,23598.05,23063.303598460738,2425197693
2025-10-20,23699.35,23766.55,23654.75,23716.1,23083.70348600884,2366575571
2025-10-21,23791.9,23818.35,23723.4,23759.2,23104.812752071062,554608446
2025-10-23,23899.75,23926.1,23727.6,23755.9,23125.159228568842,3381052076
2025-10-24,23796.2,23802.75,23622.8,23686.6,23142.704252676067,2387015993
2025-10-27,23742.7,23856.3,23723.4,23840.9,23164.52286977994,4714841058
2025-10-28,23844.75,23907.55,23717.05,23812.55,23184.773717599317,3399916354
2025-10-29,23851.55,23971.55,23821.3,23952.4,23208.76203892434,3036040063
2025-10-30,23933.65,23949.75,23804.45,23841.3,23228.528850207953,4777759738
2025-10-31,23847.6,23913.45,23698.05,23710.4,23243.587323638956,3213695691
2025-11-03,23711.95,23840.1,23695.15,23810.7,23261.309594775237,4238426359
2025-11-04,23811.3,23829.7,23660.2,23675.45,23274.25148243851,3128490717
2025-11-06,23683.35,23713.4,23501.05,23513.15,23281.717061112307,2624601878
2025-11-07,23441.05,23570.1,23291.2,23521.5,23289.21027795255,2876263184
2025-11-10,23545.35,23658.85,23542.1,23596.9,23298.82558176653,2082620793
2025-11-11,23634.65,23693.8,23476.3,23682.65,23310.820094836326,3609726732
2025-11-12,23796.95,23874.85,23766.2,23836.9,23327.260091872693,2783396048
2025-11-13,23867.65,23935.1,23793.65,23816,23342.533214001673,3025624039
2025-11-14,23751.25,23858.3,23717,23836.35,23357.96498856412,3799074683
2025-11-17,23889.55,23964.75,23863.55,23954.55,23376.60827017149,2631452970
2025-11-18,23970.45,23973.05,23800.95,23824.65,23390.60957422863,2112861031
2025-11-19,23832.55,23924.3,23766.6,23906.3,23406.724900033987,2593915139
2025-11-20,23984.4,24032.1,23918.8,23975.45,23424.497559407926,2956059625
2025-11-21,23917.5,23938.3,23776.3,23790.25,23435.927323176427,2299010117
2025-11-24,23827.25,23835.2,23642.55,23674.55,23443.384281827162,2960019316
2025-11-25,23700.55,23745.5,23635.8,23655.05,23449.998835520062,2054372812
2025-11-26,23654.75,23965.35,23654.75,23955.2,23465.78637191006,1899668415
2025-11-27,24011.9,24026.25,23879.6,23947.75,23480.847735287873,1997416096
2025-11-28,23968.8,23979.7,23907.75,23933.2,23494.983743560126,1920975208
2025-12-01,24034.95,24035,23871.75,23922.45,23508.342064073873,2118056237
2025-12-02,23870.6,23925.85,23782.75,23822.25,23518.151687071564,2796516287
2025-12-03,23813.45,23845.8,23641.75,23716.3,23524.343821850576,2805707825
2025-12-04,23718.1,23820.45,23680.25,23741.1,23531.117452417744,2644312824
2025-12-05,23720.7,23848.45,23672.35,23835.25,23540.62159452969,2307946945
2025-12-08,23821.75,23833.15,23460.7,23526.2,23540.17091970064,2450939904
2025-12-09,23447.05,23556.35,23259.7,23516.25,23539.423390959993,2622795803
2025-12-10,23540.15,23628.3,23386.8,23408.8,23535.341409992492,1992852190
2025-12-11,23421.9,23562.15,23344.25,23550.85,23535.826053430228,2437003320
2025-12-12,23620.35,23737.7,23613,23726.2,23541.775239260533,2602084873
2025-12-15,23654,23735.7,23591.3,23725.2,23547.50726303364,2428579771
2025-12-16,23676.8,23687.35,23542.55,23570.15,23548.21484856384,2091910465
2025-12-17,23597.6,23635.05,23449.5,23496.05,23546.58469704622,2064690210
2025-12-18,23469.8,23553.25,23363.5,23491.5,23544.863300263525,2344883187
2025-12-19,23562.65,23688.35,23548.95,23677.55,23549.00975963029,3169592583
2025-12-22,23760.95,23878.65,23743.25,23867.65,23558.967267141845,2515529008
2025-12-23,23906.1,23929.25,23825.15,23895.15,23569.47297754366,2604489295
2025-12-24,23903.1,23956.8,23836.55,23850.25,23578.24725949542,1968181927
2025-12-26,23841.95,23885.35,23752.55,23780.25,23584.559845136188,2226444927
2025-12-29,23804.4,23826.75,23660.3,23682.1,23587.607974975683,2424578413
2025-12-30,23675.3,23704.2,23599.9,23668.8,23590.145225757693,3362843420
2025-12-31,23710.45,23921.45,23709.55,23871.55,23598.939124952765,5276024684
2026-01-01,23914.65,23925.55,23835.55,23909.55,23608.645714797993,4555418318
2026-01-02,23935.95,24107.7,23921.45,24099,23623.969286210555,3709759364
2026-01-05,24123.1,24144.2,23999.15,24058.45,23637.546808516476,3139430638
2026-01-06,24042.9,24089.75,23941.4,24010.5,23649.201595750335,2680293138
2026-01-07,23995.85,24050.55,23942.25,24016.6,23660.682795883138,2265878328
2026-01-08,23996.2,24010.45,23657.35,23680.1,23661.28958351179,2749321338
2026-01-09,23646.75,23741.75,23407.7,23467.35,23655.228971527045,4459908924
2026-01-12,23459.4,23533.45,23199.5,23510.45,23650.704628666826,3129888297
2026-01-13,23603.45,23627.05,23336.05,23480.65,23645.390421520988,2804481437
2026-01-14,23422.1,23558.7,23399.9,23475.85,23640.09228334846,2735985365
2026-01-16,23502.85,23652.7,23455.5,23485.3,23635.255024493817,2936679815
2026-01-19,23443.3,23443.35,23324.85,23373.75,23627.082992478387,2722038438
2026-01-20,23365.65,23368.15,22888.65,22946.65,23605.819461463438,3041011603
2026-01-21,22864.5,22981.8,22586.8,22835.15,23581.736040792704,3504392687
2026-01-22,23013.45,23144.55,22888.5,23008.75,23563.830227017934,2492411717
2026-01-23,23072.3,23073.35,22679.7,22706.2,23537.029282423624,2468758298
2026-01-27,22752.7,22886.95,22562.95,22819.25,23514.598679847884,2998178455
2026-01-28,22899.6,23101.75,22884.5,23082.1,23501.083096102637,2978398505
2026-01-29,23107.5,23158.6,22922.6,23134.8,23489.63674934943,3420325244
2026-01-30,22994.3,23110.2,22916,23079.5,23476.81997593226,4157027368
2026-02-01,23067.5,23160.1,22337.3,22611.3,23449.772476684375,2763739018
2026-02-02,22595.45,22869.7,22408.5,22837,23430.623336787987,2701638490
2026-02-03,23870.2,23912.35,23355.5,23446.3,23431.113232513362,3833568757
2026-02-04,23414.1,23562.7,23284.45,23534.95,23434.35813149732,2891821213
2026-02-05,23509.75,23509.95,23337.35,23411.7,23433.65006488803,2511176041
2026-02-06,23366.5,23447,23211.4,23434,23433.661000360276,2281330747
2026-02-09,23600.85,23693.05,23535.4,23683.4,23441.46534409902,2727014602
2026-02-10,23752.6,23796.4,23691.5,23753.75,23451.224239595926,2366549899
2026-02-11,23808.1,23811.15,23707.15,23783.05,23461.593794608554,2636812373
2026-02-12,23753.8,23753.8,23589.05,23651.55,23467.529926027037,2269373786
2026-02-13,23448.7,23464.05,23285,23313.15,23462.705553338692,2227481447
2026-02-16,23248.55,23487.35,23190.2,23472.45,23463.01006729686,1820366044
2026-02-17,23445.3,23563.25,23394.8,23540.05,23465.41756519383,1987159543
2026-02-18,23571.5,23657.75,23490.35,23645.8,23471.054516281525,1911488625
2026-02-19,23691.6,23697.9,23235.35,23297.45,23465.629375147728,1823724234
2026-02-20,23252.75,23467.4,23221.15,23395,23463.42220717436,1795939131
2026-02-23,23493.3,23566.85,23394.25,23484.95,23464.09495070016,2631703098
2026-02-24,23418.1,23418.1,23168.05,23304.6,23459.11073349078,2554706121
2026-02-25,23388.45,23500.1,23325.9,23403.8,23457.382273069194,2285409074
2026-02-26,23462.05,23502.95,23340.75,23448.5,23457.10470203578,2563834857
2026-02-27,23423.95,23433.55,23136.75,23166.85,23448.03424259716,3708932139
2026-03-02,22547,22992.35,22539.65,22835.95,23428.906610016,2933582580
2026-03-04,22438,22517.4,22283.15,22409.8,23397.059528453003,3229119573
2026-03-05,22536.75,22760.85,22468.2,22697.8,23375.207668188847,2706766863
2026-03-06,22621.55,22701.6,22456.45,22481.3,23347.273053557947,2320196888
2026-03-09,21995.15,22090.7,21743.15,22056.55,23306.937958134262,2556919036
2026-03-10,22310.8,22385.65,22141.85,22342.95,23276.813334442566,2389165402
2026-03-11,22351.85,22440.9,22009.3,22042.3,23238.234792741237,2361260802
2026-03-12,21888.4,22059.6,21703.9,21897.5,23196.336830468073,3026590482
2026-03-13,21763.25,21780.75,21351.1,21391.2,23139.926304515946,3113976701
2026-03-16,21355.95,21593.25,21110,21498.8,23088.64110749982,3217472081
2026-03-17,21585.05,21729.65,21446.15,21669.3,23044.286697890453,2515334886
2026-03-18,21721.45,21990.4,21713.4,21917.4,23009.071488581376,2895708648
2026-03-19,21466.4,21562.8,21156.2,21225.8,22953.344254563206,3292806754
2026-03-20,21349.95,21558,21294.85,21327.9,22902.549121608106,3700506915
2026-03-23,21079.6,21090.05,20611.8,20664.25,22832.602274057852,3136334245
2026-03-24,21045.45,21183.15,20743.9,21067,22777.427202993546,2828911371
2026-03-25,21236.25,21612.45,21236.05,21478.2,22736.826352899996,2925095886
2026-03-27,21357.35,21364.35,21007.15,21020.15,22683.18021687187,3604763272
2026-03-30,20762.35,20889.25,20490.45,20528.05,22615.832397594626,3579355980
2026-04-01,21067.15,21153.25,20867.4,20935.15,22563.311072669792,3301292272
2026-04-02,20666.7,20990.05,20385.65,20938.35,22512.53103914886,3432203784
2026-04-06,20990.85,21217.95,20789.45,21194.05,22471.328506675458,3224175561
2026-04-07,21085.3,21313.1,20959.35,21296.45,22434.61355334185,2588809937
2026-04-08,21998.6,22159.5,21952.4,22137.1,22425.316254799916,3992204087
2026-04-09,22090.7,22189.5,21943.2,22037.5,22413.196996837418,3707130232
2026-04-10,22151.05,22364.3,22133.15,22346.75,22411.12052818625,3875430819
2026-04-13,21906.15,22244.9,21816.35,22179.05,22403.86832418043,3369403627
2026-04-15,22506.95,22621.9,22496.75,22595.55,22409.85837654979,3700850111